config	query	ranking	n_true	runtime	top1	sens1fp	any_tp	hits
mut_I0	M0346	idf	37	0.9200	0.0000	0.0000	1.0000	496
mut_I0	M0346	coverage	37	0.9200	0.0000	0.0000	1.0000	496
mut_I0	M0376	idf	41	1.0200	1.0000	0.6829	1.0000	426
mut_I0	M0376	coverage	41	1.0200	0.0000	0.0000	1.0000	426
mut_I0	M0431	idf	3	0.7700	1.0000	0.6667	1.0000	401
mut_I0	M0431	coverage	3	0.7700	0.0000	0.0000	1.0000	401
mut_I0	M0243	idf	11	1.3000	1.0000	1.0000	1.0000	442
mut_I0	M0243	coverage	11	1.3000	0.0000	0.0000	1.0000	442
mut_I0	M0294	idf	108	1.1500	1.0000	0.0185	1.0000	462
mut_I0	M0294	coverage	108	1.1500	0.0000	0.0000	1.0000	462
mut_I0	M0895	idf	121	0.3200	1.0000	0.0248	1.0000	279
mut_I0	M0895	coverage	121	0.3200	0.0000	0.0000	1.0000	279
mut_I0	M0104	idf	4	1.3800	1.0000	1.0000	1.0000	475
mut_I0	M0104	coverage	4	1.3800	0.0000	0.0000	1.0000	475
mut_I0	M0869	idf	5	0.3900	0.0000	0.0000	1.0000	498
mut_I0	M0869	coverage	5	0.3900	1.0000	0.2000	1.0000	498
mut_I0	M0075	idf	2	1.3600	0.0000	0.0000	1.0000	471
mut_I0	M0075	coverage	2	1.3600	0.0000	0.0000	1.0000	471
mut_I0	M0134	idf	55	0.7600	1.0000	0.8000	1.0000	494
mut_I0	M0134	coverage	55	0.7600	0.0000	0.0000	1.0000	494
mut_I0	M0206	idf	75	1.1600	1.0000	0.6667	1.0000	481
mut_I0	M0206	coverage	75	1.1600	0.0000	0.0000	1.0000	481
mut_I0	M0044	idf	67	1.6900	1.0000	0.9701	1.0000	460
mut_I0	M0044	coverage	67	1.6900	1.0000	0.0299	1.0000	460
mut_I0	M0484	idf	100	1.3400	1.0000	1.0000	1.0000	448
mut_I0	M0484	coverage	100	1.3400	1.0000	0.6400	1.0000	448
mut_I0	M0334	idf	22	0.6200	1.0000	0.3636	1.0000	392
mut_I0	M0334	coverage	22	0.6200	1.0000	0.2727	1.0000	392
mut_I0	M0412	idf	5	0.7000	1.0000	0.6000	1.0000	493
mut_I0	M0412	coverage	5	0.7000	0.0000	0.0000	1.0000	493
mut_I0	M0931	idf	70	0.5400	1.0000	0.0143	1.0000	494
mut_I0	M0931	coverage	70	0.5400	1.0000	0.6714	1.0000	494
mut_I0	M0118	idf	106	0.4000	1.0000	0.8113	1.0000	473
mut_I0	M0118	coverage	106	0.4000	0.0000	0.0000	1.0000	473
mut_I0	M0752	idf	8	0.2300	1.0000	0.5000	1.0000	498
mut_I0	M0752	coverage	8	0.2300	1.0000	0.3750	1.0000	498
mut_I0	M0428	idf	10	1.2800	1.0000	1.0000	1.0000	469
mut_I0	M0428	coverage	10	1.2800	0.0000	0.0000	1.0000	469
mut_I0	M0771	idf	213	0.5300	1.0000	0.0423	1.0000	493
mut_I0	M0771	coverage	213	0.5300	1.0000	0.0047	1.0000	493
mut_I0	M0658	idf	12	0.6500	0.0000	0.0000	1.0000	474
mut_I0	M0658	coverage	12	0.6500	1.0000	0.0833	1.0000	474
mut_I0	M0311	idf	78	1.5400	1.0000	1.0000	1.0000	481
mut_I0	M0311	coverage	78	1.5400	0.0000	0.0000	1.0000	481
mut_I0	M0600	idf	78	0.9000	1.0000	0.2179	1.0000	465
mut_I0	M0600	coverage	78	0.9000	1.0000	0.0641	1.0000	465
mut_I0	M0565	idf	13	0.1000	0.0000	0.0000	1.0000	141
mut_I0	M0565	coverage	13	0.1000	0.0000	0.0000	1.0000	141
mut_I0	M0085	idf	11	0.7500	1.0000	0.9091	1.0000	476
mut_I0	M0085	coverage	11	0.7500	0.0000	0.0000	1.0000	476
mut_I0	M0488	idf	6	1.0900	1.0000	1.0000	1.0000	454
mut_I0	M0488	coverage	6	1.0900	0.0000	0.0000	1.0000	454
mut_I0	M0076	idf	97	0.4000	0.0000	0.0000	1.0000	498
mut_I0	M0076	coverage	97	0.4000	0.0000	0.0000	1.0000	498
mut_I0	M0175	idf	826	0.4900	0.0000	0.0000	1.0000	500
mut_I0	M0175	coverage	826	0.4900	1.0000	0.6029	1.0000	500
mut_I0	M0107	idf	7	1.1300	1.0000	0.2857	1.0000	486
mut_I0	M0107	coverage	7	1.1300	0.0000	0.0000	1.0000	486
mut_I0	M0201	idf	38	0.5300	0.0000	0.0000	1.0000	488
mut_I0	M0201	coverage	38	0.5300	0.0000	0.0000	1.0000	488
mut_I0	M0383	idf	124	1.7200	0.0000	0.0000	1.0000	480
mut_I0	M0383	coverage	124	1.7200	1.0000	0.1371	1.0000	480
mut_I0	M0111	idf	10	1.8600	1.0000	0.4000	1.0000	458
mut_I0	M0111	coverage	10	1.8600	0.0000	0.0000	1.0000	458
mut_I0	M0634	idf	9	0.6500	1.0000	1.0000	1.0000	470
mut_I0	M0634	coverage	9	0.6500	1.0000	1.0000	1.0000	470
mut_I0	M0609	idf	81	0.6200	0.0000	0.0000	1.0000	497
mut_I0	M0609	coverage	81	0.6200	0.0000	0.0000	1.0000	497
mut_I0	M0228	idf	119	0.7500	1.0000	0.1176	1.0000	449
mut_I0	M0228	coverage	119	0.7500	0.0000	0.0000	1.0000	449
mut_I0	M0636	idf	16	0.6600	1.0000	0.6250	1.0000	490
mut_I0	M0636	coverage	16	0.6600	0.0000	0.0000	1.0000	490
mut_I0	M0908	idf	78	0.3400	0.0000	0.0000	1.0000	494
mut_I0	M0908	coverage	78	0.3400	1.0000	0.0128	1.0000	494
mut_I0	M0564	idf	357	0.7600	0.0000	0.0000	1.0000	494
mut_I0	M0564	coverage	357	0.7600	0.0000	0.0000	1.0000	494
mut_I0	M0616	idf	5	0.4400	1.0000	1.0000	1.0000	492
mut_I0	M0616	coverage	5	0.4400	0.0000	0.0000	1.0000	492
mut_I0	M0453	idf	61	1.0300	1.0000	0.3607	1.0000	485
mut_I0	M0453	coverage	61	1.0300	0.0000	0.0000	1.0000	485
mut_I0	M0510	idf	62	0.5800	1.0000	0.9032	1.0000	490
mut_I0	M0510	coverage	62	0.5800	0.0000	0.0000	1.0000	490
mut_I0	M0216	idf	1150	0.7400	1.0000	0.4339	1.0000	499
mut_I0	M0216	coverage	1150	0.7400	1.0000	0.4339	1.0000	499
mut_I0	M0448	idf	7	0.3100	0.0000	0.0000	0.0000	497
mut_I0	M0448	coverage	7	0.3100	0.0000	0.0000	0.0000	497
mut_I0	M0732	idf	18	0.5900	0.0000	0.0000	1.0000	486
mut_I0	M0732	coverage	18	0.5900	1.0000	0.0556	1.0000	486
mut_I0	M0734	idf	5	0.4300	0.0000	0.0000	1.0000	499
mut_I0	M0734	coverage	5	0.4300	0.0000	0.0000	1.0000	499
mut_I0	M0456	idf	17	0.3900	0.0000	0.0000	1.0000	489
mut_I0	M0456	coverage	17	0.3900	0.0000	0.0000	1.0000	489
mut_I0	M0278	idf	74	0.2800	1.0000	0.8649	1.0000	492
mut_I0	M0278	coverage	74	0.2800	0.0000	0.0000	1.0000	492
mut_I0	M0682	idf	290	0.3900	0.0000	0.0000	1.0000	498
mut_I0	M0682	coverage	290	0.3900	1.0000	0.6759	1.0000	498
mut_I0	M0381	idf	68	0.2200	0.0000	0.0000	1.0000	458
mut_I0	M0381	coverage	68	0.2200	0.0000	0.0000	1.0000	458
mut_I0	M0759	idf	73	1.1000	0.0000	0.0000	1.0000	374
mut_I0	M0759	coverage	73	1.1000	0.0000	0.0000	1.0000	374
mut_I0	M0916	idf	1	0.6600	1.0000	1.0000	1.0000	490
mut_I0	M0916	coverage	1	0.6600	1.0000	1.0000	1.0000	490
mut_I0	M0122	idf	21	0.8900	1.0000	0.3810	1.0000	438
mut_I0	M0122	coverage	21	0.8900	0.0000	0.0000	1.0000	438
mut_I0	M0435	idf	17	3.8700	1.0000	0.0588	1.0000	441
mut_I0	M0435	coverage	17	3.8700	0.0000	0.0000	1.0000	441
mut_I0	M0519	idf	16	1.5400	1.0000	1.0000	1.0000	435
mut_I0	M0519	coverage	16	1.5400	0.0000	0.0000	1.0000	435
mut_I0	M0506	idf	113	0.5500	1.0000	0.3097	1.0000	486
mut_I0	M0506	coverage	113	0.5500	0.0000	0.0000	1.0000	486
mut_I0	M0357	idf	5	0.6600	0.0000	0.0000	1.0000	412
mut_I0	M0357	coverage	5	0.6600	0.0000	0.0000	1.0000	412
mut_I0	M0414	idf	82	0.7000	1.0000	0.4390	1.0000	497
mut_I0	M0414	coverage	82	0.7000	0.0000	0.0000	1.0000	497
mut_I0	M0096	idf	23	0.7300	0.0000	0.0000	1.0000	489
mut_I0	M0096	coverage	23	0.7300	0.0000	0.0000	1.0000	489
mut_I0	M0885	idf	15	1.1200	1.0000	0.5333	1.0000	478
mut_I0	M0885	coverage	15	1.1200	0.0000	0.0000	1.0000	478
mut_I0	M0738	idf	15	0.8600	1.0000	1.0000	1.0000	457
mut_I0	M0738	coverage	15	0.8600	1.0000	0.2667	1.0000	457
mut_I0	M0545	idf	19	0.6200	0.0000	0.0000	1.0000	473
mut_I0	M0545	coverage	19	0.6200	0.0000	0.0000	1.0000	473
mut_I0	M0815	idf	238	0.3700	1.0000	0.3529	1.0000	485
mut_I0	M0815	coverage	238	0.3700	1.0000	0.0336	1.0000	485
mut_I0	M0077	idf	101	1.0500	1.0000	0.0198	1.0000	484
mut_I0	M0077	coverage	101	1.0500	1.0000	0.3168	1.0000	484
mut_I0	M0851	idf	22	0.3000	0.0000	0.0000	0.0000	419
mut_I0	M0851	coverage	22	0.3000	0.0000	0.0000	0.0000	419
mut_I0	M0862	idf	17	0.8000	0.0000	0.0000	1.0000	321
mut_I0	M0862	coverage	17	0.8000	0.0000	0.0000	1.0000	321
mut_I0	M0736	idf	3	0.7300	0.0000	0.0000	1.0000	486
mut_I0	M0736	coverage	3	0.7300	0.0000	0.0000	1.0000	486
mut_I0	M0819	idf	25	0.5900	0.0000	0.0000	1.0000	487
mut_I0	M0819	coverage	25	0.5900	1.0000	0.6400	1.0000	487
mut_I0	M0822	idf	2	0.7400	1.0000	0.5000	1.0000	455
mut_I0	M0822	coverage	2	0.7400	1.0000	0.5000	1.0000	455
mut_I0	M0136	idf	9	0.7100	1.0000	0.8889	1.0000	432
mut_I0	M0136	coverage	9	0.7100	0.0000	0.0000	1.0000	432
mut_I0	M0054	idf	44	0.3600	0.0000	0.0000	1.0000	307
mut_I0	M0054	coverage	44	0.3600	0.0000	0.0000	1.0000	307
mut_I0	M0612	idf	82	0.8200	0.0000	0.0000	1.0000	491
mut_I0	M0612	coverage	82	0.8200	0.0000	0.0000	1.0000	491
mut_I0	M0010	idf	13	0.6400	1.0000	1.0000	1.0000	498
mut_I0	M0010	coverage	13	0.6400	1.0000	0.9231	1.0000	498
mut_I0	M0709	idf	289	0.5200	1.0000	0.0277	1.0000	492
mut_I0	M0709	coverage	289	0.5200	1.0000	0.0277	1.0000	492
mut_I0	M0940	idf	104	1.4200	0.0000	0.0000	1.0000	489
mut_I0	M0940	coverage	104	1.4200	0.0000	0.0000	1.0000	489
mut_I0	M0172	idf	12	1.1600	0.0000	0.0000	1.0000	446
mut_I0	M0172	coverage	12	1.1600	1.0000	0.5000	1.0000	446
mut_I0	M0693	idf	362	0.5700	0.0000	0.0000	1.0000	495
mut_I0	M0693	coverage	362	0.5700	0.0000	0.0000	1.0000	495
mut_I0	M0159	idf	148	1.3300	1.0000	0.8851	1.0000	470
mut_I0	M0159	coverage	148	1.3300	1.0000	0.1081	1.0000	470
mut_I0	M0835	idf	9	0.6300	0.0000	0.0000	1.0000	489
mut_I0	M0835	coverage	9	0.6300	0.0000	0.0000	1.0000	489
mut_I0	M0810	idf	37	0.7300	1.0000	0.5946	1.0000	496
mut_I0	M0810	coverage	37	0.7300	1.0000	0.0270	1.0000	496
mut_I0	M0434	idf	12	1.0300	1.0000	1.0000	1.0000	485
mut_I0	M0434	coverage	12	1.0300	0.0000	0.0000	1.0000	485
mut_I0	M0653	idf	23	0.9000	1.0000	0.0435	1.0000	448
mut_I0	M0653	coverage	23	0.9000	0.0000	0.0000	1.0000	448
mut_I0	M0205	idf	259	1.5200	1.0000	0.9151	1.0000	474
mut_I0	M0205	coverage	259	1.5200	0.0000	0.0000	1.0000	474
mut_I0	M0939	idf	13	0.2100	1.0000	0.4615	1.0000	318
mut_I0	M0939	coverage	13	0.2100	1.0000	0.4615	1.0000	318
mut_I0	M0918	idf	65	1.7300	0.0000	0.0000	1.0000	447
mut_I0	M0918	coverage	65	1.7300	1.0000	0.0769	1.0000	447
mut_I0	M0858	idf	351	0.4300	1.0000	0.1481	1.0000	486
mut_I0	M0858	coverage	351	0.4300	1.0000	0.0313	1.0000	486
mut_I0	M0420	idf	17	0.4900	0.0000	0.0000	1.0000	496
mut_I0	M0420	coverage	17	0.4900	0.0000	0.0000	1.0000	496
mut_I0	M0879	idf	15	0.4800	0.0000	0.0000	0.0000	328
mut_I0	M0879	coverage	15	0.4800	0.0000	0.0000	0.0000	328
mut_I0	M0371	idf	122	0.9100	0.0000	0.0000	1.0000	402
mut_I0	M0371	coverage	122	0.9100	0.0000	0.0000	1.0000	402
mut_I0	M0020	idf	115	1.1600	0.0000	0.0000	1.0000	466
mut_I0	M0020	coverage	115	1.1600	0.0000	0.0000	1.0000	466
mut_I0	M0855	idf	38	0.7800	1.0000	0.3158	1.0000	495
mut_I0	M0855	coverage	38	0.7800	0.0000	0.0000	1.0000	495
mut_I0	M0957	idf	186	1.0000	0.0000	0.0000	1.0000	489
mut_I0	M0957	coverage	186	1.0000	0.0000	0.0000	1.0000	489
mut_I0	M0505	idf	27	0.5500	1.0000	0.1111	1.0000	491
mut_I0	M0505	coverage	27	0.5500	1.0000	0.0741	1.0000	491
mut_I0	M0477	idf	70	0.5400	1.0000	0.2571	1.0000	491
mut_I0	M0477	coverage	70	0.5400	1.0000	0.0429	1.0000	491
mut_I0	M0829	idf	6	0.8600	0.0000	0.0000	1.0000	485
mut_I0	M0829	coverage	6	0.8600	0.0000	0.0000	1.0000	485
mut_I0	M0884	idf	19	0.6800	1.0000	0.1053	1.0000	490
mut_I0	M0884	coverage	19	0.6800	0.0000	0.0000	1.0000	490
mut_I0	M0384	idf	67	0.6100	1.0000	0.1045	1.0000	482
mut_I0	M0384	coverage	67	0.6100	0.0000	0.0000	1.0000	482
mut_I0	M0065	idf	53	0.7000	1.0000	0.3585	1.0000	487
mut_I0	M0065	coverage	53	0.7000	1.0000	0.2264	1.0000	487
mut_I0	M0123	idf	2	1.6500	1.0000	1.0000	1.0000	437
mut_I0	M0123	coverage	2	1.6500	0.0000	0.0000	1.0000	437
mut_I0	M0580	idf	9	0.4500	1.0000	0.1111	1.0000	496
mut_I0	M0580	coverage	9	0.4500	0.0000	0.0000	1.0000	496
mut_I0	M0033	idf	14	0.6600	1.0000	0.3571	1.0000	495
mut_I0	M0033	coverage	14	0.6600	0.0000	0.0000	1.0000	495
mut_I0	M0281	idf	1	1.3100	1.0000	1.0000	1.0000	464
mut_I0	M0281	coverage	1	1.3100	0.0000	0.0000	1.0000	464
mut_I0	M0544	idf	12	0.6900	1.0000	0.1667	1.0000	494
mut_I0	M0544	coverage	12	0.6900	1.0000	0.0833	1.0000	494
mut_I0	M0212	idf	83	3.2300	0.0000	0.0000	1.0000	467
mut_I0	M0212	coverage	83	3.2300	0.0000	0.0000	1.0000	467
mut_I0	M0426	idf	18	0.7200	1.0000	0.9444	1.0000	488
mut_I0	M0426	coverage	18	0.7200	1.0000	0.0556	1.0000	488
mut_I0	M0905	idf	198	0.3000	0.0000	0.0000	1.0000	449
mut_I0	M0905	coverage	198	0.3000	0.0000	0.0000	1.0000	449
mut_I0	M0843	idf	14	0.3000	0.0000	0.0000	1.0000	369
mut_I0	M0843	coverage	14	0.3000	0.0000	0.0000	1.0000	369
mut_I0	M0263	idf	24	0.8000	0.0000	0.0000	1.0000	394
mut_I0	M0263	coverage	24	0.8000	1.0000	0.5000	1.0000	394
mut_I0	M0697	idf	155	0.6300	0.0000	0.0000	1.0000	494
mut_I0	M0697	coverage	155	0.6300	1.0000	0.0323	1.0000	494
mut_I0	M0260	idf	21	0.5800	1.0000	0.7619	1.0000	490
mut_I0	M0260	coverage	21	0.5800	0.0000	0.0000	1.0000	490
mut_I0	M0379	idf	41	1.3000	1.0000	1.0000	1.0000	456
mut_I0	M0379	coverage	41	1.3000	1.0000	0.4390	1.0000	456
mut_I0	M0377	idf	189	1.5000	0.0000	0.0000	1.0000	490
mut_I0	M0377	coverage	189	1.5000	0.0000	0.0000	1.0000	490
mut_I0	M0547	idf	4	0.4600	1.0000	0.7500	1.0000	495
mut_I0	M0547	coverage	4	0.4600	0.0000	0.0000	1.0000	495
mut_I0	M0508	idf	6	0.9900	1.0000	1.0000	1.0000	486
mut_I0	M0508	coverage	6	0.9900	1.0000	0.1667	1.0000	486
mut_I0	M0401	idf	392	0.6800	0.0000	0.0000	1.0000	476
mut_I0	M0401	coverage	392	0.6800	0.0000	0.0000	1.0000	476
mut_I0	M0755	idf	11	0.3200	1.0000	0.3636	1.0000	497
mut_I0	M0755	coverage	11	0.3200	0.0000	0.0000	1.0000	497
mut_I0	M0458	idf	25	0.5500	0.0000	0.0000	1.0000	475
mut_I0	M0458	coverage	25	0.5500	0.0000	0.0000	1.0000	475
mut_I0	M0314	idf	45	2.8400	1.0000	0.1111	1.0000	475
mut_I0	M0314	coverage	45	2.8400	0.0000	0.0000	1.0000	475
mut_I0	M0210	idf	220	0.6100	1.0000	0.0091	1.0000	442
mut_I0	M0210	coverage	220	0.6100	1.0000	0.0045	1.0000	442
mut_I0	M0154	idf	62	0.6500	0.0000	0.0000	1.0000	488
mut_I0	M0154	coverage	62	0.6500	0.0000	0.0000	1.0000	488
mut_I0	M0502	idf	20	1.3300	1.0000	0.2000	1.0000	452
mut_I0	M0502	coverage	20	1.3300	0.0000	0.0000	1.0000	452
mut_I0	M0031	idf	290	0.8500	1.0000	0.5069	1.0000	434
mut_I0	M0031	coverage	290	0.8500	1.0000	0.0069	1.0000	434
mut_I0	M0178	idf	273	0.7900	0.0000	0.0000	1.0000	493
mut_I0	M0178	coverage	273	0.7900	0.0000	0.0000	1.0000	493
mut_I0	M0019	idf	21	0.8000	1.0000	0.4286	1.0000	470
mut_I0	M0019	coverage	21	0.8000	0.0000	0.0000	1.0000	470
mut_I0	M0125	idf	19	1.0700	1.0000	0.8947	1.0000	475
mut_I0	M0125	coverage	19	1.0700	1.0000	0.5789	1.0000	475
mut_I0	M0181	idf	8	1.0500	1.0000	0.6250	1.0000	473
mut_I0	M0181	coverage	8	1.0500	0.0000	0.0000	1.0000	473
mut_I0	M0466	idf	6	1.3300	1.0000	0.5000	1.0000	469
mut_I0	M0466	coverage	6	1.3300	0.0000	0.0000	1.0000	469
mut_I0	M0058	idf	37	0.3800	0.0000	0.0000	1.0000	492
mut_I0	M0058	coverage	37	0.3800	0.0000	0.0000	1.0000	492
mut_I0	M0683	idf	27	1.0300	1.0000	0.8889	1.0000	477
mut_I0	M0683	coverage	27	1.0300	0.0000	0.0000	1.0000	477
mut_I0	M0925	idf	22	0.5800	0.0000	0.0000	1.0000	495
mut_I0	M0925	coverage	22	0.5800	0.0000	0.0000	1.0000	495
mut_I0	M0081	idf	9	0.5500	1.0000	0.5556	1.0000	486
mut_I0	M0081	coverage	9	0.5500	0.0000	0.0000	1.0000	486
mut_I0	M0090	idf	60	1.1100	1.0000	0.9667	1.0000	450
mut_I0	M0090	coverage	60	1.1100	0.0000	0.0000	1.0000	450
mut_I0	M0429	idf	47	0.8400	1.0000	0.6809	1.0000	488
mut_I0	M0429	coverage	47	0.8400	0.0000	0.0000	1.0000	488
mut_I0	M0447	idf	2	0.8000	1.0000	0.5000	1.0000	490
mut_I0	M0447	coverage	2	0.8000	0.0000	0.0000	1.0000	490
mut_I0	M0768	idf	19	0.9100	1.0000	0.7368	1.0000	487
mut_I0	M0768	coverage	19	0.9100	1.0000	0.5263	1.0000	487
mut_I0	M0261	idf	19	0.7600	0.0000	0.0000	1.0000	399
mut_I0	M0261	coverage	19	0.7600	0.0000	0.0000	1.0000	399
mut_I0	M0234	idf	8	0.8200	1.0000	0.6250	1.0000	487
mut_I0	M0234	coverage	8	0.8200	0.0000	0.0000	1.0000	487
mut_I0	M0958	idf	236	0.8200	0.0000	0.0000	1.0000	492
mut_I0	M0958	coverage	236	0.8200	0.0000	0.0000	1.0000	492
mut_I0	M0387	idf	2048	0.6300	1.0000	0.0254	1.0000	496
mut_I0	M0387	coverage	2048	0.6300	1.0000	0.0005	1.0000	496
mut_I0	M0520	idf	440	0.8300	1.0000	0.0114	1.0000	496
mut_I0	M0520	coverage	440	0.8300	0.0000	0.0000	1.0000	496
mut_I0	M0910	idf	7	0.7400	1.0000	1.0000	1.0000	493
mut_I0	M0910	coverage	7	0.7400	0.0000	0.0000	1.0000	493
mut_I0	M0398	idf	36	1.2600	1.0000	1.0000	1.0000	477
mut_I0	M0398	coverage	36	1.2600	0.0000	0.0000	1.0000	477
mut_I0	M0040	idf	52	0.7500	0.0000	0.0000	1.0000	477
mut_I0	M0040	coverage	52	0.7500	0.0000	0.0000	1.0000	477
mut_I0	M0808	idf	3	0.6700	1.0000	0.3333	1.0000	484
mut_I0	M0808	coverage	3	0.6700	1.0000	0.6667	1.0000	484
mut_I0	M0781	idf	6	0.4700	1.0000	0.6667	1.0000	479
mut_I0	M0781	coverage	6	0.4700	0.0000	0.0000	1.0000	479
mut_I0	M0410	idf	30	1.1500	1.0000	0.0667	1.0000	458
mut_I0	M0410	coverage	30	1.1500	0.0000	0.0000	1.0000	458
mut_I0	M0250	idf	14	0.6800	1.0000	1.0000	1.0000	497
mut_I0	M0250	coverage	14	0.6800	0.0000	0.0000	1.0000	497
mut_I0	M0748	idf	19	0.0800	0.0000	0.0000	1.0000	121
mut_I0	M0748	coverage	19	0.0800	0.0000	0.0000	1.0000	121
mut_I0	M0515	idf	20	1.0300	1.0000	0.1500	1.0000	492
mut_I0	M0515	coverage	20	1.0300	0.0000	0.0000	1.0000	492
mut_I0	M0920	idf	21	0.6900	0.0000	0.0000	1.0000	490
mut_I0	M0920	coverage	21	0.6900	0.0000	0.0000	1.0000	490
mut_I0	M0655	idf	6	0.2300	0.0000	0.0000	1.0000	277
mut_I0	M0655	coverage	6	0.2300	1.0000	0.1667	1.0000	277
mut_I0	M0227	idf	38	0.6400	1.0000	0.2105	1.0000	479
mut_I0	M0227	coverage	38	0.6400	1.0000	0.0526	1.0000	479
mut_I0	M0272	idf	35	1.4800	1.0000	0.2286	1.0000	456
mut_I0	M0272	coverage	35	1.4800	0.0000	0.0000	1.0000	456
mut_I0	M0093	idf	10	0.9400	0.0000	0.0000	0.0000	490
mut_I0	M0093	coverage	10	0.9400	0.0000	0.0000	0.0000	490
mut_I0	M0625	idf	5	0.4700	0.0000	0.0000	1.0000	474
mut_I0	M0625	coverage	5	0.4700	0.0000	0.0000	1.0000	474
mut_I0	M0321	idf	19	0.6200	1.0000	0.3684	1.0000	497
mut_I0	M0321	coverage	19	0.6200	0.0000	0.0000	1.0000	497
mut_I0	M0048	idf	98	0.7500	1.0000	0.2551	1.0000	482
mut_I0	M0048	coverage	98	0.7500	0.0000	0.0000	1.0000	482
mut_I0	M0043	idf	20	0.9100	1.0000	1.0000	1.0000	457
mut_I0	M0043	coverage	20	0.9100	0.0000	0.0000	1.0000	457
mut_I0	M0900	idf	441	0.4300	1.0000	0.0023	1.0000	496
mut_I0	M0900	coverage	441	0.4300	0.0000	0.0000	1.0000	496
mut_I0	M0857	idf	12	1.0900	1.0000	0.7500	1.0000	472
mut_I0	M0857	coverage	12	1.0900	0.0000	0.0000	1.0000	472
mut_I0	M0964	idf	68	0.4500	1.0000	0.1324	1.0000	463
mut_I0	M0964	coverage	68	0.4500	0.0000	0.0000	1.0000	463
mut_I0	M0131	idf	36	0.8600	1.0000	0.8889	1.0000	489
mut_I0	M0131	coverage	36	0.8600	1.0000	0.0278	1.0000	489
mut_I0	M0754	idf	9	0.2900	1.0000	0.3333	1.0000	488
mut_I0	M0754	coverage	9	0.2900	0.0000	0.0000	1.0000	488
mut_I0	M0313	idf	17	0.3200	0.0000	0.0000	1.0000	488
mut_I0	M0313	coverage	17	0.3200	0.0000	0.0000	1.0000	488
mut_I0	M0092	idf	41	0.7700	1.0000	0.9268	1.0000	468
mut_I0	M0092	coverage	41	0.7700	0.0000	0.0000	1.0000	468
mut_I0	M0108	idf	3	0.6600	0.0000	0.0000	1.0000	492
mut_I0	M0108	coverage	3	0.6600	0.0000	0.0000	1.0000	492
mut_I0	M0139	idf	76	0.8600	0.0000	0.0000	1.0000	485
mut_I0	M0139	coverage	76	0.8600	0.0000	0.0000	1.0000	485
mut_I0	M0235	idf	17	0.4600	0.0000	0.0000	1.0000	498
mut_I0	M0235	coverage	17	0.4600	0.0000	0.0000	1.0000	498
mut_I0	M0444	idf	83	0.4700	0.0000	0.0000	1.0000	492
mut_I0	M0444	coverage	83	0.4700	0.0000	0.0000	1.0000	492
mut_I0	M0623	idf	16	0.8700	1.0000	0.9375	1.0000	491
mut_I0	M0623	coverage	16	0.8700	0.0000	0.0000	1.0000	491
mut_I0	M0919	idf	18	0.5400	1.0000	0.4444	1.0000	410
mut_I0	M0919	coverage	18	0.5400	0.0000	0.0000	1.0000	410
mut_I0	M0369	idf	82	0.7200	1.0000	0.2683	1.0000	468
mut_I0	M0369	coverage	82	0.7200	1.0000	0.0854	1.0000	468
mut_I0	M0253	idf	212	0.9300	1.0000	0.8915	1.0000	387
mut_I0	M0253	coverage	212	0.9300	1.0000	0.0142	1.0000	387
mut_I0	M0254	idf	17	2.8800	1.0000	1.0000	1.0000	387
mut_I0	M0254	coverage	17	2.8800	1.0000	0.7647	1.0000	387
mut_I0	M0301	idf	51	0.7700	1.0000	0.0196	1.0000	483
mut_I0	M0301	coverage	51	0.7700	0.0000	0.0000	1.0000	483
mut_I0	M0674	idf	31	0.8100	0.0000	0.0000	1.0000	435
mut_I0	M0674	coverage	31	0.8100	0.0000	0.0000	1.0000	435
mut_I0	M0100	idf	360	1.1000	1.0000	0.0333	1.0000	492
mut_I0	M0100	coverage	360	1.1000	1.0000	0.0278	1.0000	492
mut_I0	M0231	idf	13	0.6300	1.0000	0.8462	1.0000	481
mut_I0	M0231	coverage	13	0.6300	0.0000	0.0000	1.0000	481
mut_I0	M0816	idf	238	0.4800	0.0000	0.0000	1.0000	454
mut_I0	M0816	coverage	238	0.4800	1.0000	0.0168	1.0000	454
mut_I0	M0472	idf	94	1.2000	1.0000	0.9681	1.0000	482
mut_I0	M0472	coverage	94	1.2000	0.0000	0.0000	1.0000	482
mut_I0	M0962	idf	134	1.0400	1.0000	0.0299	1.0000	470
mut_I0	M0962	coverage	134	1.0400	0.0000	0.0000	1.0000	470
mut_I0	M0795	idf	79	0.6100	1.0000	0.2658	1.0000	477
mut_I0	M0795	coverage	79	0.6100	0.0000	0.0000	1.0000	477
mut_I0	M0727	idf	22	0.6500	1.0000	0.6818	1.0000	473
mut_I0	M0727	coverage	22	0.6500	1.0000	0.1364	1.0000	473
mut_I0	M0497	idf	15	0.9900	1.0000	0.9333	1.0000	479
mut_I0	M0497	coverage	15	0.9900	0.0000	0.0000	1.0000	479
mut_I0	M0338	idf	23	0.4500	1.0000	0.6522	1.0000	489
mut_I0	M0338	coverage	23	0.4500	0.0000	0.0000	1.0000	489
mut_I0	M0947	idf	43	0.3500	1.0000	0.4884	1.0000	233
mut_I0	M0947	coverage	43	0.3500	0.0000	0.0000	1.0000	233
mut_I0	M0163	idf	47	0.5400	1.0000	0.5532	1.0000	477
mut_I0	M0163	coverage	47	0.5400	0.0000	0.0000	1.0000	477
mut_I0	M0959	idf	155	1.2700	0.0000	0.0000	1.0000	491
mut_I0	M0959	coverage	155	1.2700	0.0000	0.0000	1.0000	491
mut_I0	M0433	idf	210	0.4500	0.0000	0.0000	1.0000	468
mut_I0	M0433	coverage	210	0.4500	0.0000	0.0000	1.0000	468
mut_I0	M0416	idf	4	1.3800	1.0000	1.0000	1.0000	495
mut_I0	M0416	coverage	4	1.3800	0.0000	0.0000	1.0000	495
mut_I0	M0850	idf	31	0.4600	0.0000	0.0000	1.0000	469
mut_I0	M0850	coverage	31	0.4600	1.0000	0.0968	1.0000	469
mut_I0	M0454	idf	14	0.8300	1.0000	1.0000	1.0000	468
mut_I0	M0454	coverage	14	0.8300	1.0000	0.7143	1.0000	468
mut_I0	M0351	idf	24	0.5700	0.0000	0.0000	1.0000	480
mut_I0	M0351	coverage	24	0.5700	0.0000	0.0000	1.0000	480
mut_I0	M0425	idf	2084	0.4200	0.0000	0.0000	1.0000	480
mut_I0	M0425	coverage	2084	0.4200	0.0000	0.0000	1.0000	480
mut_I0	M0067	idf	39	0.6200	1.0000	0.2308	1.0000	493
mut_I0	M0067	coverage	39	0.6200	0.0000	0.0000	1.0000	493
mut_I0	M0550	idf	20	0.5100	0.0000	0.0000	1.0000	363
mut_I0	M0550	coverage	20	0.5100	0.0000	0.0000	1.0000	363
mut_I0	M0792	idf	10	0.4200	0.0000	0.0000	1.0000	495
mut_I0	M0792	coverage	10	0.4200	0.0000	0.0000	1.0000	495
mut_I0	M0961	idf	144	1.0700	0.0000	0.0000	1.0000	485
mut_I0	M0961	coverage	144	1.0700	0.0000	0.0000	1.0000	485
mut_I0	M0109	idf	207	1.0500	1.0000	0.5362	1.0000	483
mut_I0	M0109	coverage	207	1.0500	0.0000	0.0000	1.0000	483
mut_I0	M0257	idf	222	0.8500	1.0000	0.9414	1.0000	494
mut_I0	M0257	coverage	222	0.8500	0.0000	0.0000	1.0000	494
mut_I0	M0789	idf	51	0.4600	1.0000	0.2157	1.0000	492
mut_I0	M0789	coverage	51	0.4600	0.0000	0.0000	1.0000	492
mut_I0	M0363	idf	64	0.3600	1.0000	0.0156	1.0000	335
mut_I0	M0363	coverage	64	0.3600	1.0000	0.0938	1.0000	335
mut_I0	M0391	idf	14	0.3700	0.0000	0.0000	1.0000	497
mut_I0	M0391	coverage	14	0.3700	0.0000	0.0000	1.0000	497
mut_I0	M0826	idf	21	0.3600	0.0000	0.0000	1.0000	495
mut_I0	M0826	coverage	21	0.3600	0.0000	0.0000	1.0000	495
mut_I0	M0952	idf	5	0.3800	1.0000	0.8000	1.0000	498
mut_I0	M0952	coverage	5	0.3800	1.0000	0.6000	1.0000	498
mut_I0	M0117	idf	100	0.4600	0.0000	0.0000	1.0000	495
mut_I0	M0117	coverage	100	0.4600	0.0000	0.0000	1.0000	495
mut_I0	M0854	idf	122	0.9200	1.0000	0.0164	1.0000	493
mut_I0	M0854	coverage	122	0.9200	0.0000	0.0000	1.0000	493
mut_I0	M0881	idf	155	1.1500	1.0000	0.9871	1.0000	494
mut_I0	M0881	coverage	155	1.1500	1.0000	0.7355	1.0000	494
mut_I0	M0874	idf	1	0.4000	0.0000	0.0000	0.0000	495
mut_I0	M0874	coverage	1	0.4000	0.0000	0.0000	0.0000	495
mut_I0	M0597	idf	27	0.3700	1.0000	0.1111	1.0000	481
mut_I0	M0597	coverage	27	0.3700	0.0000	0.0000	1.0000	481
mut_I0	M0070	idf	159	0.5100	0.0000	0.0000	1.0000	495
mut_I0	M0070	coverage	159	0.5100	0.0000	0.0000	1.0000	495
mut_I0	M0423	idf	94	0.6200	1.0000	0.0106	1.0000	476
mut_I0	M0423	coverage	94	0.6200	0.0000	0.0000	1.0000	476
mut_I0	M0266	idf	35	0.9000	1.0000	0.8286	1.0000	488
mut_I0	M0266	coverage	35	0.9000	1.0000	0.3143	1.0000	488
mut_I0	M0262	idf	19	0.9200	1.0000	1.0000	1.0000	453
mut_I0	M0262	coverage	19	0.9200	1.0000	0.2105	1.0000	453
mut_I0	M0806	idf	3	0.5000	0.0000	0.0000	1.0000	498
mut_I0	M0806	coverage	3	0.5000	0.0000	0.0000	1.0000	498
mut_I0	M0937	idf	31	0.5200	0.0000	0.0000	1.0000	437
mut_I0	M0937	coverage	31	0.5200	0.0000	0.0000	1.0000	437
mut_I0	M0066	idf	57	0.6600	1.0000	0.0351	1.0000	496
mut_I0	M0066	coverage	57	0.6600	1.0000	0.0351	1.0000	496
mut_I0	M0462	idf	48	0.5000	1.0000	0.9167	1.0000	497
mut_I0	M0462	coverage	48	0.5000	0.0000	0.0000	1.0000	497
mut_I0	M0380	idf	21	0.8300	0.0000	0.0000	1.0000	479
mut_I0	M0380	coverage	21	0.8300	0.0000	0.0000	1.0000	479
mut_I0	M0403	idf	16	0.7200	1.0000	0.9375	1.0000	486
mut_I0	M0403	coverage	16	0.7200	0.0000	0.0000	1.0000	486
mut_I0	M0141	idf	25	2.2100	1.0000	0.1600	1.0000	457
mut_I0	M0141	coverage	25	2.2100	0.0000	0.0000	1.0000	457
mut_I0	M0237	idf	555	0.5300	0.0000	0.0000	1.0000	461
mut_I0	M0237	coverage	555	0.5300	0.0000	0.0000	1.0000	461
mut_I0	M0642	idf	24	0.5900	1.0000	0.2917	1.0000	463
mut_I0	M0642	coverage	24	0.5900	1.0000	0.2500	1.0000	463
mut_I0	M0142	idf	13	0.7500	1.0000	0.1538	1.0000	498
mut_I0	M0142	coverage	13	0.7500	0.0000	0.0000	1.0000	498
mut_I0	M0798	idf	2073	0.7900	0.0000	0.0000	1.0000	498
mut_I0	M0798	coverage	2073	0.7900	1.0000	0.0005	1.0000	498
mut_I0	M0574	idf	111	1.5200	1.0000	0.2793	1.0000	482
mut_I0	M0574	coverage	111	1.5200	0.0000	0.0000	1.0000	482
mut_I0	M0663	idf	96	0.5800	1.0000	0.0208	1.0000	449
mut_I0	M0663	coverage	96	0.5800	0.0000	0.0000	1.0000	449
mut_I0	M0348	idf	165	1.1500	0.0000	0.0000	1.0000	493
mut_I0	M0348	coverage	165	1.1500	0.0000	0.0000	1.0000	493
mut_I0	M0353	idf	11	0.3000	0.0000	0.0000	1.0000	346
mut_I0	M0353	coverage	11	0.3000	1.0000	0.6364	1.0000	346
mut_I0	M0028	idf	19	0.8600	1.0000	1.0000	1.0000	461
mut_I0	M0028	coverage	19	0.8600	0.0000	0.0000	1.0000	461
mut_I0	M0308	idf	172	1.7700	1.0000	1.0000	1.0000	467
mut_I0	M0308	coverage	172	1.7700	0.0000	0.0000	1.0000	467
mut_I0	M0860	idf	6	0.6000	0.0000	0.0000	1.0000	491
mut_I0	M0860	coverage	6	0.6000	0.0000	0.0000	1.0000	491
mut_I0	M0188	idf	117	0.6000	0.0000	0.0000	1.0000	474
mut_I0	M0188	coverage	117	0.6000	1.0000	0.0171	1.0000	474
mut_I0	M0003	idf	94	0.3100	0.0000	0.0000	1.0000	335
mut_I0	M0003	coverage	94	0.3100	0.0000	0.0000	1.0000	335
mut_I0	M0906	idf	265	0.4100	0.0000	0.0000	1.0000	475
mut_I0	M0906	coverage	265	0.4100	1.0000	0.0566	1.0000	475
mut_I0	M0590	idf	19	0.6900	1.0000	0.0526	1.0000	483
mut_I0	M0590	coverage	19	0.6900	0.0000	0.0000	1.0000	483
mut_I0	M0293	idf	60	0.5600	1.0000	0.0667	1.0000	474
mut_I0	M0293	coverage	60	0.5600	0.0000	0.0000	1.0000	474
mut_I0	M0651	idf	56	0.4300	0.0000	0.0000	1.0000	492
mut_I0	M0651	coverage	56	0.4300	0.0000	0.0000	1.0000	492
mut_I0	M0297	idf	17	0.2500	0.0000	0.0000	0.0000	430
mut_I0	M0297	coverage	17	0.2500	0.0000	0.0000	0.0000	430
mut_I0	M0194	idf	63	1.2000	1.0000	0.9206	1.0000	478
mut_I0	M0194	coverage	63	1.2000	1.0000	0.0952	1.0000	478
mut_I0	M0589	idf	26	0.5400	1.0000	0.1154	1.0000	489
mut_I0	M0589	coverage	26	0.5400	0.0000	0.0000	1.0000	489
mut_I0	M0669	idf	10	0.7600	1.0000	0.2000	1.0000	495
mut_I0	M0669	coverage	10	0.7600	0.0000	0.0000	1.0000	495
mut_I0	M0742	idf	2	0.6400	1.0000	1.0000	1.0000	494
mut_I0	M0742	coverage	2	0.6400	0.0000	0.0000	1.0000	494
mut_I0	M0298	idf	164	0.6500	0.0000	0.0000	0.0000	498
mut_I0	M0298	coverage	164	0.6500	0.0000	0.0000	0.0000	498
mut_I0	M0440	idf	43	0.6600	1.0000	0.5116	1.0000	454
mut_I0	M0440	coverage	43	0.6600	1.0000	0.0233	1.0000	454
mut_I0	M0386	idf	4	1.1300	1.0000	1.0000	1.0000	480
mut_I0	M0386	coverage	4	1.1300	0.0000	0.0000	1.0000	480
mut_I0	M0087	idf	50	1.2000	1.0000	1.0000	1.0000	478
mut_I0	M0087	coverage	50	1.2000	0.0000	0.0000	1.0000	478
mut_I0_aa	M0346	idf	37	5.3400	1.0000	0.0270	1.0000	446
mut_I0_aa	M0346	coverage	37	5.3400	0.0000	0.0000	1.0000	446
mut_I0_aa	M0376	idf	41	13.3000	1.0000	0.8780	1.0000	469
mut_I0_aa	M0376	coverage	41	13.3000	0.0000	0.0000	1.0000	469
mut_I0_aa	M0431	idf	3	6.1000	1.0000	1.0000	1.0000	462
mut_I0_aa	M0431	coverage	3	6.1000	1.0000	1.0000	1.0000	462
mut_I0_aa	M0243	idf	11	11.3300	1.0000	1.0000	1.0000	477
mut_I0_aa	M0243	coverage	11	11.3300	0.0000	0.0000	1.0000	477
mut_I0_aa	M0294	idf	108	13.1900	1.0000	0.2130	1.0000	477
mut_I0_aa	M0294	coverage	108	13.1900	0.0000	0.0000	1.0000	477
mut_I0_aa	M0895	idf	121	2.9000	0.0000	0.0000	1.0000	457
mut_I0_aa	M0895	coverage	121	2.9000	1.0000	0.0165	1.0000	457
mut_I0_aa	M0104	idf	4	13.0500	1.0000	1.0000	1.0000	448
mut_I0_aa	M0104	coverage	4	13.0500	1.0000	1.0000	1.0000	448
mut_I0_aa	M0869	idf	5	3.1800	0.0000	0.0000	1.0000	457
mut_I0_aa	M0869	coverage	5	3.1800	0.0000	0.0000	1.0000	457
mut_I0_aa	M0075	idf	2	13.0100	0.0000	0.0000	1.0000	422
mut_I0_aa	M0075	coverage	2	13.0100	0.0000	0.0000	1.0000	422
mut_I0_aa	M0134	idf	55	6.0400	1.0000	0.7636	1.0000	464
mut_I0_aa	M0134	coverage	55	6.0400	1.0000	0.3455	1.0000	464
mut_I0_aa	M0206	idf	75	12.3900	1.0000	0.9733	1.0000	469
mut_I0_aa	M0206	coverage	75	12.3900	1.0000	0.5867	1.0000	469
mut_I0_aa	M0044	idf	67	11.4300	1.0000	0.9552	1.0000	466
mut_I0_aa	M0044	coverage	67	11.4300	1.0000	0.3433	1.0000	466
mut_I0_aa	M0484	idf	100	12.1200	1.0000	1.0000	1.0000	461
mut_I0_aa	M0484	coverage	100	12.1200	1.0000	0.8500	1.0000	461
mut_I0_aa	M0334	idf	22	6.2200	1.0000	0.6818	1.0000	425
mut_I0_aa	M0334	coverage	22	6.2200	0.0000	0.0000	1.0000	425
mut_I0_aa	M0412	idf	5	5.7700	1.0000	0.6000	1.0000	473
mut_I0_aa	M0412	coverage	5	5.7700	0.0000	0.0000	1.0000	473
mut_I0_aa	M0931	idf	70	3.9400	1.0000	0.0429	1.0000	425
mut_I0_aa	M0931	coverage	70	3.9400	1.0000	0.6286	1.0000	425
mut_I0_aa	M0118	idf	106	4.8900	0.0000	0.0000	1.0000	442
mut_I0_aa	M0118	coverage	106	4.8900	1.0000	0.6226	1.0000	442
mut_I0_aa	M0752	idf	8	1.8800	1.0000	0.7500	1.0000	452
mut_I0_aa	M0752	coverage	8	1.8800	1.0000	0.8750	1.0000	452
mut_I0_aa	M0428	idf	10	11.3100	1.0000	0.9000	1.0000	458
mut_I0_aa	M0428	coverage	10	11.3100	1.0000	0.6000	1.0000	458
mut_I0_aa	M0771	idf	213	3.3600	1.0000	0.0845	1.0000	447
mut_I0_aa	M0771	coverage	213	3.3600	1.0000	0.0329	1.0000	447
mut_I0_aa	M0658	idf	12	5.5700	0.0000	0.0000	1.0000	463
mut_I0_aa	M0658	coverage	12	5.5700	1.0000	0.9167	1.0000	463
mut_I0_aa	M0311	idf	78	11.4500	1.0000	0.9872	1.0000	488
mut_I0_aa	M0311	coverage	78	11.4500	1.0000	0.0128	1.0000	488
mut_I0_aa	M0600	idf	78	9.7500	1.0000	0.0256	1.0000	466
mut_I0_aa	M0600	coverage	78	9.7500	0.0000	0.0000	1.0000	466
mut_I0_aa	M0565	idf	13	2.4000	0.0000	0.0000	1.0000	440
mut_I0_aa	M0565	coverage	13	2.4000	1.0000	0.1538	1.0000	440
mut_I0_aa	M0085	idf	11	6.1100	1.0000	0.7273	1.0000	428
mut_I0_aa	M0085	coverage	11	6.1100	1.0000	0.3636	1.0000	428
mut_I0_aa	M0488	idf	6	11.5900	1.0000	1.0000	1.0000	462
mut_I0_aa	M0488	coverage	6	11.5900	1.0000	1.0000	1.0000	462
mut_I0_aa	M0076	idf	97	3.6100	0.0000	0.0000	1.0000	457
mut_I0_aa	M0076	coverage	97	3.6100	1.0000	0.3711	1.0000	457
mut_I0_aa	M0175	idf	826	2.8700	0.0000	0.0000	1.0000	498
mut_I0_aa	M0175	coverage	826	2.8700	1.0000	0.3523	1.0000	498
mut_I0_aa	M0107	idf	7	7.6500	1.0000	0.1429	1.0000	440
mut_I0_aa	M0107	coverage	7	7.6500	1.0000	0.7143	1.0000	440
mut_I0_aa	M0201	idf	38	5.0600	0.0000	0.0000	1.0000	436
mut_I0_aa	M0201	coverage	38	5.0600	0.0000	0.0000	1.0000	436
mut_I0_aa	M0383	idf	124	15.4600	0.0000	0.0000	1.0000	470
mut_I0_aa	M0383	coverage	124	15.4600	1.0000	0.0484	1.0000	470
mut_I0_aa	M0111	idf	10	16.2100	1.0000	0.2000	1.0000	465
mut_I0_aa	M0111	coverage	10	16.2100	0.0000	0.0000	1.0000	465
mut_I0_aa	M0634	idf	9	10.1900	1.0000	0.1111	1.0000	443
mut_I0_aa	M0634	coverage	9	10.1900	1.0000	0.8889	1.0000	443
mut_I0_aa	M0609	idf	81	6.2300	1.0000	0.0988	1.0000	499
mut_I0_aa	M0609	coverage	81	6.2300	1.0000	0.0494	1.0000	499
mut_I0_aa	M0228	idf	119	5.6600	1.0000	0.0924	1.0000	447
mut_I0_aa	M0228	coverage	119	5.6600	0.0000	0.0000	1.0000	447
mut_I0_aa	M0636	idf	16	4.8300	1.0000	0.4375	1.0000	429
mut_I0_aa	M0636	coverage	16	4.8300	1.0000	0.3750	1.0000	429
mut_I0_aa	M0908	idf	78	3.1100	0.0000	0.0000	1.0000	478
mut_I0_aa	M0908	coverage	78	3.1100	1.0000	0.0128	1.0000	478
mut_I0_aa	M0564	idf	357	6.5600	0.0000	0.0000	1.0000	447
mut_I0_aa	M0564	coverage	357	6.5600	1.0000	0.0028	1.0000	447
mut_I0_aa	M0616	idf	5	5.5600	1.0000	0.8000	1.0000	442
mut_I0_aa	M0616	coverage	5	5.5600	1.0000	0.8000	1.0000	442
mut_I0_aa	M0453	idf	61	12.3500	1.0000	0.2131	1.0000	455
mut_I0_aa	M0453	coverage	61	12.3500	1.0000	0.1475	1.0000	455
mut_I0_aa	M0510	idf	62	5.9800	1.0000	0.9355	1.0000	443
mut_I0_aa	M0510	coverage	62	5.9800	1.0000	0.7097	1.0000	443
mut_I0_aa	M0216	idf	1150	7.9700	1.0000	0.4339	1.0000	499
mut_I0_aa	M0216	coverage	1150	7.9700	1.0000	0.4339	1.0000	499
mut_I0_aa	M0448	idf	7	2.6500	0.0000	0.0000	0.0000	439
mut_I0_aa	M0448	coverage	7	2.6500	0.0000	0.0000	0.0000	439
mut_I0_aa	M0732	idf	18	5.1500	0.0000	0.0000	1.0000	403
mut_I0_aa	M0732	coverage	18	5.1500	0.0000	0.0000	1.0000	403
mut_I0_aa	M0734	idf	5	3.8700	1.0000	0.2000	1.0000	442
mut_I0_aa	M0734	coverage	5	3.8700	0.0000	0.0000	1.0000	442
mut_I0_aa	M0456	idf	17	3.0200	0.0000	0.0000	1.0000	449
mut_I0_aa	M0456	coverage	17	3.0200	0.0000	0.0000	1.0000	449
mut_I0_aa	M0278	idf	74	2.7000	1.0000	0.6081	1.0000	416
mut_I0_aa	M0278	coverage	74	2.7000	1.0000	0.7703	1.0000	416
mut_I0_aa	M0682	idf	290	2.7500	0.0000	0.0000	1.0000	473
mut_I0_aa	M0682	coverage	290	2.7500	1.0000	0.4138	1.0000	473
mut_I0_aa	M0381	idf	68	2.4700	0.0000	0.0000	1.0000	453
mut_I0_aa	M0381	coverage	68	2.4700	1.0000	0.6324	1.0000	453
mut_I0_aa	M0759	idf	73	10.2000	0.0000	0.0000	0.0000	462
mut_I0_aa	M0759	coverage	73	10.2000	0.0000	0.0000	0.0000	462
mut_I0_aa	M0916	idf	1	6.2400	0.0000	0.0000	1.0000	442
mut_I0_aa	M0916	coverage	1	6.2400	0.0000	0.0000	1.0000	442
mut_I0_aa	M0122	idf	21	8.4400	1.0000	0.3810	1.0000	431
mut_I0_aa	M0122	coverage	21	8.4400	1.0000	0.0476	1.0000	431
mut_I0_aa	M0435	idf	17	24.1000	1.0000	0.0588	1.0000	488
mut_I0_aa	M0435	coverage	17	24.1000	0.0000	0.0000	1.0000	488
mut_I0_aa	M0519	idf	16	9.5500	1.0000	1.0000	1.0000	451
mut_I0_aa	M0519	coverage	16	9.5500	1.0000	0.2500	1.0000	451
mut_I0_aa	M0506	idf	113	5.7300	1.0000	0.5398	1.0000	446
mut_I0_aa	M0506	coverage	113	5.7300	0.0000	0.0000	1.0000	446
mut_I0_aa	M0357	idf	5	5.8100	0.0000	0.0000	1.0000	422
mut_I0_aa	M0357	coverage	5	5.8100	1.0000	0.4000	1.0000	422
mut_I0_aa	M0414	idf	82	5.1000	1.0000	0.8171	1.0000	445
mut_I0_aa	M0414	coverage	82	5.1000	0.0000	0.0000	1.0000	445
mut_I0_aa	M0096	idf	23	5.1400	0.0000	0.0000	1.0000	449
mut_I0_aa	M0096	coverage	23	5.1400	1.0000	0.0435	1.0000	449
mut_I0_aa	M0885	idf	15	12.7500	1.0000	0.6667	1.0000	449
mut_I0_aa	M0885	coverage	15	12.7500	1.0000	0.1333	1.0000	449
mut_I0_aa	M0738	idf	15	5.4300	1.0000	1.0000	1.0000	465
mut_I0_aa	M0738	coverage	15	5.4300	1.0000	0.6667	1.0000	465
mut_I0_aa	M0545	idf	19	4.1100	0.0000	0.0000	1.0000	440
mut_I0_aa	M0545	coverage	19	4.1100	1.0000	0.6316	1.0000	440
mut_I0_aa	M0815	idf	238	3.0300	1.0000	0.3529	1.0000	484
mut_I0_aa	M0815	coverage	238	3.0300	0.0000	0.0000	1.0000	484
mut_I0_aa	M0077	idf	101	6.7000	0.0000	0.0000	1.0000	445
mut_I0_aa	M0077	coverage	101	6.7000	0.0000	0.0000	1.0000	445
mut_I0_aa	M0851	idf	22	2.8400	0.0000	0.0000	1.0000	419
mut_I0_aa	M0851	coverage	22	2.8400	1.0000	0.0909	1.0000	419
mut_I0_aa	M0862	idf	17	5.8100	0.0000	0.0000	1.0000	432
mut_I0_aa	M0862	coverage	17	5.8100	0.0000	0.0000	1.0000	432
mut_I0_aa	M0736	idf	3	4.9100	0.0000	0.0000	1.0000	463
mut_I0_aa	M0736	coverage	3	4.9100	0.0000	0.0000	1.0000	463
mut_I0_aa	M0819	idf	25	4.8500	0.0000	0.0000	1.0000	451
mut_I0_aa	M0819	coverage	25	4.8500	0.0000	0.0000	1.0000	451
mut_I0_aa	M0822	idf	2	6.5700	0.0000	0.0000	1.0000	417
mut_I0_aa	M0822	coverage	2	6.5700	0.0000	0.0000	1.0000	417
mut_I0_aa	M0136	idf	9	8.4200	1.0000	0.8889	1.0000	468
mut_I0_aa	M0136	coverage	9	8.4200	1.0000	0.6667	1.0000	468
mut_I0_aa	M0054	idf	44	3.5300	0.0000	0.0000	1.0000	447
mut_I0_aa	M0054	coverage	44	3.5300	1.0000	0.7727	1.0000	447
mut_I0_aa	M0612	idf	82	10.1100	0.0000	0.0000	1.0000	455
mut_I0_aa	M0612	coverage	82	10.1100	1.0000	0.7805	1.0000	455
mut_I0_aa	M0010	idf	13	4.8300	1.0000	0.9231	1.0000	435
mut_I0_aa	M0010	coverage	13	4.8300	1.0000	0.9231	1.0000	435
mut_I0_aa	M0709	idf	289	5.5100	0.0000	0.0000	1.0000	434
mut_I0_aa	M0709	coverage	289	5.5100	1.0000	0.0346	1.0000	434
mut_I0_aa	M0940	idf	104	11.6000	0.0000	0.0000	1.0000	493
mut_I0_aa	M0940	coverage	104	11.6000	0.0000	0.0000	1.0000	493
mut_I0_aa	M0172	idf	12	13.8500	0.0000	0.0000	1.0000	460
mut_I0_aa	M0172	coverage	12	13.8500	1.0000	0.5833	1.0000	460
mut_I0_aa	M0693	idf	362	5.5400	0.0000	0.0000	1.0000	440
mut_I0_aa	M0693	coverage	362	5.5400	1.0000	0.0028	1.0000	440
mut_I0_aa	M0159	idf	148	15.1300	1.0000	0.8986	1.0000	473
mut_I0_aa	M0159	coverage	148	15.1300	1.0000	0.1081	1.0000	473
mut_I0_aa	M0835	idf	9	7.9000	0.0000	0.0000	1.0000	449
mut_I0_aa	M0835	coverage	9	7.9000	1.0000	0.1111	1.0000	449
mut_I0_aa	M0810	idf	37	6.7700	1.0000	0.3243	1.0000	448
mut_I0_aa	M0810	coverage	37	6.7700	1.0000	0.3243	1.0000	448
mut_I0_aa	M0434	idf	12	13.4000	1.0000	1.0000	1.0000	457
mut_I0_aa	M0434	coverage	12	13.4000	1.0000	0.0833	1.0000	457
mut_I0_aa	M0653	idf	23	5.5900	1.0000	0.0435	1.0000	430
mut_I0_aa	M0653	coverage	23	5.5900	1.0000	0.0435	1.0000	430
mut_I0_aa	M0205	idf	259	12.4700	1.0000	0.5753	1.0000	482
mut_I0_aa	M0205	coverage	259	12.4700	1.0000	0.9382	1.0000	482
mut_I0_aa	M0939	idf	13	1.2300	1.0000	0.4615	1.0000	468
mut_I0_aa	M0939	coverage	13	1.2300	1.0000	0.3077	1.0000	468
mut_I0_aa	M0918	idf	65	12.1500	0.0000	0.0000	1.0000	463
mut_I0_aa	M0918	coverage	65	12.1500	1.0000	0.5538	1.0000	463
mut_I0_aa	M0858	idf	351	5.1700	1.0000	0.1197	1.0000	480
mut_I0_aa	M0858	coverage	351	5.1700	1.0000	0.8860	1.0000	480
mut_I0_aa	M0420	idf	17	2.9000	1.0000	0.0588	1.0000	443
mut_I0_aa	M0420	coverage	17	2.9000	1.0000	0.1176	1.0000	443
mut_I0_aa	M0879	idf	15	6.0200	0.0000	0.0000	1.0000	445
mut_I0_aa	M0879	coverage	15	6.0200	1.0000	0.3333	1.0000	445
mut_I0_aa	M0371	idf	122	4.7000	1.0000	0.0656	1.0000	455
mut_I0_aa	M0371	coverage	122	4.7000	0.0000	0.0000	1.0000	455
mut_I0_aa	M0020	idf	115	13.7900	0.0000	0.0000	1.0000	477
mut_I0_aa	M0020	coverage	115	13.7900	1.0000	0.0087	1.0000	477
mut_I0_aa	M0855	idf	38	6.0600	1.0000	0.2895	1.0000	425
mut_I0_aa	M0855	coverage	38	6.0600	1.0000	0.1579	1.0000	425
mut_I0_aa	M0957	idf	186	12.9900	0.0000	0.0000	1.0000	493
mut_I0_aa	M0957	coverage	186	12.9900	0.0000	0.0000	1.0000	493
mut_I0_aa	M0505	idf	27	5.9700	1.0000	0.1481	1.0000	440
mut_I0_aa	M0505	coverage	27	5.9700	1.0000	0.0741	1.0000	440
mut_I0_aa	M0477	idf	70	5.2700	1.0000	0.4429	1.0000	462
mut_I0_aa	M0477	coverage	70	5.2700	1.0000	0.5000	1.0000	462
mut_I0_aa	M0829	idf	6	6.4400	0.0000	0.0000	1.0000	435
mut_I0_aa	M0829	coverage	6	6.4400	0.0000	0.0000	1.0000	435
mut_I0_aa	M0884	idf	19	8.2700	0.0000	0.0000	1.0000	435
mut_I0_aa	M0884	coverage	19	8.2700	1.0000	0.5263	1.0000	435
mut_I0_aa	M0384	idf	67	5.0300	1.0000	0.0746	1.0000	410
mut_I0_aa	M0384	coverage	67	5.0300	0.0000	0.0000	1.0000	410
mut_I0_aa	M0065	idf	53	4.8500	1.0000	0.3585	1.0000	443
mut_I0_aa	M0065	coverage	53	4.8500	1.0000	0.3774	1.0000	443
mut_I0_aa	M0123	idf	2	13.5700	1.0000	1.0000	1.0000	451
mut_I0_aa	M0123	coverage	2	13.5700	0.0000	0.0000	1.0000	451
mut_I0_aa	M0580	idf	9	4.6400	0.0000	0.0000	1.0000	443
mut_I0_aa	M0580	coverage	9	4.6400	1.0000	0.3333	1.0000	443
mut_I0_aa	M0033	idf	14	5.1100	1.0000	0.1429	1.0000	438
mut_I0_aa	M0033	coverage	14	5.1100	1.0000	0.0714	1.0000	438
mut_I0_aa	M0281	idf	1	13.0500	1.0000	1.0000	1.0000	440
mut_I0_aa	M0281	coverage	1	13.0500	1.0000	1.0000	1.0000	440
mut_I0_aa	M0544	idf	12	5.9600	1.0000	0.1667	1.0000	444
mut_I0_aa	M0544	coverage	12	5.9600	1.0000	0.0833	1.0000	444
mut_I0_aa	M0212	idf	83	28.9400	0.0000	0.0000	1.0000	458
mut_I0_aa	M0212	coverage	83	28.9400	1.0000	0.6145	1.0000	458
mut_I0_aa	M0426	idf	18	5.9300	1.0000	0.6667	1.0000	423
mut_I0_aa	M0426	coverage	18	5.9300	1.0000	0.0556	1.0000	423
mut_I0_aa	M0905	idf	198	2.5100	0.0000	0.0000	1.0000	445
mut_I0_aa	M0905	coverage	198	2.5100	1.0000	0.0051	1.0000	445
mut_I0_aa	M0843	idf	14	3.5100	0.0000	0.0000	1.0000	425
mut_I0_aa	M0843	coverage	14	3.5100	1.0000	0.6429	1.0000	425
mut_I0_aa	M0263	idf	24	5.2000	0.0000	0.0000	1.0000	445
mut_I0_aa	M0263	coverage	24	5.2000	1.0000	0.2500	1.0000	445
mut_I0_aa	M0697	idf	155	5.3100	0.0000	0.0000	1.0000	470
mut_I0_aa	M0697	coverage	155	5.3100	1.0000	0.8839	1.0000	470
mut_I0_aa	M0260	idf	21	8.1400	1.0000	0.8571	1.0000	425
mut_I0_aa	M0260	coverage	21	8.1400	1.0000	0.4286	1.0000	425
mut_I0_aa	M0379	idf	41	12.4000	1.0000	1.0000	1.0000	470
mut_I0_aa	M0379	coverage	41	12.4000	1.0000	0.3171	1.0000	470
mut_I0_aa	M0377	idf	189	14.3500	1.0000	0.0317	1.0000	491
mut_I0_aa	M0377	coverage	189	14.3500	0.0000	0.0000	1.0000	491
mut_I0_aa	M0547	idf	4	2.1800	1.0000	0.7500	1.0000	429
mut_I0_aa	M0547	coverage	4	2.1800	1.0000	0.7500	1.0000	429
mut_I0_aa	M0508	idf	6	10.2800	1.0000	1.0000	1.0000	466
mut_I0_aa	M0508	coverage	6	10.2800	1.0000	0.1667	1.0000	466
mut_I0_aa	M0401	idf	392	4.5300	0.0000	0.0000	1.0000	495
mut_I0_aa	M0401	coverage	392	4.5300	0.0000	0.0000	1.0000	495
mut_I0_aa	M0755	idf	11	2.5900	1.0000	0.5455	1.0000	450
mut_I0_aa	M0755	coverage	11	2.5900	0.0000	0.0000	1.0000	450
mut_I0_aa	M0458	idf	25	3.5600	0.0000	0.0000	1.0000	424
mut_I0_aa	M0458	coverage	25	3.5600	1.0000	0.1600	1.0000	424
mut_I0_aa	M0314	idf	45	26.9800	0.0000	0.0000	1.0000	474
mut_I0_aa	M0314	coverage	45	26.9800	0.0000	0.0000	1.0000	474
mut_I0_aa	M0210	idf	220	5.9800	1.0000	0.0091	1.0000	463
mut_I0_aa	M0210	coverage	220	5.9800	0.0000	0.0000	1.0000	463
mut_I0_aa	M0154	idf	62	6.0500	0.0000	0.0000	1.0000	394
mut_I0_aa	M0154	coverage	62	6.0500	1.0000	0.8710	1.0000	394
mut_I0_aa	M0502	idf	20	19.1300	1.0000	0.2000	1.0000	465
mut_I0_aa	M0502	coverage	20	19.1300	0.0000	0.0000	1.0000	465
mut_I0_aa	M0031	idf	290	10.3100	1.0000	0.3483	1.0000	470
mut_I0_aa	M0031	coverage	290	10.3100	1.0000	0.5241	1.0000	470
mut_I0_aa	M0178	idf	273	10.6300	0.0000	0.0000	1.0000	421
mut_I0_aa	M0178	coverage	273	10.6300	1.0000	0.0256	1.0000	421
mut_I0_aa	M0019	idf	21	10.9800	0.0000	0.0000	1.0000	436
mut_I0_aa	M0019	coverage	21	10.9800	1.0000	0.9524	1.0000	436
mut_I0_aa	M0125	idf	19	10.8000	1.0000	0.8947	1.0000	432
mut_I0_aa	M0125	coverage	19	10.8000	1.0000	0.7368	1.0000	432
mut_I0_aa	M0181	idf	8	10.2200	1.0000	0.2500	1.0000	460
mut_I0_aa	M0181	coverage	8	10.2200	1.0000	0.1250	1.0000	460
mut_I0_aa	M0466	idf	6	11.5800	1.0000	0.6667	1.0000	454
mut_I0_aa	M0466	coverage	6	11.5800	0.0000	0.0000	1.0000	454
mut_I0_aa	M0058	idf	37	5.1200	1.0000	0.0270	1.0000	432
mut_I0_aa	M0058	coverage	37	5.1200	1.0000	0.0541	1.0000	432
mut_I0_aa	M0683	idf	27	9.1300	1.0000	0.8889	1.0000	450
mut_I0_aa	M0683	coverage	27	9.1300	1.0000	0.5556	1.0000	450
mut_I0_aa	M0925	idf	22	5.2600	0.0000	0.0000	1.0000	442
mut_I0_aa	M0925	coverage	22	5.2600	1.0000	0.0455	1.0000	442
mut_I0_aa	M0081	idf	9	10.3600	1.0000	0.4444	1.0000	451
mut_I0_aa	M0081	coverage	9	10.3600	0.0000	0.0000	1.0000	451
mut_I0_aa	M0090	idf	60	13.3300	1.0000	0.9500	1.0000	480
mut_I0_aa	M0090	coverage	60	13.3300	1.0000	0.1500	1.0000	480
mut_I0_aa	M0429	idf	47	5.1300	1.0000	0.3404	1.0000	451
mut_I0_aa	M0429	coverage	47	5.1300	1.0000	0.9362	1.0000	451
mut_I0_aa	M0447	idf	2	5.6800	0.0000	0.0000	1.0000	414
mut_I0_aa	M0447	coverage	2	5.6800	0.0000	0.0000	1.0000	414
mut_I0_aa	M0768	idf	19	6.6900	1.0000	0.5263	1.0000	438
mut_I0_aa	M0768	coverage	19	6.6900	1.0000	0.1579	1.0000	438
mut_I0_aa	M0261	idf	19	6.5100	1.0000	0.0526	1.0000	438
mut_I0_aa	M0261	coverage	19	6.5100	0.0000	0.0000	1.0000	438
mut_I0_aa	M0234	idf	8	9.5400	1.0000	0.5000	1.0000	441
mut_I0_aa	M0234	coverage	8	9.5400	0.0000	0.0000	1.0000	441
mut_I0_aa	M0958	idf	236	13.4200	0.0000	0.0000	1.0000	491
mut_I0_aa	M0958	coverage	236	13.4200	0.0000	0.0000	1.0000	491
mut_I0_aa	M0387	idf	2048	6.4000	1.0000	0.0220	1.0000	498
mut_I0_aa	M0387	coverage	2048	6.4000	1.0000	0.0142	1.0000	498
mut_I0_aa	M0520	idf	440	5.3500	0.0000	0.0000	1.0000	492
mut_I0_aa	M0520	coverage	440	5.3500	0.0000	0.0000	1.0000	492
mut_I0_aa	M0910	idf	7	5.5500	1.0000	0.8571	1.0000	436
mut_I0_aa	M0910	coverage	7	5.5500	1.0000	0.8571	1.0000	436
mut_I0_aa	M0398	idf	36	13.8700	1.0000	1.0000	1.0000	440
mut_I0_aa	M0398	coverage	36	13.8700	1.0000	0.6389	1.0000	440
mut_I0_aa	M0040	idf	52	5.8800	0.0000	0.0000	1.0000	443
mut_I0_aa	M0040	coverage	52	5.8800	0.0000	0.0000	1.0000	443
mut_I0_aa	M0808	idf	3	5.7000	1.0000	1.0000	1.0000	430
mut_I0_aa	M0808	coverage	3	5.7000	0.0000	0.0000	1.0000	430
mut_I0_aa	M0781	idf	6	6.3200	1.0000	0.5000	1.0000	438
mut_I0_aa	M0781	coverage	6	6.3200	1.0000	0.6667	1.0000	438
mut_I0_aa	M0410	idf	30	11.7500	0.0000	0.0000	1.0000	425
mut_I0_aa	M0410	coverage	30	11.7500	0.0000	0.0000	1.0000	425
mut_I0_aa	M0250	idf	14	5.9500	1.0000	0.7143	1.0000	448
mut_I0_aa	M0250	coverage	14	5.9500	1.0000	0.0714	1.0000	448
mut_I0_aa	M0748	idf	19	1.6900	1.0000	0.3684	1.0000	477
mut_I0_aa	M0748	coverage	19	1.6900	1.0000	1.0000	1.0000	477
mut_I0_aa	M0515	idf	20	11.1500	1.0000	0.1000	1.0000	449
mut_I0_aa	M0515	coverage	20	11.1500	1.0000	0.2500	1.0000	449
mut_I0_aa	M0920	idf	21	7.3100	0.0000	0.0000	1.0000	475
mut_I0_aa	M0920	coverage	21	7.3100	1.0000	0.2857	1.0000	475
mut_I0_aa	M0655	idf	6	3.1200	0.0000	0.0000	1.0000	438
mut_I0_aa	M0655	coverage	6	3.1200	0.0000	0.0000	1.0000	438
mut_I0_aa	M0227	idf	38	8.4000	1.0000	0.2105	1.0000	458
mut_I0_aa	M0227	coverage	38	8.4000	0.0000	0.0000	1.0000	458
mut_I0_aa	M0272	idf	35	14.6700	1.0000	0.0571	1.0000	442
mut_I0_aa	M0272	coverage	35	14.6700	1.0000	0.0857	1.0000	442
mut_I0_aa	M0093	idf	10	4.7500	0.0000	0.0000	1.0000	431
mut_I0_aa	M0093	coverage	10	4.7500	0.0000	0.0000	1.0000	431
mut_I0_aa	M0625	idf	5	5.4100	0.0000	0.0000	0.0000	457
mut_I0_aa	M0625	coverage	5	5.4100	0.0000	0.0000	0.0000	457
mut_I0_aa	M0321	idf	19	6.2000	1.0000	0.5263	1.0000	429
mut_I0_aa	M0321	coverage	19	6.2000	0.0000	0.0000	1.0000	429
mut_I0_aa	M0048	idf	98	12.4100	1.0000	0.3061	1.0000	440
mut_I0_aa	M0048	coverage	98	12.4100	1.0000	0.0204	1.0000	440
mut_I0_aa	M0043	idf	20	10.5400	1.0000	1.0000	1.0000	457
mut_I0_aa	M0043	coverage	20	10.5400	1.0000	0.6500	1.0000	457
mut_I0_aa	M0900	idf	441	3.4600	0.0000	0.0000	1.0000	497
mut_I0_aa	M0900	coverage	441	3.4600	0.0000	0.0000	1.0000	497
mut_I0_aa	M0857	idf	12	9.6400	1.0000	0.5000	1.0000	448
mut_I0_aa	M0857	coverage	12	9.6400	0.0000	0.0000	1.0000	448
mut_I0_aa	M0964	idf	68	5.5300	1.0000	0.1029	1.0000	407
mut_I0_aa	M0964	coverage	68	5.5300	0.0000	0.0000	1.0000	407
mut_I0_aa	M0131	idf	36	11.4800	1.0000	0.5000	1.0000	439
mut_I0_aa	M0131	coverage	36	11.4800	1.0000	0.9167	1.0000	439
mut_I0_aa	M0754	idf	9	2.0300	1.0000	0.3333	1.0000	448
mut_I0_aa	M0754	coverage	9	2.0300	1.0000	0.1111	1.0000	448
mut_I0_aa	M0313	idf	17	2.7800	0.0000	0.0000	1.0000	458
mut_I0_aa	M0313	coverage	17	2.7800	1.0000	0.8235	1.0000	458
mut_I0_aa	M0092	idf	41	10.6100	1.0000	0.3902	1.0000	432
mut_I0_aa	M0092	coverage	41	10.6100	1.0000	0.0244	1.0000	432
mut_I0_aa	M0108	idf	3	5.1300	0.0000	0.0000	1.0000	439
mut_I0_aa	M0108	coverage	3	5.1300	0.0000	0.0000	1.0000	439
mut_I0_aa	M0139	idf	76	7.4300	0.0000	0.0000	1.0000	440
mut_I0_aa	M0139	coverage	76	7.4300	1.0000	0.0132	1.0000	440
mut_I0_aa	M0235	idf	17	3.3600	0.0000	0.0000	1.0000	459
mut_I0_aa	M0235	coverage	17	3.3600	1.0000	0.2941	1.0000	459
mut_I0_aa	M0444	idf	83	5.6700	1.0000	0.5904	1.0000	460
mut_I0_aa	M0444	coverage	83	5.6700	1.0000	0.8434	1.0000	460
mut_I0_aa	M0623	idf	16	5.1400	1.0000	1.0000	1.0000	449
mut_I0_aa	M0623	coverage	16	5.1400	1.0000	0.8750	1.0000	449
mut_I0_aa	M0919	idf	18	6.8500	1.0000	0.3333	1.0000	421
mut_I0_aa	M0919	coverage	18	6.8500	1.0000	0.3889	1.0000	421
mut_I0_aa	M0369	idf	82	5.6700	1.0000	0.1829	1.0000	421
mut_I0_aa	M0369	coverage	82	5.6700	1.0000	0.0732	1.0000	421
mut_I0_aa	M0253	idf	212	12.5200	1.0000	0.7736	1.0000	455
mut_I0_aa	M0253	coverage	212	12.5200	1.0000	0.0991	1.0000	455
mut_I0_aa	M0254	idf	17	28.6000	1.0000	1.0000	1.0000	467
mut_I0_aa	M0254	coverage	17	28.6000	1.0000	0.7647	1.0000	467
mut_I0_aa	M0301	idf	51	8.2200	1.0000	0.0196	1.0000	428
mut_I0_aa	M0301	coverage	51	8.2200	0.0000	0.0000	1.0000	428
mut_I0_aa	M0674	idf	31	6.2700	1.0000	0.0323	1.0000	425
mut_I0_aa	M0674	coverage	31	6.2700	1.0000	0.1613	1.0000	425
mut_I0_aa	M0100	idf	360	6.4300	1.0000	0.0111	1.0000	439
mut_I0_aa	M0100	coverage	360	6.4300	0.0000	0.0000	1.0000	439
mut_I0_aa	M0231	idf	13	8.3800	1.0000	0.9231	1.0000	455
mut_I0_aa	M0231	coverage	13	8.3800	1.0000	0.2308	1.0000	455
mut_I0_aa	M0816	idf	238	2.5400	0.0000	0.0000	1.0000	420
mut_I0_aa	M0816	coverage	238	2.5400	0.0000	0.0000	1.0000	420
mut_I0_aa	M0472	idf	94	11.4900	1.0000	0.9681	1.0000	466
mut_I0_aa	M0472	coverage	94	11.4900	1.0000	0.4681	1.0000	466
mut_I0_aa	M0962	idf	134	10.6500	1.0000	0.0224	1.0000	492
mut_I0_aa	M0962	coverage	134	10.6500	1.0000	0.0299	1.0000	492
mut_I0_aa	M0795	idf	79	7.0100	1.0000	0.2025	1.0000	441
mut_I0_aa	M0795	coverage	79	7.0100	0.0000	0.0000	1.0000	441
mut_I0_aa	M0727	idf	22	10.7100	1.0000	0.2727	1.0000	443
mut_I0_aa	M0727	coverage	22	10.7100	1.0000	0.1818	1.0000	443
mut_I0_aa	M0497	idf	15	13.3800	1.0000	0.6000	1.0000	439
mut_I0_aa	M0497	coverage	15	13.3800	1.0000	0.1333	1.0000	439
mut_I0_aa	M0338	idf	23	4.0700	1.0000	0.2174	1.0000	448
mut_I0_aa	M0338	coverage	23	4.0700	1.0000	0.0870	1.0000	448
mut_I0_aa	M0947	idf	43	6.4400	1.0000	0.6279	1.0000	439
mut_I0_aa	M0947	coverage	43	6.4400	1.0000	0.5581	1.0000	439
mut_I0_aa	M0163	idf	47	4.8800	1.0000	0.5532	1.0000	430
mut_I0_aa	M0163	coverage	47	4.8800	1.0000	0.0426	1.0000	430
mut_I0_aa	M0959	idf	155	11.8600	0.0000	0.0000	1.0000	492
mut_I0_aa	M0959	coverage	155	11.8600	0.0000	0.0000	1.0000	492
mut_I0_aa	M0433	idf	210	2.8300	0.0000	0.0000	1.0000	390
mut_I0_aa	M0433	coverage	210	2.8300	1.0000	0.0048	1.0000	390
mut_I0_aa	M0416	idf	4	13.4400	1.0000	1.0000	1.0000	431
mut_I0_aa	M0416	coverage	4	13.4400	1.0000	1.0000	1.0000	431
mut_I0_aa	M0850	idf	31	5.1800	0.0000	0.0000	1.0000	425
mut_I0_aa	M0850	coverage	31	5.1800	1.0000	0.3548	1.0000	425
mut_I0_aa	M0454	idf	14	5.2100	1.0000	1.0000	1.0000	427
mut_I0_aa	M0454	coverage	14	5.2100	1.0000	0.7857	1.0000	427
mut_I0_aa	M0351	idf	24	6.4400	0.0000	0.0000	1.0000	434
mut_I0_aa	M0351	coverage	24	6.4400	1.0000	0.5833	1.0000	434
mut_I0_aa	M0425	idf	2084	4.0000	0.0000	0.0000	1.0000	450
mut_I0_aa	M0425	coverage	2084	4.0000	1.0000	0.0005	1.0000	450
mut_I0_aa	M0067	idf	39	5.8200	1.0000	0.1538	1.0000	445
mut_I0_aa	M0067	coverage	39	5.8200	0.0000	0.0000	1.0000	445
mut_I0_aa	M0550	idf	20	6.0000	0.0000	0.0000	1.0000	453
mut_I0_aa	M0550	coverage	20	6.0000	0.0000	0.0000	1.0000	453
mut_I0_aa	M0792	idf	10	2.7200	0.0000	0.0000	1.0000	437
mut_I0_aa	M0792	coverage	10	2.7200	0.0000	0.0000	1.0000	437
mut_I0_aa	M0961	idf	144	10.7200	0.0000	0.0000	1.0000	491
mut_I0_aa	M0961	coverage	144	10.7200	1.0000	0.0208	1.0000	491
mut_I0_aa	M0109	idf	207	8.6000	1.0000	0.5169	1.0000	451
mut_I0_aa	M0109	coverage	207	8.6000	1.0000	0.4928	1.0000	451
mut_I0_aa	M0257	idf	222	10.8400	1.0000	0.9279	1.0000	471
mut_I0_aa	M0257	coverage	222	10.8400	1.0000	0.9459	1.0000	471
mut_I0_aa	M0789	idf	51	3.5800	0.0000	0.0000	1.0000	446
mut_I0_aa	M0789	coverage	51	3.5800	1.0000	0.5098	1.0000	446
mut_I0_aa	M0363	idf	64	5.6800	0.0000	0.0000	1.0000	450
mut_I0_aa	M0363	coverage	64	5.6800	0.0000	0.0000	1.0000	450
mut_I0_aa	M0391	idf	14	3.0200	0.0000	0.0000	1.0000	467
mut_I0_aa	M0391	coverage	14	3.0200	0.0000	0.0000	1.0000	467
mut_I0_aa	M0826	idf	21	5.0300	0.0000	0.0000	1.0000	452
mut_I0_aa	M0826	coverage	21	5.0300	0.0000	0.0000	1.0000	452
mut_I0_aa	M0952	idf	5	3.0800	1.0000	0.6000	1.0000	433
mut_I0_aa	M0952	coverage	5	3.0800	1.0000	0.6000	1.0000	433
mut_I0_aa	M0117	idf	100	6.3400	0.0000	0.0000	1.0000	465
mut_I0_aa	M0117	coverage	100	6.3400	1.0000	0.0100	1.0000	465
mut_I0_aa	M0854	idf	122	8.2400	0.0000	0.0000	1.0000	455
mut_I0_aa	M0854	coverage	122	8.2400	1.0000	0.0574	1.0000	455
mut_I0_aa	M0881	idf	155	7.6700	1.0000	0.8516	1.0000	443
mut_I0_aa	M0881	coverage	155	7.6700	1.0000	0.7290	1.0000	443
mut_I0_aa	M0874	idf	1	4.4000	0.0000	0.0000	1.0000	420
mut_I0_aa	M0874	coverage	1	4.4000	0.0000	0.0000	1.0000	420
mut_I0_aa	M0597	idf	27	3.4900	1.0000	0.1111	1.0000	434
mut_I0_aa	M0597	coverage	27	3.4900	1.0000	0.3704	1.0000	434
mut_I0_aa	M0070	idf	159	5.9800	0.0000	0.0000	1.0000	430
mut_I0_aa	M0070	coverage	159	5.9800	1.0000	0.0126	1.0000	430
mut_I0_aa	M0423	idf	94	9.7700	0.0000	0.0000	1.0000	453
mut_I0_aa	M0423	coverage	94	9.7700	1.0000	0.0213	1.0000	453
mut_I0_aa	M0266	idf	35	6.9500	1.0000	0.6286	1.0000	459
mut_I0_aa	M0266	coverage	35	6.9500	1.0000	0.3429	1.0000	459
mut_I0_aa	M0262	idf	19	12.7200	1.0000	1.0000	1.0000	450
mut_I0_aa	M0262	coverage	19	12.7200	1.0000	0.9474	1.0000	450
mut_I0_aa	M0806	idf	3	2.1600	0.0000	0.0000	1.0000	477
mut_I0_aa	M0806	coverage	3	2.1600	1.0000	0.3333	1.0000	477
mut_I0_aa	M0937	idf	31	4.6200	0.0000	0.0000	1.0000	431
mut_I0_aa	M0937	coverage	31	4.6200	1.0000	0.2903	1.0000	431
mut_I0_aa	M0066	idf	57	5.4400	1.0000	0.0877	1.0000	433
mut_I0_aa	M0066	coverage	57	5.4400	1.0000	0.3684	1.0000	433
mut_I0_aa	M0462	idf	48	6.1800	1.0000	0.8958	1.0000	445
mut_I0_aa	M0462	coverage	48	6.1800	1.0000	0.7708	1.0000	445
mut_I0_aa	M0380	idf	21	8.9000	1.0000	0.1905	1.0000	442
mut_I0_aa	M0380	coverage	21	8.9000	1.0000	0.1429	1.0000	442
mut_I0_aa	M0403	idf	16	7.7400	1.0000	0.5625	1.0000	475
mut_I0_aa	M0403	coverage	16	7.7400	1.0000	0.3125	1.0000	475
mut_I0_aa	M0141	idf	25	28.9300	1.0000	0.1200	1.0000	457
mut_I0_aa	M0141	coverage	25	28.9300	1.0000	0.1200	1.0000	457
mut_I0_aa	M0237	idf	555	6.3500	0.0000	0.0000	1.0000	430
mut_I0_aa	M0237	coverage	555	6.3500	0.0000	0.0000	1.0000	430
mut_I0_aa	M0642	idf	24	5.8500	1.0000	0.1667	1.0000	439
mut_I0_aa	M0642	coverage	24	5.8500	1.0000	0.0417	1.0000	439
mut_I0_aa	M0142	idf	13	6.0300	1.0000	0.0769	1.0000	449
mut_I0_aa	M0142	coverage	13	6.0300	1.0000	0.3077	1.0000	449
mut_I0_aa	M0798	idf	2073	5.5300	0.0000	0.0000	1.0000	498
mut_I0_aa	M0798	coverage	2073	5.5300	0.0000	0.0000	1.0000	498
mut_I0_aa	M0574	idf	111	12.5500	1.0000	0.3333	1.0000	459
mut_I0_aa	M0574	coverage	111	12.5500	1.0000	0.4414	1.0000	459
mut_I0_aa	M0663	idf	96	3.1800	1.0000	0.0833	1.0000	435
mut_I0_aa	M0663	coverage	96	3.1800	1.0000	0.1354	1.0000	435
mut_I0_aa	M0348	idf	165	13.3600	0.0000	0.0000	1.0000	494
mut_I0_aa	M0348	coverage	165	13.3600	0.0000	0.0000	1.0000	494
mut_I0_aa	M0353	idf	11	2.2800	0.0000	0.0000	1.0000	441
mut_I0_aa	M0353	coverage	11	2.2800	1.0000	0.8182	1.0000	441
mut_I0_aa	M0028	idf	19	7.7000	1.0000	1.0000	1.0000	449
mut_I0_aa	M0028	coverage	19	7.7000	1.0000	1.0000	1.0000	449
mut_I0_aa	M0308	idf	172	11.3600	1.0000	1.0000	1.0000	469
mut_I0_aa	M0308	coverage	172	11.3600	1.0000	0.8488	1.0000	469
mut_I0_aa	M0860	idf	6	8.5600	0.0000	0.0000	1.0000	468
mut_I0_aa	M0860	coverage	6	8.5600	1.0000	0.3333	1.0000	468
mut_I0_aa	M0188	idf	117	5.2300	0.0000	0.0000	1.0000	432
mut_I0_aa	M0188	coverage	117	5.2300	1.0000	0.0427	1.0000	432
mut_I0_aa	M0003	idf	94	3.9500	0.0000	0.0000	1.0000	443
mut_I0_aa	M0003	coverage	94	3.9500	0.0000	0.0000	1.0000	443
mut_I0_aa	M0906	idf	265	3.4100	0.0000	0.0000	1.0000	490
mut_I0_aa	M0906	coverage	265	3.4100	1.0000	0.6717	1.0000	490
mut_I0_aa	M0590	idf	19	6.3300	1.0000	0.0526	1.0000	438
mut_I0_aa	M0590	coverage	19	6.3300	1.0000	0.1053	1.0000	438
mut_I0_aa	M0293	idf	60	5.6700	1.0000	0.2500	1.0000	438
mut_I0_aa	M0293	coverage	60	5.6700	1.0000	0.3500	1.0000	438
mut_I0_aa	M0651	idf	56	2.7400	0.0000	0.0000	1.0000	447
mut_I0_aa	M0651	coverage	56	2.7400	0.0000	0.0000	1.0000	447
mut_I0_aa	M0297	idf	17	1.8800	0.0000	0.0000	1.0000	447
mut_I0_aa	M0297	coverage	17	1.8800	0.0000	0.0000	1.0000	447
mut_I0_aa	M0194	idf	63	12.9500	1.0000	0.8889	1.0000	439
mut_I0_aa	M0194	coverage	63	12.9500	1.0000	0.1746	1.0000	439
mut_I0_aa	M0589	idf	26	3.1500	1.0000	0.0385	1.0000	404
mut_I0_aa	M0589	coverage	26	3.1500	0.0000	0.0000	1.0000	404
mut_I0_aa	M0669	idf	10	4.5300	1.0000	0.1000	1.0000	437
mut_I0_aa	M0669	coverage	10	4.5300	0.0000	0.0000	1.0000	437
mut_I0_aa	M0742	idf	2	5.6500	1.0000	1.0000	1.0000	412
mut_I0_aa	M0742	coverage	2	5.6500	0.0000	0.0000	1.0000	412
mut_I0_aa	M0298	idf	164	5.1800	0.0000	0.0000	1.0000	465
mut_I0_aa	M0298	coverage	164	5.1800	0.0000	0.0000	1.0000	465
mut_I0_aa	M0440	idf	43	7.0400	1.0000	0.4186	1.0000	455
mut_I0_aa	M0440	coverage	43	7.0400	0.0000	0.0000	1.0000	455
mut_I0_aa	M0386	idf	4	11.3200	1.0000	1.0000	1.0000	441
mut_I0_aa	M0386	coverage	4	11.3200	1.0000	1.0000	1.0000	441
mut_I0_aa	M0087	idf	50	9.7200	1.0000	1.0000	1.0000	466
mut_I0_aa	M0087	coverage	50	9.7200	1.0000	0.2800	1.0000	466
mut_I0_sens	M0346	idf	37	1.5000	0.0000	0.0000	1.0000	485
mut_I0_sens	M0346	coverage	37	1.5000	0.0000	0.0000	1.0000	485
mut_I0_sens	M0376	idf	41	1.7500	1.0000	0.9024	1.0000	417
mut_I0_sens	M0376	coverage	41	1.7500	0.0000	0.0000	1.0000	417
mut_I0_sens	M0431	idf	3	1.4000	1.0000	1.0000	1.0000	393
mut_I0_sens	M0431	coverage	3	1.4000	0.0000	0.0000	1.0000	393
mut_I0_sens	M0243	idf	11	1.7600	1.0000	1.0000	1.0000	449
mut_I0_sens	M0243	coverage	11	1.7600	0.0000	0.0000	1.0000	449
mut_I0_sens	M0294	idf	108	1.9600	1.0000	0.0370	1.0000	449
mut_I0_sens	M0294	coverage	108	1.9600	0.0000	0.0000	1.0000	449
mut_I0_sens	M0895	idf	121	0.7300	1.0000	0.0083	1.0000	463
mut_I0_sens	M0895	coverage	121	0.7300	0.0000	0.0000	1.0000	463
mut_I0_sens	M0104	idf	4	2.2800	1.0000	1.0000	1.0000	399
mut_I0_sens	M0104	coverage	4	2.2800	0.0000	0.0000	1.0000	399
mut_I0_sens	M0869	idf	5	0.6000	0.0000	0.0000	1.0000	485
mut_I0_sens	M0869	coverage	5	0.6000	1.0000	0.2000	1.0000	485
mut_I0_sens	M0075	idf	2	1.9600	1.0000	1.0000	1.0000	463
mut_I0_sens	M0075	coverage	2	1.9600	0.0000	0.0000	1.0000	463
mut_I0_sens	M0134	idf	55	1.0800	1.0000	0.8182	1.0000	486
mut_I0_sens	M0134	coverage	55	1.0800	0.0000	0.0000	1.0000	486
mut_I0_sens	M0206	idf	75	1.7700	1.0000	0.6800	1.0000	465
mut_I0_sens	M0206	coverage	75	1.7700	0.0000	0.0000	1.0000	465
mut_I0_sens	M0044	idf	67	2.1400	1.0000	0.9701	1.0000	408
mut_I0_sens	M0044	coverage	67	2.1400	1.0000	0.0299	1.0000	408
mut_I0_sens	M0484	idf	100	2.3100	1.0000	1.0000	1.0000	424
mut_I0_sens	M0484	coverage	100	2.3100	1.0000	0.6500	1.0000	424
mut_I0_sens	M0334	idf	22	0.9200	1.0000	0.5455	1.0000	493
mut_I0_sens	M0334	coverage	22	0.9200	1.0000	0.2727	1.0000	493
mut_I0_sens	M0412	idf	5	1.2600	1.0000	0.6000	1.0000	480
mut_I0_sens	M0412	coverage	5	1.2600	0.0000	0.0000	1.0000	480
mut_I0_sens	M0931	idf	70	1.0200	1.0000	0.0143	1.0000	488
mut_I0_sens	M0931	coverage	70	1.0200	1.0000	0.6857	1.0000	488
mut_I0_sens	M0118	idf	106	0.8400	0.0000	0.0000	1.0000	471
mut_I0_sens	M0118	coverage	106	0.8400	0.0000	0.0000	1.0000	471
mut_I0_sens	M0752	idf	8	0.3200	1.0000	0.6250	1.0000	464
mut_I0_sens	M0752	coverage	8	0.3200	1.0000	0.5000	1.0000	464
mut_I0_sens	M0428	idf	10	1.9000	1.0000	1.0000	1.0000	465
mut_I0_sens	M0428	coverage	10	1.9000	0.0000	0.0000	1.0000	465
mut_I0_sens	M0771	idf	213	0.6200	1.0000	0.0516	1.0000	486
mut_I0_sens	M0771	coverage	213	0.6200	1.0000	0.0047	1.0000	486
mut_I0_sens	M0658	idf	12	0.8600	0.0000	0.0000	1.0000	472
mut_I0_sens	M0658	coverage	12	0.8600	1.0000	0.0833	1.0000	472
mut_I0_sens	M0311	idf	78	2.5300	1.0000	1.0000	1.0000	488
mut_I0_sens	M0311	coverage	78	2.5300	0.0000	0.0000	1.0000	488
mut_I0_sens	M0600	idf	78	1.2300	1.0000	0.2308	1.0000	444
mut_I0_sens	M0600	coverage	78	1.2300	1.0000	0.1795	1.0000	444
mut_I0_sens	M0565	idf	13	0.2700	0.0000	0.0000	1.0000	206
mut_I0_sens	M0565	coverage	13	0.2700	0.0000	0.0000	1.0000	206
mut_I0_sens	M0085	idf	11	1.2100	1.0000	0.9091	1.0000	457
mut_I0_sens	M0085	coverage	11	1.2100	0.0000	0.0000	1.0000	457
mut_I0_sens	M0488	idf	6	1.6900	1.0000	1.0000	1.0000	463
mut_I0_sens	M0488	coverage	6	1.6900	0.0000	0.0000	1.0000	463
mut_I0_sens	M0076	idf	97	0.7200	0.0000	0.0000	1.0000	496
mut_I0_sens	M0076	coverage	97	0.7200	0.0000	0.0000	1.0000	496
mut_I0_sens	M0175	idf	826	0.5200	0.0000	0.0000	1.0000	500
mut_I0_sens	M0175	coverage	826	0.5200	1.0000	0.6005	1.0000	500
mut_I0_sens	M0107	idf	7	1.5000	1.0000	0.4286	1.0000	477
mut_I0_sens	M0107	coverage	7	1.5000	0.0000	0.0000	1.0000	477
mut_I0_sens	M0201	idf	38	0.8600	0.0000	0.0000	1.0000	470
mut_I0_sens	M0201	coverage	38	0.8600	0.0000	0.0000	1.0000	470
mut_I0_sens	M0383	idf	124	2.9000	0.0000	0.0000	1.0000	442
mut_I0_sens	M0383	coverage	124	2.9000	1.0000	0.0645	1.0000	442
mut_I0_sens	M0111	idf	10	2.2200	1.0000	0.4000	1.0000	439
mut_I0_sens	M0111	coverage	10	2.2200	0.0000	0.0000	1.0000	439
mut_I0_sens	M0634	idf	9	1.7800	1.0000	1.0000	1.0000	455
mut_I0_sens	M0634	coverage	9	1.7800	1.0000	1.0000	1.0000	455
mut_I0_sens	M0609	idf	81	1.2800	1.0000	0.0864	1.0000	493
mut_I0_sens	M0609	coverage	81	1.2800	0.0000	0.0000	1.0000	493
mut_I0_sens	M0228	idf	119	0.9000	1.0000	0.1092	1.0000	442
mut_I0_sens	M0228	coverage	119	0.9000	0.0000	0.0000	1.0000	442
mut_I0_sens	M0636	idf	16	1.0800	1.0000	0.6250	1.0000	475
mut_I0_sens	M0636	coverage	16	1.0800	0.0000	0.0000	1.0000	475
mut_I0_sens	M0908	idf	78	0.8300	0.0000	0.0000	1.0000	458
mut_I0_sens	M0908	coverage	78	0.8300	1.0000	0.0128	1.0000	458
mut_I0_sens	M0564	idf	357	1.0000	0.0000	0.0000	1.0000	468
mut_I0_sens	M0564	coverage	357	1.0000	0.0000	0.0000	1.0000	468
mut_I0_sens	M0616	idf	5	1.0100	1.0000	1.0000	1.0000	477
mut_I0_sens	M0616	coverage	5	1.0100	0.0000	0.0000	1.0000	477
mut_I0_sens	M0453	idf	61	2.2100	1.0000	0.3934	1.0000	487
mut_I0_sens	M0453	coverage	61	2.2100	0.0000	0.0000	1.0000	487
mut_I0_sens	M0510	idf	62	1.4500	1.0000	0.9032	1.0000	484
mut_I0_sens	M0510	coverage	62	1.4500	0.0000	0.0000	1.0000	484
mut_I0_sens	M0216	idf	1150	1.2300	1.0000	0.4339	1.0000	499
mut_I0_sens	M0216	coverage	1150	1.2300	1.0000	0.4339	1.0000	499
mut_I0_sens	M0448	idf	7	0.4500	0.0000	0.0000	0.0000	497
mut_I0_sens	M0448	coverage	7	0.4500	0.0000	0.0000	0.0000	497
mut_I0_sens	M0732	idf	18	0.9300	0.0000	0.0000	1.0000	492
mut_I0_sens	M0732	coverage	18	0.9300	1.0000	0.0556	1.0000	492
mut_I0_sens	M0734	idf	5	0.7400	0.0000	0.0000	1.0000	499
mut_I0_sens	M0734	coverage	5	0.7400	0.0000	0.0000	1.0000	499
mut_I0_sens	M0456	idf	17	0.6500	0.0000	0.0000	1.0000	488
mut_I0_sens	M0456	coverage	17	0.6500	0.0000	0.0000	1.0000	488
mut_I0_sens	M0278	idf	74	0.5900	1.0000	0.8919	1.0000	488
mut_I0_sens	M0278	coverage	74	0.5900	0.0000	0.0000	1.0000	488
mut_I0_sens	M0682	idf	290	0.8300	0.0000	0.0000	1.0000	496
mut_I0_sens	M0682	coverage	290	0.8300	1.0000	0.5448	1.0000	496
mut_I0_sens	M0381	idf	68	0.7300	0.0000	0.0000	1.0000	485
mut_I0_sens	M0381	coverage	68	0.7300	0.0000	0.0000	1.0000	485
mut_I0_sens	M0759	idf	73	1.5000	0.0000	0.0000	1.0000	421
mut_I0_sens	M0759	coverage	73	1.5000	0.0000	0.0000	1.0000	421
mut_I0_sens	M0916	idf	1	0.8800	1.0000	1.0000	1.0000	483
mut_I0_sens	M0916	coverage	1	0.8800	0.0000	0.0000	1.0000	483
mut_I0_sens	M0122	idf	21	1.3000	1.0000	0.6667	1.0000	459
mut_I0_sens	M0122	coverage	21	1.3000	0.0000	0.0000	1.0000	459
mut_I0_sens	M0435	idf	17	4.9200	1.0000	0.2941	1.0000	445
mut_I0_sens	M0435	coverage	17	4.9200	0.0000	0.0000	1.0000	445
mut_I0_sens	M0519	idf	16	2.8600	1.0000	1.0000	1.0000	445
mut_I0_sens	M0519	coverage	16	2.8600	0.0000	0.0000	1.0000	445
mut_I0_sens	M0506	idf	113	1.0300	1.0000	0.4690	1.0000	490
mut_I0_sens	M0506	coverage	113	1.0300	0.0000	0.0000	1.0000	490
mut_I0_sens	M0357	idf	5	1.1200	0.0000	0.0000	1.0000	489
mut_I0_sens	M0357	coverage	5	1.1200	0.0000	0.0000	1.0000	489
mut_I0_sens	M0414	idf	82	1.2300	1.0000	0.6829	1.0000	496
mut_I0_sens	M0414	coverage	82	1.2300	0.0000	0.0000	1.0000	496
mut_I0_sens	M0096	idf	23	1.6800	0.0000	0.0000	1.0000	481
mut_I0_sens	M0096	coverage	23	1.6800	0.0000	0.0000	1.0000	481
mut_I0_sens	M0885	idf	15	2.2100	1.0000	0.7333	1.0000	473
mut_I0_sens	M0885	coverage	15	2.2100	0.0000	0.0000	1.0000	473
mut_I0_sens	M0738	idf	15	1.5200	1.0000	1.0000	1.0000	449
mut_I0_sens	M0738	coverage	15	1.5200	1.0000	0.2667	1.0000	449
mut_I0_sens	M0545	idf	19	1.6900	0.0000	0.0000	1.0000	463
mut_I0_sens	M0545	coverage	19	1.6900	0.0000	0.0000	1.0000	463
mut_I0_sens	M0815	idf	238	0.5200	1.0000	0.3908	1.0000	474
mut_I0_sens	M0815	coverage	238	0.5200	1.0000	0.0336	1.0000	474
mut_I0_sens	M0077	idf	101	1.1200	1.0000	0.0297	1.0000	476
mut_I0_sens	M0077	coverage	101	1.1200	1.0000	0.3465	1.0000	476
mut_I0_sens	M0851	idf	22	0.6200	0.0000	0.0000	0.0000	492
mut_I0_sens	M0851	coverage	22	0.6200	0.0000	0.0000	0.0000	492
mut_I0_sens	M0862	idf	17	1.0600	0.0000	0.0000	1.0000	434
mut_I0_sens	M0862	coverage	17	1.0600	0.0000	0.0000	1.0000	434
mut_I0_sens	M0736	idf	3	1.1400	0.0000	0.0000	1.0000	471
mut_I0_sens	M0736	coverage	3	1.1400	0.0000	0.0000	1.0000	471
mut_I0_sens	M0819	idf	25	0.6100	0.0000	0.0000	1.0000	470
mut_I0_sens	M0819	coverage	25	0.6100	1.0000	0.6400	1.0000	470
mut_I0_sens	M0822	idf	2	1.0600	1.0000	0.5000	1.0000	493
mut_I0_sens	M0822	coverage	2	1.0600	1.0000	0.5000	1.0000	493
mut_I0_sens	M0136	idf	9	1.7900	1.0000	0.8889	1.0000	423
mut_I0_sens	M0136	coverage	9	1.7900	0.0000	0.0000	1.0000	423
mut_I0_sens	M0054	idf	44	0.7200	0.0000	0.0000	1.0000	355
mut_I0_sens	M0054	coverage	44	0.7200	0.0000	0.0000	1.0000	355
mut_I0_sens	M0612	idf	82	1.1700	0.0000	0.0000	1.0000	489
mut_I0_sens	M0612	coverage	82	1.1700	0.0000	0.0000	1.0000	489
mut_I0_sens	M0010	idf	13	1.5700	1.0000	1.0000	1.0000	498
mut_I0_sens	M0010	coverage	13	1.5700	1.0000	0.9231	1.0000	498
mut_I0_sens	M0709	idf	289	1.2500	1.0000	0.0311	1.0000	488
mut_I0_sens	M0709	coverage	289	1.2500	1.0000	0.0311	1.0000	488
mut_I0_sens	M0940	idf	104	1.9800	0.0000	0.0000	1.0000	488
mut_I0_sens	M0940	coverage	104	1.9800	0.0000	0.0000	1.0000	488
mut_I0_sens	M0172	idf	12	2.4900	1.0000	0.5000	1.0000	439
mut_I0_sens	M0172	coverage	12	2.4900	1.0000	0.5000	1.0000	439
mut_I0_sens	M0693	idf	362	0.8500	0.0000	0.0000	1.0000	491
mut_I0_sens	M0693	coverage	362	0.8500	0.0000	0.0000	1.0000	491
mut_I0_sens	M0159	idf	148	2.4300	1.0000	0.8716	1.0000	464
mut_I0_sens	M0159	coverage	148	2.4300	1.0000	0.1081	1.0000	464
mut_I0_sens	M0835	idf	9	1.3800	0.0000	0.0000	1.0000	448
mut_I0_sens	M0835	coverage	9	1.3800	0.0000	0.0000	1.0000	448
mut_I0_sens	M0810	idf	37	1.1800	1.0000	0.5946	1.0000	482
mut_I0_sens	M0810	coverage	37	1.1800	1.0000	0.0270	1.0000	482
mut_I0_sens	M0434	idf	12	1.7800	1.0000	1.0000	1.0000	478
mut_I0_sens	M0434	coverage	12	1.7800	0.0000	0.0000	1.0000	478
mut_I0_sens	M0653	idf	23	1.5100	1.0000	0.0435	1.0000	429
mut_I0_sens	M0653	coverage	23	1.5100	0.0000	0.0000	1.0000	429
mut_I0_sens	M0205	idf	259	2.8500	1.0000	0.9537	1.0000	467
mut_I0_sens	M0205	coverage	259	2.8500	0.0000	0.0000	1.0000	467
mut_I0_sens	M0939	idf	13	0.3100	1.0000	0.4615	1.0000	404
mut_I0_sens	M0939	coverage	13	0.3100	1.0000	0.4615	1.0000	404
mut_I0_sens	M0918	idf	65	2.6900	0.0000	0.0000	1.0000	446
mut_I0_sens	M0918	coverage	65	2.6900	0.0000	0.0000	1.0000	446
mut_I0_sens	M0858	idf	351	1.2400	1.0000	0.3789	1.0000	484
mut_I0_sens	M0858	coverage	351	1.2400	1.0000	0.0342	1.0000	484
mut_I0_sens	M0420	idf	17	0.6700	0.0000	0.0000	1.0000	494
mut_I0_sens	M0420	coverage	17	0.6700	0.0000	0.0000	1.0000	494
mut_I0_sens	M0879	idf	15	1.1200	0.0000	0.0000	0.0000	493
mut_I0_sens	M0879	coverage	15	1.1200	0.0000	0.0000	0.0000	493
mut_I0_sens	M0371	idf	122	1.3600	0.0000	0.0000	1.0000	397
mut_I0_sens	M0371	coverage	122	1.3600	0.0000	0.0000	1.0000	397
mut_I0_sens	M0020	idf	115	2.3300	0.0000	0.0000	1.0000	463
mut_I0_sens	M0020	coverage	115	2.3300	0.0000	0.0000	1.0000	463
mut_I0_sens	M0855	idf	38	1.0500	1.0000	0.3158	1.0000	493
mut_I0_sens	M0855	coverage	38	1.0500	0.0000	0.0000	1.0000	493
mut_I0_sens	M0957	idf	186	1.3100	0.0000	0.0000	1.0000	492
mut_I0_sens	M0957	coverage	186	1.3100	0.0000	0.0000	1.0000	492
mut_I0_sens	M0505	idf	27	1.4700	1.0000	0.1111	1.0000	485
mut_I0_sens	M0505	coverage	27	1.4700	1.0000	0.0741	1.0000	485
mut_I0_sens	M0477	idf	70	0.7300	1.0000	0.2714	1.0000	490
mut_I0_sens	M0477	coverage	70	0.7300	1.0000	0.0429	1.0000	490
mut_I0_sens	M0829	idf	6	1.3400	0.0000	0.0000	1.0000	483
mut_I0_sens	M0829	coverage	6	1.3400	0.0000	0.0000	1.0000	483
mut_I0_sens	M0884	idf	19	1.4200	1.0000	0.4211	1.0000	481
mut_I0_sens	M0884	coverage	19	1.4200	0.0000	0.0000	1.0000	481
mut_I0_sens	M0384	idf	67	0.8200	1.0000	0.1343	1.0000	479
mut_I0_sens	M0384	coverage	67	0.8200	0.0000	0.0000	1.0000	479
mut_I0_sens	M0065	idf	53	1.1400	1.0000	0.4151	1.0000	480
mut_I0_sens	M0065	coverage	53	1.1400	1.0000	0.2264	1.0000	480
mut_I0_sens	M0123	idf	2	3.3800	1.0000	1.0000	1.0000	412
mut_I0_sens	M0123	coverage	2	3.3800	0.0000	0.0000	1.0000	412
mut_I0_sens	M0580	idf	9	0.9500	1.0000	0.3333	1.0000	494
mut_I0_sens	M0580	coverage	9	0.9500	0.0000	0.0000	1.0000	494
mut_I0_sens	M0033	idf	14	1.4300	1.0000	0.5000	1.0000	492
mut_I0_sens	M0033	coverage	14	1.4300	0.0000	0.0000	1.0000	492
mut_I0_sens	M0281	idf	1	2.3900	1.0000	1.0000	1.0000	447
mut_I0_sens	M0281	coverage	1	2.3900	0.0000	0.0000	1.0000	447
mut_I0_sens	M0544	idf	12	1.4200	1.0000	0.1667	1.0000	485
mut_I0_sens	M0544	coverage	12	1.4200	0.0000	0.0000	1.0000	485
mut_I0_sens	M0212	idf	83	4.7300	1.0000	0.0120	1.0000	457
mut_I0_sens	M0212	coverage	83	4.7300	0.0000	0.0000	1.0000	457
mut_I0_sens	M0426	idf	18	0.9500	1.0000	0.9444	1.0000	483
mut_I0_sens	M0426	coverage	18	0.9500	1.0000	0.0556	1.0000	483
mut_I0_sens	M0905	idf	198	0.5500	0.0000	0.0000	1.0000	449
mut_I0_sens	M0905	coverage	198	0.5500	0.0000	0.0000	1.0000	449
mut_I0_sens	M0843	idf	14	0.5700	0.0000	0.0000	1.0000	475
mut_I0_sens	M0843	coverage	14	0.5700	0.0000	0.0000	1.0000	475
mut_I0_sens	M0263	idf	24	0.9400	0.0000	0.0000	1.0000	386
mut_I0_sens	M0263	coverage	24	0.9400	1.0000	0.5000	1.0000	386
mut_I0_sens	M0697	idf	155	0.9400	0.0000	0.0000	1.0000	464
mut_I0_sens	M0697	coverage	155	0.9400	1.0000	0.0323	1.0000	464
mut_I0_sens	M0260	idf	21	1.0600	1.0000	0.9048	1.0000	483
mut_I0_sens	M0260	coverage	21	1.0600	0.0000	0.0000	1.0000	483
mut_I0_sens	M0379	idf	41	1.8100	1.0000	1.0000	1.0000	442
mut_I0_sens	M0379	coverage	41	1.8100	0.0000	0.0000	1.0000	442
mut_I0_sens	M0377	idf	189	1.5300	0.0000	0.0000	1.0000	491
mut_I0_sens	M0377	coverage	189	1.5300	0.0000	0.0000	1.0000	491
mut_I0_sens	M0547	idf	4	0.8500	1.0000	0.7500	1.0000	480
mut_I0_sens	M0547	coverage	4	0.8500	0.0000	0.0000	1.0000	480
mut_I0_sens	M0508	idf	6	1.2600	1.0000	1.0000	1.0000	483
mut_I0_sens	M0508	coverage	6	1.2600	1.0000	0.1667	1.0000	483
mut_I0_sens	M0401	idf	392	1.2400	0.0000	0.0000	1.0000	473
mut_I0_sens	M0401	coverage	392	1.2400	0.0000	0.0000	1.0000	473
mut_I0_sens	M0755	idf	11	0.7100	1.0000	0.9091	1.0000	495
mut_I0_sens	M0755	coverage	11	0.7100	0.0000	0.0000	1.0000	495
mut_I0_sens	M0458	idf	25	0.6100	0.0000	0.0000	1.0000	463
mut_I0_sens	M0458	coverage	25	0.6100	0.0000	0.0000	1.0000	463
mut_I0_sens	M0314	idf	45	5.9100	1.0000	0.1111	1.0000	421
mut_I0_sens	M0314	coverage	45	5.9100	0.0000	0.0000	1.0000	421
mut_I0_sens	M0210	idf	220	1.3500	1.0000	0.0091	1.0000	441
mut_I0_sens	M0210	coverage	220	1.3500	1.0000	0.0045	1.0000	441
mut_I0_sens	M0154	idf	62	0.6200	0.0000	0.0000	1.0000	481
mut_I0_sens	M0154	coverage	62	0.6200	0.0000	0.0000	1.0000	481
mut_I0_sens	M0502	idf	20	2.3500	1.0000	0.2000	1.0000	424
mut_I0_sens	M0502	coverage	20	2.3500	0.0000	0.0000	1.0000	424
mut_I0_sens	M0031	idf	290	1.4500	1.0000	0.7103	1.0000	444
mut_I0_sens	M0031	coverage	290	1.4500	1.0000	0.0069	1.0000	444
mut_I0_sens	M0178	idf	273	1.5700	0.0000	0.0000	1.0000	474
mut_I0_sens	M0178	coverage	273	1.5700	0.0000	0.0000	1.0000	474
mut_I0_sens	M0019	idf	21	1.6800	1.0000	0.8095	1.0000	465
mut_I0_sens	M0019	coverage	21	1.6800	0.0000	0.0000	1.0000	465
mut_I0_sens	M0125	idf	19	1.4000	1.0000	0.8947	1.0000	461
mut_I0_sens	M0125	coverage	19	1.4000	1.0000	0.6316	1.0000	461
mut_I0_sens	M0181	idf	8	1.9200	1.0000	0.8750	1.0000	443
mut_I0_sens	M0181	coverage	8	1.9200	0.0000	0.0000	1.0000	443
mut_I0_sens	M0466	idf	6	2.5900	1.0000	0.5000	1.0000	470
mut_I0_sens	M0466	coverage	6	2.5900	0.0000	0.0000	1.0000	470
mut_I0_sens	M0058	idf	37	0.9600	0.0000	0.0000	1.0000	491
mut_I0_sens	M0058	coverage	37	0.9600	0.0000	0.0000	1.0000	491
mut_I0_sens	M0683	idf	27	1.6100	1.0000	0.9259	1.0000	461
mut_I0_sens	M0683	coverage	27	1.6100	0.0000	0.0000	1.0000	461
mut_I0_sens	M0925	idf	22	0.8200	0.0000	0.0000	1.0000	488
mut_I0_sens	M0925	coverage	22	0.8200	0.0000	0.0000	1.0000	488
mut_I0_sens	M0081	idf	9	1.4000	1.0000	0.5556	1.0000	489
mut_I0_sens	M0081	coverage	9	1.4000	0.0000	0.0000	1.0000	489
mut_I0_sens	M0090	idf	60	2.9600	1.0000	0.9833	1.0000	436
mut_I0_sens	M0090	coverage	60	2.9600	0.0000	0.0000	1.0000	436
mut_I0_sens	M0429	idf	47	1.5300	1.0000	0.7872	1.0000	448
mut_I0_sens	M0429	coverage	47	1.5300	0.0000	0.0000	1.0000	448
mut_I0_sens	M0447	idf	2	1.6300	1.0000	0.5000	1.0000	476
mut_I0_sens	M0447	coverage	2	1.6300	0.0000	0.0000	1.0000	476
mut_I0_sens	M0768	idf	19	1.4400	1.0000	0.7895	1.0000	485
mut_I0_sens	M0768	coverage	19	1.4400	1.0000	0.5263	1.0000	485
mut_I0_sens	M0261	idf	19	1.1500	1.0000	0.0526	1.0000	381
mut_I0_sens	M0261	coverage	19	1.1500	0.0000	0.0000	1.0000	381
mut_I0_sens	M0234	idf	8	1.1600	1.0000	0.7500	1.0000	485
mut_I0_sens	M0234	coverage	8	1.1600	0.0000	0.0000	1.0000	485
mut_I0_sens	M0958	idf	236	1.3700	0.0000	0.0000	1.0000	492
mut_I0_sens	M0958	coverage	236	1.3700	0.0000	0.0000	1.0000	492
mut_I0_sens	M0387	idf	2048	1.5900	1.0000	0.0269	1.0000	491
mut_I0_sens	M0387	coverage	2048	1.5900	1.0000	0.0005	1.0000	491
mut_I0_sens	M0520	idf	440	1.4000	1.0000	0.4045	1.0000	497
mut_I0_sens	M0520	coverage	440	1.4000	0.0000	0.0000	1.0000	497
mut_I0_sens	M0910	idf	7	1.1500	1.0000	1.0000	1.0000	475
mut_I0_sens	M0910	coverage	7	1.1500	0.0000	0.0000	1.0000	475
mut_I0_sens	M0398	idf	36	1.9000	1.0000	1.0000	1.0000	477
mut_I0_sens	M0398	coverage	36	1.9000	0.0000	0.0000	1.0000	477
mut_I0_sens	M0040	idf	52	1.2900	0.0000	0.0000	1.0000	445
mut_I0_sens	M0040	coverage	52	1.2900	0.0000	0.0000	1.0000	445
mut_I0_sens	M0808	idf	3	0.8400	1.0000	0.3333	1.0000	485
mut_I0_sens	M0808	coverage	3	0.8400	1.0000	0.6667	1.0000	485
mut_I0_sens	M0781	idf	6	0.6400	1.0000	0.8333	1.0000	493
mut_I0_sens	M0781	coverage	6	0.6400	0.0000	0.0000	1.0000	493
mut_I0_sens	M0410	idf	30	2.7100	1.0000	0.1667	1.0000	429
mut_I0_sens	M0410	coverage	30	2.7100	0.0000	0.0000	1.0000	429
mut_I0_sens	M0250	idf	14	1.1800	1.0000	1.0000	1.0000	494
mut_I0_sens	M0250	coverage	14	1.1800	0.0000	0.0000	1.0000	494
mut_I0_sens	M0748	idf	19	0.2000	0.0000	0.0000	1.0000	186
mut_I0_sens	M0748	coverage	19	0.2000	0.0000	0.0000	1.0000	186
mut_I0_sens	M0515	idf	20	1.3100	1.0000	0.1500	1.0000	458
mut_I0_sens	M0515	coverage	20	1.3100	0.0000	0.0000	1.0000	458
mut_I0_sens	M0920	idf	21	1.8900	0.0000	0.0000	1.0000	486
mut_I0_sens	M0920	coverage	21	1.8900	0.0000	0.0000	1.0000	486
mut_I0_sens	M0655	idf	6	0.5700	0.0000	0.0000	1.0000	375
mut_I0_sens	M0655	coverage	6	0.5700	1.0000	0.1667	1.0000	375
mut_I0_sens	M0227	idf	38	1.1800	1.0000	0.3158	1.0000	487
mut_I0_sens	M0227	coverage	38	1.1800	1.0000	0.0526	1.0000	487
mut_I0_sens	M0272	idf	35	2.0800	1.0000	0.2286	1.0000	441
mut_I0_sens	M0272	coverage	35	2.0800	0.0000	0.0000	1.0000	441
mut_I0_sens	M0093	idf	10	1.6500	0.0000	0.0000	0.0000	484
mut_I0_sens	M0093	coverage	10	1.6500	0.0000	0.0000	0.0000	484
mut_I0_sens	M0625	idf	5	0.9300	0.0000	0.0000	1.0000	466
mut_I0_sens	M0625	coverage	5	0.9300	0.0000	0.0000	1.0000	466
mut_I0_sens	M0321	idf	19	1.1900	1.0000	0.3684	1.0000	494
mut_I0_sens	M0321	coverage	19	1.1900	0.0000	0.0000	1.0000	494
mut_I0_sens	M0048	idf	98	1.3500	1.0000	0.4082	1.0000	474
mut_I0_sens	M0048	coverage	98	1.3500	0.0000	0.0000	1.0000	474
mut_I0_sens	M0043	idf	20	1.2200	1.0000	1.0000	1.0000	454
mut_I0_sens	M0043	coverage	20	1.2200	0.0000	0.0000	1.0000	454
mut_I0_sens	M0900	idf	441	0.6300	1.0000	0.0023	1.0000	497
mut_I0_sens	M0900	coverage	441	0.6300	0.0000	0.0000	1.0000	497
mut_I0_sens	M0857	idf	12	1.6400	1.0000	0.7500	1.0000	438
mut_I0_sens	M0857	coverage	12	1.6400	0.0000	0.0000	1.0000	438
mut_I0_sens	M0964	idf	68	1.0400	1.0000	0.1324	1.0000	450
mut_I0_sens	M0964	coverage	68	1.0400	0.0000	0.0000	1.0000	450
mut_I0_sens	M0131	idf	36	1.2600	1.0000	0.9722	1.0000	484
mut_I0_sens	M0131	coverage	36	1.2600	1.0000	0.0278	1.0000	484
mut_I0_sens	M0754	idf	9	0.7000	1.0000	0.3333	1.0000	484
mut_I0_sens	M0754	coverage	9	0.7000	0.0000	0.0000	1.0000	484
mut_I0_sens	M0313	idf	17	0.5200	0.0000	0.0000	1.0000	497
mut_I0_sens	M0313	coverage	17	0.5200	0.0000	0.0000	1.0000	497
mut_I0_sens	M0092	idf	41	1.5700	1.0000	0.9512	1.0000	450
mut_I0_sens	M0092	coverage	41	1.5700	0.0000	0.0000	1.0000	450
mut_I0_sens	M0108	idf	3	1.1400	0.0000	0.0000	1.0000	484
mut_I0_sens	M0108	coverage	3	1.1400	0.0000	0.0000	1.0000	484
mut_I0_sens	M0139	idf	76	1.5300	0.0000	0.0000	1.0000	481
mut_I0_sens	M0139	coverage	76	1.5300	0.0000	0.0000	1.0000	481
mut_I0_sens	M0235	idf	17	0.6000	0.0000	0.0000	1.0000	483
mut_I0_sens	M0235	coverage	17	0.6000	0.0000	0.0000	1.0000	483
mut_I0_sens	M0444	idf	83	1.2200	0.0000	0.0000	1.0000	481
mut_I0_sens	M0444	coverage	83	1.2200	0.0000	0.0000	1.0000	481
mut_I0_sens	M0623	idf	16	1.0400	1.0000	0.9375	1.0000	478
mut_I0_sens	M0623	coverage	16	1.0400	0.0000	0.0000	1.0000	478
mut_I0_sens	M0919	idf	18	0.8000	1.0000	0.5556	1.0000	474
mut_I0_sens	M0919	coverage	18	0.8000	0.0000	0.0000	1.0000	474
mut_I0_sens	M0369	idf	82	1.0400	1.0000	0.3171	1.0000	456
mut_I0_sens	M0369	coverage	82	1.0400	1.0000	0.0854	1.0000	456
mut_I0_sens	M0253	idf	212	1.8600	1.0000	0.9057	1.0000	420
mut_I0_sens	M0253	coverage	212	1.8600	1.0000	0.0142	1.0000	420
mut_I0_sens	M0254	idf	17	5.7100	1.0000	1.0000	1.0000	385
mut_I0_sens	M0254	coverage	17	5.7100	1.0000	0.0588	1.0000	385
mut_I0_sens	M0301	idf	51	1.2700	1.0000	0.0196	1.0000	434
mut_I0_sens	M0301	coverage	51	1.2700	0.0000	0.0000	1.0000	434
mut_I0_sens	M0674	idf	31	0.8700	0.0000	0.0000	1.0000	407
mut_I0_sens	M0674	coverage	31	0.8700	0.0000	0.0000	1.0000	407
mut_I0_sens	M0100	idf	360	1.2600	1.0000	0.0389	1.0000	482
mut_I0_sens	M0100	coverage	360	1.2600	1.0000	0.0278	1.0000	482
mut_I0_sens	M0231	idf	13	1.3300	1.0000	0.8462	1.0000	466
mut_I0_sens	M0231	coverage	13	1.3300	0.0000	0.0000	1.0000	466
mut_I0_sens	M0816	idf	238	0.6100	0.0000	0.0000	1.0000	485
mut_I0_sens	M0816	coverage	238	0.6100	0.0000	0.0000	1.0000	485
mut_I0_sens	M0472	idf	94	2.0300	1.0000	0.9681	1.0000	478
mut_I0_sens	M0472	coverage	94	2.0300	0.0000	0.0000	1.0000	478
mut_I0_sens	M0962	idf	134	1.5900	1.0000	0.0224	1.0000	477
mut_I0_sens	M0962	coverage	134	1.5900	0.0000	0.0000	1.0000	477
mut_I0_sens	M0795	idf	79	1.6400	1.0000	0.4937	1.0000	483
mut_I0_sens	M0795	coverage	79	1.6400	0.0000	0.0000	1.0000	483
mut_I0_sens	M0727	idf	22	1.3400	1.0000	0.6818	1.0000	459
mut_I0_sens	M0727	coverage	22	1.3400	1.0000	0.1364	1.0000	459
mut_I0_sens	M0497	idf	15	2.0000	1.0000	0.8667	1.0000	470
mut_I0_sens	M0497	coverage	15	2.0000	0.0000	0.0000	1.0000	470
mut_I0_sens	M0338	idf	23	0.8900	1.0000	0.7391	1.0000	483
mut_I0_sens	M0338	coverage	23	0.8900	0.0000	0.0000	1.0000	483
mut_I0_sens	M0947	idf	43	0.8000	1.0000	0.5814	1.0000	322
mut_I0_sens	M0947	coverage	43	0.8000	0.0000	0.0000	1.0000	322
mut_I0_sens	M0163	idf	47	0.7700	1.0000	0.7234	1.0000	486
mut_I0_sens	M0163	coverage	47	0.7700	0.0000	0.0000	1.0000	486
mut_I0_sens	M0959	idf	155	1.9700	0.0000	0.0000	1.0000	491
mut_I0_sens	M0959	coverage	155	1.9700	0.0000	0.0000	1.0000	491
mut_I0_sens	M0433	idf	210	0.5300	0.0000	0.0000	1.0000	486
mut_I0_sens	M0433	coverage	210	0.5300	0.0000	0.0000	1.0000	486
mut_I0_sens	M0416	idf	4	2.2100	1.0000	1.0000	1.0000	487
mut_I0_sens	M0416	coverage	4	2.2100	0.0000	0.0000	1.0000	487
mut_I0_sens	M0850	idf	31	0.6400	0.0000	0.0000	1.0000	449
mut_I0_sens	M0850	coverage	31	0.6400	1.0000	0.1290	1.0000	449
mut_I0_sens	M0454	idf	14	1.2300	1.0000	1.0000	1.0000	458
mut_I0_sens	M0454	coverage	14	1.2300	1.0000	0.5000	1.0000	458
mut_I0_sens	M0351	idf	24	1.0500	0.0000	0.0000	1.0000	425
mut_I0_sens	M0351	coverage	24	1.0500	0.0000	0.0000	1.0000	425
mut_I0_sens	M0425	idf	2084	0.8500	0.0000	0.0000	1.0000	477
mut_I0_sens	M0425	coverage	2084	0.8500	0.0000	0.0000	1.0000	477
mut_I0_sens	M0067	idf	39	1.6600	1.0000	0.2308	1.0000	481
mut_I0_sens	M0067	coverage	39	1.6600	0.0000	0.0000	1.0000	481
mut_I0_sens	M0550	idf	20	1.3700	0.0000	0.0000	1.0000	494
mut_I0_sens	M0550	coverage	20	1.3700	0.0000	0.0000	1.0000	494
mut_I0_sens	M0792	idf	10	0.6100	0.0000	0.0000	1.0000	488
mut_I0_sens	M0792	coverage	10	0.6100	0.0000	0.0000	1.0000	488
mut_I0_sens	M0961	idf	144	1.5100	0.0000	0.0000	1.0000	489
mut_I0_sens	M0961	coverage	144	1.5100	0.0000	0.0000	1.0000	489
mut_I0_sens	M0109	idf	207	1.2500	1.0000	0.5362	1.0000	463
mut_I0_sens	M0109	coverage	207	1.2500	0.0000	0.0000	1.0000	463
mut_I0_sens	M0257	idf	222	1.6600	1.0000	0.9505	1.0000	491
mut_I0_sens	M0257	coverage	222	1.6600	0.0000	0.0000	1.0000	491
mut_I0_sens	M0789	idf	51	0.7500	1.0000	0.0980	1.0000	487
mut_I0_sens	M0789	coverage	51	0.7500	0.0000	0.0000	1.0000	487
mut_I0_sens	M0363	idf	64	0.8200	1.0000	0.0469	1.0000	494
mut_I0_sens	M0363	coverage	64	0.8200	1.0000	0.1250	1.0000	494
mut_I0_sens	M0391	idf	14	0.8300	0.0000	0.0000	1.0000	498
mut_I0_sens	M0391	coverage	14	0.8300	0.0000	0.0000	1.0000	498
mut_I0_sens	M0826	idf	21	0.7300	0.0000	0.0000	1.0000	496
mut_I0_sens	M0826	coverage	21	0.7300	0.0000	0.0000	1.0000	496
mut_I0_sens	M0952	idf	5	0.7500	1.0000	0.8000	1.0000	490
mut_I0_sens	M0952	coverage	5	0.7500	1.0000	0.6000	1.0000	490
mut_I0_sens	M0117	idf	100	0.7100	0.0000	0.0000	1.0000	494
mut_I0_sens	M0117	coverage	100	0.7100	0.0000	0.0000	1.0000	494
mut_I0_sens	M0854	idf	122	1.9000	1.0000	0.0164	1.0000	473
mut_I0_sens	M0854	coverage	122	1.9000	0.0000	0.0000	1.0000	473
mut_I0_sens	M0881	idf	155	1.6100	1.0000	1.0000	1.0000	489
mut_I0_sens	M0881	coverage	155	1.6100	1.0000	0.7742	1.0000	489
mut_I0_sens	M0874	idf	1	0.7400	0.0000	0.0000	1.0000	487
mut_I0_sens	M0874	coverage	1	0.7400	0.0000	0.0000	1.0000	487
mut_I0_sens	M0597	idf	27	0.5400	1.0000	0.1481	1.0000	494
mut_I0_sens	M0597	coverage	27	0.5400	0.0000	0.0000	1.0000	494
mut_I0_sens	M0070	idf	159	0.7200	0.0000	0.0000	1.0000	472
mut_I0_sens	M0070	coverage	159	0.7200	0.0000	0.0000	1.0000	472
mut_I0_sens	M0423	idf	94	1.2100	1.0000	0.1383	1.0000	466
mut_I0_sens	M0423	coverage	94	1.2100	0.0000	0.0000	1.0000	466
mut_I0_sens	M0266	idf	35	1.9400	1.0000	0.8000	1.0000	440
mut_I0_sens	M0266	coverage	35	1.9400	1.0000	0.2571	1.0000	440
mut_I0_sens	M0262	idf	19	1.2600	1.0000	1.0000	1.0000	429
mut_I0_sens	M0262	coverage	19	1.2600	1.0000	0.2105	1.0000	429
mut_I0_sens	M0806	idf	3	0.8900	0.0000	0.0000	1.0000	497
mut_I0_sens	M0806	coverage	3	0.8900	0.0000	0.0000	1.0000	497
mut_I0_sens	M0937	idf	31	0.8400	0.0000	0.0000	1.0000	485
mut_I0_sens	M0937	coverage	31	0.8400	1.0000	0.0323	1.0000	485
mut_I0_sens	M0066	idf	57	1.3800	1.0000	0.1579	1.0000	492
mut_I0_sens	M0066	coverage	57	1.3800	1.0000	0.1579	1.0000	492
mut_I0_sens	M0462	idf	48	1.3700	1.0000	0.9167	1.0000	494
mut_I0_sens	M0462	coverage	48	1.3700	0.0000	0.0000	1.0000	494
mut_I0_sens	M0380	idf	21	1.3100	0.0000	0.0000	1.0000	459
mut_I0_sens	M0380	coverage	21	1.3100	0.0000	0.0000	1.0000	459
mut_I0_sens	M0403	idf	16	1.2500	1.0000	0.8125	1.0000	458
mut_I0_sens	M0403	coverage	16	1.2500	0.0000	0.0000	1.0000	458
mut_I0_sens	M0141	idf	25	3.8800	1.0000	0.2000	1.0000	450
mut_I0_sens	M0141	coverage	25	3.8800	0.0000	0.0000	1.0000	450
mut_I0_sens	M0237	idf	555	1.1000	0.0000	0.0000	1.0000	449
mut_I0_sens	M0237	coverage	555	1.1000	0.0000	0.0000	1.0000	449
mut_I0_sens	M0642	idf	24	0.6700	1.0000	0.2917	1.0000	497
mut_I0_sens	M0642	coverage	24	0.6700	1.0000	0.2500	1.0000	497
mut_I0_sens	M0142	idf	13	1.2700	1.0000	0.1538	1.0000	491
mut_I0_sens	M0142	coverage	13	1.2700	0.0000	0.0000	1.0000	491
mut_I0_sens	M0798	idf	2073	0.9800	0.0000	0.0000	1.0000	499
mut_I0_sens	M0798	coverage	2073	0.9800	1.0000	0.0005	1.0000	499
mut_I0_sens	M0574	idf	111	3.0500	1.0000	0.3874	1.0000	479
mut_I0_sens	M0574	coverage	111	3.0500	0.0000	0.0000	1.0000	479
mut_I0_sens	M0663	idf	96	0.9500	1.0000	0.0208	1.0000	441
mut_I0_sens	M0663	coverage	96	0.9500	0.0000	0.0000	1.0000	441
mut_I0_sens	M0348	idf	165	2.3300	0.0000	0.0000	1.0000	494
mut_I0_sens	M0348	coverage	165	2.3300	0.0000	0.0000	1.0000	494
mut_I0_sens	M0353	idf	11	0.5600	0.0000	0.0000	1.0000	498
mut_I0_sens	M0353	coverage	11	0.5600	1.0000	0.6364	1.0000	498
mut_I0_sens	M0028	idf	19	1.2300	1.0000	1.0000	1.0000	469
mut_I0_sens	M0028	coverage	19	1.2300	0.0000	0.0000	1.0000	469
mut_I0_sens	M0308	idf	172	2.7300	1.0000	1.0000	1.0000	458
mut_I0_sens	M0308	coverage	172	2.7300	0.0000	0.0000	1.0000	458
mut_I0_sens	M0860	idf	6	1.4100	0.0000	0.0000	1.0000	481
mut_I0_sens	M0860	coverage	6	1.4100	0.0000	0.0000	1.0000	481
mut_I0_sens	M0188	idf	117	0.6700	0.0000	0.0000	1.0000	473
mut_I0_sens	M0188	coverage	117	0.6700	1.0000	0.0171	1.0000	473
mut_I0_sens	M0003	idf	94	0.8400	0.0000	0.0000	1.0000	496
mut_I0_sens	M0003	coverage	94	0.8400	0.0000	0.0000	1.0000	496
mut_I0_sens	M0906	idf	265	0.7300	0.0000	0.0000	1.0000	468
mut_I0_sens	M0906	coverage	265	0.7300	1.0000	0.0566	1.0000	468
mut_I0_sens	M0590	idf	19	1.3700	1.0000	0.1053	1.0000	461
mut_I0_sens	M0590	coverage	19	1.3700	0.0000	0.0000	1.0000	461
mut_I0_sens	M0293	idf	60	0.7600	1.0000	0.1333	1.0000	462
mut_I0_sens	M0293	coverage	60	0.7600	0.0000	0.0000	1.0000	462
mut_I0_sens	M0651	idf	56	0.7000	0.0000	0.0000	1.0000	489
mut_I0_sens	M0651	coverage	56	0.7000	0.0000	0.0000	1.0000	489
mut_I0_sens	M0297	idf	17	0.3400	0.0000	0.0000	0.0000	476
mut_I0_sens	M0297	coverage	17	0.3400	0.0000	0.0000	0.0000	476
mut_I0_sens	M0194	idf	63	2.0000	1.0000	0.9206	1.0000	458
mut_I0_sens	M0194	coverage	63	2.0000	1.0000	0.0952	1.0000	458
mut_I0_sens	M0589	idf	26	0.9200	1.0000	0.1154	1.0000	430
mut_I0_sens	M0589	coverage	26	0.9200	0.0000	0.0000	1.0000	430
mut_I0_sens	M0669	idf	10	1.0600	1.0000	0.2000	1.0000	484
mut_I0_sens	M0669	coverage	10	1.0600	0.0000	0.0000	1.0000	484
mut_I0_sens	M0742	idf	2	1.0900	1.0000	1.0000	1.0000	482
mut_I0_sens	M0742	coverage	2	1.0900	0.0000	0.0000	1.0000	482
mut_I0_sens	M0298	idf	164	1.1800	0.0000	0.0000	0.0000	494
mut_I0_sens	M0298	coverage	164	1.1800	0.0000	0.0000	0.0000	494
mut_I0_sens	M0440	idf	43	1.4300	1.0000	0.7907	1.0000	425
mut_I0_sens	M0440	coverage	43	1.4300	1.0000	0.0233	1.0000	425
mut_I0_sens	M0386	idf	4	2.3300	1.0000	1.0000	1.0000	454
mut_I0_sens	M0386	coverage	4	2.3300	0.0000	0.0000	1.0000	454
mut_I0_sens	M0087	idf	50	2.5500	1.0000	1.0000	1.0000	469
mut_I0_sens	M0087	coverage	50	2.5500	0.0000	0.0000	1.0000	469
mut_I0_star	M0346	idf	37	0.4700	1.0000	0.0541	1.0000	495
mut_I0_star	M0346	coverage	37	0.4700	0.0000	0.0000	1.0000	495
mut_I0_star	M0376	idf	41	0.7600	1.0000	0.8293	1.0000	432
mut_I0_star	M0376	coverage	41	0.7600	1.0000	0.8293	1.0000	432
mut_I0_star	M0431	idf	3	0.4300	1.0000	1.0000	1.0000	403
mut_I0_star	M0431	coverage	3	0.4300	0.0000	0.0000	1.0000	403
mut_I0_star	M0243	idf	11	0.7400	1.0000	1.0000	1.0000	433
mut_I0_star	M0243	coverage	11	0.7400	0.0000	0.0000	1.0000	433
mut_I0_star	M0294	idf	108	0.9100	1.0000	0.1852	1.0000	459
mut_I0_star	M0294	coverage	108	0.9100	0.0000	0.0000	1.0000	459
mut_I0_star	M0895	idf	121	0.2400	1.0000	0.0413	1.0000	498
mut_I0_star	M0895	coverage	121	0.2400	1.0000	0.0165	1.0000	498
mut_I0_star	M0104	idf	4	0.8300	1.0000	1.0000	1.0000	475
mut_I0_star	M0104	coverage	4	0.8300	1.0000	1.0000	1.0000	475
mut_I0_star	M0869	idf	5	0.2300	1.0000	0.4000	1.0000	498
mut_I0_star	M0869	coverage	5	0.2300	1.0000	0.4000	1.0000	498
mut_I0_star	M0075	idf	2	0.7900	1.0000	0.5000	1.0000	462
mut_I0_star	M0075	coverage	2	0.7900	0.0000	0.0000	1.0000	462
mut_I0_star	M0134	idf	55	0.3900	1.0000	0.9455	1.0000	494
mut_I0_star	M0134	coverage	55	0.3900	1.0000	0.9273	1.0000	494
mut_I0_star	M0206	idf	75	0.8100	1.0000	0.8267	1.0000	476
mut_I0_star	M0206	coverage	75	0.8100	1.0000	0.2533	1.0000	476
mut_I0_star	M0044	idf	67	0.8900	1.0000	0.9552	1.0000	461
mut_I0_star	M0044	coverage	67	0.8900	1.0000	0.2985	1.0000	461
mut_I0_star	M0484	idf	100	0.8600	1.0000	1.0000	1.0000	436
mut_I0_star	M0484	coverage	100	0.8600	1.0000	0.6400	1.0000	436
mut_I0_star	M0334	idf	22	0.3700	1.0000	1.0000	1.0000	413
mut_I0_star	M0334	coverage	22	0.3700	1.0000	0.1818	1.0000	413
mut_I0_star	M0412	idf	5	0.4500	1.0000	0.6000	1.0000	492
mut_I0_star	M0412	coverage	5	0.4500	0.0000	0.0000	1.0000	492
mut_I0_star	M0931	idf	70	0.3800	1.0000	0.3714	1.0000	493
mut_I0_star	M0931	coverage	70	0.3800	1.0000	0.7571	1.0000	493
mut_I0_star	M0118	idf	106	0.2600	1.0000	0.8113	1.0000	418
mut_I0_star	M0118	coverage	106	0.2600	0.0000	0.0000	1.0000	418
mut_I0_star	M0752	idf	8	0.1400	1.0000	1.0000	1.0000	498
mut_I0_star	M0752	coverage	8	0.1400	1.0000	0.8750	1.0000	498
mut_I0_star	M0428	idf	10	0.7600	1.0000	1.0000	1.0000	469
mut_I0_star	M0428	coverage	10	0.7600	1.0000	0.6000	1.0000	469
mut_I0_star	M0771	idf	213	0.3400	1.0000	0.0469	1.0000	493
mut_I0_star	M0771	coverage	213	0.3400	1.0000	0.0423	1.0000	493
mut_I0_star	M0658	idf	12	0.3900	0.0000	0.0000	1.0000	476
mut_I0_star	M0658	coverage	12	0.3900	1.0000	0.9167	1.0000	476
mut_I0_star	M0311	idf	78	0.9000	1.0000	1.0000	1.0000	482
mut_I0_star	M0311	coverage	78	0.9000	0.0000	0.0000	1.0000	482
mut_I0_star	M0600	idf	78	0.4800	1.0000	0.3333	1.0000	453
mut_I0_star	M0600	coverage	78	0.4800	1.0000	0.1667	1.0000	453
mut_I0_star	M0565	idf	13	0.0800	0.0000	0.0000	1.0000	155
mut_I0_star	M0565	coverage	13	0.0800	1.0000	0.3846	1.0000	155
mut_I0_star	M0085	idf	11	0.4300	1.0000	0.9091	1.0000	478
mut_I0_star	M0085	coverage	11	0.4300	1.0000	0.5455	1.0000	478
mut_I0_star	M0488	idf	6	0.8200	1.0000	1.0000	1.0000	453
mut_I0_star	M0488	coverage	6	0.8200	1.0000	0.3333	1.0000	453
mut_I0_star	M0076	idf	97	0.2400	1.0000	0.7423	1.0000	498
mut_I0_star	M0076	coverage	97	0.2400	1.0000	0.8247	1.0000	498
mut_I0_star	M0175	idf	826	0.3100	0.0000	0.0000	1.0000	500
mut_I0_star	M0175	coverage	826	0.3100	1.0000	0.6029	1.0000	500
mut_I0_star	M0107	idf	7	0.7700	1.0000	0.7143	1.0000	480
mut_I0_star	M0107	coverage	7	0.7700	1.0000	0.7143	1.0000	480
mut_I0_star	M0201	idf	38	0.4000	0.0000	0.0000	1.0000	488
mut_I0_star	M0201	coverage	38	0.4000	0.0000	0.0000	1.0000	488
mut_I0_star	M0383	idf	124	1.2200	0.0000	0.0000	1.0000	479
mut_I0_star	M0383	coverage	124	1.2200	1.0000	0.6613	1.0000	479
mut_I0_star	M0111	idf	10	1.3300	1.0000	0.4000	1.0000	455
mut_I0_star	M0111	coverage	10	1.3300	0.0000	0.0000	1.0000	455
mut_I0_star	M0634	idf	9	0.5400	1.0000	1.0000	1.0000	468
mut_I0_star	M0634	coverage	9	0.5400	1.0000	1.0000	1.0000	468
mut_I0_star	M0609	idf	81	0.4000	1.0000	0.1111	1.0000	499
mut_I0_star	M0609	coverage	81	0.4000	1.0000	0.0494	1.0000	499
mut_I0_star	M0228	idf	119	0.4100	1.0000	0.1008	1.0000	396
mut_I0_star	M0228	coverage	119	0.4100	0.0000	0.0000	1.0000	396
mut_I0_star	M0636	idf	16	0.4100	1.0000	0.6250	1.0000	490
mut_I0_star	M0636	coverage	16	0.4100	1.0000	0.3750	1.0000	490
mut_I0_star	M0908	idf	78	0.2800	0.0000	0.0000	1.0000	491
mut_I0_star	M0908	coverage	78	0.2800	1.0000	0.0128	1.0000	491
mut_I0_star	M0564	idf	357	0.4100	0.0000	0.0000	1.0000	495
mut_I0_star	M0564	coverage	357	0.4100	0.0000	0.0000	1.0000	495
mut_I0_star	M0616	idf	5	0.3900	1.0000	1.0000	1.0000	494
mut_I0_star	M0616	coverage	5	0.3900	1.0000	0.8000	1.0000	494
mut_I0_star	M0453	idf	61	0.7900	1.0000	0.6393	1.0000	489
mut_I0_star	M0453	coverage	61	0.7900	1.0000	0.0656	1.0000	489
mut_I0_star	M0510	idf	62	0.4200	1.0000	0.9032	1.0000	490
mut_I0_star	M0510	coverage	62	0.4200	1.0000	0.6129	1.0000	490
mut_I0_star	M0216	idf	1150	0.5400	1.0000	0.4339	1.0000	499
mut_I0_star	M0216	coverage	1150	0.5400	1.0000	0.4339	1.0000	499
mut_I0_star	M0448	idf	7	0.2000	0.0000	0.0000	0.0000	494
mut_I0_star	M0448	coverage	7	0.2000	0.0000	0.0000	0.0000	494
mut_I0_star	M0732	idf	18	0.4400	0.0000	0.0000	1.0000	486
mut_I0_star	M0732	coverage	18	0.4400	1.0000	0.0556	1.0000	486
mut_I0_star	M0734	idf	5	0.2900	1.0000	0.2000	1.0000	499
mut_I0_star	M0734	coverage	5	0.2900	0.0000	0.0000	1.0000	499
mut_I0_star	M0456	idf	17	0.2200	0.0000	0.0000	1.0000	489
mut_I0_star	M0456	coverage	17	0.2200	1.0000	0.1765	1.0000	489
mut_I0_star	M0278	idf	74	0.1900	1.0000	0.9054	1.0000	491
mut_I0_star	M0278	coverage	74	0.1900	1.0000	0.9459	1.0000	491
mut_I0_star	M0682	idf	290	0.3100	0.0000	0.0000	1.0000	497
mut_I0_star	M0682	coverage	290	0.3100	1.0000	0.4138	1.0000	497
mut_I0_star	M0381	idf	68	0.1900	1.0000	0.4118	1.0000	491
mut_I0_star	M0381	coverage	68	0.1900	1.0000	0.6324	1.0000	491
mut_I0_star	M0759	idf	73	0.7200	0.0000	0.0000	1.0000	378
mut_I0_star	M0759	coverage	73	0.7200	0.0000	0.0000	1.0000	378
mut_I0_star	M0916	idf	1	0.4200	1.0000	1.0000	1.0000	490
mut_I0_star	M0916	coverage	1	0.4200	1.0000	1.0000	1.0000	490
mut_I0_star	M0122	idf	21	0.6300	1.0000	0.6667	1.0000	448
mut_I0_star	M0122	coverage	21	0.6300	0.0000	0.0000	1.0000	448
mut_I0_star	M0435	idf	17	2.9800	1.0000	0.0588	1.0000	441
mut_I0_star	M0435	coverage	17	2.9800	0.0000	0.0000	1.0000	441
mut_I0_star	M0519	idf	16	0.8900	1.0000	1.0000	1.0000	435
mut_I0_star	M0519	coverage	16	0.8900	0.0000	0.0000	1.0000	435
mut_I0_star	M0506	idf	113	0.3500	1.0000	0.4248	1.0000	458
mut_I0_star	M0506	coverage	113	0.3500	0.0000	0.0000	1.0000	458
mut_I0_star	M0357	idf	5	0.3700	1.0000	0.2000	1.0000	446
mut_I0_star	M0357	coverage	5	0.3700	1.0000	0.6000	1.0000	446
mut_I0_star	M0414	idf	82	0.3900	1.0000	0.7561	1.0000	498
mut_I0_star	M0414	coverage	82	0.3900	0.0000	0.0000	1.0000	498
mut_I0_star	M0096	idf	23	0.4500	0.0000	0.0000	1.0000	485
mut_I0_star	M0096	coverage	23	0.4500	1.0000	0.0435	1.0000	485
mut_I0_star	M0885	idf	15	0.9000	1.0000	0.3333	1.0000	472
mut_I0_star	M0885	coverage	15	0.9000	1.0000	0.1333	1.0000	472
mut_I0_star	M0738	idf	15	0.4600	1.0000	1.0000	1.0000	448
mut_I0_star	M0738	coverage	15	0.4600	1.0000	0.6000	1.0000	448
mut_I0_star	M0545	idf	19	0.5600	1.0000	0.1053	1.0000	472
mut_I0_star	M0545	coverage	19	0.5600	1.0000	0.6316	1.0000	472
mut_I0_star	M0815	idf	238	0.2100	1.0000	0.3487	1.0000	494
mut_I0_star	M0815	coverage	238	0.2100	1.0000	0.0042	1.0000	494
mut_I0_star	M0077	idf	101	0.7100	1.0000	0.3465	1.0000	482
mut_I0_star	M0077	coverage	101	0.7100	1.0000	0.4356	1.0000	482
mut_I0_star	M0851	idf	22	0.2500	0.0000	0.0000	1.0000	497
mut_I0_star	M0851	coverage	22	0.2500	1.0000	0.0909	1.0000	497
mut_I0_star	M0862	idf	17	0.3100	1.0000	0.5294	1.0000	353
mut_I0_star	M0862	coverage	17	0.3100	0.0000	0.0000	1.0000	353
mut_I0_star	M0736	idf	3	0.4600	0.0000	0.0000	1.0000	486
mut_I0_star	M0736	coverage	3	0.4600	0.0000	0.0000	1.0000	486
mut_I0_star	M0819	idf	25	0.3000	1.0000	0.0400	1.0000	487
mut_I0_star	M0819	coverage	25	0.3000	1.0000	0.7200	1.0000	487
mut_I0_star	M0822	idf	2	0.4100	1.0000	1.0000	1.0000	484
mut_I0_star	M0822	coverage	2	0.4100	1.0000	1.0000	1.0000	484
mut_I0_star	M0136	idf	9	0.5900	1.0000	0.8889	1.0000	428
mut_I0_star	M0136	coverage	9	0.5900	1.0000	0.6667	1.0000	428
mut_I0_star	M0054	idf	44	0.1700	1.0000	0.6818	1.0000	330
mut_I0_star	M0054	coverage	44	0.1700	1.0000	0.7500	1.0000	330
mut_I0_star	M0612	idf	82	0.5600	1.0000	0.5854	1.0000	492
mut_I0_star	M0612	coverage	82	0.5600	1.0000	0.7927	1.0000	492
mut_I0_star	M0010	idf	13	0.4300	1.0000	1.0000	1.0000	498
mut_I0_star	M0010	coverage	13	0.4300	1.0000	0.9231	1.0000	498
mut_I0_star	M0709	idf	289	0.4100	1.0000	0.0311	1.0000	492
mut_I0_star	M0709	coverage	289	0.4100	1.0000	0.0346	1.0000	492
mut_I0_star	M0940	idf	104	0.8500	0.0000	0.0000	1.0000	494
mut_I0_star	M0940	coverage	104	0.8500	0.0000	0.0000	1.0000	494
mut_I0_star	M0172	idf	12	0.8400	1.0000	0.0833	1.0000	439
mut_I0_star	M0172	coverage	12	0.8400	1.0000	0.5833	1.0000	439
mut_I0_star	M0693	idf	362	0.3500	0.0000	0.0000	1.0000	497
mut_I0_star	M0693	coverage	362	0.3500	1.0000	0.0028	1.0000	497
mut_I0_star	M0159	idf	148	0.8900	1.0000	0.8514	1.0000	470
mut_I0_star	M0159	coverage	148	0.8900	1.0000	0.1081	1.0000	470
mut_I0_star	M0835	idf	9	0.4700	0.0000	0.0000	1.0000	488
mut_I0_star	M0835	coverage	9	0.4700	1.0000	0.1111	1.0000	488
mut_I0_star	M0810	idf	37	0.4800	1.0000	0.9189	1.0000	495
mut_I0_star	M0810	coverage	37	0.4800	1.0000	0.3784	1.0000	495
mut_I0_star	M0434	idf	12	0.8100	1.0000	1.0000	1.0000	484
mut_I0_star	M0434	coverage	12	0.8100	0.0000	0.0000	1.0000	484
mut_I0_star	M0653	idf	23	0.6000	1.0000	0.0435	1.0000	447
mut_I0_star	M0653	coverage	23	0.6000	1.0000	0.0435	1.0000	447
mut_I0_star	M0205	idf	259	0.9200	1.0000	0.9382	1.0000	472
mut_I0_star	M0205	coverage	259	0.9200	1.0000	0.9112	1.0000	472
mut_I0_star	M0939	idf	13	0.1100	1.0000	0.4615	1.0000	348
mut_I0_star	M0939	coverage	13	0.1100	1.0000	0.4615	1.0000	348
mut_I0_star	M0918	idf	65	0.9300	1.0000	0.0462	1.0000	447
mut_I0_star	M0918	coverage	65	0.9300	1.0000	0.5231	1.0000	447
mut_I0_star	M0858	idf	351	0.4200	1.0000	0.7749	1.0000	486
mut_I0_star	M0858	coverage	351	0.4200	1.0000	0.9031	1.0000	486
mut_I0_star	M0420	idf	17	0.2100	1.0000	0.1765	1.0000	494
mut_I0_star	M0420	coverage	17	0.2100	1.0000	0.2353	1.0000	494
mut_I0_star	M0879	idf	15	0.3300	0.0000	0.0000	1.0000	352
mut_I0_star	M0879	coverage	15	0.3300	0.0000	0.0000	1.0000	352
mut_I0_star	M0371	idf	122	0.4200	1.0000	0.2459	1.0000	402
mut_I0_star	M0371	coverage	122	0.4200	0.0000	0.0000	1.0000	402
mut_I0_star	M0020	idf	115	0.8500	0.0000	0.0000	1.0000	465
mut_I0_star	M0020	coverage	115	0.8500	1.0000	0.0087	1.0000	465
mut_I0_star	M0855	idf	38	0.4200	1.0000	0.4737	1.0000	495
mut_I0_star	M0855	coverage	38	0.4200	1.0000	0.1316	1.0000	495
mut_I0_star	M0957	idf	186	0.7000	0.0000	0.0000	1.0000	492
mut_I0_star	M0957	coverage	186	0.7000	0.0000	0.0000	1.0000	492
mut_I0_star	M0505	idf	27	0.4300	1.0000	0.1111	1.0000	491
mut_I0_star	M0505	coverage	27	0.4300	1.0000	0.0741	1.0000	491
mut_I0_star	M0477	idf	70	0.3500	1.0000	0.6000	1.0000	489
mut_I0_star	M0477	coverage	70	0.3500	1.0000	0.6286	1.0000	489
mut_I0_star	M0829	idf	6	0.5500	1.0000	0.6667	1.0000	485
mut_I0_star	M0829	coverage	6	0.5500	0.0000	0.0000	1.0000	485
mut_I0_star	M0884	idf	19	0.4500	1.0000	0.0526	1.0000	490
mut_I0_star	M0884	coverage	19	0.4500	1.0000	0.6316	1.0000	490
mut_I0_star	M0384	idf	67	0.3400	1.0000	0.1045	1.0000	478
mut_I0_star	M0384	coverage	67	0.3400	0.0000	0.0000	1.0000	478
mut_I0_star	M0065	idf	53	0.5400	1.0000	0.4717	1.0000	480
mut_I0_star	M0065	coverage	53	0.5400	1.0000	0.2264	1.0000	480
mut_I0_star	M0123	idf	2	1.1200	1.0000	1.0000	1.0000	434
mut_I0_star	M0123	coverage	2	1.1200	0.0000	0.0000	1.0000	434
mut_I0_star	M0580	idf	9	0.3500	1.0000	0.3333	1.0000	496
mut_I0_star	M0580	coverage	9	0.3500	1.0000	0.5556	1.0000	496
mut_I0_star	M0033	idf	14	0.4500	1.0000	0.6429	1.0000	495
mut_I0_star	M0033	coverage	14	0.4500	1.0000	0.0714	1.0000	495
mut_I0_star	M0281	idf	1	0.9800	1.0000	1.0000	1.0000	461
mut_I0_star	M0281	coverage	1	0.9800	1.0000	1.0000	1.0000	461
mut_I0_star	M0544	idf	12	0.4000	1.0000	0.4167	1.0000	493
mut_I0_star	M0544	coverage	12	0.4000	1.0000	0.0833	1.0000	493
mut_I0_star	M0212	idf	83	1.7700	1.0000	0.5422	1.0000	468
mut_I0_star	M0212	coverage	83	1.7700	1.0000	0.5904	1.0000	468
mut_I0_star	M0426	idf	18	0.3700	1.0000	0.9444	1.0000	488
mut_I0_star	M0426	coverage	18	0.3700	1.0000	0.2222	1.0000	488
mut_I0_star	M0905	idf	198	0.2300	0.0000	0.0000	1.0000	450
mut_I0_star	M0905	coverage	198	0.2300	1.0000	0.0051	1.0000	450
mut_I0_star	M0843	idf	14	0.1800	1.0000	0.3571	1.0000	397
mut_I0_star	M0843	coverage	14	0.1800	1.0000	0.7143	1.0000	397
mut_I0_star	M0263	idf	24	0.4200	1.0000	0.1250	1.0000	394
mut_I0_star	M0263	coverage	24	0.4200	1.0000	0.5000	1.0000	394
mut_I0_star	M0697	idf	155	0.4200	0.0000	0.0000	1.0000	494
mut_I0_star	M0697	coverage	155	0.4200	1.0000	0.5871	1.0000	494
mut_I0_star	M0260	idf	21	0.4600	1.0000	1.0000	1.0000	491
mut_I0_star	M0260	coverage	21	0.4600	1.0000	0.2857	1.0000	491
mut_I0_star	M0379	idf	41	0.8700	1.0000	1.0000	1.0000	460
mut_I0_star	M0379	coverage	41	0.8700	1.0000	0.0732	1.0000	460
mut_I0_star	M0377	idf	189	0.7400	1.0000	0.0317	1.0000	490
mut_I0_star	M0377	coverage	189	0.7400	0.0000	0.0000	1.0000	490
mut_I0_star	M0547	idf	4	0.2200	1.0000	0.7500	1.0000	495
mut_I0_star	M0547	coverage	4	0.2200	1.0000	0.7500	1.0000	495
mut_I0_star	M0508	idf	6	0.5800	1.0000	1.0000	1.0000	486
mut_I0_star	M0508	coverage	6	0.5800	1.0000	0.1667	1.0000	486
mut_I0_star	M0401	idf	392	0.4700	0.0000	0.0000	1.0000	477
mut_I0_star	M0401	coverage	392	0.4700	0.0000	0.0000	1.0000	477
mut_I0_star	M0755	idf	11	0.2500	1.0000	0.8182	1.0000	489
mut_I0_star	M0755	coverage	11	0.2500	1.0000	0.0909	1.0000	489
mut_I0_star	M0458	idf	25	0.2300	1.0000	0.1600	1.0000	475
mut_I0_star	M0458	coverage	25	0.2300	1.0000	0.8400	1.0000	475
mut_I0_star	M0314	idf	45	1.7500	1.0000	0.1333	1.0000	470
mut_I0_star	M0314	coverage	45	1.7500	0.0000	0.0000	1.0000	470
mut_I0_star	M0210	idf	220	0.4400	1.0000	0.0227	1.0000	440
mut_I0_star	M0210	coverage	220	0.4400	1.0000	0.0045	1.0000	440
mut_I0_star	M0154	idf	62	0.3300	1.0000	0.1935	1.0000	488
mut_I0_star	M0154	coverage	62	0.3300	1.0000	0.8387	1.0000	488
mut_I0_star	M0502	idf	20	0.9200	1.0000	0.2000	1.0000	434
mut_I0_star	M0502	coverage	20	0.9200	0.0000	0.0000	1.0000	434
mut_I0_star	M0031	idf	290	0.5500	1.0000	0.6241	1.0000	420
mut_I0_star	M0031	coverage	290	0.5500	1.0000	0.6000	1.0000	420
mut_I0_star	M0178	idf	273	0.6000	0.0000	0.0000	1.0000	491
mut_I0_star	M0178	coverage	273	0.6000	0.0000	0.0000	1.0000	491
mut_I0_star	M0019	idf	21	0.6600	1.0000	0.9524	1.0000	470
mut_I0_star	M0019	coverage	21	0.6600	1.0000	1.0000	1.0000	470
mut_I0_star	M0125	idf	19	0.8700	1.0000	0.8947	1.0000	463
mut_I0_star	M0125	coverage	19	0.8700	1.0000	0.6842	1.0000	463
mut_I0_star	M0181	idf	8	0.8200	1.0000	0.6250	1.0000	470
mut_I0_star	M0181	coverage	8	0.8200	1.0000	0.2500	1.0000	470
mut_I0_star	M0466	idf	6	0.9200	1.0000	0.5000	1.0000	469
mut_I0_star	M0466	coverage	6	0.9200	0.0000	0.0000	1.0000	469
mut_I0_star	M0058	idf	37	0.3700	1.0000	0.0270	1.0000	492
mut_I0_star	M0058	coverage	37	0.3700	1.0000	0.0270	1.0000	492
mut_I0_star	M0683	idf	27	0.6800	1.0000	0.9630	1.0000	479
mut_I0_star	M0683	coverage	27	0.6800	1.0000	0.1111	1.0000	479
mut_I0_star	M0925	idf	22	0.3200	1.0000	0.0455	1.0000	493
mut_I0_star	M0925	coverage	22	0.3200	1.0000	0.0909	1.0000	493
mut_I0_star	M0081	idf	9	0.4300	1.0000	0.5556	1.0000	497
mut_I0_star	M0081	coverage	9	0.4300	1.0000	0.1111	1.0000	497
mut_I0_star	M0090	idf	60	1.2300	1.0000	0.9833	1.0000	448
mut_I0_star	M0090	coverage	60	1.2300	1.0000	0.0833	1.0000	448
mut_I0_star	M0429	idf	47	0.4500	1.0000	0.9362	1.0000	486
mut_I0_star	M0429	coverage	47	0.4500	1.0000	0.8085	1.0000	486
mut_I0_star	M0447	idf	2	0.4700	1.0000	0.5000	1.0000	489
mut_I0_star	M0447	coverage	2	0.4700	0.0000	0.0000	1.0000	489
mut_I0_star	M0768	idf	19	0.6000	1.0000	0.8421	1.0000	488
mut_I0_star	M0768	coverage	19	0.6000	1.0000	0.3684	1.0000	488
mut_I0_star	M0261	idf	19	0.4500	1.0000	0.3158	1.0000	382
mut_I0_star	M0261	coverage	19	0.4500	1.0000	0.3684	1.0000	382
mut_I0_star	M0234	idf	8	0.6000	1.0000	0.5000	1.0000	487
mut_I0_star	M0234	coverage	8	0.6000	1.0000	0.2500	1.0000	487
mut_I0_star	M0958	idf	236	0.6800	0.0000	0.0000	1.0000	492
mut_I0_star	M0958	coverage	236	0.6800	0.0000	0.0000	1.0000	492
mut_I0_star	M0387	idf	2048	0.5500	1.0000	0.0210	1.0000	499
mut_I0_star	M0387	coverage	2048	0.5500	1.0000	0.0005	1.0000	499
mut_I0_star	M0520	idf	440	0.4600	1.0000	0.0114	1.0000	496
mut_I0_star	M0520	coverage	440	0.4600	0.0000	0.0000	1.0000	496
mut_I0_star	M0910	idf	7	0.3900	1.0000	1.0000	1.0000	493
mut_I0_star	M0910	coverage	7	0.3900	1.0000	0.8571	1.0000	493
mut_I0_star	M0398	idf	36	0.8200	1.0000	1.0000	1.0000	475
mut_I0_star	M0398	coverage	36	0.8200	1.0000	0.6389	1.0000	475
mut_I0_star	M0040	idf	52	0.4200	1.0000	0.0577	1.0000	478
mut_I0_star	M0040	coverage	52	0.4200	0.0000	0.0000	1.0000	478
mut_I0_star	M0808	idf	3	0.4200	1.0000	1.0000	1.0000	483
mut_I0_star	M0808	coverage	3	0.4200	1.0000	1.0000	1.0000	483
mut_I0_star	M0781	idf	6	0.3600	1.0000	0.8333	1.0000	495
mut_I0_star	M0781	coverage	6	0.3600	0.0000	0.0000	1.0000	495
mut_I0_star	M0410	idf	30	0.8700	1.0000	0.2000	1.0000	455
mut_I0_star	M0410	coverage	30	0.8700	0.0000	0.0000	1.0000	455
mut_I0_star	M0250	idf	14	0.3900	1.0000	1.0000	1.0000	497
mut_I0_star	M0250	coverage	14	0.3900	1.0000	0.0714	1.0000	497
mut_I0_star	M0748	idf	19	0.0600	1.0000	0.8947	1.0000	137
mut_I0_star	M0748	coverage	19	0.0600	1.0000	1.0000	1.0000	137
mut_I0_star	M0515	idf	20	0.7700	1.0000	0.4500	1.0000	487
mut_I0_star	M0515	coverage	20	0.7700	1.0000	0.3500	1.0000	487
mut_I0_star	M0920	idf	21	0.5800	0.0000	0.0000	1.0000	490
mut_I0_star	M0920	coverage	21	0.5800	0.0000	0.0000	1.0000	490
mut_I0_star	M0655	idf	6	0.1600	1.0000	0.1667	1.0000	286
mut_I0_star	M0655	coverage	6	0.1600	1.0000	0.1667	1.0000	286
mut_I0_star	M0227	idf	38	0.4600	1.0000	0.2105	1.0000	479
mut_I0_star	M0227	coverage	38	0.4600	1.0000	0.0526	1.0000	479
mut_I0_star	M0272	idf	35	0.8400	1.0000	0.2286	1.0000	458
mut_I0_star	M0272	coverage	35	0.8400	0.0000	0.0000	1.0000	458
mut_I0_star	M0093	idf	10	0.4600	0.0000	0.0000	1.0000	488
mut_I0_star	M0093	coverage	10	0.4600	0.0000	0.0000	1.0000	488
mut_I0_star	M0625	idf	5	0.3800	0.0000	0.0000	1.0000	473
mut_I0_star	M0625	coverage	5	0.3800	0.0000	0.0000	1.0000	473
mut_I0_star	M0321	idf	19	0.4100	1.0000	0.4737	1.0000	497
mut_I0_star	M0321	coverage	19	0.4100	1.0000	0.2105	1.0000	497
mut_I0_star	M0048	idf	98	0.5700	1.0000	0.5102	1.0000	473
mut_I0_star	M0048	coverage	98	0.5700	1.0000	0.0408	1.0000	473
mut_I0_star	M0043	idf	20	0.7200	1.0000	1.0000	1.0000	450
mut_I0_star	M0043	coverage	20	0.7200	1.0000	0.6500	1.0000	450
mut_I0_star	M0900	idf	441	0.2800	0.0000	0.0000	1.0000	497
mut_I0_star	M0900	coverage	441	0.2800	0.0000	0.0000	1.0000	497
mut_I0_star	M0857	idf	12	0.6900	1.0000	0.7500	1.0000	472
mut_I0_star	M0857	coverage	12	0.6900	1.0000	0.1667	1.0000	472
mut_I0_star	M0964	idf	68	0.3800	1.0000	0.1324	1.0000	462
mut_I0_star	M0964	coverage	68	0.3800	0.0000	0.0000	1.0000	462
mut_I0_star	M0131	idf	36	0.6700	1.0000	1.0000	1.0000	489
mut_I0_star	M0131	coverage	36	0.6700	1.0000	0.8611	1.0000	489
mut_I0_star	M0754	idf	9	0.2100	1.0000	0.3333	1.0000	488
mut_I0_star	M0754	coverage	9	0.2100	1.0000	0.3333	1.0000	488
mut_I0_star	M0313	idf	17	0.2300	1.0000	0.5294	1.0000	487
mut_I0_star	M0313	coverage	17	0.2300	1.0000	0.7647	1.0000	487
mut_I0_star	M0092	idf	41	0.5400	1.0000	0.9268	1.0000	464
mut_I0_star	M0092	coverage	41	0.5400	0.0000	0.0000	1.0000	464
mut_I0_star	M0108	idf	3	0.5500	0.0000	0.0000	1.0000	492
mut_I0_star	M0108	coverage	3	0.5500	0.0000	0.0000	1.0000	492
mut_I0_star	M0139	idf	76	0.6000	0.0000	0.0000	1.0000	479
mut_I0_star	M0139	coverage	76	0.6000	1.0000	0.0395	1.0000	479
mut_I0_star	M0235	idf	17	0.2200	1.0000	0.0588	1.0000	498
mut_I0_star	M0235	coverage	17	0.2200	1.0000	0.2353	1.0000	498
mut_I0_star	M0444	idf	83	0.4100	1.0000	0.7470	1.0000	492
mut_I0_star	M0444	coverage	83	0.4100	1.0000	0.7470	1.0000	492
mut_I0_star	M0623	idf	16	0.4400	1.0000	1.0000	1.0000	491
mut_I0_star	M0623	coverage	16	0.4400	1.0000	0.9375	1.0000	491
mut_I0_star	M0919	idf	18	0.3600	1.0000	0.5000	1.0000	426
mut_I0_star	M0919	coverage	18	0.3600	1.0000	0.5556	1.0000	426
mut_I0_star	M0369	idf	82	0.4300	1.0000	0.2683	1.0000	468
mut_I0_star	M0369	coverage	82	0.4300	1.0000	0.0854	1.0000	468
mut_I0_star	M0253	idf	212	0.8200	1.0000	0.9009	1.0000	386
mut_I0_star	M0253	coverage	212	0.8200	1.0000	0.0519	1.0000	386
mut_I0_star	M0254	idf	17	2.0300	1.0000	1.0000	1.0000	388
mut_I0_star	M0254	coverage	17	2.0300	1.0000	0.7647	1.0000	388
mut_I0_star	M0301	idf	51	0.4700	1.0000	0.0588	1.0000	483
mut_I0_star	M0301	coverage	51	0.4700	0.0000	0.0000	1.0000	483
mut_I0_star	M0674	idf	31	0.4100	1.0000	0.0968	1.0000	435
mut_I0_star	M0674	coverage	31	0.4100	1.0000	0.0968	1.0000	435
mut_I0_star	M0100	idf	360	0.6100	1.0000	0.2306	1.0000	486
mut_I0_star	M0100	coverage	360	0.6100	1.0000	0.2750	1.0000	486
mut_I0_star	M0231	idf	13	0.4500	1.0000	0.9231	1.0000	483
mut_I0_star	M0231	coverage	13	0.4500	1.0000	0.2308	1.0000	483
mut_I0_star	M0816	idf	238	0.2200	0.0000	0.0000	1.0000	468
mut_I0_star	M0816	coverage	238	0.2200	1.0000	0.0168	1.0000	468
mut_I0_star	M0472	idf	94	0.8400	1.0000	0.9681	1.0000	482
mut_I0_star	M0472	coverage	94	0.8400	1.0000	0.9043	1.0000	482
mut_I0_star	M0962	idf	134	0.7900	1.0000	0.0224	1.0000	478
mut_I0_star	M0962	coverage	134	0.7900	0.0000	0.0000	1.0000	478
mut_I0_star	M0795	idf	79	0.4400	1.0000	0.3038	1.0000	477
mut_I0_star	M0795	coverage	79	0.4400	0.0000	0.0000	1.0000	477
mut_I0_star	M0727	idf	22	0.5600	1.0000	0.5455	1.0000	462
mut_I0_star	M0727	coverage	22	0.5600	1.0000	0.1818	1.0000	462
mut_I0_star	M0497	idf	15	0.8100	1.0000	0.9333	1.0000	467
mut_I0_star	M0497	coverage	15	0.8100	0.0000	0.0000	1.0000	467
mut_I0_star	M0338	idf	23	0.3600	1.0000	0.5652	1.0000	467
mut_I0_star	M0338	coverage	23	0.3600	1.0000	0.0435	1.0000	467
mut_I0_star	M0947	idf	43	0.3200	1.0000	0.6047	1.0000	376
mut_I0_star	M0947	coverage	43	0.3200	1.0000	0.4884	1.0000	376
mut_I0_star	M0163	idf	47	0.3700	1.0000	0.8723	1.0000	482
mut_I0_star	M0163	coverage	47	0.3700	0.0000	0.0000	1.0000	482
mut_I0_star	M0959	idf	155	0.7900	0.0000	0.0000	1.0000	491
mut_I0_star	M0959	coverage	155	0.7900	0.0000	0.0000	1.0000	491
mut_I0_star	M0433	idf	210	0.2300	1.0000	0.0143	1.0000	493
mut_I0_star	M0433	coverage	210	0.2300	1.0000	0.0048	1.0000	493
mut_I0_star	M0416	idf	4	0.8300	1.0000	1.0000	1.0000	495
mut_I0_star	M0416	coverage	4	0.8300	1.0000	1.0000	1.0000	495
mut_I0_star	M0850	idf	31	0.3200	0.0000	0.0000	1.0000	474
mut_I0_star	M0850	coverage	31	0.3200	1.0000	0.4839	1.0000	474
mut_I0_star	M0454	idf	14	0.4300	1.0000	1.0000	1.0000	469
mut_I0_star	M0454	coverage	14	0.4300	1.0000	0.8571	1.0000	469
mut_I0_star	M0351	idf	24	0.4200	1.0000	0.0417	1.0000	480
mut_I0_star	M0351	coverage	24	0.4200	1.0000	0.5833	1.0000	480
mut_I0_star	M0425	idf	2084	0.3700	0.0000	0.0000	1.0000	473
mut_I0_star	M0425	coverage	2084	0.3700	1.0000	0.0005	1.0000	473
mut_I0_star	M0067	idf	39	0.4700	1.0000	0.2564	1.0000	473
mut_I0_star	M0067	coverage	39	0.4700	1.0000	0.0513	1.0000	473
mut_I0_star	M0550	idf	20	0.3600	0.0000	0.0000	1.0000	398
mut_I0_star	M0550	coverage	20	0.3600	1.0000	0.2000	1.0000	398
mut_I0_star	M0792	idf	10	0.2400	0.0000	0.0000	1.0000	495
mut_I0_star	M0792	coverage	10	0.2400	0.0000	0.0000	1.0000	495
mut_I0_star	M0961	idf	144	0.7500	0.0000	0.0000	1.0000	491
mut_I0_star	M0961	coverage	144	0.7500	1.0000	0.0208	1.0000	491
mut_I0_star	M0109	idf	207	0.6200	1.0000	0.5362	1.0000	481
mut_I0_star	M0109	coverage	207	0.6200	1.0000	0.0725	1.0000	481
mut_I0_star	M0257	idf	222	0.6600	1.0000	0.9910	1.0000	494
mut_I0_star	M0257	coverage	222	0.6600	0.0000	0.0000	1.0000	494
mut_I0_star	M0789	idf	51	0.2600	1.0000	0.6078	1.0000	492
mut_I0_star	M0789	coverage	51	0.2600	1.0000	0.2745	1.0000	492
mut_I0_star	M0363	idf	64	0.2800	1.0000	0.0938	1.0000	479
mut_I0_star	M0363	coverage	64	0.2800	1.0000	0.1562	1.0000	479
mut_I0_star	M0391	idf	14	0.3300	0.0000	0.0000	1.0000	497
mut_I0_star	M0391	coverage	14	0.3300	1.0000	0.8571	1.0000	497
mut_I0_star	M0826	idf	21	0.2400	1.0000	0.7143	1.0000	495
mut_I0_star	M0826	coverage	21	0.2400	1.0000	0.6190	1.0000	495
mut_I0_star	M0952	idf	5	0.2100	1.0000	0.8000	1.0000	464
mut_I0_star	M0952	coverage	5	0.2100	1.0000	0.6000	1.0000	464
mut_I0_star	M0117	idf	100	0.3800	0.0000	0.0000	1.0000	496
mut_I0_star	M0117	coverage	100	0.3800	1.0000	0.0100	1.0000	496
mut_I0_star	M0854	idf	122	0.6300	1.0000	0.1393	1.0000	492
mut_I0_star	M0854	coverage	122	0.6300	1.0000	0.0656	1.0000	492
mut_I0_star	M0881	idf	155	0.6300	1.0000	0.9871	1.0000	467
mut_I0_star	M0881	coverage	155	0.6300	1.0000	0.7355	1.0000	467
mut_I0_star	M0874	idf	1	0.3200	0.0000	0.0000	1.0000	491
mut_I0_star	M0874	coverage	1	0.3200	1.0000	1.0000	1.0000	491
mut_I0_star	M0597	idf	27	0.2800	1.0000	0.3704	1.0000	495
mut_I0_star	M0597	coverage	27	0.2800	1.0000	0.4074	1.0000	495
mut_I0_star	M0070	idf	159	0.3600	1.0000	0.0440	1.0000	495
mut_I0_star	M0070	coverage	159	0.3600	1.0000	0.0440	1.0000	495
mut_I0_star	M0423	idf	94	0.4400	1.0000	0.0213	1.0000	473
mut_I0_star	M0423	coverage	94	0.4400	1.0000	0.1383	1.0000	473
mut_I0_star	M0266	idf	35	0.7500	1.0000	0.8286	1.0000	488
mut_I0_star	M0266	coverage	35	0.7500	1.0000	0.3429	1.0000	488
mut_I0_star	M0262	idf	19	0.5600	1.0000	1.0000	1.0000	443
mut_I0_star	M0262	coverage	19	0.5600	1.0000	0.6316	1.0000	443
mut_I0_star	M0806	idf	3	0.2200	0.0000	0.0000	1.0000	498
mut_I0_star	M0806	coverage	3	0.2200	1.0000	0.3333	1.0000	498
mut_I0_star	M0937	idf	31	0.3800	0.0000	0.0000	1.0000	472
mut_I0_star	M0937	coverage	31	0.3800	1.0000	0.7742	1.0000	472
mut_I0_star	M0066	idf	57	0.4200	1.0000	0.2456	1.0000	494
mut_I0_star	M0066	coverage	57	0.4200	1.0000	0.1930	1.0000	494
mut_I0_star	M0462	idf	48	0.4300	1.0000	0.9375	1.0000	497
mut_I0_star	M0462	coverage	48	0.4300	1.0000	0.4375	1.0000	497
mut_I0_star	M0380	idf	21	0.6200	1.0000	0.4762	1.0000	480
mut_I0_star	M0380	coverage	21	0.6200	1.0000	0.5238	1.0000	480
mut_I0_star	M0403	idf	16	0.4400	1.0000	0.6875	1.0000	486
mut_I0_star	M0403	coverage	16	0.4400	1.0000	0.3125	1.0000	486
mut_I0_star	M0141	idf	25	1.7200	1.0000	0.1600	1.0000	455
mut_I0_star	M0141	coverage	25	1.7200	0.0000	0.0000	1.0000	455
mut_I0_star	M0237	idf	555	0.4100	1.0000	0.0234	1.0000	458
mut_I0_star	M0237	coverage	555	0.4100	1.0000	0.1550	1.0000	458
mut_I0_star	M0642	idf	24	0.3800	1.0000	0.2917	1.0000	498
mut_I0_star	M0642	coverage	24	0.3800	1.0000	0.2917	1.0000	498
mut_I0_star	M0142	idf	13	0.4400	1.0000	0.2308	1.0000	485
mut_I0_star	M0142	coverage	13	0.4400	1.0000	0.3077	1.0000	485
mut_I0_star	M0798	idf	2073	0.4200	0.0000	0.0000	1.0000	497
mut_I0_star	M0798	coverage	2073	0.4200	0.0000	0.0000	1.0000	497
mut_I0_star	M0574	idf	111	0.8700	1.0000	0.4234	1.0000	483
mut_I0_star	M0574	coverage	111	0.8700	0.0000	0.0000	1.0000	483
mut_I0_star	M0663	idf	96	0.3800	1.0000	0.1562	1.0000	449
mut_I0_star	M0663	coverage	96	0.3800	1.0000	0.1354	1.0000	449
mut_I0_star	M0348	idf	165	0.8300	0.0000	0.0000	1.0000	493
mut_I0_star	M0348	coverage	165	0.8300	0.0000	0.0000	1.0000	493
mut_I0_star	M0353	idf	11	0.1900	1.0000	0.0909	1.0000	414
mut_I0_star	M0353	coverage	11	0.1900	1.0000	0.7273	1.0000	414
mut_I0_star	M0028	idf	19	0.4300	1.0000	1.0000	1.0000	459
mut_I0_star	M0028	coverage	19	0.4300	1.0000	1.0000	1.0000	459
mut_I0_star	M0308	idf	172	0.8900	1.0000	1.0000	1.0000	467
mut_I0_star	M0308	coverage	172	0.8900	0.0000	0.0000	1.0000	467
mut_I0_star	M0860	idf	6	0.4600	1.0000	0.1667	1.0000	488
mut_I0_star	M0860	coverage	6	0.4600	1.0000	0.3333	1.0000	488
mut_I0_star	M0188	idf	117	0.3000	0.0000	0.0000	1.0000	448
mut_I0_star	M0188	coverage	117	0.3000	1.0000	0.0342	1.0000	448
mut_I0_star	M0003	idf	94	0.2800	1.0000	0.1489	1.0000	483
mut_I0_star	M0003	coverage	94	0.2800	1.0000	0.1915	1.0000	483
mut_I0_star	M0906	idf	265	0.2300	0.0000	0.0000	1.0000	486
mut_I0_star	M0906	coverage	265	0.2300	1.0000	0.1925	1.0000	486
mut_I0_star	M0590	idf	19	0.4500	1.0000	0.1053	1.0000	485
mut_I0_star	M0590	coverage	19	0.4500	1.0000	0.1053	1.0000	485
mut_I0_star	M0293	idf	60	0.3700	1.0000	0.4000	1.0000	473
mut_I0_star	M0293	coverage	60	0.3700	1.0000	0.4500	1.0000	473
mut_I0_star	M0651	idf	56	0.2500	0.0000	0.0000	1.0000	492
mut_I0_star	M0651	coverage	56	0.2500	1.0000	0.1250	1.0000	492
mut_I0_star	M0297	idf	17	0.1500	1.0000	0.0588	1.0000	498
mut_I0_star	M0297	coverage	17	0.1500	0.0000	0.0000	1.0000	498
mut_I0_star	M0194	idf	63	0.8600	1.0000	0.9524	1.0000	476
mut_I0_star	M0194	coverage	63	0.8600	1.0000	0.0794	1.0000	476
mut_I0_star	M0589	idf	26	0.3600	1.0000	0.1154	1.0000	482
mut_I0_star	M0589	coverage	26	0.3600	1.0000	0.0385	1.0000	482
mut_I0_star	M0669	idf	10	0.3800	1.0000	0.4000	1.0000	490
mut_I0_star	M0669	coverage	10	0.3800	0.0000	0.0000	1.0000	490
mut_I0_star	M0742	idf	2	0.4000	1.0000	1.0000	1.0000	493
mut_I0_star	M0742	coverage	2	0.4000	0.0000	0.0000	1.0000	493
mut_I0_star	M0298	idf	164	0.4200	0.0000	0.0000	0.0000	498
mut_I0_star	M0298	coverage	164	0.4200	0.0000	0.0000	0.0000	498
mut_I0_star	M0440	idf	43	0.5500	1.0000	0.8140	1.0000	454
mut_I0_star	M0440	coverage	43	0.5500	1.0000	0.1860	1.0000	454
mut_I0_star	M0386	idf	4	0.8900	1.0000	1.0000	1.0000	479
mut_I0_star	M0386	coverage	4	0.8900	1.0000	0.7500	1.0000	479
mut_I0_star	M0087	idf	50	0.9300	1.0000	1.0000	1.0000	475
mut_I0_star	M0087	coverage	50	0.9300	1.0000	0.1600	1.0000	475
mut_I1	M0346	idf	37	0.8700	0.0000	0.0000	1.0000	371
mut_I1	M0346	coverage	37	0.8700	0.0000	0.0000	1.0000	371
mut_I1	M0376	idf	41	1.2300	1.0000	0.6829	1.0000	386
mut_I1	M0376	coverage	41	1.2300	0.0000	0.0000	1.0000	386
mut_I1	M0431	idf	3	0.9300	1.0000	0.6667	1.0000	407
mut_I1	M0431	coverage	3	0.9300	0.0000	0.0000	1.0000	407
mut_I1	M0243	idf	11	1.0800	1.0000	1.0000	1.0000	408
mut_I1	M0243	coverage	11	1.0800	0.0000	0.0000	1.0000	408
mut_I1	M0294	idf	108	1.2300	1.0000	0.0093	1.0000	445
mut_I1	M0294	coverage	108	1.2300	0.0000	0.0000	1.0000	445
mut_I1	M0895	idf	121	0.2500	0.0000	0.0000	1.0000	235
mut_I1	M0895	coverage	121	0.2500	0.0000	0.0000	1.0000	235
mut_I1	M0104	idf	4	1.2900	1.0000	1.0000	1.0000	315
mut_I1	M0104	coverage	4	1.2900	0.0000	0.0000	1.0000	315
mut_I1	M0869	idf	5	0.4900	0.0000	0.0000	1.0000	451
mut_I1	M0869	coverage	5	0.4900	1.0000	0.2000	1.0000	451
mut_I1	M0075	idf	2	1.1200	0.0000	0.0000	1.0000	294
mut_I1	M0075	coverage	2	1.1200	0.0000	0.0000	1.0000	294
mut_I1	M0134	idf	55	0.6700	0.0000	0.0000	1.0000	413
mut_I1	M0134	coverage	55	0.6700	0.0000	0.0000	1.0000	413
mut_I1	M0206	idf	75	1.0500	1.0000	0.6667	1.0000	375
mut_I1	M0206	coverage	75	1.0500	0.0000	0.0000	1.0000	375
mut_I1	M0044	idf	67	1.5100	1.0000	0.9701	1.0000	344
mut_I1	M0044	coverage	67	1.5100	1.0000	0.0299	1.0000	344
mut_I1	M0484	idf	100	1.4800	1.0000	1.0000	1.0000	368
mut_I1	M0484	coverage	100	1.4800	1.0000	0.8700	1.0000	368
mut_I1	M0334	idf	22	0.8100	1.0000	0.3636	1.0000	269
mut_I1	M0334	coverage	22	0.8100	1.0000	0.2727	1.0000	269
mut_I1	M0412	idf	5	0.7200	1.0000	0.4000	1.0000	378
mut_I1	M0412	coverage	5	0.7200	0.0000	0.0000	1.0000	378
mut_I1	M0931	idf	70	0.6100	0.0000	0.0000	1.0000	363
mut_I1	M0931	coverage	70	0.6100	1.0000	0.6714	1.0000	363
mut_I1	M0118	idf	106	0.4400	0.0000	0.0000	1.0000	446
mut_I1	M0118	coverage	106	0.4400	0.0000	0.0000	1.0000	446
mut_I1	M0752	idf	8	0.2000	1.0000	0.5000	1.0000	422
mut_I1	M0752	coverage	8	0.2000	1.0000	0.3750	1.0000	422
mut_I1	M0428	idf	10	1.2600	1.0000	1.0000	1.0000	350
mut_I1	M0428	coverage	10	1.2600	0.0000	0.0000	1.0000	350
mut_I1	M0771	idf	213	0.5600	1.0000	0.0376	1.0000	303
mut_I1	M0771	coverage	213	0.5600	1.0000	0.0047	1.0000	303
mut_I1	M0658	idf	12	0.7200	0.0000	0.0000	1.0000	289
mut_I1	M0658	coverage	12	0.7200	1.0000	0.0833	1.0000	289
mut_I1	M0311	idf	78	1.4400	1.0000	1.0000	1.0000	466
mut_I1	M0311	coverage	78	1.4400	0.0000	0.0000	1.0000	466
mut_I1	M0600	idf	78	0.7400	1.0000	0.2179	1.0000	365
mut_I1	M0600	coverage	78	0.7400	1.0000	0.0641	1.0000	365
mut_I1	M0565	idf	13	0.1300	0.0000	0.0000	0.0000	113
mut_I1	M0565	coverage	13	0.1300	0.0000	0.0000	0.0000	113
mut_I1	M0085	idf	11	0.6600	1.0000	0.7273	1.0000	421
mut_I1	M0085	coverage	11	0.6600	0.0000	0.0000	1.0000	421
mut_I1	M0488	idf	6	1.1000	1.0000	1.0000	1.0000	395
mut_I1	M0488	coverage	6	1.1000	0.0000	0.0000	1.0000	395
mut_I1	M0076	idf	97	0.3900	0.0000	0.0000	1.0000	426
mut_I1	M0076	coverage	97	0.3900	0.0000	0.0000	1.0000	426
mut_I1	M0175	idf	826	0.3800	0.0000	0.0000	1.0000	498
mut_I1	M0175	coverage	826	0.3800	1.0000	0.5726	1.0000	498
mut_I1	M0107	idf	7	1.0700	1.0000	0.1429	1.0000	416
mut_I1	M0107	coverage	7	1.0700	0.0000	0.0000	1.0000	416
mut_I1	M0201	idf	38	0.6900	0.0000	0.0000	1.0000	380
mut_I1	M0201	coverage	38	0.6900	0.0000	0.0000	1.0000	380
mut_I1	M0383	idf	124	2.0400	0.0000	0.0000	1.0000	352
mut_I1	M0383	coverage	124	2.0400	1.0000	0.1371	1.0000	352
mut_I1	M0111	idf	10	1.6000	1.0000	0.4000	1.0000	381
mut_I1	M0111	coverage	10	1.6000	0.0000	0.0000	1.0000	381
mut_I1	M0634	idf	9	0.7800	1.0000	0.6667	1.0000	295
mut_I1	M0634	coverage	9	0.7800	1.0000	1.0000	1.0000	295
mut_I1	M0609	idf	81	0.6200	0.0000	0.0000	1.0000	476
mut_I1	M0609	coverage	81	0.6200	0.0000	0.0000	1.0000	476
mut_I1	M0228	idf	119	0.7500	1.0000	0.1092	1.0000	388
mut_I1	M0228	coverage	119	0.7500	0.0000	0.0000	1.0000	388
mut_I1	M0636	idf	16	0.6300	1.0000	0.6250	1.0000	480
mut_I1	M0636	coverage	16	0.6300	0.0000	0.0000	1.0000	480
mut_I1	M0908	idf	78	0.3400	0.0000	0.0000	1.0000	423
mut_I1	M0908	coverage	78	0.3400	1.0000	0.0128	1.0000	423
mut_I1	M0564	idf	357	0.6400	0.0000	0.0000	1.0000	399
mut_I1	M0564	coverage	357	0.6400	0.0000	0.0000	1.0000	399
mut_I1	M0616	idf	5	0.5000	1.0000	1.0000	1.0000	406
mut_I1	M0616	coverage	5	0.5000	0.0000	0.0000	1.0000	406
mut_I1	M0453	idf	61	1.5100	1.0000	0.3607	1.0000	423
mut_I1	M0453	coverage	61	1.5100	0.0000	0.0000	1.0000	423
mut_I1	M0510	idf	62	0.5600	1.0000	0.9032	1.0000	290
mut_I1	M0510	coverage	62	0.5600	0.0000	0.0000	1.0000	290
mut_I1	M0216	idf	1150	0.5800	1.0000	0.4339	1.0000	499
mut_I1	M0216	coverage	1150	0.5800	1.0000	0.4339	1.0000	499
mut_I1	M0448	idf	7	0.3200	0.0000	0.0000	0.0000	425
mut_I1	M0448	coverage	7	0.3200	0.0000	0.0000	0.0000	425
mut_I1	M0732	idf	18	0.5100	0.0000	0.0000	1.0000	191
mut_I1	M0732	coverage	18	0.5100	0.0000	0.0000	1.0000	191
mut_I1	M0734	idf	5	0.4900	0.0000	0.0000	1.0000	374
mut_I1	M0734	coverage	5	0.4900	0.0000	0.0000	1.0000	374
mut_I1	M0456	idf	17	0.3700	0.0000	0.0000	1.0000	410
mut_I1	M0456	coverage	17	0.3700	0.0000	0.0000	1.0000	410
mut_I1	M0278	idf	74	0.1800	1.0000	0.8784	1.0000	208
mut_I1	M0278	coverage	74	0.1800	0.0000	0.0000	1.0000	208
mut_I1	M0682	idf	290	0.4400	0.0000	0.0000	1.0000	454
mut_I1	M0682	coverage	290	0.4400	1.0000	0.3862	1.0000	454
mut_I1	M0381	idf	68	0.3200	0.0000	0.0000	1.0000	347
mut_I1	M0381	coverage	68	0.3200	0.0000	0.0000	1.0000	347
mut_I1	M0759	idf	73	1.1300	0.0000	0.0000	1.0000	341
mut_I1	M0759	coverage	73	1.1300	0.0000	0.0000	1.0000	341
mut_I1	M0916	idf	1	0.7500	1.0000	1.0000	1.0000	292
mut_I1	M0916	coverage	1	0.7500	1.0000	1.0000	1.0000	292
mut_I1	M0122	idf	21	0.9200	1.0000	0.3810	1.0000	407
mut_I1	M0122	coverage	21	0.9200	0.0000	0.0000	1.0000	407
mut_I1	M0435	idf	17	4.2800	1.0000	0.2353	1.0000	441
mut_I1	M0435	coverage	17	4.2800	0.0000	0.0000	1.0000	441
mut_I1	M0519	idf	16	1.4200	1.0000	1.0000	1.0000	384
mut_I1	M0519	coverage	16	1.4200	0.0000	0.0000	1.0000	384
mut_I1	M0506	idf	113	0.4300	1.0000	0.0088	1.0000	410
mut_I1	M0506	coverage	113	0.4300	0.0000	0.0000	1.0000	410
mut_I1	M0357	idf	5	0.6400	0.0000	0.0000	1.0000	252
mut_I1	M0357	coverage	5	0.6400	0.0000	0.0000	1.0000	252
mut_I1	M0414	idf	82	0.6000	1.0000	0.4390	1.0000	428
mut_I1	M0414	coverage	82	0.6000	0.0000	0.0000	1.0000	428
mut_I1	M0096	idf	23	0.6400	0.0000	0.0000	1.0000	368
mut_I1	M0096	coverage	23	0.6400	0.0000	0.0000	1.0000	368
mut_I1	M0885	idf	15	1.4100	1.0000	0.5333	1.0000	352
mut_I1	M0885	coverage	15	1.4100	0.0000	0.0000	1.0000	352
mut_I1	M0738	idf	15	0.5800	1.0000	1.0000	1.0000	354
mut_I1	M0738	coverage	15	0.5800	1.0000	0.2667	1.0000	354
mut_I1	M0545	idf	19	0.6900	0.0000	0.0000	1.0000	391
mut_I1	M0545	coverage	19	0.6900	0.0000	0.0000	1.0000	391
mut_I1	M0815	idf	238	0.3800	1.0000	0.3361	1.0000	396
mut_I1	M0815	coverage	238	0.3800	1.0000	0.0336	1.0000	396
mut_I1	M0077	idf	101	0.9900	1.0000	0.0297	1.0000	362
mut_I1	M0077	coverage	101	0.9900	1.0000	0.4059	1.0000	362
mut_I1	M0851	idf	22	0.3700	0.0000	0.0000	0.0000	255
mut_I1	M0851	coverage	22	0.3700	0.0000	0.0000	0.0000	255
mut_I1	M0862	idf	17	0.6700	0.0000	0.0000	1.0000	225
mut_I1	M0862	coverage	17	0.6700	0.0000	0.0000	1.0000	225
mut_I1	M0736	idf	3	0.6800	1.0000	1.0000	1.0000	364
mut_I1	M0736	coverage	3	0.6800	0.0000	0.0000	1.0000	364
mut_I1	M0819	idf	25	0.3400	0.0000	0.0000	1.0000	390
mut_I1	M0819	coverage	25	0.3400	1.0000	0.4800	1.0000	390
mut_I1	M0822	idf	2	0.4700	1.0000	0.5000	1.0000	360
mut_I1	M0822	coverage	2	0.4700	1.0000	0.5000	1.0000	360
mut_I1	M0136	idf	9	0.9400	1.0000	0.8889	1.0000	393
mut_I1	M0136	coverage	9	0.9400	0.0000	0.0000	1.0000	393
mut_I1	M0054	idf	44	0.3300	0.0000	0.0000	1.0000	265
mut_I1	M0054	coverage	44	0.3300	0.0000	0.0000	1.0000	265
mut_I1	M0612	idf	82	0.7100	0.0000	0.0000	1.0000	365
mut_I1	M0612	coverage	82	0.7100	1.0000	0.0122	1.0000	365
mut_I1	M0010	idf	13	0.6100	1.0000	1.0000	1.0000	282
mut_I1	M0010	coverage	13	0.6100	1.0000	0.9231	1.0000	282
mut_I1	M0709	idf	289	0.5900	1.0000	0.0277	1.0000	390
mut_I1	M0709	coverage	289	0.5900	1.0000	0.0277	1.0000	390
mut_I1	M0940	idf	104	1.1700	0.0000	0.0000	1.0000	485
mut_I1	M0940	coverage	104	1.1700	0.0000	0.0000	1.0000	485
mut_I1	M0172	idf	12	0.8900	0.0000	0.0000	1.0000	431
mut_I1	M0172	coverage	12	0.8900	1.0000	0.5000	1.0000	431
mut_I1	M0693	idf	362	0.4600	0.0000	0.0000	1.0000	386
mut_I1	M0693	coverage	362	0.4600	0.0000	0.0000	1.0000	386
mut_I1	M0159	idf	148	1.1500	1.0000	0.9054	1.0000	402
mut_I1	M0159	coverage	148	1.1500	1.0000	0.1081	1.0000	402
mut_I1	M0835	idf	9	0.7200	0.0000	0.0000	1.0000	316
mut_I1	M0835	coverage	9	0.7200	0.0000	0.0000	1.0000	316
mut_I1	M0810	idf	37	0.8900	1.0000	0.2432	1.0000	377
mut_I1	M0810	coverage	37	0.8900	1.0000	0.0270	1.0000	377
mut_I1	M0434	idf	12	1.0500	1.0000	1.0000	1.0000	351
mut_I1	M0434	coverage	12	1.0500	0.0000	0.0000	1.0000	351
mut_I1	M0653	idf	23	0.8300	1.0000	0.0435	1.0000	446
mut_I1	M0653	coverage	23	0.8300	0.0000	0.0000	1.0000	446
mut_I1	M0205	idf	259	1.1000	1.0000	0.9112	1.0000	446
mut_I1	M0205	coverage	259	1.1000	0.0000	0.0000	1.0000	446
mut_I1	M0939	idf	13	0.1900	1.0000	0.4615	1.0000	254
mut_I1	M0939	coverage	13	0.1900	1.0000	0.4615	1.0000	254
mut_I1	M0918	idf	65	1.4200	0.0000	0.0000	1.0000	405
mut_I1	M0918	coverage	65	1.4200	1.0000	0.0769	1.0000	405
mut_I1	M0858	idf	351	0.7900	0.0000	0.0000	1.0000	432
mut_I1	M0858	coverage	351	0.7900	1.0000	0.8490	1.0000	432
mut_I1	M0420	idf	17	0.5800	0.0000	0.0000	1.0000	408
mut_I1	M0420	coverage	17	0.5800	0.0000	0.0000	1.0000	408
mut_I1	M0879	idf	15	0.4600	0.0000	0.0000	0.0000	225
mut_I1	M0879	coverage	15	0.4600	0.0000	0.0000	0.0000	225
mut_I1	M0371	idf	122	0.5300	0.0000	0.0000	1.0000	417
mut_I1	M0371	coverage	122	0.5300	0.0000	0.0000	1.0000	417
mut_I1	M0020	idf	115	1.3000	0.0000	0.0000	1.0000	430
mut_I1	M0020	coverage	115	1.3000	0.0000	0.0000	1.0000	430
mut_I1	M0855	idf	38	0.6000	1.0000	0.1842	1.0000	311
mut_I1	M0855	coverage	38	0.6000	1.0000	0.1579	1.0000	311
mut_I1	M0957	idf	186	0.8500	0.0000	0.0000	1.0000	485
mut_I1	M0957	coverage	186	0.8500	0.0000	0.0000	1.0000	485
mut_I1	M0505	idf	27	0.5200	1.0000	0.1111	1.0000	410
mut_I1	M0505	coverage	27	0.5200	1.0000	0.0741	1.0000	410
mut_I1	M0477	idf	70	0.4000	1.0000	0.3143	1.0000	444
mut_I1	M0477	coverage	70	0.4000	1.0000	0.0429	1.0000	444
mut_I1	M0829	idf	6	0.6300	0.0000	0.0000	1.0000	318
mut_I1	M0829	coverage	6	0.6300	0.0000	0.0000	1.0000	318
mut_I1	M0884	idf	19	0.6200	1.0000	0.1053	1.0000	346
mut_I1	M0884	coverage	19	0.6200	0.0000	0.0000	1.0000	346
mut_I1	M0384	idf	67	0.6100	1.0000	0.1045	1.0000	322
mut_I1	M0384	coverage	67	0.6100	0.0000	0.0000	1.0000	322
mut_I1	M0065	idf	53	0.9300	1.0000	0.3585	1.0000	364
mut_I1	M0065	coverage	53	0.9300	1.0000	0.2264	1.0000	364
mut_I1	M0123	idf	2	2.0800	1.0000	1.0000	1.0000	393
mut_I1	M0123	coverage	2	2.0800	0.0000	0.0000	1.0000	393
mut_I1	M0580	idf	9	0.5700	0.0000	0.0000	1.0000	407
mut_I1	M0580	coverage	9	0.5700	0.0000	0.0000	1.0000	407
mut_I1	M0033	idf	14	0.8700	1.0000	0.3571	1.0000	358
mut_I1	M0033	coverage	14	0.8700	0.0000	0.0000	1.0000	358
mut_I1	M0281	idf	1	1.2700	1.0000	1.0000	1.0000	365
mut_I1	M0281	coverage	1	1.2700	0.0000	0.0000	1.0000	365
mut_I1	M0544	idf	12	0.7800	1.0000	0.0833	1.0000	354
mut_I1	M0544	coverage	12	0.7800	1.0000	0.0833	1.0000	354
mut_I1	M0212	idf	83	2.9500	0.0000	0.0000	1.0000	430
mut_I1	M0212	coverage	83	2.9500	0.0000	0.0000	1.0000	430
mut_I1	M0426	idf	18	0.6700	1.0000	0.8333	1.0000	341
mut_I1	M0426	coverage	18	0.6700	1.0000	0.0556	1.0000	341
mut_I1	M0905	idf	198	0.3600	0.0000	0.0000	1.0000	236
mut_I1	M0905	coverage	198	0.3600	0.0000	0.0000	1.0000	236
mut_I1	M0843	idf	14	0.2900	0.0000	0.0000	1.0000	218
mut_I1	M0843	coverage	14	0.2900	0.0000	0.0000	1.0000	218
mut_I1	M0263	idf	24	0.5900	0.0000	0.0000	1.0000	412
mut_I1	M0263	coverage	24	0.5900	1.0000	0.5000	1.0000	412
mut_I1	M0697	idf	155	0.7800	0.0000	0.0000	1.0000	333
mut_I1	M0697	coverage	155	0.7800	1.0000	0.0323	1.0000	333
mut_I1	M0260	idf	21	0.6800	1.0000	0.7619	1.0000	336
mut_I1	M0260	coverage	21	0.6800	0.0000	0.0000	1.0000	336
mut_I1	M0379	idf	41	1.6000	1.0000	1.0000	1.0000	377
mut_I1	M0379	coverage	41	1.6000	1.0000	0.4390	1.0000	377
mut_I1	M0377	idf	189	1.2800	0.0000	0.0000	1.0000	492
mut_I1	M0377	coverage	189	1.2800	0.0000	0.0000	1.0000	492
mut_I1	M0547	idf	4	0.3200	1.0000	0.7500	1.0000	352
mut_I1	M0547	coverage	4	0.3200	0.0000	0.0000	1.0000	352
mut_I1	M0508	idf	6	0.8100	1.0000	1.0000	1.0000	377
mut_I1	M0508	coverage	6	0.8100	1.0000	0.1667	1.0000	377
mut_I1	M0401	idf	392	0.9700	0.0000	0.0000	1.0000	422
mut_I1	M0401	coverage	392	0.9700	0.0000	0.0000	1.0000	422
mut_I1	M0755	idf	11	0.5000	1.0000	0.9091	1.0000	357
mut_I1	M0755	coverage	11	0.5000	0.0000	0.0000	1.0000	357
mut_I1	M0458	idf	25	0.4200	0.0000	0.0000	1.0000	440
mut_I1	M0458	coverage	25	0.4200	0.0000	0.0000	1.0000	440
mut_I1	M0314	idf	45	2.0100	1.0000	0.0444	1.0000	361
mut_I1	M0314	coverage	45	2.0100	0.0000	0.0000	1.0000	361
mut_I1	M0210	idf	220	0.8800	1.0000	0.0227	1.0000	416
mut_I1	M0210	coverage	220	0.8800	1.0000	0.0045	1.0000	416
mut_I1	M0154	idf	62	0.4400	0.0000	0.0000	1.0000	405
mut_I1	M0154	coverage	62	0.4400	0.0000	0.0000	1.0000	405
mut_I1	M0502	idf	20	1.2000	1.0000	0.2000	1.0000	437
mut_I1	M0502	coverage	20	1.2000	0.0000	0.0000	1.0000	437
mut_I1	M0031	idf	290	0.9400	1.0000	0.5345	1.0000	443
mut_I1	M0031	coverage	290	0.9400	1.0000	0.0069	1.0000	443
mut_I1	M0178	idf	273	0.8200	1.0000	0.0110	1.0000	354
mut_I1	M0178	coverage	273	0.8200	0.0000	0.0000	1.0000	354
mut_I1	M0019	idf	21	1.0100	1.0000	0.6190	1.0000	370
mut_I1	M0019	coverage	21	1.0100	0.0000	0.0000	1.0000	370
mut_I1	M0125	idf	19	1.2600	1.0000	0.8947	1.0000	336
mut_I1	M0125	coverage	19	1.2600	1.0000	0.5789	1.0000	336
mut_I1	M0181	idf	8	0.9500	1.0000	0.6250	1.0000	395
mut_I1	M0181	coverage	8	0.9500	0.0000	0.0000	1.0000	395
mut_I1	M0466	idf	6	1.1500	1.0000	0.5000	1.0000	431
mut_I1	M0466	coverage	6	1.1500	0.0000	0.0000	1.0000	431
mut_I1	M0058	idf	37	0.5900	0.0000	0.0000	1.0000	345
mut_I1	M0058	coverage	37	0.5900	0.0000	0.0000	1.0000	345
mut_I1	M0683	idf	27	0.6600	1.0000	0.8889	1.0000	406
mut_I1	M0683	coverage	27	0.6600	1.0000	0.0370	1.0000	406
mut_I1	M0925	idf	22	0.5400	0.0000	0.0000	1.0000	413
mut_I1	M0925	coverage	22	0.5400	0.0000	0.0000	1.0000	413
mut_I1	M0081	idf	9	0.7900	1.0000	0.5556	1.0000	280
mut_I1	M0081	coverage	9	0.7900	0.0000	0.0000	1.0000	280
mut_I1	M0090	idf	60	1.6700	1.0000	0.9667	1.0000	363
mut_I1	M0090	coverage	60	1.6700	0.0000	0.0000	1.0000	363
mut_I1	M0429	idf	47	0.5700	0.0000	0.0000	1.0000	305
mut_I1	M0429	coverage	47	0.5700	0.0000	0.0000	1.0000	305
mut_I1	M0447	idf	2	0.8600	1.0000	0.5000	1.0000	360
mut_I1	M0447	coverage	2	0.8600	0.0000	0.0000	1.0000	360
mut_I1	M0768	idf	19	0.7200	1.0000	0.7368	1.0000	360
mut_I1	M0768	coverage	19	0.7200	1.0000	0.5263	1.0000	360
mut_I1	M0261	idf	19	0.7700	1.0000	0.0526	1.0000	365
mut_I1	M0261	coverage	19	0.7700	0.0000	0.0000	1.0000	365
mut_I1	M0234	idf	8	0.8600	1.0000	0.6250	1.0000	302
mut_I1	M0234	coverage	8	0.8600	0.0000	0.0000	1.0000	302
mut_I1	M0958	idf	236	1.1600	0.0000	0.0000	1.0000	489
mut_I1	M0958	coverage	236	1.1600	0.0000	0.0000	1.0000	489
mut_I1	M0387	idf	2048	0.9100	1.0000	0.0254	1.0000	483
mut_I1	M0387	coverage	2048	0.9100	0.0000	0.0000	1.0000	483
mut_I1	M0520	idf	440	0.6600	0.0000	0.0000	1.0000	489
mut_I1	M0520	coverage	440	0.6600	1.0000	0.0023	1.0000	489
mut_I1	M0910	idf	7	0.5600	1.0000	0.8571	1.0000	327
mut_I1	M0910	coverage	7	0.5600	0.0000	0.0000	1.0000	327
mut_I1	M0398	idf	36	1.0700	1.0000	1.0000	1.0000	288
mut_I1	M0398	coverage	36	1.0700	0.0000	0.0000	1.0000	288
mut_I1	M0040	idf	52	0.7100	0.0000	0.0000	1.0000	374
mut_I1	M0040	coverage	52	0.7100	0.0000	0.0000	1.0000	374
mut_I1	M0808	idf	3	0.6600	1.0000	0.3333	1.0000	409
mut_I1	M0808	coverage	3	0.6600	1.0000	0.6667	1.0000	409
mut_I1	M0781	idf	6	0.5700	1.0000	0.6667	1.0000	354
mut_I1	M0781	coverage	6	0.5700	0.0000	0.0000	1.0000	354
mut_I1	M0410	idf	30	1.1100	1.0000	0.1000	1.0000	335
mut_I1	M0410	coverage	30	1.1100	0.0000	0.0000	1.0000	335
mut_I1	M0250	idf	14	0.4600	1.0000	0.7857	1.0000	386
mut_I1	M0250	coverage	14	0.4600	0.0000	0.0000	1.0000	386
mut_I1	M0748	idf	19	0.2100	0.0000	0.0000	1.0000	103
mut_I1	M0748	coverage	19	0.2100	0.0000	0.0000	1.0000	103
mut_I1	M0515	idf	20	0.9800	1.0000	0.1000	1.0000	400
mut_I1	M0515	coverage	20	0.9800	0.0000	0.0000	1.0000	400
mut_I1	M0920	idf	21	0.9400	0.0000	0.0000	1.0000	361
mut_I1	M0920	coverage	21	0.9400	0.0000	0.0000	1.0000	361
mut_I1	M0655	idf	6	0.2600	0.0000	0.0000	1.0000	147
mut_I1	M0655	coverage	6	0.2600	1.0000	0.1667	1.0000	147
mut_I1	M0227	idf	38	0.7900	1.0000	0.2105	1.0000	376
mut_I1	M0227	coverage	38	0.7900	1.0000	0.0526	1.0000	376
mut_I1	M0272	idf	35	1.4700	1.0000	0.2286	1.0000	396
mut_I1	M0272	coverage	35	1.4700	0.0000	0.0000	1.0000	396
mut_I1	M0093	idf	10	0.7200	0.0000	0.0000	0.0000	337
mut_I1	M0093	coverage	10	0.7200	0.0000	0.0000	0.0000	337
mut_I1	M0625	idf	5	0.5200	0.0000	0.0000	1.0000	362
mut_I1	M0625	coverage	5	0.5200	0.0000	0.0000	1.0000	362
mut_I1	M0321	idf	19	0.5500	1.0000	0.3158	1.0000	339
mut_I1	M0321	coverage	19	0.5500	1.0000	0.1053	1.0000	339
mut_I1	M0048	idf	98	1.0700	1.0000	0.2857	1.0000	297
mut_I1	M0048	coverage	98	1.0700	0.0000	0.0000	1.0000	297
mut_I1	M0043	idf	20	0.9800	1.0000	1.0000	1.0000	371
mut_I1	M0043	coverage	20	0.9800	0.0000	0.0000	1.0000	371
mut_I1	M0900	idf	441	0.5900	0.0000	0.0000	1.0000	495
mut_I1	M0900	coverage	441	0.5900	0.0000	0.0000	1.0000	495
mut_I1	M0857	idf	12	0.8900	1.0000	0.7500	1.0000	343
mut_I1	M0857	coverage	12	0.8900	0.0000	0.0000	1.0000	343
mut_I1	M0964	idf	68	0.5500	1.0000	0.1471	1.0000	419
mut_I1	M0964	coverage	68	0.5500	0.0000	0.0000	1.0000	419
mut_I1	M0131	idf	36	1.2500	1.0000	0.8056	1.0000	384
mut_I1	M0131	coverage	36	1.2500	1.0000	0.0278	1.0000	384
mut_I1	M0754	idf	9	0.3300	1.0000	0.3333	1.0000	250
mut_I1	M0754	coverage	9	0.3300	0.0000	0.0000	1.0000	250
mut_I1	M0313	idf	17	0.2900	0.0000	0.0000	1.0000	403
mut_I1	M0313	coverage	17	0.2900	0.0000	0.0000	1.0000	403
mut_I1	M0092	idf	41	0.8100	1.0000	0.9268	1.0000	395
mut_I1	M0092	coverage	41	0.8100	0.0000	0.0000	1.0000	395
mut_I1	M0108	idf	3	0.7200	1.0000	0.3333	1.0000	336
mut_I1	M0108	coverage	3	0.7200	0.0000	0.0000	1.0000	336
mut_I1	M0139	idf	76	0.8700	0.0000	0.0000	1.0000	327
mut_I1	M0139	coverage	76	0.8700	0.0000	0.0000	1.0000	327
mut_I1	M0235	idf	17	0.3300	0.0000	0.0000	0.0000	391
mut_I1	M0235	coverage	17	0.3300	0.0000	0.0000	0.0000	391
mut_I1	M0444	idf	83	0.6700	0.0000	0.0000	1.0000	409
mut_I1	M0444	coverage	83	0.6700	0.0000	0.0000	1.0000	409
mut_I1	M0623	idf	16	0.7900	1.0000	1.0000	1.0000	358
mut_I1	M0623	coverage	16	0.7900	0.0000	0.0000	1.0000	358
mut_I1	M0919	idf	18	0.5200	0.0000	0.0000	1.0000	257
mut_I1	M0919	coverage	18	0.5200	0.0000	0.0000	1.0000	257
mut_I1	M0369	idf	82	0.7000	1.0000	0.2683	1.0000	338
mut_I1	M0369	coverage	82	0.7000	1.0000	0.0854	1.0000	338
mut_I1	M0253	idf	212	1.4500	1.0000	0.8868	1.0000	420
mut_I1	M0253	coverage	212	1.4500	1.0000	0.0142	1.0000	420
mut_I1	M0254	idf	17	2.6900	1.0000	1.0000	1.0000	432
mut_I1	M0254	coverage	17	2.6900	0.0000	0.0000	1.0000	432
mut_I1	M0301	idf	51	1.0500	1.0000	0.0196	1.0000	409
mut_I1	M0301	coverage	51	1.0500	0.0000	0.0000	1.0000	409
mut_I1	M0674	idf	31	0.8200	0.0000	0.0000	1.0000	337
mut_I1	M0674	coverage	31	0.8200	0.0000	0.0000	1.0000	337
mut_I1	M0100	idf	360	1.0200	0.0000	0.0000	1.0000	378
mut_I1	M0100	coverage	360	1.0200	1.0000	0.0278	1.0000	378
mut_I1	M0231	idf	13	0.6200	1.0000	0.8462	1.0000	392
mut_I1	M0231	coverage	13	0.6200	0.0000	0.0000	1.0000	392
mut_I1	M0816	idf	238	0.4300	0.0000	0.0000	1.0000	378
mut_I1	M0816	coverage	238	0.4300	1.0000	0.0252	1.0000	378
mut_I1	M0472	idf	94	1.4000	1.0000	0.9787	1.0000	364
mut_I1	M0472	coverage	94	1.4000	0.0000	0.0000	1.0000	364
mut_I1	M0962	idf	134	1.2200	1.0000	0.0224	1.0000	450
mut_I1	M0962	coverage	134	1.2200	0.0000	0.0000	1.0000	450
mut_I1	M0795	idf	79	0.6000	1.0000	0.2532	1.0000	377
mut_I1	M0795	coverage	79	0.6000	0.0000	0.0000	1.0000	377
mut_I1	M0727	idf	22	0.6100	1.0000	0.6818	1.0000	316
mut_I1	M0727	coverage	22	0.6100	1.0000	0.1364	1.0000	316
mut_I1	M0497	idf	15	1.0700	1.0000	0.9333	1.0000	378
mut_I1	M0497	coverage	15	1.0700	0.0000	0.0000	1.0000	378
mut_I1	M0338	idf	23	0.3800	1.0000	0.6957	1.0000	411
mut_I1	M0338	coverage	23	0.3800	0.0000	0.0000	1.0000	411
mut_I1	M0947	idf	43	0.2900	1.0000	0.4884	1.0000	161
mut_I1	M0947	coverage	43	0.2900	1.0000	0.6977	1.0000	161
mut_I1	M0163	idf	47	0.4300	1.0000	0.3830	1.0000	392
mut_I1	M0163	coverage	47	0.4300	0.0000	0.0000	1.0000	392
mut_I1	M0959	idf	155	0.9400	0.0000	0.0000	1.0000	478
mut_I1	M0959	coverage	155	0.9400	0.0000	0.0000	1.0000	478
mut_I1	M0433	idf	210	0.3000	0.0000	0.0000	1.0000	256
mut_I1	M0433	coverage	210	0.3000	0.0000	0.0000	1.0000	256
mut_I1	M0416	idf	4	1.2300	1.0000	1.0000	1.0000	380
mut_I1	M0416	coverage	4	1.2300	0.0000	0.0000	1.0000	380
mut_I1	M0850	idf	31	0.5600	1.0000	0.0968	1.0000	400
mut_I1	M0850	coverage	31	0.5600	1.0000	0.0968	1.0000	400
mut_I1	M0454	idf	14	0.6000	1.0000	0.9286	1.0000	333
mut_I1	M0454	coverage	14	0.6000	1.0000	0.7143	1.0000	333
mut_I1	M0351	idf	24	0.6300	0.0000	0.0000	1.0000	340
mut_I1	M0351	coverage	24	0.6300	0.0000	0.0000	1.0000	340
mut_I1	M0425	idf	2084	0.4200	0.0000	0.0000	1.0000	365
mut_I1	M0425	coverage	2084	0.4200	0.0000	0.0000	1.0000	365
mut_I1	M0067	idf	39	0.6600	1.0000	0.0513	1.0000	340
mut_I1	M0067	coverage	39	0.6600	0.0000	0.0000	1.0000	340
mut_I1	M0550	idf	20	0.3200	0.0000	0.0000	1.0000	183
mut_I1	M0550	coverage	20	0.3200	0.0000	0.0000	1.0000	183
mut_I1	M0792	idf	10	0.4500	0.0000	0.0000	1.0000	369
mut_I1	M0792	coverage	10	0.4500	0.0000	0.0000	1.0000	369
mut_I1	M0961	idf	144	0.9900	0.0000	0.0000	1.0000	486
mut_I1	M0961	coverage	144	0.9900	0.0000	0.0000	1.0000	486
mut_I1	M0109	idf	207	0.8700	1.0000	0.5072	1.0000	367
mut_I1	M0109	coverage	207	0.8700	0.0000	0.0000	1.0000	367
mut_I1	M0257	idf	222	1.1600	1.0000	0.8198	1.0000	411
mut_I1	M0257	coverage	222	1.1600	0.0000	0.0000	1.0000	411
mut_I1	M0789	idf	51	0.3400	1.0000	0.0980	1.0000	292
mut_I1	M0789	coverage	51	0.3400	0.0000	0.0000	1.0000	292
mut_I1	M0363	idf	64	0.4100	0.0000	0.0000	1.0000	270
mut_I1	M0363	coverage	64	0.4100	0.0000	0.0000	1.0000	270
mut_I1	M0391	idf	14	0.4100	0.0000	0.0000	1.0000	393
mut_I1	M0391	coverage	14	0.4100	0.0000	0.0000	1.0000	393
mut_I1	M0826	idf	21	0.4700	0.0000	0.0000	1.0000	344
mut_I1	M0826	coverage	21	0.4700	0.0000	0.0000	1.0000	344
mut_I1	M0952	idf	5	0.2900	1.0000	0.8000	1.0000	372
mut_I1	M0952	coverage	5	0.2900	1.0000	0.6000	1.0000	372
mut_I1	M0117	idf	100	0.3700	0.0000	0.0000	1.0000	445
mut_I1	M0117	coverage	100	0.3700	0.0000	0.0000	1.0000	445
mut_I1	M0854	idf	122	0.7400	1.0000	0.1803	1.0000	362
mut_I1	M0854	coverage	122	0.7400	0.0000	0.0000	1.0000	362
mut_I1	M0881	idf	155	1.0000	1.0000	0.9806	1.0000	412
mut_I1	M0881	coverage	155	1.0000	1.0000	0.7355	1.0000	412
mut_I1	M0874	idf	1	0.3400	0.0000	0.0000	0.0000	229
mut_I1	M0874	coverage	1	0.3400	0.0000	0.0000	0.0000	229
mut_I1	M0597	idf	27	0.4000	1.0000	0.1111	1.0000	324
mut_I1	M0597	coverage	27	0.4000	0.0000	0.0000	1.0000	324
mut_I1	M0070	idf	159	0.6000	0.0000	0.0000	1.0000	357
mut_I1	M0070	coverage	159	0.6000	0.0000	0.0000	1.0000	357
mut_I1	M0423	idf	94	0.7400	0.0000	0.0000	1.0000	333
mut_I1	M0423	coverage	94	0.7400	0.0000	0.0000	1.0000	333
mut_I1	M0266	idf	35	1.1800	1.0000	0.8286	1.0000	336
mut_I1	M0266	coverage	35	1.1800	1.0000	0.3143	1.0000	336
mut_I1	M0262	idf	19	0.8200	1.0000	1.0000	1.0000	344
mut_I1	M0262	coverage	19	0.8200	1.0000	0.6316	1.0000	344
mut_I1	M0806	idf	3	0.3700	0.0000	0.0000	1.0000	421
mut_I1	M0806	coverage	3	0.3700	0.0000	0.0000	1.0000	421
mut_I1	M0937	idf	31	0.5400	0.0000	0.0000	1.0000	308
mut_I1	M0937	coverage	31	0.5400	0.0000	0.0000	1.0000	308
mut_I1	M0066	idf	57	0.6900	1.0000	0.0351	1.0000	351
mut_I1	M0066	coverage	57	0.6900	1.0000	0.0351	1.0000	351
mut_I1	M0462	idf	48	0.6700	1.0000	0.9167	1.0000	359
mut_I1	M0462	coverage	48	0.6700	0.0000	0.0000	1.0000	359
mut_I1	M0380	idf	21	0.8700	0.0000	0.0000	1.0000	360
mut_I1	M0380	coverage	21	0.8700	0.0000	0.0000	1.0000	360
mut_I1	M0403	idf	16	0.7100	1.0000	0.3750	1.0000	433
mut_I1	M0403	coverage	16	0.7100	0.0000	0.0000	1.0000	433
mut_I1	M0141	idf	25	2.2500	1.0000	0.1600	1.0000	356
mut_I1	M0141	coverage	25	2.2500	0.0000	0.0000	1.0000	356
mut_I1	M0237	idf	555	0.5500	0.0000	0.0000	1.0000	380
mut_I1	M0237	coverage	555	0.5500	0.0000	0.0000	1.0000	380
mut_I1	M0642	idf	24	0.2300	1.0000	0.2917	1.0000	95
mut_I1	M0642	coverage	24	0.2300	1.0000	0.2500	1.0000	95
mut_I1	M0142	idf	13	0.7300	1.0000	0.1538	1.0000	355
mut_I1	M0142	coverage	13	0.7300	0.0000	0.0000	1.0000	355
mut_I1	M0798	idf	2073	0.5300	0.0000	0.0000	1.0000	497
mut_I1	M0798	coverage	2073	0.5300	1.0000	0.0005	1.0000	497
mut_I1	M0574	idf	111	1.1400	1.0000	0.2883	1.0000	407
mut_I1	M0574	coverage	111	1.1400	0.0000	0.0000	1.0000	407
mut_I1	M0663	idf	96	0.5600	0.0000	0.0000	1.0000	346
mut_I1	M0663	coverage	96	0.5600	0.0000	0.0000	1.0000	346
mut_I1	M0348	idf	165	1.2600	0.0000	0.0000	1.0000	493
mut_I1	M0348	coverage	165	1.2600	0.0000	0.0000	1.0000	493
mut_I1	M0353	idf	11	0.2400	0.0000	0.0000	1.0000	293
mut_I1	M0353	coverage	11	0.2400	1.0000	0.6364	1.0000	293
mut_I1	M0028	idf	19	0.5600	1.0000	1.0000	1.0000	341
mut_I1	M0028	coverage	19	0.5600	0.0000	0.0000	1.0000	341
mut_I1	M0308	idf	172	1.1400	1.0000	1.0000	1.0000	372
mut_I1	M0308	coverage	172	1.1400	0.0000	0.0000	1.0000	372
mut_I1	M0860	idf	6	0.6200	0.0000	0.0000	1.0000	284
mut_I1	M0860	coverage	6	0.6200	0.0000	0.0000	1.0000	284
mut_I1	M0188	idf	117	0.4100	0.0000	0.0000	1.0000	409
mut_I1	M0188	coverage	117	0.4100	1.0000	0.0171	1.0000	409
mut_I1	M0003	idf	94	0.3900	0.0000	0.0000	1.0000	260
mut_I1	M0003	coverage	94	0.3900	0.0000	0.0000	1.0000	260
mut_I1	M0906	idf	265	0.2400	0.0000	0.0000	1.0000	415
mut_I1	M0906	coverage	265	0.2400	1.0000	0.0377	1.0000	415
mut_I1	M0590	idf	19	0.4700	1.0000	0.1053	1.0000	376
mut_I1	M0590	coverage	19	0.4700	0.0000	0.0000	1.0000	376
mut_I1	M0293	idf	60	0.4400	1.0000	0.2500	1.0000	373
mut_I1	M0293	coverage	60	0.4400	0.0000	0.0000	1.0000	373
mut_I1	M0651	idf	56	0.2500	0.0000	0.0000	1.0000	326
mut_I1	M0651	coverage	56	0.2500	0.0000	0.0000	1.0000	326
mut_I1	M0297	idf	17	0.1200	0.0000	0.0000	0.0000	202
mut_I1	M0297	coverage	17	0.1200	0.0000	0.0000	0.0000	202
mut_I1	M0194	idf	63	0.8400	1.0000	0.9206	1.0000	377
mut_I1	M0194	coverage	63	0.8400	1.0000	0.0952	1.0000	377
mut_I1	M0589	idf	26	0.3700	1.0000	0.1154	1.0000	383
mut_I1	M0589	coverage	26	0.3700	0.0000	0.0000	1.0000	383
mut_I1	M0669	idf	10	0.4100	1.0000	0.2000	1.0000	389
mut_I1	M0669	coverage	10	0.4100	0.0000	0.0000	1.0000	389
mut_I1	M0742	idf	2	0.4800	1.0000	1.0000	1.0000	300
mut_I1	M0742	coverage	2	0.4800	0.0000	0.0000	1.0000	300
mut_I1	M0298	idf	164	0.4400	0.0000	0.0000	0.0000	325
mut_I1	M0298	coverage	164	0.4400	0.0000	0.0000	0.0000	325
mut_I1	M0440	idf	43	0.5000	1.0000	0.3721	1.0000	357
mut_I1	M0440	coverage	43	0.5000	1.0000	0.0233	1.0000	357
mut_I1	M0386	idf	4	0.9500	1.0000	1.0000	1.0000	357
mut_I1	M0386	coverage	4	0.9500	0.0000	0.0000	1.0000	357
mut_I1	M0087	idf	50	0.9200	1.0000	1.0000	1.0000	432
mut_I1	M0087	coverage	50	0.9200	0.0000	0.0000	1.0000	432
mut_I2	M0346	idf	37	0.7700	0.0000	0.0000	1.0000	323
mut_I2	M0346	coverage	37	0.7700	0.0000	0.0000	1.0000	323
mut_I2	M0376	idf	41	1.0600	1.0000	0.8537	1.0000	408
mut_I2	M0376	coverage	41	1.0600	0.0000	0.0000	1.0000	408
mut_I2	M0431	idf	3	0.8200	1.0000	1.0000	1.0000	441
mut_I2	M0431	coverage	3	0.8200	0.0000	0.0000	1.0000	441
mut_I2	M0243	idf	11	1.0700	1.0000	1.0000	1.0000	338
mut_I2	M0243	coverage	11	1.0700	0.0000	0.0000	1.0000	338
mut_I2	M0294	idf	108	1.7600	0.0000	0.0000	1.0000	438
mut_I2	M0294	coverage	108	1.7600	0.0000	0.0000	1.0000	438
mut_I2	M0895	idf	121	0.3900	0.0000	0.0000	1.0000	277
mut_I2	M0895	coverage	121	0.3900	0.0000	0.0000	1.0000	277
mut_I2	M0104	idf	4	1.1700	1.0000	1.0000	1.0000	238
mut_I2	M0104	coverage	4	1.1700	0.0000	0.0000	1.0000	238
mut_I2	M0869	idf	5	0.3800	0.0000	0.0000	1.0000	397
mut_I2	M0869	coverage	5	0.3800	1.0000	0.2000	1.0000	397
mut_I2	M0075	idf	2	1.1100	1.0000	0.5000	1.0000	284
mut_I2	M0075	coverage	2	1.1100	0.0000	0.0000	1.0000	284
mut_I2	M0134	idf	55	0.5900	0.0000	0.0000	1.0000	323
mut_I2	M0134	coverage	55	0.5900	0.0000	0.0000	1.0000	323
mut_I2	M0206	idf	75	1.1100	1.0000	0.6800	1.0000	381
mut_I2	M0206	coverage	75	1.1100	0.0000	0.0000	1.0000	381
mut_I2	M0044	idf	67	1.7500	1.0000	0.9701	1.0000	390
mut_I2	M0044	coverage	67	1.7500	1.0000	0.0299	1.0000	390
mut_I2	M0484	idf	100	1.6000	1.0000	1.0000	1.0000	352
mut_I2	M0484	coverage	100	1.6000	1.0000	0.8900	1.0000	352
mut_I2	M0334	idf	22	0.7600	1.0000	0.5455	1.0000	273
mut_I2	M0334	coverage	22	0.7600	1.0000	0.2727	1.0000	273
mut_I2	M0412	idf	5	0.8300	0.0000	0.0000	1.0000	371
mut_I2	M0412	coverage	5	0.8300	0.0000	0.0000	1.0000	371
mut_I2	M0931	idf	70	0.5400	0.0000	0.0000	1.0000	302
mut_I2	M0931	coverage	70	0.5400	1.0000	0.6857	1.0000	302
mut_I2	M0118	idf	106	0.4300	0.0000	0.0000	1.0000	325
mut_I2	M0118	coverage	106	0.4300	0.0000	0.0000	1.0000	325
mut_I2	M0752	idf	8	0.2100	1.0000	0.6250	1.0000	375
mut_I2	M0752	coverage	8	0.2100	1.0000	0.5000	1.0000	375
mut_I2	M0428	idf	10	1.1300	1.0000	1.0000	1.0000	313
mut_I2	M0428	coverage	10	1.1300	0.0000	0.0000	1.0000	313
mut_I2	M0771	idf	213	0.4400	1.0000	0.0516	1.0000	302
mut_I2	M0771	coverage	213	0.4400	1.0000	0.0047	1.0000	302
mut_I2	M0658	idf	12	0.6700	0.0000	0.0000	1.0000	239
mut_I2	M0658	coverage	12	0.6700	1.0000	0.0833	1.0000	239
mut_I2	M0311	idf	78	1.7400	1.0000	1.0000	1.0000	458
mut_I2	M0311	coverage	78	1.7400	0.0000	0.0000	1.0000	458
mut_I2	M0600	idf	78	0.8500	1.0000	0.2308	1.0000	362
mut_I2	M0600	coverage	78	0.8500	1.0000	0.1795	1.0000	362
mut_I2	M0565	idf	13	0.1500	0.0000	0.0000	0.0000	117
mut_I2	M0565	coverage	13	0.1500	0.0000	0.0000	0.0000	117
mut_I2	M0085	idf	11	0.8100	1.0000	0.8182	1.0000	340
mut_I2	M0085	coverage	11	0.8100	0.0000	0.0000	1.0000	340
mut_I2	M0488	idf	6	1.2400	1.0000	1.0000	1.0000	366
mut_I2	M0488	coverage	6	1.2400	0.0000	0.0000	1.0000	366
mut_I2	M0076	idf	97	0.4300	0.0000	0.0000	1.0000	255
mut_I2	M0076	coverage	97	0.4300	0.0000	0.0000	1.0000	255
mut_I2	M0175	idf	826	0.4600	0.0000	0.0000	1.0000	491
mut_I2	M0175	coverage	826	0.4600	1.0000	0.5593	1.0000	491
mut_I2	M0107	idf	7	1.1100	1.0000	0.1429	1.0000	342
mut_I2	M0107	coverage	7	1.1100	0.0000	0.0000	1.0000	342
mut_I2	M0201	idf	38	0.5800	0.0000	0.0000	1.0000	238
mut_I2	M0201	coverage	38	0.5800	0.0000	0.0000	1.0000	238
mut_I2	M0383	idf	124	1.7900	0.0000	0.0000	1.0000	345
mut_I2	M0383	coverage	124	1.7900	1.0000	0.1048	1.0000	345
mut_I2	M0111	idf	10	1.8400	1.0000	0.3000	1.0000	411
mut_I2	M0111	coverage	10	1.8400	0.0000	0.0000	1.0000	411
mut_I2	M0634	idf	9	0.8500	1.0000	0.8889	1.0000	282
mut_I2	M0634	coverage	9	0.8500	1.0000	1.0000	1.0000	282
mut_I2	M0609	idf	81	0.7300	1.0000	0.0864	1.0000	448
mut_I2	M0609	coverage	81	0.7300	0.0000	0.0000	1.0000	448
mut_I2	M0228	idf	119	0.6100	1.0000	0.0840	1.0000	282
mut_I2	M0228	coverage	119	0.6100	0.0000	0.0000	1.0000	282
mut_I2	M0636	idf	16	0.7300	1.0000	0.6250	1.0000	397
mut_I2	M0636	coverage	16	0.7300	0.0000	0.0000	1.0000	397
mut_I2	M0908	idf	78	0.4500	0.0000	0.0000	1.0000	376
mut_I2	M0908	coverage	78	0.4500	1.0000	0.0128	1.0000	376
mut_I2	M0564	idf	357	0.7600	0.0000	0.0000	1.0000	267
mut_I2	M0564	coverage	357	0.7600	0.0000	0.0000	1.0000	267
mut_I2	M0616	idf	5	0.6800	1.0000	1.0000	1.0000	349
mut_I2	M0616	coverage	5	0.6800	0.0000	0.0000	1.0000	349
mut_I2	M0453	idf	61	1.2400	1.0000	0.3934	1.0000	447
mut_I2	M0453	coverage	61	1.2400	0.0000	0.0000	1.0000	447
mut_I2	M0510	idf	62	0.8100	1.0000	0.9032	1.0000	280
mut_I2	M0510	coverage	62	0.8100	0.0000	0.0000	1.0000	280
mut_I2	M0216	idf	1150	0.8600	1.0000	0.4339	1.0000	499
mut_I2	M0216	coverage	1150	0.8600	1.0000	0.4339	1.0000	499
mut_I2	M0448	idf	7	0.2900	0.0000	0.0000	0.0000	383
mut_I2	M0448	coverage	7	0.2900	0.0000	0.0000	0.0000	383
mut_I2	M0732	idf	18	0.7700	0.0000	0.0000	1.0000	226
mut_I2	M0732	coverage	18	0.7700	0.0000	0.0000	1.0000	226
mut_I2	M0734	idf	5	0.4500	0.0000	0.0000	1.0000	286
mut_I2	M0734	coverage	5	0.4500	0.0000	0.0000	1.0000	286
mut_I2	M0456	idf	17	0.3700	0.0000	0.0000	1.0000	276
mut_I2	M0456	coverage	17	0.3700	0.0000	0.0000	1.0000	276
mut_I2	M0278	idf	74	0.2700	1.0000	0.9054	1.0000	225
mut_I2	M0278	coverage	74	0.2700	0.0000	0.0000	1.0000	225
mut_I2	M0682	idf	290	0.4300	0.0000	0.0000	1.0000	385
mut_I2	M0682	coverage	290	0.4300	1.0000	0.3862	1.0000	385
mut_I2	M0381	idf	68	0.3700	0.0000	0.0000	1.0000	342
mut_I2	M0381	coverage	68	0.3700	0.0000	0.0000	1.0000	342
mut_I2	M0759	idf	73	0.9200	0.0000	0.0000	1.0000	286
mut_I2	M0759	coverage	73	0.9200	0.0000	0.0000	1.0000	286
mut_I2	M0916	idf	1	0.7200	1.0000	1.0000	1.0000	270
mut_I2	M0916	coverage	1	0.7200	1.0000	1.0000	1.0000	270
mut_I2	M0122	idf	21	0.9000	1.0000	0.6190	1.0000	372
mut_I2	M0122	coverage	21	0.9000	0.0000	0.0000	1.0000	372
mut_I2	M0435	idf	17	3.6900	1.0000	0.1176	1.0000	438
mut_I2	M0435	coverage	17	3.6900	0.0000	0.0000	1.0000	438
mut_I2	M0519	idf	16	1.7300	1.0000	1.0000	1.0000	330
mut_I2	M0519	coverage	16	1.7300	0.0000	0.0000	1.0000	330
mut_I2	M0506	idf	113	0.4700	1.0000	0.0088	1.0000	320
mut_I2	M0506	coverage	113	0.4700	0.0000	0.0000	1.0000	320
mut_I2	M0357	idf	5	0.5800	0.0000	0.0000	1.0000	214
mut_I2	M0357	coverage	5	0.5800	0.0000	0.0000	1.0000	214
mut_I2	M0414	idf	82	0.6000	1.0000	0.6829	1.0000	353
mut_I2	M0414	coverage	82	0.6000	0.0000	0.0000	1.0000	353
mut_I2	M0096	idf	23	0.8200	0.0000	0.0000	1.0000	297
mut_I2	M0096	coverage	23	0.8200	0.0000	0.0000	1.0000	297
mut_I2	M0885	idf	15	1.4300	1.0000	0.6000	1.0000	333
mut_I2	M0885	coverage	15	1.4300	0.0000	0.0000	1.0000	333
mut_I2	M0738	idf	15	0.8500	1.0000	1.0000	1.0000	355
mut_I2	M0738	coverage	15	0.8500	1.0000	0.2667	1.0000	355
mut_I2	M0545	idf	19	0.8600	0.0000	0.0000	1.0000	319
mut_I2	M0545	coverage	19	0.8600	0.0000	0.0000	1.0000	319
mut_I2	M0815	idf	238	0.3700	1.0000	0.3782	1.0000	358
mut_I2	M0815	coverage	238	0.3700	1.0000	0.0336	1.0000	358
mut_I2	M0077	idf	101	0.9000	1.0000	0.0396	1.0000	321
mut_I2	M0077	coverage	101	0.9000	1.0000	0.2277	1.0000	321
mut_I2	M0851	idf	22	0.4000	0.0000	0.0000	0.0000	293
mut_I2	M0851	coverage	22	0.4000	0.0000	0.0000	0.0000	293
mut_I2	M0862	idf	17	0.7000	0.0000	0.0000	1.0000	199
mut_I2	M0862	coverage	17	0.7000	0.0000	0.0000	1.0000	199
mut_I2	M0736	idf	3	0.8300	1.0000	1.0000	1.0000	289
mut_I2	M0736	coverage	3	0.8300	0.0000	0.0000	1.0000	289
mut_I2	M0819	idf	25	0.4700	0.0000	0.0000	1.0000	295
mut_I2	M0819	coverage	25	0.4700	1.0000	0.4800	1.0000	295
mut_I2	M0822	idf	2	0.8100	1.0000	0.5000	1.0000	275
mut_I2	M0822	coverage	2	0.8100	1.0000	0.5000	1.0000	275
mut_I2	M0136	idf	9	0.8900	1.0000	0.8889	1.0000	430
mut_I2	M0136	coverage	9	0.8900	0.0000	0.0000	1.0000	430
mut_I2	M0054	idf	44	0.3500	0.0000	0.0000	1.0000	272
mut_I2	M0054	coverage	44	0.3500	0.0000	0.0000	1.0000	272
mut_I2	M0612	idf	82	0.8800	0.0000	0.0000	1.0000	283
mut_I2	M0612	coverage	82	0.8800	1.0000	0.0366	1.0000	283
mut_I2	M0010	idf	13	0.7700	1.0000	1.0000	1.0000	157
mut_I2	M0010	coverage	13	0.7700	1.0000	0.9231	1.0000	157
mut_I2	M0709	idf	289	0.7300	1.0000	0.0311	1.0000	286
mut_I2	M0709	coverage	289	0.7300	1.0000	0.0311	1.0000	286
mut_I2	M0940	idf	104	1.4700	0.0000	0.0000	1.0000	483
mut_I2	M0940	coverage	104	1.4700	0.0000	0.0000	1.0000	483
mut_I2	M0172	idf	12	1.3900	0.0000	0.0000	1.0000	362
mut_I2	M0172	coverage	12	1.3900	1.0000	0.5000	1.0000	362
mut_I2	M0693	idf	362	0.4800	0.0000	0.0000	1.0000	333
mut_I2	M0693	coverage	362	0.4800	0.0000	0.0000	1.0000	333
mut_I2	M0159	idf	148	1.3900	1.0000	0.8919	1.0000	398
mut_I2	M0159	coverage	148	1.3900	1.0000	0.1081	1.0000	398
mut_I2	M0835	idf	9	0.8400	0.0000	0.0000	1.0000	244
mut_I2	M0835	coverage	9	0.8400	0.0000	0.0000	1.0000	244
mut_I2	M0810	idf	37	0.8700	1.0000	0.2973	1.0000	262
mut_I2	M0810	coverage	37	0.8700	1.0000	0.0270	1.0000	262
mut_I2	M0434	idf	12	1.2200	1.0000	1.0000	1.0000	292
mut_I2	M0434	coverage	12	1.2200	0.0000	0.0000	1.0000	292
mut_I2	M0653	idf	23	0.8800	1.0000	0.0435	1.0000	454
mut_I2	M0653	coverage	23	0.8800	0.0000	0.0000	1.0000	454
mut_I2	M0205	idf	259	1.5800	1.0000	0.9421	1.0000	425
mut_I2	M0205	coverage	259	1.5800	0.0000	0.0000	1.0000	425
mut_I2	M0939	idf	13	0.1700	1.0000	0.4615	1.0000	294
mut_I2	M0939	coverage	13	0.1700	1.0000	0.4615	1.0000	294
mut_I2	M0918	idf	65	1.7700	0.0000	0.0000	1.0000	428
mut_I2	M0918	coverage	65	1.7700	1.0000	0.0308	1.0000	428
mut_I2	M0858	idf	351	0.7400	0.0000	0.0000	1.0000	423
mut_I2	M0858	coverage	351	0.7400	1.0000	0.8718	1.0000	423
mut_I2	M0420	idf	17	0.3200	0.0000	0.0000	1.0000	344
mut_I2	M0420	coverage	17	0.3200	0.0000	0.0000	1.0000	344
mut_I2	M0879	idf	15	0.7400	0.0000	0.0000	0.0000	286
mut_I2	M0879	coverage	15	0.7400	0.0000	0.0000	0.0000	286
mut_I2	M0371	idf	122	0.7600	0.0000	0.0000	1.0000	365
mut_I2	M0371	coverage	122	0.7600	0.0000	0.0000	1.0000	365
mut_I2	M0020	idf	115	1.4200	0.0000	0.0000	1.0000	439
mut_I2	M0020	coverage	115	1.4200	0.0000	0.0000	1.0000	439
mut_I2	M0855	idf	38	0.7900	1.0000	0.0526	1.0000	272
mut_I2	M0855	coverage	38	0.7900	0.0000	0.0000	1.0000	272
mut_I2	M0957	idf	186	0.9100	0.0000	0.0000	1.0000	489
mut_I2	M0957	coverage	186	0.9100	0.0000	0.0000	1.0000	489
mut_I2	M0505	idf	27	0.7200	1.0000	0.2593	1.0000	317
mut_I2	M0505	coverage	27	0.7200	1.0000	0.0741	1.0000	317
mut_I2	M0477	idf	70	0.4800	1.0000	0.2714	1.0000	358
mut_I2	M0477	coverage	70	0.4800	1.0000	0.0429	1.0000	358
mut_I2	M0829	idf	6	0.8400	0.0000	0.0000	1.0000	238
mut_I2	M0829	coverage	6	0.8400	0.0000	0.0000	1.0000	238
mut_I2	M0884	idf	19	0.8200	1.0000	0.1053	1.0000	286
mut_I2	M0884	coverage	19	0.8200	0.0000	0.0000	1.0000	286
mut_I2	M0384	idf	67	0.5200	1.0000	0.0597	1.0000	304
mut_I2	M0384	coverage	67	0.5200	0.0000	0.0000	1.0000	304
mut_I2	M0065	idf	53	0.8600	1.0000	0.4151	1.0000	290
mut_I2	M0065	coverage	53	0.8600	1.0000	0.2264	1.0000	290
mut_I2	M0123	idf	2	1.7900	1.0000	1.0000	1.0000	398
mut_I2	M0123	coverage	2	1.7900	0.0000	0.0000	1.0000	398
mut_I2	M0580	idf	9	0.4700	0.0000	0.0000	1.0000	316
mut_I2	M0580	coverage	9	0.4700	0.0000	0.0000	1.0000	316
mut_I2	M0033	idf	14	0.8100	1.0000	0.5000	1.0000	288
mut_I2	M0033	coverage	14	0.8100	0.0000	0.0000	1.0000	288
mut_I2	M0281	idf	1	1.6800	1.0000	1.0000	1.0000	364
mut_I2	M0281	coverage	1	1.6800	0.0000	0.0000	1.0000	364
mut_I2	M0544	idf	12	0.7000	1.0000	0.0833	1.0000	262
mut_I2	M0544	coverage	12	0.7000	1.0000	0.0833	1.0000	262
mut_I2	M0212	idf	83	3.4200	1.0000	0.0120	1.0000	429
mut_I2	M0212	coverage	83	3.4200	0.0000	0.0000	1.0000	429
mut_I2	M0426	idf	18	0.6000	1.0000	0.8889	1.0000	328
mut_I2	M0426	coverage	18	0.6000	1.0000	0.0556	1.0000	328
mut_I2	M0905	idf	198	0.3600	0.0000	0.0000	1.0000	280
mut_I2	M0905	coverage	198	0.3600	0.0000	0.0000	1.0000	280
mut_I2	M0843	idf	14	0.3300	0.0000	0.0000	1.0000	235
mut_I2	M0843	coverage	14	0.3300	0.0000	0.0000	1.0000	235
mut_I2	M0263	idf	24	0.7600	0.0000	0.0000	1.0000	330
mut_I2	M0263	coverage	24	0.7600	1.0000	0.5417	1.0000	330
mut_I2	M0697	idf	155	0.6100	0.0000	0.0000	1.0000	302
mut_I2	M0697	coverage	155	0.6100	1.0000	0.0323	1.0000	302
mut_I2	M0260	idf	21	0.8500	1.0000	0.9048	1.0000	304
mut_I2	M0260	coverage	21	0.8500	0.0000	0.0000	1.0000	304
mut_I2	M0379	idf	41	1.5900	1.0000	1.0000	1.0000	336
mut_I2	M0379	coverage	41	1.5900	1.0000	0.4390	1.0000	336
mut_I2	M0377	idf	189	1.1200	0.0000	0.0000	1.0000	491
mut_I2	M0377	coverage	189	1.1200	0.0000	0.0000	1.0000	491
mut_I2	M0547	idf	4	0.3900	1.0000	0.7500	1.0000	321
mut_I2	M0547	coverage	4	0.3900	0.0000	0.0000	1.0000	321
mut_I2	M0508	idf	6	0.9000	1.0000	1.0000	1.0000	301
mut_I2	M0508	coverage	6	0.9000	1.0000	0.1667	1.0000	301
mut_I2	M0401	idf	392	0.8800	1.0000	0.0026	1.0000	427
mut_I2	M0401	coverage	392	0.8800	0.0000	0.0000	1.0000	427
mut_I2	M0755	idf	11	0.4200	1.0000	0.9091	1.0000	331
mut_I2	M0755	coverage	11	0.4200	0.0000	0.0000	1.0000	331
mut_I2	M0458	idf	25	0.4000	0.0000	0.0000	1.0000	370
mut_I2	M0458	coverage	25	0.4000	0.0000	0.0000	1.0000	370
mut_I2	M0314	idf	45	3.2900	1.0000	0.0444	1.0000	348
mut_I2	M0314	coverage	45	3.2900	0.0000	0.0000	1.0000	348
mut_I2	M0210	idf	220	0.8400	1.0000	0.0273	1.0000	375
mut_I2	M0210	coverage	220	0.8400	1.0000	0.0045	1.0000	375
mut_I2	M0154	idf	62	0.4600	0.0000	0.0000	1.0000	383
mut_I2	M0154	coverage	62	0.4600	0.0000	0.0000	1.0000	383
mut_I2	M0502	idf	20	1.7400	1.0000	0.2000	1.0000	431
mut_I2	M0502	coverage	20	1.7400	0.0000	0.0000	1.0000	431
mut_I2	M0031	idf	290	0.8700	1.0000	0.6414	1.0000	427
mut_I2	M0031	coverage	290	0.8700	1.0000	0.0069	1.0000	427
mut_I2	M0178	idf	273	0.9000	1.0000	0.0110	1.0000	288
mut_I2	M0178	coverage	273	0.9000	0.0000	0.0000	1.0000	288
mut_I2	M0019	idf	21	0.9100	1.0000	0.8095	1.0000	285
mut_I2	M0019	coverage	21	0.9100	0.0000	0.0000	1.0000	285
mut_I2	M0125	idf	19	1.1600	1.0000	0.8947	1.0000	281
mut_I2	M0125	coverage	19	1.1600	1.0000	0.6316	1.0000	281
mut_I2	M0181	idf	8	1.3300	1.0000	0.6250	1.0000	319
mut_I2	M0181	coverage	8	1.3300	0.0000	0.0000	1.0000	319
mut_I2	M0466	idf	6	1.7500	1.0000	0.5000	1.0000	399
mut_I2	M0466	coverage	6	1.7500	0.0000	0.0000	1.0000	399
mut_I2	M0058	idf	37	0.5500	0.0000	0.0000	1.0000	334
mut_I2	M0058	coverage	37	0.5500	0.0000	0.0000	1.0000	334
mut_I2	M0683	idf	27	0.9100	1.0000	0.9259	1.0000	341
mut_I2	M0683	coverage	27	0.9100	1.0000	0.0370	1.0000	341
mut_I2	M0925	idf	22	0.4500	0.0000	0.0000	1.0000	337
mut_I2	M0925	coverage	22	0.4500	0.0000	0.0000	1.0000	337
mut_I2	M0081	idf	9	0.8200	1.0000	0.5556	1.0000	224
mut_I2	M0081	coverage	9	0.8200	0.0000	0.0000	1.0000	224
mut_I2	M0090	idf	60	1.7800	1.0000	0.9667	1.0000	330
mut_I2	M0090	coverage	60	1.7800	0.0000	0.0000	1.0000	330
mut_I2	M0429	idf	47	0.8200	0.0000	0.0000	1.0000	325
mut_I2	M0429	coverage	47	0.8200	0.0000	0.0000	1.0000	325
mut_I2	M0447	idf	2	0.8500	1.0000	0.5000	1.0000	339
mut_I2	M0447	coverage	2	0.8500	0.0000	0.0000	1.0000	339
mut_I2	M0768	idf	19	0.8900	1.0000	0.5789	1.0000	300
mut_I2	M0768	coverage	19	0.8900	1.0000	0.5263	1.0000	300
mut_I2	M0261	idf	19	0.8100	1.0000	0.0526	1.0000	313
mut_I2	M0261	coverage	19	0.8100	0.0000	0.0000	1.0000	313
mut_I2	M0234	idf	8	0.8900	1.0000	0.7500	1.0000	241
mut_I2	M0234	coverage	8	0.8900	0.0000	0.0000	1.0000	241
mut_I2	M0958	idf	236	0.9900	0.0000	0.0000	1.0000	491
mut_I2	M0958	coverage	236	0.9900	0.0000	0.0000	1.0000	491
mut_I2	M0387	idf	2048	0.9300	1.0000	0.0269	1.0000	479
mut_I2	M0387	coverage	2048	0.9300	1.0000	0.0005	1.0000	479
mut_I2	M0520	idf	440	1.0700	0.0000	0.0000	1.0000	493
mut_I2	M0520	coverage	440	1.0700	1.0000	0.0068	1.0000	493
mut_I2	M0910	idf	7	0.6200	1.0000	1.0000	1.0000	257
mut_I2	M0910	coverage	7	0.6200	0.0000	0.0000	1.0000	257
mut_I2	M0398	idf	36	1.2500	1.0000	1.0000	1.0000	250
mut_I2	M0398	coverage	36	1.2500	0.0000	0.0000	1.0000	250
mut_I2	M0040	idf	52	0.7200	0.0000	0.0000	1.0000	371
mut_I2	M0040	coverage	52	0.7200	0.0000	0.0000	1.0000	371
mut_I2	M0808	idf	3	0.8200	0.0000	0.0000	1.0000	338
mut_I2	M0808	coverage	3	0.8200	1.0000	0.6667	1.0000	338
mut_I2	M0781	idf	6	0.4600	1.0000	0.8333	1.0000	297
mut_I2	M0781	coverage	6	0.4600	0.0000	0.0000	1.0000	297
mut_I2	M0410	idf	30	1.6700	1.0000	0.1667	1.0000	302
mut_I2	M0410	coverage	30	1.6700	0.0000	0.0000	1.0000	302
mut_I2	M0250	idf	14	0.6400	1.0000	1.0000	1.0000	295
mut_I2	M0250	coverage	14	0.6400	0.0000	0.0000	1.0000	295
mut_I2	M0748	idf	19	0.2400	0.0000	0.0000	1.0000	109
mut_I2	M0748	coverage	19	0.2400	0.0000	0.0000	1.0000	109
mut_I2	M0515	idf	20	1.4100	1.0000	0.1000	1.0000	341
mut_I2	M0515	coverage	20	1.4100	0.0000	0.0000	1.0000	341
mut_I2	M0920	idf	21	1.4200	0.0000	0.0000	1.0000	325
mut_I2	M0920	coverage	21	1.4200	0.0000	0.0000	1.0000	325
mut_I2	M0655	idf	6	0.4200	0.0000	0.0000	1.0000	172
mut_I2	M0655	coverage	6	0.4200	1.0000	0.1667	1.0000	172
mut_I2	M0227	idf	38	1.1300	1.0000	0.2368	1.0000	279
mut_I2	M0227	coverage	38	1.1300	1.0000	0.0526	1.0000	279
mut_I2	M0272	idf	35	1.4800	1.0000	0.2286	1.0000	336
mut_I2	M0272	coverage	35	1.4800	0.0000	0.0000	1.0000	336
mut_I2	M0093	idf	10	1.0600	0.0000	0.0000	0.0000	293
mut_I2	M0093	coverage	10	1.0600	0.0000	0.0000	0.0000	293
mut_I2	M0625	idf	5	0.6200	0.0000	0.0000	1.0000	356
mut_I2	M0625	coverage	5	0.6200	0.0000	0.0000	1.0000	356
mut_I2	M0321	idf	19	0.8200	1.0000	0.3158	1.0000	233
mut_I2	M0321	coverage	19	0.8200	1.0000	0.1053	1.0000	233
mut_I2	M0048	idf	98	1.0800	1.0000	0.2755	1.0000	319
mut_I2	M0048	coverage	98	1.0800	0.0000	0.0000	1.0000	319
mut_I2	M0043	idf	20	1.0300	1.0000	1.0000	1.0000	354
mut_I2	M0043	coverage	20	1.0300	0.0000	0.0000	1.0000	354
mut_I2	M0900	idf	441	0.5400	0.0000	0.0000	1.0000	494
mut_I2	M0900	coverage	441	0.5400	0.0000	0.0000	1.0000	494
mut_I2	M0857	idf	12	1.0600	1.0000	0.8333	1.0000	346
mut_I2	M0857	coverage	12	1.0600	0.0000	0.0000	1.0000	346
mut_I2	M0964	idf	68	0.6700	1.0000	0.1471	1.0000	329
mut_I2	M0964	coverage	68	0.6700	0.0000	0.0000	1.0000	329
mut_I2	M0131	idf	36	1.0600	1.0000	0.9722	1.0000	306
mut_I2	M0131	coverage	36	1.0600	1.0000	0.0278	1.0000	306
mut_I2	M0754	idf	9	0.4300	1.0000	0.3333	1.0000	193
mut_I2	M0754	coverage	9	0.4300	0.0000	0.0000	1.0000	193
mut_I2	M0313	idf	17	0.3900	0.0000	0.0000	1.0000	306
mut_I2	M0313	coverage	17	0.3900	0.0000	0.0000	1.0000	306
mut_I2	M0092	idf	41	1.0100	1.0000	0.8049	1.0000	354
mut_I2	M0092	coverage	41	1.0100	0.0000	0.0000	1.0000	354
mut_I2	M0108	idf	3	0.9200	0.0000	0.0000	1.0000	264
mut_I2	M0108	coverage	3	0.9200	0.0000	0.0000	1.0000	264
mut_I2	M0139	idf	76	1.0100	0.0000	0.0000	1.0000	267
mut_I2	M0139	coverage	76	1.0100	0.0000	0.0000	1.0000	267
mut_I2	M0235	idf	17	0.6000	0.0000	0.0000	0.0000	326
mut_I2	M0235	coverage	17	0.6000	0.0000	0.0000	0.0000	326
mut_I2	M0444	idf	83	0.8000	0.0000	0.0000	1.0000	359
mut_I2	M0444	coverage	83	0.8000	0.0000	0.0000	1.0000	359
mut_I2	M0623	idf	16	0.8800	1.0000	1.0000	1.0000	294
mut_I2	M0623	coverage	16	0.8800	0.0000	0.0000	1.0000	294
mut_I2	M0919	idf	18	0.8200	1.0000	0.3333	1.0000	235
mut_I2	M0919	coverage	18	0.8200	0.0000	0.0000	1.0000	235
mut_I2	M0369	idf	82	0.9600	1.0000	0.3171	1.0000	334
mut_I2	M0369	coverage	82	0.9600	1.0000	0.0854	1.0000	334
mut_I2	M0253	idf	212	1.3400	1.0000	0.8726	1.0000	408
mut_I2	M0253	coverage	212	1.3400	0.0000	0.0000	1.0000	408
mut_I2	M0254	idf	17	4.0400	1.0000	1.0000	1.0000	406
mut_I2	M0254	coverage	17	4.0400	0.0000	0.0000	1.0000	406
mut_I2	M0301	idf	51	0.9400	1.0000	0.0196	1.0000	344
mut_I2	M0301	coverage	51	0.9400	0.0000	0.0000	1.0000	344
mut_I2	M0674	idf	31	0.8200	0.0000	0.0000	1.0000	325
mut_I2	M0674	coverage	31	0.8200	0.0000	0.0000	1.0000	325
mut_I2	M0100	idf	360	0.9000	1.0000	0.0083	1.0000	459
mut_I2	M0100	coverage	360	0.9000	1.0000	0.0306	1.0000	459
mut_I2	M0231	idf	13	0.8300	1.0000	0.9231	1.0000	306
mut_I2	M0231	coverage	13	0.8300	0.0000	0.0000	1.0000	306
mut_I2	M0816	idf	238	0.4100	0.0000	0.0000	1.0000	277
mut_I2	M0816	coverage	238	0.4100	1.0000	0.0126	1.0000	277
mut_I2	M0472	idf	94	1.5200	1.0000	0.9787	1.0000	294
mut_I2	M0472	coverage	94	1.5200	0.0000	0.0000	1.0000	294
mut_I2	M0962	idf	134	1.1300	0.0000	0.0000	1.0000	427
mut_I2	M0962	coverage	134	1.1300	0.0000	0.0000	1.0000	427
mut_I2	M0795	idf	79	0.8200	1.0000	0.1772	1.0000	327
mut_I2	M0795	coverage	79	0.8200	0.0000	0.0000	1.0000	327
mut_I2	M0727	idf	22	0.8900	1.0000	0.6818	1.0000	281
mut_I2	M0727	coverage	22	0.8900	1.0000	0.1364	1.0000	281
mut_I2	M0497	idf	15	1.3300	1.0000	0.8667	1.0000	338
mut_I2	M0497	coverage	15	1.3300	0.0000	0.0000	1.0000	338
mut_I2	M0338	idf	23	0.4400	1.0000	0.5217	1.0000	337
mut_I2	M0338	coverage	23	0.4400	0.0000	0.0000	1.0000	337
mut_I2	M0947	idf	43	0.4800	1.0000	0.5814	1.0000	176
mut_I2	M0947	coverage	43	0.4800	1.0000	0.6977	1.0000	176
mut_I2	M0163	idf	47	0.4500	1.0000	0.5745	1.0000	335
mut_I2	M0163	coverage	47	0.4500	0.0000	0.0000	1.0000	335
mut_I2	M0959	idf	155	1.2000	0.0000	0.0000	1.0000	485
mut_I2	M0959	coverage	155	1.2000	0.0000	0.0000	1.0000	485
mut_I2	M0433	idf	210	0.3600	0.0000	0.0000	1.0000	229
mut_I2	M0433	coverage	210	0.3600	0.0000	0.0000	1.0000	229
mut_I2	M0416	idf	4	1.3900	1.0000	1.0000	1.0000	300
mut_I2	M0416	coverage	4	1.3900	0.0000	0.0000	1.0000	300
mut_I2	M0850	idf	31	0.4300	1.0000	0.0968	1.0000	316
mut_I2	M0850	coverage	31	0.4300	1.0000	0.1290	1.0000	316
mut_I2	M0454	idf	14	0.6600	1.0000	1.0000	1.0000	271
mut_I2	M0454	coverage	14	0.6600	1.0000	0.5000	1.0000	271
mut_I2	M0351	idf	24	0.6900	0.0000	0.0000	1.0000	290
mut_I2	M0351	coverage	24	0.6900	0.0000	0.0000	1.0000	290
mut_I2	M0425	idf	2084	0.4800	0.0000	0.0000	1.0000	384
mut_I2	M0425	coverage	2084	0.4800	0.0000	0.0000	1.0000	384
mut_I2	M0067	idf	39	0.8600	1.0000	0.0513	1.0000	319
mut_I2	M0067	coverage	39	0.8600	0.0000	0.0000	1.0000	319
mut_I2	M0550	idf	20	0.7500	0.0000	0.0000	1.0000	242
mut_I2	M0550	coverage	20	0.7500	0.0000	0.0000	1.0000	242
mut_I2	M0792	idf	10	0.4400	0.0000	0.0000	1.0000	337
mut_I2	M0792	coverage	10	0.4400	0.0000	0.0000	1.0000	337
mut_I2	M0961	idf	144	1.0600	0.0000	0.0000	1.0000	491
mut_I2	M0961	coverage	144	1.0600	0.0000	0.0000	1.0000	491
mut_I2	M0109	idf	207	0.9200	1.0000	0.5072	1.0000	343
mut_I2	M0109	coverage	207	0.9200	0.0000	0.0000	1.0000	343
mut_I2	M0257	idf	222	0.9100	1.0000	0.8649	1.0000	346
mut_I2	M0257	coverage	222	0.9100	1.0000	0.0225	1.0000	346
mut_I2	M0789	idf	51	0.4300	0.0000	0.0000	1.0000	252
mut_I2	M0789	coverage	51	0.4300	0.0000	0.0000	1.0000	252
mut_I2	M0363	idf	64	0.4400	1.0000	0.0156	1.0000	280
mut_I2	M0363	coverage	64	0.4400	1.0000	0.0312	1.0000	280
mut_I2	M0391	idf	14	0.4400	0.0000	0.0000	1.0000	322
mut_I2	M0391	coverage	14	0.4400	0.0000	0.0000	1.0000	322
mut_I2	M0826	idf	21	0.4400	0.0000	0.0000	1.0000	314
mut_I2	M0826	coverage	21	0.4400	0.0000	0.0000	1.0000	314
mut_I2	M0952	idf	5	0.4000	1.0000	0.8000	1.0000	269
mut_I2	M0952	coverage	5	0.4000	1.0000	0.6000	1.0000	269
mut_I2	M0117	idf	100	0.4600	0.0000	0.0000	1.0000	382
mut_I2	M0117	coverage	100	0.4600	0.0000	0.0000	1.0000	382
mut_I2	M0854	idf	122	0.8900	1.0000	0.1885	1.0000	305
mut_I2	M0854	coverage	122	0.8900	0.0000	0.0000	1.0000	305
mut_I2	M0881	idf	155	0.8800	1.0000	0.9871	1.0000	347
mut_I2	M0881	coverage	155	0.8800	1.0000	0.7742	1.0000	347
mut_I2	M0874	idf	1	0.4300	0.0000	0.0000	1.0000	256
mut_I2	M0874	coverage	1	0.4300	0.0000	0.0000	1.0000	256
mut_I2	M0597	idf	27	0.4200	1.0000	0.1481	1.0000	327
mut_I2	M0597	coverage	27	0.4200	0.0000	0.0000	1.0000	327
mut_I2	M0070	idf	159	0.5600	0.0000	0.0000	1.0000	352
mut_I2	M0070	coverage	159	0.5600	0.0000	0.0000	1.0000	352
mut_I2	M0423	idf	94	0.8200	1.0000	0.0213	1.0000	261
mut_I2	M0423	coverage	94	0.8200	0.0000	0.0000	1.0000	261
mut_I2	M0266	idf	35	1.0900	1.0000	0.6286	1.0000	332
mut_I2	M0266	coverage	35	1.0900	1.0000	0.2571	1.0000	332
mut_I2	M0262	idf	19	0.8700	1.0000	1.0000	1.0000	304
mut_I2	M0262	coverage	19	0.8700	1.0000	0.6316	1.0000	304
mut_I2	M0806	idf	3	0.4000	0.0000	0.0000	1.0000	457
mut_I2	M0806	coverage	3	0.4000	0.0000	0.0000	1.0000	457
mut_I2	M0937	idf	31	0.5600	0.0000	0.0000	1.0000	237
mut_I2	M0937	coverage	31	0.5600	1.0000	0.0323	1.0000	237
mut_I2	M0066	idf	57	0.7500	1.0000	0.1404	1.0000	234
mut_I2	M0066	coverage	57	0.7500	1.0000	0.1404	1.0000	234
mut_I2	M0462	idf	48	0.7300	1.0000	0.9167	1.0000	281
mut_I2	M0462	coverage	48	0.7300	0.0000	0.0000	1.0000	281
mut_I2	M0380	idf	21	0.9000	0.0000	0.0000	1.0000	307
mut_I2	M0380	coverage	21	0.9000	0.0000	0.0000	1.0000	307
mut_I2	M0403	idf	16	0.8000	1.0000	0.4375	1.0000	404
mut_I2	M0403	coverage	16	0.8000	0.0000	0.0000	1.0000	404
mut_I2	M0141	idf	25	2.7200	1.0000	0.1600	1.0000	346
mut_I2	M0141	coverage	25	2.7200	0.0000	0.0000	1.0000	346
mut_I2	M0237	idf	555	0.7000	0.0000	0.0000	1.0000	286
mut_I2	M0237	coverage	555	0.7000	0.0000	0.0000	1.0000	286
mut_I2	M0642	idf	24	0.3300	1.0000	0.2917	1.0000	115
mut_I2	M0642	coverage	24	0.3300	1.0000	0.2500	1.0000	115
mut_I2	M0142	idf	13	0.8000	1.0000	0.1538	1.0000	301
mut_I2	M0142	coverage	13	0.8000	0.0000	0.0000	1.0000	301
mut_I2	M0798	idf	2073	0.7200	0.0000	0.0000	1.0000	495
mut_I2	M0798	coverage	2073	0.7200	1.0000	0.0005	1.0000	495
mut_I2	M0574	idf	111	1.5800	1.0000	0.4414	1.0000	396
mut_I2	M0574	coverage	111	1.5800	0.0000	0.0000	1.0000	396
mut_I2	M0663	idf	96	0.5400	0.0000	0.0000	1.0000	380
mut_I2	M0663	coverage	96	0.5400	0.0000	0.0000	1.0000	380
mut_I2	M0348	idf	165	1.4900	0.0000	0.0000	1.0000	493
mut_I2	M0348	coverage	165	1.4900	0.0000	0.0000	1.0000	493
mut_I2	M0353	idf	11	0.3900	0.0000	0.0000	1.0000	385
mut_I2	M0353	coverage	11	0.3900	1.0000	0.6364	1.0000	385
mut_I2	M0028	idf	19	0.8200	1.0000	1.0000	1.0000	319
mut_I2	M0028	coverage	19	0.8200	0.0000	0.0000	1.0000	319
mut_I2	M0308	idf	172	1.6800	1.0000	1.0000	1.0000	389
mut_I2	M0308	coverage	172	1.6800	0.0000	0.0000	1.0000	389
mut_I2	M0860	idf	6	0.8300	0.0000	0.0000	0.0000	223
mut_I2	M0860	coverage	6	0.8300	0.0000	0.0000	0.0000	223
mut_I2	M0188	idf	117	0.4500	0.0000	0.0000	1.0000	378
mut_I2	M0188	coverage	117	0.4500	1.0000	0.0171	1.0000	378
mut_I2	M0003	idf	94	0.4400	0.0000	0.0000	1.0000	220
mut_I2	M0003	coverage	94	0.4400	0.0000	0.0000	1.0000	220
mut_I2	M0906	idf	265	0.3700	0.0000	0.0000	1.0000	403
mut_I2	M0906	coverage	265	0.3700	1.0000	0.0528	1.0000	403
mut_I2	M0590	idf	19	0.8100	1.0000	0.1053	1.0000	269
mut_I2	M0590	coverage	19	0.8100	0.0000	0.0000	1.0000	269
mut_I2	M0293	idf	60	0.5800	1.0000	0.3667	1.0000	351
mut_I2	M0293	coverage	60	0.5800	0.0000	0.0000	1.0000	351
mut_I2	M0651	idf	56	0.4200	0.0000	0.0000	1.0000	328
mut_I2	M0651	coverage	56	0.4200	0.0000	0.0000	1.0000	328
mut_I2	M0297	idf	17	0.1600	0.0000	0.0000	0.0000	217
mut_I2	M0297	coverage	17	0.1600	0.0000	0.0000	0.0000	217
mut_I2	M0194	idf	63	1.4700	1.0000	0.9206	1.0000	263
mut_I2	M0194	coverage	63	1.4700	1.0000	0.1270	1.0000	263
mut_I2	M0589	idf	26	0.4700	1.0000	0.1154	1.0000	236
mut_I2	M0589	coverage	26	0.4700	0.0000	0.0000	1.0000	236
mut_I2	M0669	idf	10	0.6300	1.0000	0.2000	1.0000	324
mut_I2	M0669	coverage	10	0.6300	0.0000	0.0000	1.0000	324
mut_I2	M0742	idf	2	0.7100	1.0000	1.0000	1.0000	232
mut_I2	M0742	coverage	2	0.7100	0.0000	0.0000	1.0000	232
mut_I2	M0298	idf	164	0.7800	0.0000	0.0000	0.0000	269
mut_I2	M0298	coverage	164	0.7800	0.0000	0.0000	0.0000	269
mut_I2	M0440	idf	43	0.8600	1.0000	0.4884	1.0000	322
mut_I2	M0440	coverage	43	0.8600	1.0000	0.0233	1.0000	322
mut_I2	M0386	idf	4	1.6700	1.0000	1.0000	1.0000	292
mut_I2	M0386	coverage	4	1.6700	0.0000	0.0000	1.0000	292
mut_I2	M0087	idf	50	1.7400	1.0000	1.0000	1.0000	445
mut_I2	M0087	coverage	50	1.7400	0.0000	0.0000	1.0000	445
mut_I3	M0346	idf	37	3.5600	1.0000	0.0270	1.0000	450
mut_I3	M0346	coverage	37	3.5600	0.0000	0.0000	1.0000	450
mut_I3	M0376	idf	41	8.3300	1.0000	0.9024	1.0000	438
mut_I3	M0376	coverage	41	8.3300	0.0000	0.0000	1.0000	438
mut_I3	M0431	idf	3	3.5200	1.0000	1.0000	1.0000	447
mut_I3	M0431	coverage	3	3.5200	1.0000	1.0000	1.0000	447
mut_I3	M0243	idf	11	6.7400	1.0000	1.0000	1.0000	460
mut_I3	M0243	coverage	11	6.7400	0.0000	0.0000	1.0000	460
mut_I3	M0294	idf	108	9.1200	1.0000	0.1667	1.0000	475
mut_I3	M0294	coverage	108	9.1200	0.0000	0.0000	1.0000	475
mut_I3	M0895	idf	121	2.0800	0.0000	0.0000	1.0000	430
mut_I3	M0895	coverage	121	2.0800	1.0000	0.0165	1.0000	430
mut_I3	M0104	idf	4	9.2900	1.0000	1.0000	1.0000	443
mut_I3	M0104	coverage	4	9.2900	1.0000	1.0000	1.0000	443
mut_I3	M0869	idf	5	2.0900	0.0000	0.0000	1.0000	451
mut_I3	M0869	coverage	5	2.0900	0.0000	0.0000	1.0000	451
mut_I3	M0075	idf	2	8.4100	0.0000	0.0000	1.0000	431
mut_I3	M0075	coverage	2	8.4100	0.0000	0.0000	1.0000	431
mut_I3	M0134	idf	55	3.9200	1.0000	0.7455	1.0000	459
mut_I3	M0134	coverage	55	3.9200	1.0000	0.6909	1.0000	459
mut_I3	M0206	idf	75	9.3000	1.0000	0.9600	1.0000	426
mut_I3	M0206	coverage	75	9.3000	1.0000	0.1067	1.0000	426
mut_I3	M0044	idf	67	8.8100	1.0000	0.9552	1.0000	447
mut_I3	M0044	coverage	67	8.8100	1.0000	0.3433	1.0000	447
mut_I3	M0484	idf	100	9.3900	1.0000	1.0000	1.0000	460
mut_I3	M0484	coverage	100	9.3900	1.0000	0.8700	1.0000	460
mut_I3	M0334	idf	22	3.5700	1.0000	0.8182	1.0000	393
mut_I3	M0334	coverage	22	3.5700	0.0000	0.0000	1.0000	393
mut_I3	M0412	idf	5	3.5800	1.0000	0.6000	1.0000	469
mut_I3	M0412	coverage	5	3.5800	0.0000	0.0000	1.0000	469
mut_I3	M0931	idf	70	2.3200	1.0000	0.0429	1.0000	454
mut_I3	M0931	coverage	70	2.3200	0.0000	0.0000	1.0000	454
mut_I3	M0118	idf	106	3.2100	0.0000	0.0000	1.0000	448
mut_I3	M0118	coverage	106	3.2100	1.0000	0.0189	1.0000	448
mut_I3	M0752	idf	8	1.0700	1.0000	0.7500	1.0000	456
mut_I3	M0752	coverage	8	1.0700	1.0000	0.8750	1.0000	456
mut_I3	M0428	idf	10	9.4300	1.0000	0.9000	1.0000	447
mut_I3	M0428	coverage	10	9.4300	1.0000	0.9000	1.0000	447
mut_I3	M0771	idf	213	2.6600	1.0000	0.0516	1.0000	473
mut_I3	M0771	coverage	213	2.6600	1.0000	0.0329	1.0000	473
mut_I3	M0658	idf	12	3.8500	0.0000	0.0000	1.0000	443
mut_I3	M0658	coverage	12	3.8500	1.0000	0.9167	1.0000	443
mut_I3	M0311	idf	78	8.1900	1.0000	0.9872	1.0000	478
mut_I3	M0311	coverage	78	8.1900	1.0000	0.0128	1.0000	478
mut_I3	M0600	idf	78	5.7500	1.0000	0.0641	1.0000	460
mut_I3	M0600	coverage	78	5.7500	0.0000	0.0000	1.0000	460
mut_I3	M0565	idf	13	1.5000	0.0000	0.0000	1.0000	461
mut_I3	M0565	coverage	13	1.5000	1.0000	0.1538	1.0000	461
mut_I3	M0085	idf	11	3.5100	1.0000	0.7273	1.0000	422
mut_I3	M0085	coverage	11	3.5100	1.0000	0.5455	1.0000	422
mut_I3	M0488	idf	6	9.7300	1.0000	1.0000	1.0000	456
mut_I3	M0488	coverage	6	9.7300	1.0000	1.0000	1.0000	456
mut_I3	M0076	idf	97	2.2300	0.0000	0.0000	1.0000	452
mut_I3	M0076	coverage	97	2.2300	1.0000	0.3711	1.0000	452
mut_I3	M0175	idf	826	2.0400	0.0000	0.0000	1.0000	499
mut_I3	M0175	coverage	826	2.0400	1.0000	0.5944	1.0000	499
mut_I3	M0107	idf	7	4.3900	1.0000	0.1429	1.0000	418
mut_I3	M0107	coverage	7	4.3900	1.0000	0.7143	1.0000	418
mut_I3	M0201	idf	38	3.0600	0.0000	0.0000	1.0000	454
mut_I3	M0201	coverage	38	3.0600	0.0000	0.0000	1.0000	454
mut_I3	M0383	idf	124	8.3200	0.0000	0.0000	1.0000	467
mut_I3	M0383	coverage	124	8.3200	1.0000	0.0081	1.0000	467
mut_I3	M0111	idf	10	9.5600	1.0000	0.2000	1.0000	463
mut_I3	M0111	coverage	10	9.5600	0.0000	0.0000	1.0000	463
mut_I3	M0634	idf	9	6.6800	1.0000	0.1111	1.0000	437
mut_I3	M0634	coverage	9	6.6800	1.0000	0.8889	1.0000	437
mut_I3	M0609	idf	81	3.3200	1.0000	0.0864	1.0000	495
mut_I3	M0609	coverage	81	3.3200	1.0000	0.0494	1.0000	495
mut_I3	M0228	idf	119	3.5600	1.0000	0.1176	1.0000	446
mut_I3	M0228	coverage	119	3.5600	0.0000	0.0000	1.0000	446
mut_I3	M0636	idf	16	3.9200	1.0000	0.3750	1.0000	444
mut_I3	M0636	coverage	16	3.9200	1.0000	0.3750	1.0000	444
mut_I3	M0908	idf	78	1.7800	0.0000	0.0000	1.0000	468
mut_I3	M0908	coverage	78	1.7800	1.0000	0.0128	1.0000	468
mut_I3	M0564	idf	357	3.4800	0.0000	0.0000	1.0000	468
mut_I3	M0564	coverage	357	3.4800	0.0000	0.0000	1.0000	468
mut_I3	M0616	idf	5	3.5400	1.0000	0.8000	1.0000	440
mut_I3	M0616	coverage	5	3.5400	1.0000	0.8000	1.0000	440
mut_I3	M0453	idf	61	9.2600	1.0000	0.2131	1.0000	447
mut_I3	M0453	coverage	61	9.2600	0.0000	0.0000	1.0000	447
mut_I3	M0510	idf	62	3.5700	1.0000	0.9355	1.0000	452
mut_I3	M0510	coverage	62	3.5700	1.0000	0.7097	1.0000	452
mut_I3	M0216	idf	1150	4.5200	1.0000	0.4330	1.0000	499
mut_I3	M0216	coverage	1150	4.5200	1.0000	0.4330	1.0000	499
mut_I3	M0448	idf	7	1.6100	0.0000	0.0000	0.0000	477
mut_I3	M0448	coverage	7	1.6100	0.0000	0.0000	0.0000	477
mut_I3	M0732	idf	18	3.4900	0.0000	0.0000	1.0000	446
mut_I3	M0732	coverage	18	3.4900	0.0000	0.0000	1.0000	446
mut_I3	M0734	idf	5	2.1000	1.0000	0.2000	1.0000	444
mut_I3	M0734	coverage	5	2.1000	0.0000	0.0000	1.0000	444
mut_I3	M0456	idf	17	1.6800	0.0000	0.0000	1.0000	467
mut_I3	M0456	coverage	17	1.6800	0.0000	0.0000	1.0000	467
mut_I3	M0278	idf	74	1.6200	1.0000	0.5946	1.0000	439
mut_I3	M0278	coverage	74	1.6200	1.0000	0.7703	1.0000	439
mut_I3	M0682	idf	290	1.7600	0.0000	0.0000	1.0000	479
mut_I3	M0682	coverage	290	1.7600	1.0000	0.4138	1.0000	479
mut_I3	M0381	idf	68	1.6700	0.0000	0.0000	1.0000	391
mut_I3	M0381	coverage	68	1.6700	1.0000	0.5735	1.0000	391
mut_I3	M0759	idf	73	7.1600	0.0000	0.0000	0.0000	440
mut_I3	M0759	coverage	73	7.1600	0.0000	0.0000	0.0000	440
mut_I3	M0916	idf	1	3.5900	1.0000	1.0000	1.0000	433
mut_I3	M0916	coverage	1	3.5900	0.0000	0.0000	1.0000	433
mut_I3	M0122	idf	21	6.3700	1.0000	0.3810	1.0000	445
mut_I3	M0122	coverage	21	6.3700	1.0000	0.1429	1.0000	445
mut_I3	M0435	idf	17	19.3700	1.0000	0.0588	1.0000	477
mut_I3	M0435	coverage	17	19.3700	0.0000	0.0000	1.0000	477
mut_I3	M0519	idf	16	7.9200	1.0000	1.0000	1.0000	416
mut_I3	M0519	coverage	16	7.9200	1.0000	0.2500	1.0000	416
mut_I3	M0506	idf	113	3.3800	1.0000	0.5133	1.0000	462
mut_I3	M0506	coverage	113	3.3800	0.0000	0.0000	1.0000	462
mut_I3	M0357	idf	5	3.6200	0.0000	0.0000	1.0000	444
mut_I3	M0357	coverage	5	3.6200	1.0000	0.4000	1.0000	444
mut_I3	M0414	idf	82	3.5700	1.0000	0.8049	1.0000	470
mut_I3	M0414	coverage	82	3.5700	0.0000	0.0000	1.0000	470
mut_I3	M0096	idf	23	3.9400	0.0000	0.0000	1.0000	425
mut_I3	M0096	coverage	23	3.9400	1.0000	0.0435	1.0000	425
mut_I3	M0885	idf	15	8.4200	1.0000	0.6667	1.0000	442
mut_I3	M0885	coverage	15	8.4200	1.0000	0.1333	1.0000	442
mut_I3	M0738	idf	15	3.8900	1.0000	1.0000	1.0000	467
mut_I3	M0738	coverage	15	3.8900	1.0000	0.6667	1.0000	467
mut_I3	M0545	idf	19	3.5100	0.0000	0.0000	1.0000	436
mut_I3	M0545	coverage	19	3.5100	1.0000	0.5789	1.0000	436
mut_I3	M0815	idf	238	1.6800	1.0000	0.3529	1.0000	485
mut_I3	M0815	coverage	238	1.6800	0.0000	0.0000	1.0000	485
mut_I3	M0077	idf	101	4.0300	0.0000	0.0000	1.0000	457
mut_I3	M0077	coverage	101	4.0300	1.0000	0.3762	1.0000	457
mut_I3	M0851	idf	22	2.1400	0.0000	0.0000	1.0000	424
mut_I3	M0851	coverage	22	2.1400	0.0000	0.0000	1.0000	424
mut_I3	M0862	idf	17	3.5600	0.0000	0.0000	1.0000	439
mut_I3	M0862	coverage	17	3.5600	0.0000	0.0000	1.0000	439
mut_I3	M0736	idf	3	3.7400	0.0000	0.0000	1.0000	450
mut_I3	M0736	coverage	3	3.7400	0.0000	0.0000	1.0000	450
mut_I3	M0819	idf	25	3.4300	0.0000	0.0000	1.0000	421
mut_I3	M0819	coverage	25	3.4300	0.0000	0.0000	1.0000	421
mut_I3	M0822	idf	2	3.5800	0.0000	0.0000	1.0000	401
mut_I3	M0822	coverage	2	3.5800	0.0000	0.0000	1.0000	401
mut_I3	M0136	idf	9	4.6700	1.0000	0.8889	1.0000	454
mut_I3	M0136	coverage	9	4.6700	1.0000	0.6667	1.0000	454
mut_I3	M0054	idf	44	2.0700	0.0000	0.0000	1.0000	437
mut_I3	M0054	coverage	44	2.0700	1.0000	0.7045	1.0000	437
mut_I3	M0612	idf	82	7.3300	0.0000	0.0000	1.0000	450
mut_I3	M0612	coverage	82	7.3300	1.0000	0.7195	1.0000	450
mut_I3	M0010	idf	13	3.5400	1.0000	0.9231	1.0000	444
mut_I3	M0010	coverage	13	3.5400	1.0000	0.9231	1.0000	444
mut_I3	M0709	idf	289	3.5800	0.0000	0.0000	1.0000	417
mut_I3	M0709	coverage	289	3.5800	1.0000	0.0346	1.0000	417
mut_I3	M0940	idf	104	8.4500	0.0000	0.0000	1.0000	492
mut_I3	M0940	coverage	104	8.4500	0.0000	0.0000	1.0000	492
mut_I3	M0172	idf	12	8.4200	0.0000	0.0000	1.0000	457
mut_I3	M0172	coverage	12	8.4200	1.0000	0.5833	1.0000	457
mut_I3	M0693	idf	362	3.3500	0.0000	0.0000	1.0000	432
mut_I3	M0693	coverage	362	3.3500	1.0000	0.0028	1.0000	432
mut_I3	M0159	idf	148	7.7900	1.0000	0.9189	1.0000	476
mut_I3	M0159	coverage	148	7.7900	1.0000	0.1081	1.0000	476
mut_I3	M0835	idf	9	4.5800	0.0000	0.0000	1.0000	418
mut_I3	M0835	coverage	9	4.5800	0.0000	0.0000	1.0000	418
mut_I3	M0810	idf	37	4.3000	1.0000	0.3243	1.0000	431
mut_I3	M0810	coverage	37	4.3000	1.0000	0.3243	1.0000	431
mut_I3	M0434	idf	12	8.3800	1.0000	0.6667	1.0000	460
mut_I3	M0434	coverage	12	8.3800	1.0000	0.0833	1.0000	460
mut_I3	M0653	idf	23	3.5000	1.0000	0.0435	1.0000	429
mut_I3	M0653	coverage	23	3.5000	1.0000	0.0435	1.0000	429
mut_I3	M0205	idf	259	8.3800	1.0000	0.5830	1.0000	471
mut_I3	M0205	coverage	259	8.3800	1.0000	0.9344	1.0000	471
mut_I3	M0939	idf	13	0.8700	1.0000	0.4615	1.0000	447
mut_I3	M0939	coverage	13	0.8700	1.0000	0.3077	1.0000	447
mut_I3	M0918	idf	65	7.8300	0.0000	0.0000	1.0000	447
mut_I3	M0918	coverage	65	7.8300	1.0000	0.0462	1.0000	447
mut_I3	M0858	idf	351	3.4500	1.0000	0.1168	1.0000	465
mut_I3	M0858	coverage	351	3.4500	1.0000	0.8177	1.0000	465
mut_I3	M0420	idf	17	1.6500	1.0000	0.1176	1.0000	444
mut_I3	M0420	coverage	17	1.6500	1.0000	0.1176	1.0000	444
mut_I3	M0879	idf	15	3.5700	0.0000	0.0000	0.0000	443
mut_I3	M0879	coverage	15	3.5700	0.0000	0.0000	0.0000	443
mut_I3	M0371	idf	122	3.8600	1.0000	0.0656	1.0000	412
mut_I3	M0371	coverage	122	3.8600	0.0000	0.0000	1.0000	412
mut_I3	M0020	idf	115	8.5000	0.0000	0.0000	1.0000	470
mut_I3	M0020	coverage	115	8.5000	1.0000	0.0087	1.0000	470
mut_I3	M0855	idf	38	3.5200	1.0000	0.2632	1.0000	433
mut_I3	M0855	coverage	38	3.5200	1.0000	0.1579	1.0000	433
mut_I3	M0957	idf	186	7.2300	0.0000	0.0000	1.0000	490
mut_I3	M0957	coverage	186	7.2300	0.0000	0.0000	1.0000	490
mut_I3	M0505	idf	27	3.5000	1.0000	0.1481	1.0000	448
mut_I3	M0505	coverage	27	3.5000	1.0000	0.0741	1.0000	448
mut_I3	M0477	idf	70	3.1600	1.0000	0.4286	1.0000	463
mut_I3	M0477	coverage	70	3.1600	1.0000	0.5714	1.0000	463
mut_I3	M0829	idf	6	3.5400	1.0000	0.1667	1.0000	448
mut_I3	M0829	coverage	6	3.5400	0.0000	0.0000	1.0000	448
mut_I3	M0884	idf	19	4.2400	0.0000	0.0000	1.0000	431
mut_I3	M0884	coverage	19	4.2400	1.0000	0.5263	1.0000	431
mut_I3	M0384	idf	67	3.0300	1.0000	0.0746	1.0000	391
mut_I3	M0384	coverage	67	3.0300	0.0000	0.0000	1.0000	391
mut_I3	M0065	idf	53	3.8400	1.0000	0.3585	1.0000	449
mut_I3	M0065	coverage	53	3.8400	1.0000	0.3396	1.0000	449
mut_I3	M0123	idf	2	10.6000	1.0000	1.0000	1.0000	459
mut_I3	M0123	coverage	2	10.6000	1.0000	0.5000	1.0000	459
mut_I3	M0580	idf	9	3.4400	0.0000	0.0000	1.0000	446
mut_I3	M0580	coverage	9	3.4400	1.0000	0.3333	1.0000	446
mut_I3	M0033	idf	14	3.4700	1.0000	0.0714	1.0000	407
mut_I3	M0033	coverage	14	3.4700	0.0000	0.0000	1.0000	407
mut_I3	M0281	idf	1	8.6000	1.0000	1.0000	1.0000	429
mut_I3	M0281	coverage	1	8.6000	1.0000	1.0000	1.0000	429
mut_I3	M0544	idf	12	3.8400	1.0000	0.0833	1.0000	436
mut_I3	M0544	coverage	12	3.8400	1.0000	0.0833	1.0000	436
mut_I3	M0212	idf	83	20.6400	0.0000	0.0000	1.0000	449
mut_I3	M0212	coverage	83	20.6400	1.0000	0.6024	1.0000	449
mut_I3	M0426	idf	18	3.9200	1.0000	0.6111	1.0000	430
mut_I3	M0426	coverage	18	3.9200	1.0000	0.0556	1.0000	430
mut_I3	M0905	idf	198	1.7300	0.0000	0.0000	1.0000	439
mut_I3	M0905	coverage	198	1.7300	0.0000	0.0000	1.0000	439
mut_I3	M0843	idf	14	1.7100	0.0000	0.0000	1.0000	446
mut_I3	M0843	coverage	14	1.7100	1.0000	0.5714	1.0000	446
mut_I3	M0263	idf	24	3.9400	0.0000	0.0000	1.0000	382
mut_I3	M0263	coverage	24	3.9400	1.0000	0.2500	1.0000	382
mut_I3	M0697	idf	155	3.8900	0.0000	0.0000	1.0000	468
mut_I3	M0697	coverage	155	3.8900	1.0000	0.8839	1.0000	468
mut_I3	M0260	idf	21	4.1700	1.0000	0.8571	1.0000	415
mut_I3	M0260	coverage	21	4.1700	1.0000	0.4286	1.0000	415
mut_I3	M0379	idf	41	9.3700	1.0000	1.0000	1.0000	459
mut_I3	M0379	coverage	41	9.3700	1.0000	0.4634	1.0000	459
mut_I3	M0377	idf	189	8.0000	1.0000	0.0317	1.0000	479
mut_I3	M0377	coverage	189	8.0000	0.0000	0.0000	1.0000	479
mut_I3	M0547	idf	4	1.6900	1.0000	0.7500	1.0000	447
mut_I3	M0547	coverage	4	1.6900	1.0000	0.7500	1.0000	447
mut_I3	M0508	idf	6	6.4100	1.0000	1.0000	1.0000	463
mut_I3	M0508	coverage	6	6.4100	1.0000	0.1667	1.0000	463
mut_I3	M0401	idf	392	3.4700	0.0000	0.0000	1.0000	495
mut_I3	M0401	coverage	392	3.4700	0.0000	0.0000	1.0000	495
mut_I3	M0755	idf	11	1.7400	1.0000	0.6364	1.0000	439
mut_I3	M0755	coverage	11	1.7400	1.0000	0.0909	1.0000	439
mut_I3	M0458	idf	25	2.1300	0.0000	0.0000	1.0000	430
mut_I3	M0458	coverage	25	2.1300	1.0000	0.1600	1.0000	430
mut_I3	M0314	idf	45	20.3200	0.0000	0.0000	1.0000	441
mut_I3	M0314	coverage	45	20.3200	1.0000	0.0667	1.0000	441
mut_I3	M0210	idf	220	4.0300	1.0000	0.0091	1.0000	451
mut_I3	M0210	coverage	220	4.0300	0.0000	0.0000	1.0000	451
mut_I3	M0154	idf	62	3.2800	0.0000	0.0000	1.0000	424
mut_I3	M0154	coverage	62	3.2800	1.0000	0.8548	1.0000	424
mut_I3	M0502	idf	20	10.4800	1.0000	0.2000	1.0000	462
mut_I3	M0502	coverage	20	10.4800	0.0000	0.0000	1.0000	462
mut_I3	M0031	idf	290	6.1500	1.0000	0.2207	1.0000	468
mut_I3	M0031	coverage	290	6.1500	1.0000	0.5655	1.0000	468
mut_I3	M0178	idf	273	5.9800	0.0000	0.0000	1.0000	448
mut_I3	M0178	coverage	273	5.9800	1.0000	0.0147	1.0000	448
mut_I3	M0019	idf	21	8.2900	0.0000	0.0000	1.0000	426
mut_I3	M0019	coverage	21	8.2900	1.0000	0.7619	1.0000	426
mut_I3	M0125	idf	19	8.4100	1.0000	0.8947	1.0000	420
mut_I3	M0125	coverage	19	8.4100	1.0000	0.7368	1.0000	420
mut_I3	M0181	idf	8	8.4700	1.0000	0.2500	1.0000	442
mut_I3	M0181	coverage	8	8.4700	1.0000	0.1250	1.0000	442
mut_I3	M0466	idf	6	7.1700	1.0000	0.6667	1.0000	457
mut_I3	M0466	coverage	6	7.1700	0.0000	0.0000	1.0000	457
mut_I3	M0058	idf	37	3.5600	1.0000	0.0270	1.0000	434
mut_I3	M0058	coverage	37	3.5600	0.0000	0.0000	1.0000	434
mut_I3	M0683	idf	27	5.2300	1.0000	0.8889	1.0000	419
mut_I3	M0683	coverage	27	5.2300	1.0000	0.0741	1.0000	419
mut_I3	M0925	idf	22	2.9300	0.0000	0.0000	1.0000	443
mut_I3	M0925	coverage	22	2.9300	1.0000	0.0455	1.0000	443
mut_I3	M0081	idf	9	6.5600	1.0000	0.3333	1.0000	445
mut_I3	M0081	coverage	9	6.5600	1.0000	0.2222	1.0000	445
mut_I3	M0090	idf	60	12.9000	1.0000	0.9500	1.0000	473
mut_I3	M0090	coverage	60	12.9000	1.0000	0.0833	1.0000	473
mut_I3	M0429	idf	47	3.5200	0.0000	0.0000	1.0000	452
mut_I3	M0429	coverage	47	3.5200	1.0000	0.9362	1.0000	452
mut_I3	M0447	idf	2	3.5100	0.0000	0.0000	1.0000	432
mut_I3	M0447	coverage	2	3.5100	0.0000	0.0000	1.0000	432
mut_I3	M0768	idf	19	4.6300	1.0000	0.5263	1.0000	426
mut_I3	M0768	coverage	19	4.6300	1.0000	0.1579	1.0000	426
mut_I3	M0261	idf	19	4.9300	1.0000	0.0526	1.0000	398
mut_I3	M0261	coverage	19	4.9300	1.0000	0.0526	1.0000	398
mut_I3	M0234	idf	8	5.4200	1.0000	0.5000	1.0000	427
mut_I3	M0234	coverage	8	5.4200	0.0000	0.0000	1.0000	427
mut_I3	M0958	idf	236	7.5600	0.0000	0.0000	1.0000	491
mut_I3	M0958	coverage	236	7.5600	0.0000	0.0000	1.0000	491
mut_I3	M0387	idf	2048	3.4600	1.0000	0.0229	1.0000	482
mut_I3	M0387	coverage	2048	3.4600	0.0000	0.0000	1.0000	482
mut_I3	M0520	idf	440	3.4600	0.0000	0.0000	1.0000	480
mut_I3	M0520	coverage	440	3.4600	0.0000	0.0000	1.0000	480
mut_I3	M0910	idf	7	3.9200	1.0000	0.8571	1.0000	411
mut_I3	M0910	coverage	7	3.9200	1.0000	0.8571	1.0000	411
mut_I3	M0398	idf	36	8.3400	1.0000	1.0000	1.0000	449
mut_I3	M0398	coverage	36	8.3400	0.0000	0.0000	1.0000	449
mut_I3	M0040	idf	52	3.4800	0.0000	0.0000	1.0000	425
mut_I3	M0040	coverage	52	3.4800	0.0000	0.0000	1.0000	425
mut_I3	M0808	idf	3	3.6200	1.0000	1.0000	1.0000	437
mut_I3	M0808	coverage	3	3.6200	0.0000	0.0000	1.0000	437
mut_I3	M0781	idf	6	3.5700	1.0000	0.6667	1.0000	463
mut_I3	M0781	coverage	6	3.5700	1.0000	0.6667	1.0000	463
mut_I3	M0410	idf	30	7.8400	0.0000	0.0000	1.0000	419
mut_I3	M0410	coverage	30	7.8400	0.0000	0.0000	1.0000	419
mut_I3	M0250	idf	14	3.9400	1.0000	0.7143	1.0000	430
mut_I3	M0250	coverage	14	3.9400	1.0000	0.0714	1.0000	430
mut_I3	M0748	idf	19	1.1100	1.0000	0.3684	1.0000	477
mut_I3	M0748	coverage	19	1.1100	1.0000	1.0000	1.0000	477
mut_I3	M0515	idf	20	8.4100	1.0000	0.1000	1.0000	451
mut_I3	M0515	coverage	20	8.4100	1.0000	0.2500	1.0000	451
mut_I3	M0920	idf	21	5.1100	0.0000	0.0000	1.0000	465
mut_I3	M0920	coverage	21	5.1100	1.0000	0.2381	1.0000	465
mut_I3	M0655	idf	6	1.6900	0.0000	0.0000	1.0000	446
mut_I3	M0655	coverage	6	1.6900	0.0000	0.0000	1.0000	446
mut_I3	M0227	idf	38	4.3000	1.0000	0.2105	1.0000	456
mut_I3	M0227	coverage	38	4.3000	0.0000	0.0000	1.0000	456
mut_I3	M0272	idf	35	8.5800	1.0000	0.0571	1.0000	394
mut_I3	M0272	coverage	35	8.5800	1.0000	0.0857	1.0000	394
mut_I3	M0093	idf	10	3.4900	0.0000	0.0000	0.0000	435
mut_I3	M0093	coverage	10	3.4900	0.0000	0.0000	0.0000	435
mut_I3	M0625	idf	5	3.6100	0.0000	0.0000	0.0000	441
mut_I3	M0625	coverage	5	3.6100	0.0000	0.0000	0.0000	441
mut_I3	M0321	idf	19	3.5100	1.0000	0.5263	1.0000	440
mut_I3	M0321	coverage	19	3.5100	0.0000	0.0000	1.0000	440
mut_I3	M0048	idf	98	7.0000	1.0000	0.2755	1.0000	423
mut_I3	M0048	coverage	98	7.0000	1.0000	0.0204	1.0000	423
mut_I3	M0043	idf	20	8.2600	1.0000	1.0000	1.0000	472
mut_I3	M0043	coverage	20	8.2600	1.0000	0.6500	1.0000	472
mut_I3	M0900	idf	441	2.1300	0.0000	0.0000	1.0000	497
mut_I3	M0900	coverage	441	2.1300	0.0000	0.0000	1.0000	497
mut_I3	M0857	idf	12	5.4600	1.0000	0.3333	1.0000	398
mut_I3	M0857	coverage	12	5.4600	0.0000	0.0000	1.0000	398
mut_I3	M0964	idf	68	3.4400	1.0000	0.1176	1.0000	397
mut_I3	M0964	coverage	68	3.4400	0.0000	0.0000	1.0000	397
mut_I3	M0131	idf	36	7.2500	1.0000	0.4722	1.0000	437
mut_I3	M0131	coverage	36	7.2500	1.0000	0.9167	1.0000	437
mut_I3	M0754	idf	9	1.7000	1.0000	0.3333	1.0000	454
mut_I3	M0754	coverage	9	1.7000	1.0000	0.1111	1.0000	454
mut_I3	M0313	idf	17	1.7200	0.0000	0.0000	1.0000	438
mut_I3	M0313	coverage	17	1.7200	1.0000	0.8235	1.0000	438
mut_I3	M0092	idf	41	6.5200	1.0000	0.4390	1.0000	443
mut_I3	M0092	coverage	41	6.5200	1.0000	0.0244	1.0000	443
mut_I3	M0108	idf	3	3.4900	0.0000	0.0000	1.0000	430
mut_I3	M0108	coverage	3	3.4900	0.0000	0.0000	1.0000	430
mut_I3	M0139	idf	76	4.0600	0.0000	0.0000	1.0000	430
mut_I3	M0139	coverage	76	4.0600	1.0000	0.0132	1.0000	430
mut_I3	M0235	idf	17	1.7000	0.0000	0.0000	1.0000	441
mut_I3	M0235	coverage	17	1.7000	1.0000	0.1765	1.0000	441
mut_I3	M0444	idf	83	3.5800	1.0000	0.7470	1.0000	464
mut_I3	M0444	coverage	83	3.5800	1.0000	0.0120	1.0000	464
mut_I3	M0623	idf	16	3.4600	1.0000	1.0000	1.0000	470
mut_I3	M0623	coverage	16	3.4600	1.0000	1.0000	1.0000	470
mut_I3	M0919	idf	18	3.5300	1.0000	0.3333	1.0000	436
mut_I3	M0919	coverage	18	3.5300	0.0000	0.0000	1.0000	436
mut_I3	M0369	idf	82	3.5700	1.0000	0.1829	1.0000	397
mut_I3	M0369	coverage	82	3.5700	1.0000	0.1220	1.0000	397
mut_I3	M0253	idf	212	9.2900	1.0000	0.7736	1.0000	431
mut_I3	M0253	coverage	212	9.2900	1.0000	0.0660	1.0000	431
mut_I3	M0254	idf	17	17.9700	1.0000	1.0000	1.0000	455
mut_I3	M0254	coverage	17	17.9700	1.0000	0.7647	1.0000	455
mut_I3	M0301	idf	51	4.0700	1.0000	0.0196	1.0000	433
mut_I3	M0301	coverage	51	4.0700	0.0000	0.0000	1.0000	433
mut_I3	M0674	idf	31	3.5000	0.0000	0.0000	1.0000	421
mut_I3	M0674	coverage	31	3.5000	1.0000	0.1290	1.0000	421
mut_I3	M0100	idf	360	4.2700	1.0000	0.0056	1.0000	443
mut_I3	M0100	coverage	360	4.2700	0.0000	0.0000	1.0000	443
mut_I3	M0231	idf	13	4.8400	1.0000	0.9231	1.0000	420
mut_I3	M0231	coverage	13	4.8400	1.0000	0.2308	1.0000	420
mut_I3	M0816	idf	238	1.7100	0.0000	0.0000	1.0000	444
mut_I3	M0816	coverage	238	1.7100	0.0000	0.0000	1.0000	444
mut_I3	M0472	idf	94	9.4300	1.0000	0.9681	1.0000	465
mut_I3	M0472	coverage	94	9.4300	1.0000	0.4681	1.0000	465
mut_I3	M0962	idf	134	8.0700	1.0000	0.0224	1.0000	480
mut_I3	M0962	coverage	134	8.0700	1.0000	0.0299	1.0000	480
mut_I3	M0795	idf	79	5.0300	1.0000	0.2025	1.0000	366
mut_I3	M0795	coverage	79	5.0300	0.0000	0.0000	1.0000	366
mut_I3	M0727	idf	22	6.1800	1.0000	0.3182	1.0000	445
mut_I3	M0727	coverage	22	6.1800	1.0000	0.1818	1.0000	445
mut_I3	M0497	idf	15	9.4100	1.0000	0.6000	1.0000	420
mut_I3	M0497	coverage	15	9.4100	1.0000	0.1333	1.0000	420
mut_I3	M0338	idf	23	2.3300	1.0000	0.2174	1.0000	442
mut_I3	M0338	coverage	23	2.3300	1.0000	0.0870	1.0000	442
mut_I3	M0947	idf	43	3.4700	1.0000	0.6047	1.0000	438
mut_I3	M0947	coverage	43	3.4700	1.0000	0.5581	1.0000	438
mut_I3	M0163	idf	47	3.0900	1.0000	0.5745	1.0000	442
mut_I3	M0163	coverage	47	3.0900	1.0000	0.0426	1.0000	442
mut_I3	M0959	idf	155	7.5300	0.0000	0.0000	1.0000	492
mut_I3	M0959	coverage	155	7.5300	0.0000	0.0000	1.0000	492
mut_I3	M0433	idf	210	1.6700	0.0000	0.0000	1.0000	422
mut_I3	M0433	coverage	210	1.6700	0.0000	0.0000	1.0000	422
mut_I3	M0416	idf	4	8.4900	1.0000	1.0000	1.0000	436
mut_I3	M0416	coverage	4	8.4900	1.0000	0.7500	1.0000	436
mut_I3	M0850	idf	31	3.2700	0.0000	0.0000	1.0000	427
mut_I3	M0850	coverage	31	3.2700	1.0000	0.3548	1.0000	427
mut_I3	M0454	idf	14	3.5600	1.0000	1.0000	1.0000	451
mut_I3	M0454	coverage	14	3.5600	1.0000	0.7857	1.0000	451
mut_I3	M0351	idf	24	3.9400	0.0000	0.0000	1.0000	432
mut_I3	M0351	coverage	24	3.9400	1.0000	0.3750	1.0000	432
mut_I3	M0425	idf	2084	2.3100	0.0000	0.0000	1.0000	438
mut_I3	M0425	coverage	2084	2.3100	1.0000	0.0005	1.0000	438
mut_I3	M0067	idf	39	3.4800	1.0000	0.1538	1.0000	438
mut_I3	M0067	coverage	39	3.4800	0.0000	0.0000	1.0000	438
mut_I3	M0550	idf	20	3.5000	0.0000	0.0000	1.0000	457
mut_I3	M0550	coverage	20	3.5000	0.0000	0.0000	1.0000	457
mut_I3	M0792	idf	10	1.7500	0.0000	0.0000	1.0000	433
mut_I3	M0792	coverage	10	1.7500	0.0000	0.0000	1.0000	433
mut_I3	M0961	idf	144	7.2000	0.0000	0.0000	1.0000	487
mut_I3	M0961	coverage	144	7.2000	1.0000	0.0208	1.0000	487
mut_I3	M0109	idf	207	5.8500	1.0000	0.5169	1.0000	462
mut_I3	M0109	coverage	207	5.8500	1.0000	0.4928	1.0000	462
mut_I3	M0257	idf	222	7.5300	1.0000	0.8919	1.0000	473
mut_I3	M0257	coverage	222	7.5300	1.0000	0.0180	1.0000	473
mut_I3	M0789	idf	51	2.2700	0.0000	0.0000	1.0000	443
mut_I3	M0789	coverage	51	2.2700	1.0000	0.4902	1.0000	443
mut_I3	M0363	idf	64	3.0000	0.0000	0.0000	1.0000	457
mut_I3	M0363	coverage	64	3.0000	0.0000	0.0000	1.0000	457
mut_I3	M0391	idf	14	2.3600	0.0000	0.0000	1.0000	468
mut_I3	M0391	coverage	14	2.3600	0.0000	0.0000	1.0000	468
mut_I3	M0826	idf	21	2.9000	0.0000	0.0000	1.0000	439
mut_I3	M0826	coverage	21	2.9000	0.0000	0.0000	1.0000	439
mut_I3	M0952	idf	5	1.7100	1.0000	0.6000	1.0000	417
mut_I3	M0952	coverage	5	1.7100	1.0000	0.6000	1.0000	417
mut_I3	M0117	idf	100	3.3400	0.0000	0.0000	1.0000	471
mut_I3	M0117	coverage	100	3.3400	1.0000	0.0100	1.0000	471
mut_I3	M0854	idf	122	4.5100	0.0000	0.0000	1.0000	454
mut_I3	M0854	coverage	122	4.5100	1.0000	0.0246	1.0000	454
mut_I3	M0881	idf	155	4.8300	1.0000	0.8645	1.0000	448
mut_I3	M0881	coverage	155	4.8300	1.0000	0.7226	1.0000	448
mut_I3	M0874	idf	1	2.5400	0.0000	0.0000	1.0000	447
mut_I3	M0874	coverage	1	2.5400	0.0000	0.0000	1.0000	447
mut_I3	M0597	idf	27	2.2900	1.0000	0.1481	1.0000	444
mut_I3	M0597	coverage	27	2.2900	1.0000	0.4444	1.0000	444
mut_I3	M0070	idf	159	3.5100	0.0000	0.0000	1.0000	424
mut_I3	M0070	coverage	159	3.5100	1.0000	0.0126	1.0000	424
mut_I3	M0423	idf	94	4.4500	0.0000	0.0000	1.0000	451
mut_I3	M0423	coverage	94	4.4500	0.0000	0.0000	1.0000	451
mut_I3	M0266	idf	35	4.4800	1.0000	0.6286	1.0000	460
mut_I3	M0266	coverage	35	4.4800	1.0000	0.3429	1.0000	460
mut_I3	M0262	idf	19	7.7700	1.0000	1.0000	1.0000	426
mut_I3	M0262	coverage	19	7.7700	1.0000	0.9474	1.0000	426
mut_I3	M0806	idf	3	1.6500	0.0000	0.0000	1.0000	464
mut_I3	M0806	coverage	3	1.6500	1.0000	0.3333	1.0000	464
mut_I3	M0937	idf	31	3.2000	0.0000	0.0000	1.0000	416
mut_I3	M0937	coverage	31	3.2000	1.0000	0.4516	1.0000	416
mut_I3	M0066	idf	57	3.4600	1.0000	0.0877	1.0000	437
mut_I3	M0066	coverage	57	3.4600	1.0000	0.3684	1.0000	437
mut_I3	M0462	idf	48	3.8800	1.0000	0.8958	1.0000	446
mut_I3	M0462	coverage	48	3.8800	0.0000	0.0000	1.0000	446
mut_I3	M0380	idf	21	5.2200	1.0000	0.1905	1.0000	451
mut_I3	M0380	coverage	21	5.2200	1.0000	0.1429	1.0000	451
mut_I3	M0403	idf	16	4.6400	1.0000	0.6875	1.0000	475
mut_I3	M0403	coverage	16	4.6400	1.0000	0.3125	1.0000	475
mut_I3	M0141	idf	25	20.8500	1.0000	0.1200	1.0000	440
mut_I3	M0141	coverage	25	20.8500	1.0000	0.1200	1.0000	440
mut_I3	M0237	idf	555	3.5400	0.0000	0.0000	1.0000	429
mut_I3	M0237	coverage	555	3.5400	1.0000	0.0306	1.0000	429
mut_I3	M0642	idf	24	3.5100	1.0000	0.1667	1.0000	406
mut_I3	M0642	coverage	24	3.5100	1.0000	0.0417	1.0000	406
mut_I3	M0142	idf	13	3.9400	0.0000	0.0000	1.0000	449
mut_I3	M0142	coverage	13	3.9400	1.0000	0.3077	1.0000	449
mut_I3	M0798	idf	2073	3.5300	0.0000	0.0000	1.0000	494
mut_I3	M0798	coverage	2073	3.5300	0.0000	0.0000	1.0000	494
mut_I3	M0574	idf	111	8.2700	1.0000	0.3514	1.0000	444
mut_I3	M0574	coverage	111	8.2700	1.0000	0.4414	1.0000	444
mut_I3	M0663	idf	96	2.1700	1.0000	0.1042	1.0000	407
mut_I3	M0663	coverage	96	2.1700	1.0000	0.1354	1.0000	407
mut_I3	M0348	idf	165	9.1200	0.0000	0.0000	1.0000	491
mut_I3	M0348	coverage	165	9.1200	0.0000	0.0000	1.0000	491
mut_I3	M0353	idf	11	1.7600	1.0000	0.0909	1.0000	403
mut_I3	M0353	coverage	11	1.7600	1.0000	0.4545	1.0000	403
mut_I3	M0028	idf	19	4.1700	1.0000	1.0000	1.0000	446
mut_I3	M0028	coverage	19	4.1700	1.0000	1.0000	1.0000	446
mut_I3	M0308	idf	172	9.4600	1.0000	1.0000	1.0000	466
mut_I3	M0308	coverage	172	9.4600	1.0000	0.8488	1.0000	466
mut_I3	M0860	idf	6	4.8400	0.0000	0.0000	1.0000	457
mut_I3	M0860	coverage	6	4.8400	1.0000	0.3333	1.0000	457
mut_I3	M0188	idf	117	3.5800	0.0000	0.0000	1.0000	375
mut_I3	M0188	coverage	117	3.5800	1.0000	0.0171	1.0000	375
mut_I3	M0003	idf	94	2.1900	0.0000	0.0000	1.0000	436
mut_I3	M0003	coverage	94	2.1900	0.0000	0.0000	1.0000	436
mut_I3	M0906	idf	265	1.7000	0.0000	0.0000	1.0000	480
mut_I3	M0906	coverage	265	1.7000	1.0000	0.6679	1.0000	480
mut_I3	M0590	idf	19	3.5100	1.0000	0.0526	1.0000	447
mut_I3	M0590	coverage	19	3.5100	1.0000	0.1053	1.0000	447
mut_I3	M0293	idf	60	3.5300	1.0000	0.2500	1.0000	433
mut_I3	M0293	coverage	60	3.5300	1.0000	0.3500	1.0000	433
mut_I3	M0651	idf	56	1.6700	0.0000	0.0000	1.0000	441
mut_I3	M0651	coverage	56	1.6700	0.0000	0.0000	1.0000	441
mut_I3	M0297	idf	17	1.0200	0.0000	0.0000	1.0000	471
mut_I3	M0297	coverage	17	1.0200	0.0000	0.0000	1.0000	471
mut_I3	M0194	idf	63	8.3900	1.0000	0.9048	1.0000	429
mut_I3	M0194	coverage	63	8.3900	1.0000	0.1746	1.0000	429
mut_I3	M0589	idf	26	2.3900	1.0000	0.1154	1.0000	434
mut_I3	M0589	coverage	26	2.3900	0.0000	0.0000	1.0000	434
mut_I3	M0669	idf	10	3.0800	1.0000	0.1000	1.0000	381
mut_I3	M0669	coverage	10	3.0800	0.0000	0.0000	1.0000	381
mut_I3	M0742	idf	2	3.5400	1.0000	1.0000	1.0000	429
mut_I3	M0742	coverage	2	3.5400	0.0000	0.0000	1.0000	429
mut_I3	M0298	idf	164	3.5200	0.0000	0.0000	1.0000	474
mut_I3	M0298	coverage	164	3.5200	1.0000	0.0488	1.0000	474
mut_I3	M0440	idf	43	4.1500	1.0000	0.3953	1.0000	444
mut_I3	M0440	coverage	43	4.1500	1.0000	0.3953	1.0000	444
mut_I3	M0386	idf	4	8.9200	1.0000	1.0000	1.0000	433
mut_I3	M0386	coverage	4	8.9200	1.0000	1.0000	1.0000	433
mut_I3	M0087	idf	50	7.5500	1.0000	1.0000	1.0000	461
mut_I3	M0087	coverage	50	7.5500	1.0000	0.2600	1.0000	461
mut_I4	M0346	idf	37	3.5300	1.0000	0.0270	1.0000	434
mut_I4	M0346	coverage	37	3.5300	0.0000	0.0000	1.0000	434
mut_I4	M0376	idf	41	8.2600	1.0000	0.8537	1.0000	444
mut_I4	M0376	coverage	41	8.2600	1.0000	0.7805	1.0000	444
mut_I4	M0431	idf	3	3.8600	1.0000	1.0000	1.0000	423
mut_I4	M0431	coverage	3	3.8600	1.0000	1.0000	1.0000	423
mut_I4	M0243	idf	11	6.7300	1.0000	1.0000	1.0000	438
mut_I4	M0243	coverage	11	6.7300	0.0000	0.0000	1.0000	438
mut_I4	M0294	idf	108	9.3500	1.0000	0.1852	1.0000	457
mut_I4	M0294	coverage	108	9.3500	0.0000	0.0000	1.0000	457
mut_I4	M0895	idf	121	2.0600	0.0000	0.0000	1.0000	446
mut_I4	M0895	coverage	121	2.0600	1.0000	0.0165	1.0000	446
mut_I4	M0104	idf	4	9.4300	1.0000	1.0000	1.0000	395
mut_I4	M0104	coverage	4	9.4300	0.0000	0.0000	1.0000	395
mut_I4	M0869	idf	5	2.1100	0.0000	0.0000	1.0000	427
mut_I4	M0869	coverage	5	2.1100	0.0000	0.0000	1.0000	427
mut_I4	M0075	idf	2	8.5500	0.0000	0.0000	1.0000	407
mut_I4	M0075	coverage	2	8.5500	0.0000	0.0000	1.0000	407
mut_I4	M0134	idf	55	3.5600	0.0000	0.0000	1.0000	443
mut_I4	M0134	coverage	55	3.5600	1.0000	0.8909	1.0000	443
mut_I4	M0206	idf	75	9.3600	1.0000	0.9467	1.0000	417
mut_I4	M0206	coverage	75	9.3600	1.0000	0.2800	1.0000	417
mut_I4	M0044	idf	67	9.0500	1.0000	0.9552	1.0000	451
mut_I4	M0044	coverage	67	9.0500	1.0000	0.3433	1.0000	451
mut_I4	M0484	idf	100	9.2700	1.0000	1.0000	1.0000	419
mut_I4	M0484	coverage	100	9.2700	1.0000	0.8700	1.0000	419
mut_I4	M0334	idf	22	3.4900	1.0000	0.9545	1.0000	425
mut_I4	M0334	coverage	22	3.4900	0.0000	0.0000	1.0000	425
mut_I4	M0412	idf	5	3.9300	1.0000	0.6000	1.0000	441
mut_I4	M0412	coverage	5	3.9300	0.0000	0.0000	1.0000	441
mut_I4	M0931	idf	70	2.3500	0.0000	0.0000	1.0000	434
mut_I4	M0931	coverage	70	2.3500	0.0000	0.0000	1.0000	434
mut_I4	M0118	idf	106	3.2400	0.0000	0.0000	1.0000	379
mut_I4	M0118	coverage	106	3.2400	1.0000	0.0189	1.0000	379
mut_I4	M0752	idf	8	1.1000	1.0000	1.0000	1.0000	369
mut_I4	M0752	coverage	8	1.1000	1.0000	0.8750	1.0000	369
mut_I4	M0428	idf	10	9.3500	1.0000	0.9000	1.0000	420
mut_I4	M0428	coverage	10	9.3500	1.0000	0.7000	1.0000	420
mut_I4	M0771	idf	213	2.6300	1.0000	0.0516	1.0000	449
mut_I4	M0771	coverage	213	2.6300	1.0000	0.0329	1.0000	449
mut_I4	M0658	idf	12	3.8600	0.0000	0.0000	1.0000	443
mut_I4	M0658	coverage	12	3.8600	1.0000	0.9167	1.0000	443
mut_I4	M0311	idf	78	7.8900	1.0000	0.9231	1.0000	469
mut_I4	M0311	coverage	78	7.8900	0.0000	0.0000	1.0000	469
mut_I4	M0600	idf	78	5.6300	1.0000	0.0513	1.0000	439
mut_I4	M0600	coverage	78	5.6300	0.0000	0.0000	1.0000	439
mut_I4	M0565	idf	13	1.5100	0.0000	0.0000	1.0000	400
mut_I4	M0565	coverage	13	1.5100	1.0000	0.1538	1.0000	400
mut_I4	M0085	idf	11	3.5700	1.0000	0.7273	1.0000	406
mut_I4	M0085	coverage	11	3.5700	1.0000	0.3636	1.0000	406
mut_I4	M0488	idf	6	9.4200	1.0000	1.0000	1.0000	429
mut_I4	M0488	coverage	6	9.4200	1.0000	1.0000	1.0000	429
mut_I4	M0076	idf	97	2.2100	0.0000	0.0000	1.0000	444
mut_I4	M0076	coverage	97	2.2100	1.0000	0.3711	1.0000	444
mut_I4	M0175	idf	826	2.0500	1.0000	0.0012	1.0000	496
mut_I4	M0175	coverage	826	2.0500	1.0000	0.5811	1.0000	496
mut_I4	M0107	idf	7	4.3500	1.0000	0.1429	1.0000	433
mut_I4	M0107	coverage	7	4.3500	1.0000	0.7143	1.0000	433
mut_I4	M0201	idf	38	3.0300	0.0000	0.0000	1.0000	433
mut_I4	M0201	coverage	38	3.0300	0.0000	0.0000	1.0000	433
mut_I4	M0383	idf	124	9.7400	0.0000	0.0000	1.0000	440
mut_I4	M0383	coverage	124	9.7400	1.0000	0.0161	1.0000	440
mut_I4	M0111	idf	10	8.7000	1.0000	0.2000	1.0000	424
mut_I4	M0111	coverage	10	8.7000	0.0000	0.0000	1.0000	424
mut_I4	M0634	idf	9	6.9100	1.0000	0.1111	1.0000	418
mut_I4	M0634	coverage	9	6.9100	1.0000	0.8889	1.0000	418
mut_I4	M0609	idf	81	3.3400	1.0000	0.0864	1.0000	487
mut_I4	M0609	coverage	81	3.3400	1.0000	0.0123	1.0000	487
mut_I4	M0228	idf	119	3.8900	1.0000	0.1008	1.0000	395
mut_I4	M0228	coverage	119	3.8900	0.0000	0.0000	1.0000	395
mut_I4	M0636	idf	16	3.5100	1.0000	0.5000	1.0000	420
mut_I4	M0636	coverage	16	3.5100	1.0000	0.3750	1.0000	420
mut_I4	M0908	idf	78	1.7400	0.0000	0.0000	1.0000	451
mut_I4	M0908	coverage	78	1.7400	1.0000	0.0128	1.0000	451
mut_I4	M0564	idf	357	3.8700	0.0000	0.0000	1.0000	421
mut_I4	M0564	coverage	357	3.8700	0.0000	0.0000	1.0000	421
mut_I4	M0616	idf	5	3.4900	1.0000	0.8000	1.0000	415
mut_I4	M0616	coverage	5	3.4900	1.0000	0.8000	1.0000	415
mut_I4	M0453	idf	61	8.3000	1.0000	0.2131	1.0000	442
mut_I4	M0453	coverage	61	8.3000	0.0000	0.0000	1.0000	442
mut_I4	M0510	idf	62	4.3100	1.0000	0.9194	1.0000	417
mut_I4	M0510	coverage	62	4.3100	1.0000	0.7097	1.0000	417
mut_I4	M0216	idf	1150	4.4800	1.0000	0.4278	1.0000	499
mut_I4	M0216	coverage	1150	4.4800	1.0000	0.4278	1.0000	499
mut_I4	M0448	idf	7	1.6200	0.0000	0.0000	0.0000	444
mut_I4	M0448	coverage	7	1.6200	0.0000	0.0000	0.0000	444
mut_I4	M0732	idf	18	3.4800	0.0000	0.0000	1.0000	411
mut_I4	M0732	coverage	18	3.4800	0.0000	0.0000	1.0000	411
mut_I4	M0734	idf	5	2.1000	1.0000	0.2000	1.0000	384
mut_I4	M0734	coverage	5	2.1000	0.0000	0.0000	1.0000	384
mut_I4	M0456	idf	17	1.6900	0.0000	0.0000	1.0000	416
mut_I4	M0456	coverage	17	1.6900	0.0000	0.0000	1.0000	416
mut_I4	M0278	idf	74	1.6000	1.0000	0.6081	1.0000	400
mut_I4	M0278	coverage	74	1.6000	1.0000	0.7703	1.0000	400
mut_I4	M0682	idf	290	1.7300	0.0000	0.0000	1.0000	434
mut_I4	M0682	coverage	290	1.7300	1.0000	0.3759	1.0000	434
mut_I4	M0381	idf	68	1.6700	0.0000	0.0000	1.0000	408
mut_I4	M0381	coverage	68	1.6700	1.0000	0.6029	1.0000	408
mut_I4	M0759	idf	73	7.1600	0.0000	0.0000	0.0000	423
mut_I4	M0759	coverage	73	7.1600	0.0000	0.0000	0.0000	423
mut_I4	M0916	idf	1	3.5500	1.0000	1.0000	1.0000	408
mut_I4	M0916	coverage	1	3.5500	0.0000	0.0000	1.0000	408
mut_I4	M0122	idf	21	5.1900	1.0000	0.3333	1.0000	397
mut_I4	M0122	coverage	21	5.1900	1.0000	0.0476	1.0000	397
mut_I4	M0435	idf	17	19.4000	1.0000	0.0588	1.0000	467
mut_I4	M0435	coverage	17	19.4000	0.0000	0.0000	1.0000	467
mut_I4	M0519	idf	16	8.9200	1.0000	1.0000	1.0000	410
mut_I4	M0519	coverage	16	8.9200	0.0000	0.0000	1.0000	410
mut_I4	M0506	idf	113	3.3600	1.0000	0.4602	1.0000	439
mut_I4	M0506	coverage	113	3.3600	0.0000	0.0000	1.0000	439
mut_I4	M0357	idf	5	3.5600	0.0000	0.0000	1.0000	397
mut_I4	M0357	coverage	5	3.5600	0.0000	0.0000	1.0000	397
mut_I4	M0414	idf	82	3.5500	1.0000	0.8049	1.0000	434
mut_I4	M0414	coverage	82	3.5500	0.0000	0.0000	1.0000	434
mut_I4	M0096	idf	23	3.9900	0.0000	0.0000	1.0000	413
mut_I4	M0096	coverage	23	3.9900	1.0000	0.0435	1.0000	413
mut_I4	M0885	idf	15	8.4000	1.0000	0.7333	1.0000	390
mut_I4	M0885	coverage	15	8.4000	1.0000	0.0667	1.0000	390
mut_I4	M0738	idf	15	3.8800	1.0000	1.0000	1.0000	416
mut_I4	M0738	coverage	15	3.8800	1.0000	0.6667	1.0000	416
mut_I4	M0545	idf	19	3.4800	0.0000	0.0000	1.0000	349
mut_I4	M0545	coverage	19	3.4800	1.0000	0.5789	1.0000	349
mut_I4	M0815	idf	238	1.6600	1.0000	0.3529	1.0000	467
mut_I4	M0815	coverage	238	1.6600	0.0000	0.0000	1.0000	467
mut_I4	M0077	idf	101	4.0300	0.0000	0.0000	1.0000	431
mut_I4	M0077	coverage	101	4.0300	0.0000	0.0000	1.0000	431
mut_I4	M0851	idf	22	2.1200	0.0000	0.0000	1.0000	363
mut_I4	M0851	coverage	22	2.1200	0.0000	0.0000	1.0000	363
mut_I4	M0862	idf	17	3.5100	0.0000	0.0000	1.0000	449
mut_I4	M0862	coverage	17	3.5100	0.0000	0.0000	1.0000	449
mut_I4	M0736	idf	3	3.4900	0.0000	0.0000	1.0000	434
mut_I4	M0736	coverage	3	3.4900	0.0000	0.0000	1.0000	434
mut_I4	M0819	idf	25	3.3000	0.0000	0.0000	1.0000	426
mut_I4	M0819	coverage	25	3.3000	0.0000	0.0000	1.0000	426
mut_I4	M0822	idf	2	3.6000	0.0000	0.0000	1.0000	407
mut_I4	M0822	coverage	2	3.6000	0.0000	0.0000	1.0000	407
mut_I4	M0136	idf	9	4.6500	1.0000	0.8889	1.0000	455
mut_I4	M0136	coverage	9	4.6500	1.0000	0.6667	1.0000	455
mut_I4	M0054	idf	44	2.0500	0.0000	0.0000	1.0000	409
mut_I4	M0054	coverage	44	2.0500	1.0000	0.7500	1.0000	409
mut_I4	M0612	idf	82	6.5500	0.0000	0.0000	1.0000	405
mut_I4	M0612	coverage	82	6.5500	1.0000	0.5732	1.0000	405
mut_I4	M0010	idf	13	3.5500	1.0000	0.9231	1.0000	450
mut_I4	M0010	coverage	13	3.5500	1.0000	0.9231	1.0000	450
mut_I4	M0709	idf	289	3.9700	0.0000	0.0000	1.0000	395
mut_I4	M0709	coverage	289	3.9700	1.0000	0.0346	1.0000	395
mut_I4	M0940	idf	104	7.7600	0.0000	0.0000	1.0000	484
mut_I4	M0940	coverage	104	7.7600	0.0000	0.0000	1.0000	484
mut_I4	M0172	idf	12	9.3700	0.0000	0.0000	1.0000	452
mut_I4	M0172	coverage	12	9.3700	1.0000	0.5833	1.0000	452
mut_I4	M0693	idf	362	3.3800	0.0000	0.0000	1.0000	397
mut_I4	M0693	coverage	362	3.3800	1.0000	0.0028	1.0000	397
mut_I4	M0159	idf	148	8.3600	1.0000	0.8851	1.0000	448
mut_I4	M0159	coverage	148	8.3600	1.0000	0.1081	1.0000	448
mut_I4	M0835	idf	9	4.9800	0.0000	0.0000	0.0000	415
mut_I4	M0835	coverage	9	4.9800	0.0000	0.0000	0.0000	415
mut_I4	M0810	idf	37	4.7600	1.0000	0.3243	1.0000	424
mut_I4	M0810	coverage	37	4.7600	1.0000	0.3243	1.0000	424
mut_I4	M0434	idf	12	7.7600	1.0000	0.6667	1.0000	442
mut_I4	M0434	coverage	12	7.7600	1.0000	0.0833	1.0000	442
mut_I4	M0653	idf	23	3.8300	1.0000	0.0435	1.0000	404
mut_I4	M0653	coverage	23	3.8300	1.0000	0.0435	1.0000	404
mut_I4	M0205	idf	259	9.1200	1.0000	0.5830	1.0000	460
mut_I4	M0205	coverage	259	9.1200	1.0000	0.9035	1.0000	460
mut_I4	M0939	idf	13	0.8500	1.0000	0.4615	1.0000	379
mut_I4	M0939	coverage	13	0.8500	1.0000	0.5385	1.0000	379
mut_I4	M0918	idf	65	8.7600	0.0000	0.0000	1.0000	419
mut_I4	M0918	coverage	65	8.7600	1.0000	0.0462	1.0000	419
mut_I4	M0858	idf	351	3.4700	1.0000	0.1140	1.0000	459
mut_I4	M0858	coverage	351	3.4700	1.0000	0.8205	1.0000	459
mut_I4	M0420	idf	17	1.6500	1.0000	0.1176	1.0000	427
mut_I4	M0420	coverage	17	1.6500	1.0000	0.1176	1.0000	427
mut_I4	M0879	idf	15	3.5800	0.0000	0.0000	1.0000	411
mut_I4	M0879	coverage	15	3.5800	1.0000	0.2000	1.0000	411
mut_I4	M0371	idf	122	3.5200	0.0000	0.0000	1.0000	403
mut_I4	M0371	coverage	122	3.5200	0.0000	0.0000	1.0000	403
mut_I4	M0020	idf	115	9.3900	0.0000	0.0000	1.0000	467
mut_I4	M0020	coverage	115	9.3900	1.0000	0.0087	1.0000	467
mut_I4	M0855	idf	38	3.5200	1.0000	0.2368	1.0000	402
mut_I4	M0855	coverage	38	3.5200	1.0000	0.1579	1.0000	402
mut_I4	M0957	idf	186	7.2700	0.0000	0.0000	1.0000	486
mut_I4	M0957	coverage	186	7.2700	0.0000	0.0000	1.0000	486
mut_I4	M0505	idf	27	3.8500	1.0000	0.1111	1.0000	421
mut_I4	M0505	coverage	27	3.8500	1.0000	0.0741	1.0000	421
mut_I4	M0477	idf	70	3.1700	1.0000	0.3286	1.0000	446
mut_I4	M0477	coverage	70	3.1700	1.0000	0.5429	1.0000	446
mut_I4	M0829	idf	6	3.8900	1.0000	0.1667	1.0000	423
mut_I4	M0829	coverage	6	3.8900	0.0000	0.0000	1.0000	423
mut_I4	M0884	idf	19	4.4400	0.0000	0.0000	1.0000	422
mut_I4	M0884	coverage	19	4.4400	1.0000	0.5263	1.0000	422
mut_I4	M0384	idf	67	2.9500	1.0000	0.0448	1.0000	413
mut_I4	M0384	coverage	67	2.9500	1.0000	0.0149	1.0000	413
mut_I4	M0065	idf	53	3.5100	1.0000	0.3585	1.0000	405
mut_I4	M0065	coverage	53	3.5100	1.0000	0.3396	1.0000	405
mut_I4	M0123	idf	2	9.8600	1.0000	1.0000	1.0000	423
mut_I4	M0123	coverage	2	9.8600	0.0000	0.0000	1.0000	423
mut_I4	M0580	idf	9	3.4000	0.0000	0.0000	1.0000	403
mut_I4	M0580	coverage	9	3.4000	1.0000	0.3333	1.0000	403
mut_I4	M0033	idf	14	3.5100	1.0000	0.0714	1.0000	400
mut_I4	M0033	coverage	14	3.5100	0.0000	0.0000	1.0000	400
mut_I4	M0281	idf	1	9.6000	1.0000	1.0000	1.0000	419
mut_I4	M0281	coverage	1	9.6000	1.0000	1.0000	1.0000	419
mut_I4	M0544	idf	12	3.4700	1.0000	0.0833	1.0000	401
mut_I4	M0544	coverage	12	3.4700	1.0000	0.0833	1.0000	401
mut_I4	M0212	idf	83	20.7600	0.0000	0.0000	1.0000	447
mut_I4	M0212	coverage	83	20.7600	1.0000	0.4458	1.0000	447
mut_I4	M0426	idf	18	3.5200	1.0000	0.6667	1.0000	402
mut_I4	M0426	coverage	18	3.5200	1.0000	0.0556	1.0000	402
mut_I4	M0905	idf	198	1.7200	0.0000	0.0000	1.0000	405
mut_I4	M0905	coverage	198	1.7200	1.0000	0.0051	1.0000	405
mut_I4	M0843	idf	14	1.7400	0.0000	0.0000	1.0000	426
mut_I4	M0843	coverage	14	1.7400	1.0000	0.6429	1.0000	426
mut_I4	M0263	idf	24	3.5800	0.0000	0.0000	1.0000	430
mut_I4	M0263	coverage	24	3.5800	1.0000	0.2500	1.0000	430
mut_I4	M0697	idf	155	3.5500	0.0000	0.0000	1.0000	446
mut_I4	M0697	coverage	155	3.5500	1.0000	0.9097	1.0000	446
mut_I4	M0260	idf	21	4.1900	1.0000	0.8571	1.0000	409
mut_I4	M0260	coverage	21	4.1900	1.0000	0.4286	1.0000	409
mut_I4	M0379	idf	41	9.0400	1.0000	1.0000	1.0000	445
mut_I4	M0379	coverage	41	9.0400	1.0000	0.3171	1.0000	445
mut_I4	M0377	idf	189	8.9300	1.0000	0.0317	1.0000	468
mut_I4	M0377	coverage	189	8.9300	0.0000	0.0000	1.0000	468
mut_I4	M0547	idf	4	1.7100	1.0000	0.7500	1.0000	415
mut_I4	M0547	coverage	4	1.7100	1.0000	0.7500	1.0000	415
mut_I4	M0508	idf	6	6.4400	1.0000	1.0000	1.0000	419
mut_I4	M0508	coverage	6	6.4400	1.0000	0.1667	1.0000	419
mut_I4	M0401	idf	392	3.4900	1.0000	0.0026	1.0000	469
mut_I4	M0401	coverage	392	3.4900	0.0000	0.0000	1.0000	469
mut_I4	M0755	idf	11	1.7300	1.0000	0.6364	1.0000	417
mut_I4	M0755	coverage	11	1.7300	1.0000	0.1818	1.0000	417
mut_I4	M0458	idf	25	2.1300	0.0000	0.0000	1.0000	421
mut_I4	M0458	coverage	25	2.1300	1.0000	0.1600	1.0000	421
mut_I4	M0314	idf	45	20.4300	0.0000	0.0000	1.0000	433
mut_I4	M0314	coverage	45	20.4300	1.0000	0.0444	1.0000	433
mut_I4	M0210	idf	220	3.9800	1.0000	0.0091	1.0000	445
mut_I4	M0210	coverage	220	3.9800	0.0000	0.0000	1.0000	445
mut_I4	M0154	idf	62	3.2500	0.0000	0.0000	1.0000	415
mut_I4	M0154	coverage	62	3.2500	1.0000	0.8548	1.0000	415
mut_I4	M0502	idf	20	10.3500	1.0000	0.2000	1.0000	434
mut_I4	M0502	coverage	20	10.3500	0.0000	0.0000	1.0000	434
mut_I4	M0031	idf	290	5.5700	1.0000	0.1069	1.0000	445
mut_I4	M0031	coverage	290	5.5700	0.0000	0.0000	1.0000	445
mut_I4	M0178	idf	273	5.9700	0.0000	0.0000	1.0000	426
mut_I4	M0178	coverage	273	5.9700	0.0000	0.0000	1.0000	426
mut_I4	M0019	idf	21	7.5300	0.0000	0.0000	1.0000	441
mut_I4	M0019	coverage	21	7.5300	1.0000	0.7619	1.0000	441
mut_I4	M0125	idf	19	9.3300	1.0000	0.8947	1.0000	411
mut_I4	M0125	coverage	19	9.3300	1.0000	0.7368	1.0000	411
mut_I4	M0181	idf	8	9.4600	1.0000	0.2500	1.0000	429
mut_I4	M0181	coverage	8	9.4600	1.0000	0.1250	1.0000	429
mut_I4	M0466	idf	6	7.8700	1.0000	0.6667	1.0000	435
mut_I4	M0466	coverage	6	7.8700	0.0000	0.0000	1.0000	435
mut_I4	M0058	idf	37	3.8600	0.0000	0.0000	1.0000	430
mut_I4	M0058	coverage	37	3.8600	0.0000	0.0000	1.0000	430
mut_I4	M0683	idf	27	5.2700	1.0000	0.8889	1.0000	429
mut_I4	M0683	coverage	27	5.2700	1.0000	0.0741	1.0000	429
mut_I4	M0925	idf	22	2.9500	0.0000	0.0000	1.0000	418
mut_I4	M0925	coverage	22	2.9500	1.0000	0.0455	1.0000	418
mut_I4	M0081	idf	9	6.5900	1.0000	0.4444	1.0000	424
mut_I4	M0081	coverage	9	6.5900	1.0000	0.2222	1.0000	424
mut_I4	M0090	idf	60	12.9300	1.0000	0.9500	1.0000	457
mut_I4	M0090	coverage	60	12.9300	1.0000	0.0833	1.0000	457
mut_I4	M0429	idf	47	3.8500	0.0000	0.0000	1.0000	446
mut_I4	M0429	coverage	47	3.8500	1.0000	0.9362	1.0000	446
mut_I4	M0447	idf	2	3.5300	0.0000	0.0000	1.0000	421
mut_I4	M0447	coverage	2	3.5300	0.0000	0.0000	1.0000	421
mut_I4	M0768	idf	19	5.3700	1.0000	0.2632	1.0000	394
mut_I4	M0768	coverage	19	5.3700	1.0000	0.1579	1.0000	394
mut_I4	M0261	idf	19	4.9800	1.0000	0.0526	1.0000	371
mut_I4	M0261	coverage	19	4.9800	1.0000	0.2632	1.0000	371
mut_I4	M0234	idf	8	5.3800	1.0000	0.5000	1.0000	403
mut_I4	M0234	coverage	8	5.3800	0.0000	0.0000	1.0000	403
mut_I4	M0958	idf	236	8.1700	0.0000	0.0000	1.0000	490
mut_I4	M0958	coverage	236	8.1700	0.0000	0.0000	1.0000	490
mut_I4	M0387	idf	2048	3.5100	1.0000	0.0249	1.0000	467
mut_I4	M0387	coverage	2048	3.5100	0.0000	0.0000	1.0000	467
mut_I4	M0520	idf	440	3.4700	0.0000	0.0000	1.0000	445
mut_I4	M0520	coverage	440	3.4700	1.0000	0.0023	1.0000	445
mut_I4	M0910	idf	7	3.9100	1.0000	0.8571	1.0000	417
mut_I4	M0910	coverage	7	3.9100	1.0000	0.8571	1.0000	417
mut_I4	M0398	idf	36	7.7400	1.0000	1.0000	1.0000	438
mut_I4	M0398	coverage	36	7.7400	0.0000	0.0000	1.0000	438
mut_I4	M0040	idf	52	3.8100	0.0000	0.0000	1.0000	433
mut_I4	M0040	coverage	52	3.8100	0.0000	0.0000	1.0000	433
mut_I4	M0808	idf	3	3.5900	1.0000	1.0000	1.0000	385
mut_I4	M0808	coverage	3	3.5900	1.0000	1.0000	1.0000	385
mut_I4	M0781	idf	6	3.9000	1.0000	0.6667	1.0000	419
mut_I4	M0781	coverage	6	3.9000	1.0000	0.6667	1.0000	419
mut_I4	M0410	idf	30	8.4500	0.0000	0.0000	1.0000	389
mut_I4	M0410	coverage	30	8.4500	0.0000	0.0000	1.0000	389
mut_I4	M0250	idf	14	3.9500	1.0000	0.7143	1.0000	394
mut_I4	M0250	coverage	14	3.9500	1.0000	0.0714	1.0000	394
mut_I4	M0748	idf	19	1.1100	1.0000	0.3684	1.0000	340
mut_I4	M0748	coverage	19	1.1100	1.0000	1.0000	1.0000	340
mut_I4	M0515	idf	20	7.7200	1.0000	0.1000	1.0000	396
mut_I4	M0515	coverage	20	7.7200	1.0000	0.3000	1.0000	396
mut_I4	M0920	idf	21	4.8500	0.0000	0.0000	1.0000	434
mut_I4	M0920	coverage	21	4.8500	1.0000	0.2857	1.0000	434
mut_I4	M0655	idf	6	1.7000	0.0000	0.0000	1.0000	384
mut_I4	M0655	coverage	6	1.7000	1.0000	0.1667	1.0000	384
mut_I4	M0227	idf	38	4.2800	1.0000	0.2105	1.0000	437
mut_I4	M0227	coverage	38	4.2800	0.0000	0.0000	1.0000	437
mut_I4	M0272	idf	35	9.4100	1.0000	0.0571	1.0000	403
mut_I4	M0272	coverage	35	9.4100	1.0000	0.1143	1.0000	403
mut_I4	M0093	idf	10	3.8100	0.0000	0.0000	1.0000	408
mut_I4	M0093	coverage	10	3.8100	0.0000	0.0000	1.0000	408
mut_I4	M0625	idf	5	3.9600	0.0000	0.0000	1.0000	429
mut_I4	M0625	coverage	5	3.9600	0.0000	0.0000	1.0000	429
mut_I4	M0321	idf	19	3.5100	1.0000	0.5263	1.0000	383
mut_I4	M0321	coverage	19	3.5100	0.0000	0.0000	1.0000	383
mut_I4	M0048	idf	98	6.9900	1.0000	0.1429	1.0000	413
mut_I4	M0048	coverage	98	6.9900	1.0000	0.0204	1.0000	413
mut_I4	M0043	idf	20	7.5400	1.0000	1.0000	1.0000	446
mut_I4	M0043	coverage	20	7.5400	1.0000	0.6500	1.0000	446
mut_I4	M0900	idf	441	2.1600	1.0000	0.0023	1.0000	496
mut_I4	M0900	coverage	441	2.1600	0.0000	0.0000	1.0000	496
mut_I4	M0857	idf	12	4.7600	1.0000	0.3333	1.0000	407
mut_I4	M0857	coverage	12	4.7600	0.0000	0.0000	1.0000	407
mut_I4	M0964	idf	68	3.4100	1.0000	0.1029	1.0000	414
mut_I4	M0964	coverage	68	3.4100	0.0000	0.0000	1.0000	414
mut_I4	M0131	idf	36	7.2700	1.0000	0.4722	1.0000	421
mut_I4	M0131	coverage	36	7.2700	1.0000	0.9167	1.0000	421
mut_I4	M0754	idf	9	1.6900	1.0000	0.3333	1.0000	384
mut_I4	M0754	coverage	9	1.6900	1.0000	0.1111	1.0000	384
mut_I4	M0313	idf	17	1.7000	0.0000	0.0000	1.0000	417
mut_I4	M0313	coverage	17	1.7000	1.0000	0.7647	1.0000	417
mut_I4	M0092	idf	41	6.5900	1.0000	0.5122	1.0000	398
mut_I4	M0092	coverage	41	6.5900	1.0000	0.3415	1.0000	398
mut_I4	M0108	idf	3	3.8000	0.0000	0.0000	1.0000	393
mut_I4	M0108	coverage	3	3.8000	0.0000	0.0000	1.0000	393
mut_I4	M0139	idf	76	4.0700	0.0000	0.0000	1.0000	414
mut_I4	M0139	coverage	76	4.0700	1.0000	0.0132	1.0000	414
mut_I4	M0235	idf	17	1.7100	0.0000	0.0000	1.0000	402
mut_I4	M0235	coverage	17	1.7100	1.0000	0.1765	1.0000	402
mut_I4	M0444	idf	83	3.6000	1.0000	0.5060	1.0000	414
mut_I4	M0444	coverage	83	3.6000	1.0000	0.0120	1.0000	414
mut_I4	M0623	idf	16	3.5200	1.0000	1.0000	1.0000	453
mut_I4	M0623	coverage	16	3.5200	1.0000	1.0000	1.0000	453
mut_I4	M0919	idf	18	3.5000	1.0000	0.3333	1.0000	416
mut_I4	M0919	coverage	18	3.5000	0.0000	0.0000	1.0000	416
mut_I4	M0369	idf	82	3.5600	1.0000	0.0976	1.0000	405
mut_I4	M0369	coverage	82	3.5600	1.0000	0.1341	1.0000	405
mut_I4	M0253	idf	212	8.3300	1.0000	0.7217	1.0000	417
mut_I4	M0253	coverage	212	8.3300	1.0000	0.0613	1.0000	417
mut_I4	M0254	idf	17	17.2200	1.0000	1.0000	1.0000	442
mut_I4	M0254	coverage	17	17.2200	1.0000	0.7647	1.0000	442
mut_I4	M0301	idf	51	4.0400	1.0000	0.0196	1.0000	427
mut_I4	M0301	coverage	51	4.0400	0.0000	0.0000	1.0000	427
mut_I4	M0674	idf	31	3.5000	0.0000	0.0000	1.0000	387
mut_I4	M0674	coverage	31	3.5000	1.0000	0.2258	1.0000	387
mut_I4	M0100	idf	360	4.2500	0.0000	0.0000	1.0000	432
mut_I4	M0100	coverage	360	4.2500	0.0000	0.0000	1.0000	432
mut_I4	M0231	idf	13	4.6300	1.0000	0.9231	1.0000	382
mut_I4	M0231	coverage	13	4.6300	1.0000	0.3846	1.0000	382
mut_I4	M0816	idf	238	1.6800	0.0000	0.0000	1.0000	369
mut_I4	M0816	coverage	238	1.6800	0.0000	0.0000	1.0000	369
mut_I4	M0472	idf	94	8.3900	1.0000	0.9787	1.0000	447
mut_I4	M0472	coverage	94	8.3900	1.0000	0.4681	1.0000	447
mut_I4	M0962	idf	134	9.0400	0.0000	0.0000	1.0000	468
mut_I4	M0962	coverage	134	9.0400	1.0000	0.0299	1.0000	468
mut_I4	M0795	idf	79	5.0600	1.0000	0.2025	1.0000	380
mut_I4	M0795	coverage	79	5.0600	0.0000	0.0000	1.0000	380
mut_I4	M0727	idf	22	6.9600	1.0000	0.2727	1.0000	420
mut_I4	M0727	coverage	22	6.9600	1.0000	0.1818	1.0000	420
mut_I4	M0497	idf	15	9.3400	1.0000	0.7333	1.0000	411
mut_I4	M0497	coverage	15	9.3400	0.0000	0.0000	1.0000	411
mut_I4	M0338	idf	23	2.3200	1.0000	0.3478	1.0000	412
mut_I4	M0338	coverage	23	2.3200	1.0000	0.0435	1.0000	412
mut_I4	M0947	idf	43	3.4600	1.0000	0.6047	1.0000	373
mut_I4	M0947	coverage	43	3.4600	1.0000	0.5814	1.0000	373
mut_I4	M0163	idf	47	3.1000	1.0000	0.5745	1.0000	430
mut_I4	M0163	coverage	47	3.1000	1.0000	0.0426	1.0000	430
mut_I4	M0959	idf	155	8.2900	0.0000	0.0000	1.0000	486
mut_I4	M0959	coverage	155	8.2900	0.0000	0.0000	1.0000	486
mut_I4	M0433	idf	210	1.7100	0.0000	0.0000	1.0000	423
mut_I4	M0433	coverage	210	1.7100	0.0000	0.0000	1.0000	423
mut_I4	M0416	idf	4	7.9000	1.0000	1.0000	1.0000	427
mut_I4	M0416	coverage	4	7.9000	1.0000	0.7500	1.0000	427
mut_I4	M0850	idf	31	3.2900	0.0000	0.0000	1.0000	380
mut_I4	M0850	coverage	31	3.2900	1.0000	0.3548	1.0000	380
mut_I4	M0454	idf	14	3.5500	1.0000	1.0000	1.0000	429
mut_I4	M0454	coverage	14	3.5500	1.0000	0.7857	1.0000	429
mut_I4	M0351	idf	24	3.5900	0.0000	0.0000	1.0000	398
mut_I4	M0351	coverage	24	3.5900	1.0000	0.3750	1.0000	398
mut_I4	M0425	idf	2084	2.3200	0.0000	0.0000	1.0000	452
mut_I4	M0425	coverage	2084	2.3200	1.0000	0.0005	1.0000	452
mut_I4	M0067	idf	39	3.4800	1.0000	0.1282	1.0000	416
mut_I4	M0067	coverage	39	3.4800	0.0000	0.0000	1.0000	416
mut_I4	M0550	idf	20	3.5000	0.0000	0.0000	1.0000	385
mut_I4	M0550	coverage	20	3.5000	0.0000	0.0000	1.0000	385
mut_I4	M0792	idf	10	1.7600	0.0000	0.0000	1.0000	405
mut_I4	M0792	coverage	10	1.7600	0.0000	0.0000	1.0000	405
mut_I4	M0961	idf	144	7.2500	0.0000	0.0000	1.0000	481
mut_I4	M0961	coverage	144	7.2500	1.0000	0.0208	1.0000	481
mut_I4	M0109	idf	207	6.3500	1.0000	0.5121	1.0000	450
mut_I4	M0109	coverage	207	6.3500	1.0000	0.4928	1.0000	450
mut_I4	M0257	idf	222	6.8100	1.0000	0.8468	1.0000	454
mut_I4	M0257	coverage	222	6.8100	1.0000	0.0045	1.0000	454
mut_I4	M0789	idf	51	2.2600	1.0000	0.0980	1.0000	414
mut_I4	M0789	coverage	51	2.2600	1.0000	0.5686	1.0000	414
mut_I4	M0363	idf	64	2.9600	0.0000	0.0000	1.0000	411
mut_I4	M0363	coverage	64	2.9600	1.0000	0.0156	1.0000	411
mut_I4	M0391	idf	14	2.3200	0.0000	0.0000	1.0000	434
mut_I4	M0391	coverage	14	2.3200	1.0000	0.0714	1.0000	434
mut_I4	M0826	idf	21	2.8800	0.0000	0.0000	1.0000	447
mut_I4	M0826	coverage	21	2.8800	0.0000	0.0000	1.0000	447
mut_I4	M0952	idf	5	1.7000	1.0000	0.6000	1.0000	433
mut_I4	M0952	coverage	5	1.7000	1.0000	0.2000	1.0000	433
mut_I4	M0117	idf	100	3.2700	0.0000	0.0000	1.0000	447
mut_I4	M0117	coverage	100	3.2700	1.0000	0.0100	1.0000	447
mut_I4	M0854	idf	122	4.5000	0.0000	0.0000	1.0000	416
mut_I4	M0854	coverage	122	4.5000	1.0000	0.0164	1.0000	416
mut_I4	M0881	idf	155	4.8000	1.0000	0.8581	1.0000	422
mut_I4	M0881	coverage	155	4.8000	1.0000	0.7226	1.0000	422
mut_I4	M0874	idf	1	2.5000	0.0000	0.0000	1.0000	414
mut_I4	M0874	coverage	1	2.5000	0.0000	0.0000	1.0000	414
mut_I4	M0597	idf	27	2.2300	1.0000	0.1852	1.0000	412
mut_I4	M0597	coverage	27	2.2300	1.0000	0.4444	1.0000	412
mut_I4	M0070	idf	159	3.5200	0.0000	0.0000	1.0000	420
mut_I4	M0070	coverage	159	3.5200	0.0000	0.0000	1.0000	420
mut_I4	M0423	idf	94	5.2300	0.0000	0.0000	1.0000	399
mut_I4	M0423	coverage	94	5.2300	0.0000	0.0000	1.0000	399
mut_I4	M0266	idf	35	4.5600	1.0000	0.6286	1.0000	420
mut_I4	M0266	coverage	35	4.5600	1.0000	0.3429	1.0000	420
mut_I4	M0262	idf	19	8.6900	1.0000	1.0000	1.0000	391
mut_I4	M0262	coverage	19	8.6900	1.0000	0.9474	1.0000	391
mut_I4	M0806	idf	3	1.6700	0.0000	0.0000	1.0000	450
mut_I4	M0806	coverage	3	1.6700	1.0000	0.3333	1.0000	450
mut_I4	M0937	idf	31	3.1900	0.0000	0.0000	1.0000	386
mut_I4	M0937	coverage	31	3.1900	1.0000	0.3226	1.0000	386
mut_I4	M0066	idf	57	3.7900	1.0000	0.0526	1.0000	408
mut_I4	M0066	coverage	57	3.7900	1.0000	0.2456	1.0000	408
mut_I4	M0462	idf	48	3.9300	1.0000	0.9167	1.0000	397
mut_I4	M0462	coverage	48	3.9300	0.0000	0.0000	1.0000	397
mut_I4	M0380	idf	21	5.2400	0.0000	0.0000	1.0000	418
mut_I4	M0380	coverage	21	5.2400	1.0000	0.0476	1.0000	418
mut_I4	M0403	idf	16	4.0000	1.0000	0.6875	1.0000	459
mut_I4	M0403	coverage	16	4.0000	1.0000	0.3125	1.0000	459
mut_I4	M0141	idf	25	20.8100	1.0000	0.1200	1.0000	431
mut_I4	M0141	coverage	25	20.8100	1.0000	0.1200	1.0000	431
mut_I4	M0237	idf	555	3.5800	0.0000	0.0000	1.0000	400
mut_I4	M0237	coverage	555	3.5800	1.0000	0.0306	1.0000	400
mut_I4	M0642	idf	24	3.5100	1.0000	0.1250	1.0000	396
mut_I4	M0642	coverage	24	3.5100	1.0000	0.0417	1.0000	396
mut_I4	M0142	idf	13	3.4900	1.0000	0.1538	1.0000	431
mut_I4	M0142	coverage	13	3.4900	1.0000	0.3077	1.0000	431
mut_I4	M0798	idf	2073	3.9000	0.0000	0.0000	1.0000	490
mut_I4	M0798	coverage	2073	3.9000	0.0000	0.0000	1.0000	490
mut_I4	M0574	idf	111	8.2600	1.0000	0.2432	1.0000	435
mut_I4	M0574	coverage	111	8.2600	1.0000	0.4144	1.0000	435
mut_I4	M0663	idf	96	2.1600	0.0000	0.0000	1.0000	433
mut_I4	M0663	coverage	96	2.1600	1.0000	0.1354	1.0000	433
mut_I4	M0348	idf	165	9.3400	0.0000	0.0000	1.0000	487
mut_I4	M0348	coverage	165	9.3400	0.0000	0.0000	1.0000	487
mut_I4	M0353	idf	11	1.7600	0.0000	0.0000	1.0000	397
mut_I4	M0353	coverage	11	1.7600	1.0000	0.8182	1.0000	397
mut_I4	M0028	idf	19	4.1900	1.0000	1.0000	1.0000	423
mut_I4	M0028	coverage	19	4.1900	1.0000	1.0000	1.0000	423
mut_I4	M0308	idf	172	9.3600	1.0000	1.0000	1.0000	453
mut_I4	M0308	coverage	172	9.3600	1.0000	0.8488	1.0000	453
mut_I4	M0860	idf	6	4.2200	0.0000	0.0000	1.0000	424
mut_I4	M0860	coverage	6	4.2200	0.0000	0.0000	1.0000	424
mut_I4	M0188	idf	117	3.2100	0.0000	0.0000	1.0000	378
mut_I4	M0188	coverage	117	3.2100	1.0000	0.0171	1.0000	378
mut_I4	M0003	idf	94	2.2100	0.0000	0.0000	1.0000	419
mut_I4	M0003	coverage	94	2.2100	0.0000	0.0000	1.0000	419
mut_I4	M0906	idf	265	1.6800	0.0000	0.0000	1.0000	476
mut_I4	M0906	coverage	265	1.6800	1.0000	0.6604	1.0000	476
mut_I4	M0590	idf	19	3.5200	1.0000	0.0526	1.0000	401
mut_I4	M0590	coverage	19	3.5200	1.0000	0.1053	1.0000	401
mut_I4	M0293	idf	60	3.5200	1.0000	0.2500	1.0000	407
mut_I4	M0293	coverage	60	3.5200	1.0000	0.3500	1.0000	407
mut_I4	M0651	idf	56	1.7000	0.0000	0.0000	1.0000	416
mut_I4	M0651	coverage	56	1.7000	0.0000	0.0000	1.0000	416
mut_I4	M0297	idf	17	1.0100	0.0000	0.0000	0.0000	378
mut_I4	M0297	coverage	17	1.0100	0.0000	0.0000	0.0000	378
mut_I4	M0194	idf	63	9.3900	1.0000	0.9206	1.0000	418
mut_I4	M0194	coverage	63	9.3900	1.0000	0.1905	1.0000	418
mut_I4	M0589	idf	26	2.3900	1.0000	0.1154	1.0000	406
mut_I4	M0589	coverage	26	2.3900	0.0000	0.0000	1.0000	406
mut_I4	M0669	idf	10	3.0800	0.0000	0.0000	1.0000	410
mut_I4	M0669	coverage	10	3.0800	0.0000	0.0000	1.0000	410
mut_I4	M0742	idf	2	3.5300	1.0000	1.0000	1.0000	389
mut_I4	M0742	coverage	2	3.5300	0.0000	0.0000	1.0000	389
mut_I4	M0298	idf	164	3.8800	0.0000	0.0000	1.0000	451
mut_I4	M0298	coverage	164	3.8800	0.0000	0.0000	1.0000	451
mut_I4	M0440	idf	43	4.1300	1.0000	0.3953	1.0000	412
mut_I4	M0440	coverage	43	4.1300	0.0000	0.0000	1.0000	412
mut_I4	M0386	idf	4	9.0700	1.0000	1.0000	1.0000	407
mut_I4	M0386	coverage	4	9.0700	1.0000	1.0000	1.0000	407
mut_I4	M0087	idf	50	8.2100	1.0000	1.0000	1.0000	435
mut_I4	M0087	coverage	50	8.2100	1.0000	0.2600	1.0000	435
orig_I0	M0346	idf	37	0.6700	1.0000	0.1351	1.0000	497
orig_I0	M0346	coverage	37	0.6700	0.0000	0.0000	1.0000	497
orig_I0	M0376	idf	41	0.8400	1.0000	0.8293	1.0000	435
orig_I0	M0376	coverage	41	0.8400	1.0000	0.8293	1.0000	435
orig_I0	M0431	idf	3	0.7300	1.0000	1.0000	1.0000	403
orig_I0	M0431	coverage	3	0.7300	0.0000	0.0000	1.0000	403
orig_I0	M0243	idf	11	0.8400	1.0000	1.0000	1.0000	438
orig_I0	M0243	coverage	11	0.8400	0.0000	0.0000	1.0000	438
orig_I0	M0294	idf	108	1.2000	1.0000	0.2870	1.0000	459
orig_I0	M0294	coverage	108	1.2000	0.0000	0.0000	1.0000	459
orig_I0	M0895	idf	121	0.3000	1.0000	0.0413	1.0000	498
orig_I0	M0895	coverage	121	0.3000	1.0000	0.0165	1.0000	498
orig_I0	M0104	idf	4	1.2400	1.0000	1.0000	1.0000	475
orig_I0	M0104	coverage	4	1.2400	1.0000	1.0000	1.0000	475
orig_I0	M0869	idf	5	0.2900	0.0000	0.0000	1.0000	498
orig_I0	M0869	coverage	5	0.2900	1.0000	0.4000	1.0000	498
orig_I0	M0075	idf	2	1.0600	1.0000	0.5000	1.0000	462
orig_I0	M0075	coverage	2	1.0600	0.0000	0.0000	1.0000	462
orig_I0	M0134	idf	55	0.6400	1.0000	0.9273	1.0000	494
orig_I0	M0134	coverage	55	0.6400	1.0000	0.9273	1.0000	494
orig_I0	M0206	idf	75	0.8700	1.0000	0.9067	1.0000	483
orig_I0	M0206	coverage	75	0.8700	1.0000	0.3333	1.0000	483
orig_I0	M0044	idf	67	1.0200	1.0000	0.9552	1.0000	461
orig_I0	M0044	coverage	67	1.0200	1.0000	0.2836	1.0000	461
orig_I0	M0484	idf	100	1.2600	1.0000	1.0000	1.0000	441
orig_I0	M0484	coverage	100	1.2600	1.0000	0.6400	1.0000	441
orig_I0	M0334	idf	22	0.5000	1.0000	0.9545	1.0000	406
orig_I0	M0334	coverage	22	0.5000	1.0000	0.1818	1.0000	406
orig_I0	M0412	idf	5	0.7200	1.0000	0.6000	1.0000	493
orig_I0	M0412	coverage	5	0.7200	0.0000	0.0000	1.0000	493
orig_I0	M0931	idf	70	0.5500	1.0000	0.7429	1.0000	493
orig_I0	M0931	coverage	70	0.5500	1.0000	0.7571	1.0000	493
orig_I0	M0118	idf	106	0.3800	1.0000	0.8113	1.0000	418
orig_I0	M0118	coverage	106	0.3800	0.0000	0.0000	1.0000	418
orig_I0	M0752	idf	8	0.1700	1.0000	1.0000	1.0000	498
orig_I0	M0752	coverage	8	0.1700	1.0000	0.8750	1.0000	498
orig_I0	M0428	idf	10	0.9400	1.0000	1.0000	1.0000	471
orig_I0	M0428	coverage	10	0.9400	1.0000	0.6000	1.0000	471
orig_I0	M0771	idf	213	0.3200	1.0000	0.0610	1.0000	428
orig_I0	M0771	coverage	213	0.3200	1.0000	0.0376	1.0000	428
orig_I0	M0658	idf	12	0.6600	0.0000	0.0000	1.0000	477
orig_I0	M0658	coverage	12	0.6600	1.0000	0.9167	1.0000	477
orig_I0	M0311	idf	78	1.2800	1.0000	1.0000	1.0000	482
orig_I0	M0311	coverage	78	1.2800	0.0000	0.0000	1.0000	482
orig_I0	M0600	idf	78	0.6600	1.0000	0.3077	1.0000	474
orig_I0	M0600	coverage	78	0.6600	1.0000	0.3846	1.0000	474
orig_I0	M0565	idf	13	0.0900	0.0000	0.0000	1.0000	154
orig_I0	M0565	coverage	13	0.0900	1.0000	0.3846	1.0000	154
orig_I0	M0085	idf	11	0.4900	1.0000	0.9091	1.0000	478
orig_I0	M0085	coverage	11	0.4900	1.0000	0.5455	1.0000	478
orig_I0	M0488	idf	6	0.8200	1.0000	1.0000	1.0000	454
orig_I0	M0488	coverage	6	0.8200	1.0000	0.3333	1.0000	454
orig_I0	M0076	idf	97	0.3800	1.0000	0.7526	1.0000	498
orig_I0	M0076	coverage	97	0.3800	1.0000	0.8247	1.0000	498
orig_I0	M0175	idf	826	0.4100	0.0000	0.0000	1.0000	500
orig_I0	M0175	coverage	826	0.4100	1.0000	0.6029	1.0000	500
orig_I0	M0107	idf	7	1.1900	1.0000	0.7143	1.0000	486
orig_I0	M0107	coverage	7	1.1900	1.0000	0.7143	1.0000	486
orig_I0	M0201	idf	38	0.5500	0.0000	0.0000	1.0000	488
orig_I0	M0201	coverage	38	0.5500	0.0000	0.0000	1.0000	488
orig_I0	M0383	idf	124	1.5500	0.0000	0.0000	1.0000	480
orig_I0	M0383	coverage	124	1.5500	1.0000	0.6613	1.0000	480
orig_I0	M0111	idf	10	1.6100	1.0000	0.4000	1.0000	475
orig_I0	M0111	coverage	10	1.6100	0.0000	0.0000	1.0000	475
orig_I0	M0634	idf	9	0.8000	1.0000	1.0000	1.0000	468
orig_I0	M0634	coverage	9	0.8000	1.0000	1.0000	1.0000	468
orig_I0	M0609	idf	81	0.5500	1.0000	0.0864	1.0000	499
orig_I0	M0609	coverage	81	0.5500	1.0000	0.0494	1.0000	499
orig_I0	M0228	idf	119	0.6400	1.0000	0.0924	1.0000	467
orig_I0	M0228	coverage	119	0.6400	0.0000	0.0000	1.0000	467
orig_I0	M0636	idf	16	0.6000	1.0000	0.6250	1.0000	495
orig_I0	M0636	coverage	16	0.6000	1.0000	0.3750	1.0000	495
orig_I0	M0908	idf	78	0.4500	0.0000	0.0000	1.0000	491
orig_I0	M0908	coverage	78	0.4500	1.0000	0.0128	1.0000	491
orig_I0	M0564	idf	357	0.5900	1.0000	0.0028	1.0000	495
orig_I0	M0564	coverage	357	0.5900	0.0000	0.0000	1.0000	495
orig_I0	M0616	idf	5	0.6600	1.0000	1.0000	1.0000	492
orig_I0	M0616	coverage	5	0.6600	1.0000	1.0000	1.0000	492
orig_I0	M0453	idf	61	0.9400	1.0000	0.6721	1.0000	494
orig_I0	M0453	coverage	61	0.9400	1.0000	0.0656	1.0000	494
orig_I0	M0510	idf	62	0.6400	1.0000	0.9032	1.0000	490
orig_I0	M0510	coverage	62	0.6400	1.0000	0.6129	1.0000	490
orig_I0	M0216	idf	1150	0.7200	1.0000	0.4339	1.0000	499
orig_I0	M0216	coverage	1150	0.7200	1.0000	0.4339	1.0000	499
orig_I0	M0448	idf	7	0.2900	0.0000	0.0000	0.0000	498
orig_I0	M0448	coverage	7	0.2900	0.0000	0.0000	0.0000	498
orig_I0	M0732	idf	18	0.5600	0.0000	0.0000	1.0000	486
orig_I0	M0732	coverage	18	0.5600	0.0000	0.0000	1.0000	486
orig_I0	M0734	idf	5	0.3800	1.0000	0.2000	1.0000	500
orig_I0	M0734	coverage	5	0.3800	0.0000	0.0000	1.0000	500
orig_I0	M0456	idf	17	0.3300	0.0000	0.0000	1.0000	489
orig_I0	M0456	coverage	17	0.3300	1.0000	0.1765	1.0000	489
orig_I0	M0278	idf	74	0.2500	1.0000	0.9054	1.0000	491
orig_I0	M0278	coverage	74	0.2500	1.0000	0.9459	1.0000	491
orig_I0	M0682	idf	290	0.3100	1.0000	0.1862	1.0000	497
orig_I0	M0682	coverage	290	0.3100	1.0000	0.4966	1.0000	497
orig_I0	M0381	idf	68	0.2700	1.0000	0.4118	1.0000	475
orig_I0	M0381	coverage	68	0.2700	1.0000	0.6324	1.0000	475
orig_I0	M0759	idf	73	1.0600	0.0000	0.0000	1.0000	402
orig_I0	M0759	coverage	73	1.0600	0.0000	0.0000	1.0000	402
orig_I0	M0916	idf	1	0.6800	1.0000	1.0000	1.0000	490
orig_I0	M0916	coverage	1	0.6800	1.0000	1.0000	1.0000	490
orig_I0	M0122	idf	21	0.9600	1.0000	0.6667	1.0000	449
orig_I0	M0122	coverage	21	0.9600	0.0000	0.0000	1.0000	449
orig_I0	M0435	idf	17	3.0600	1.0000	0.0588	1.0000	441
orig_I0	M0435	coverage	17	3.0600	0.0000	0.0000	1.0000	441
orig_I0	M0519	idf	16	1.5400	1.0000	1.0000	1.0000	435
orig_I0	M0519	coverage	16	1.5400	0.0000	0.0000	1.0000	435
orig_I0	M0506	idf	113	0.5400	1.0000	0.4159	1.0000	415
orig_I0	M0506	coverage	113	0.5400	0.0000	0.0000	1.0000	415
orig_I0	M0357	idf	5	0.5300	1.0000	0.2000	1.0000	418
orig_I0	M0357	coverage	5	0.5300	1.0000	0.6000	1.0000	418
orig_I0	M0414	idf	82	0.5700	1.0000	0.8049	1.0000	498
orig_I0	M0414	coverage	82	0.5700	0.0000	0.0000	1.0000	498
orig_I0	M0096	idf	23	0.7300	1.0000	0.0435	1.0000	492
orig_I0	M0096	coverage	23	0.7300	1.0000	0.0435	1.0000	492
orig_I0	M0885	idf	15	1.1600	1.0000	0.5333	1.0000	470
orig_I0	M0885	coverage	15	1.1600	1.0000	0.1333	1.0000	470
orig_I0	M0738	idf	15	0.7500	1.0000	1.0000	1.0000	449
orig_I0	M0738	coverage	15	0.7500	1.0000	0.6667	1.0000	449
orig_I0	M0545	idf	19	0.7400	1.0000	0.5789	1.0000	472
orig_I0	M0545	coverage	19	0.7400	1.0000	0.6316	1.0000	472
orig_I0	M0815	idf	238	0.3100	1.0000	0.3697	1.0000	494
orig_I0	M0815	coverage	238	0.3100	1.0000	0.0042	1.0000	494
orig_I0	M0077	idf	101	1.0000	1.0000	0.3663	1.0000	482
orig_I0	M0077	coverage	101	1.0000	1.0000	0.4356	1.0000	482
orig_I0	M0851	idf	22	0.3400	0.0000	0.0000	1.0000	415
orig_I0	M0851	coverage	22	0.3400	1.0000	0.0909	1.0000	415
orig_I0	M0862	idf	17	0.5200	1.0000	0.5294	1.0000	326
orig_I0	M0862	coverage	17	0.5200	0.0000	0.0000	1.0000	326
orig_I0	M0736	idf	3	0.6600	1.0000	1.0000	1.0000	488
orig_I0	M0736	coverage	3	0.6600	0.0000	0.0000	1.0000	488
orig_I0	M0819	idf	25	0.4400	1.0000	0.0400	1.0000	488
orig_I0	M0819	coverage	25	0.4400	1.0000	0.7200	1.0000	488
orig_I0	M0822	idf	2	0.5200	1.0000	1.0000	1.0000	466
orig_I0	M0822	coverage	2	0.5200	1.0000	0.5000	1.0000	466
orig_I0	M0136	idf	9	0.7000	1.0000	0.8889	1.0000	434
orig_I0	M0136	coverage	9	0.7000	1.0000	0.7778	1.0000	434
orig_I0	M0054	idf	44	0.2600	1.0000	0.6818	1.0000	322
orig_I0	M0054	coverage	44	0.2600	1.0000	0.7500	1.0000	322
orig_I0	M0612	idf	82	0.6500	1.0000	0.5732	1.0000	491
orig_I0	M0612	coverage	82	0.6500	1.0000	0.7927	1.0000	491
orig_I0	M0010	idf	13	0.5200	1.0000	1.0000	1.0000	498
orig_I0	M0010	coverage	13	0.5200	1.0000	0.9231	1.0000	498
orig_I0	M0709	idf	289	0.5900	1.0000	0.0346	1.0000	492
orig_I0	M0709	coverage	289	0.5900	1.0000	0.0346	1.0000	492
orig_I0	M0940	idf	104	1.3800	0.0000	0.0000	1.0000	494
orig_I0	M0940	coverage	104	1.3800	0.0000	0.0000	1.0000	494
orig_I0	M0172	idf	12	1.3500	1.0000	0.2500	1.0000	438
orig_I0	M0172	coverage	12	1.3500	1.0000	0.5833	1.0000	438
orig_I0	M0693	idf	362	0.5200	1.0000	0.0028	1.0000	497
orig_I0	M0693	coverage	362	0.5200	1.0000	0.0028	1.0000	497
orig_I0	M0159	idf	148	1.3500	1.0000	0.8378	1.0000	469
orig_I0	M0159	coverage	148	1.3500	1.0000	0.1081	1.0000	469
orig_I0	M0835	idf	9	0.7800	0.0000	0.0000	1.0000	490
orig_I0	M0835	coverage	9	0.7800	1.0000	0.1111	1.0000	490
orig_I0	M0810	idf	37	0.4700	1.0000	0.9189	1.0000	495
orig_I0	M0810	coverage	37	0.4700	1.0000	0.3784	1.0000	495
orig_I0	M0434	idf	12	1.0000	1.0000	1.0000	1.0000	483
orig_I0	M0434	coverage	12	1.0000	0.0000	0.0000	1.0000	483
orig_I0	M0653	idf	23	0.6800	1.0000	0.0435	1.0000	447
orig_I0	M0653	coverage	23	0.6800	1.0000	0.0435	1.0000	447
orig_I0	M0205	idf	259	1.2500	1.0000	0.9459	1.0000	475
orig_I0	M0205	coverage	259	1.2500	1.0000	0.9112	1.0000	475
orig_I0	M0939	idf	13	0.1400	1.0000	0.4615	1.0000	327
orig_I0	M0939	coverage	13	0.1400	1.0000	0.4615	1.0000	327
orig_I0	M0918	idf	65	1.0700	1.0000	0.0923	1.0000	448
orig_I0	M0918	coverage	65	1.0700	1.0000	0.5385	1.0000	448
orig_I0	M0858	idf	351	0.6900	1.0000	0.8661	1.0000	487
orig_I0	M0858	coverage	351	0.6900	1.0000	0.9060	1.0000	487
orig_I0	M0420	idf	17	0.3200	1.0000	0.1765	1.0000	494
orig_I0	M0420	coverage	17	0.3200	1.0000	0.2353	1.0000	494
orig_I0	M0879	idf	15	0.5100	0.0000	0.0000	1.0000	347
orig_I0	M0879	coverage	15	0.5100	0.0000	0.0000	1.0000	347
orig_I0	M0371	idf	122	0.5600	1.0000	0.2459	1.0000	402
orig_I0	M0371	coverage	122	0.5600	0.0000	0.0000	1.0000	402
orig_I0	M0020	idf	115	1.1200	0.0000	0.0000	1.0000	464
orig_I0	M0020	coverage	115	1.1200	1.0000	0.0087	1.0000	464
orig_I0	M0855	idf	38	0.7100	1.0000	0.4737	1.0000	495
orig_I0	M0855	coverage	38	0.7100	1.0000	0.1316	1.0000	495
orig_I0	M0957	idf	186	1.0100	0.0000	0.0000	1.0000	493
orig_I0	M0957	coverage	186	1.0100	0.0000	0.0000	1.0000	493
orig_I0	M0505	idf	27	0.7200	1.0000	0.1111	1.0000	491
orig_I0	M0505	coverage	27	0.7200	1.0000	0.0741	1.0000	491
orig_I0	M0477	idf	70	0.4700	1.0000	0.6429	1.0000	489
orig_I0	M0477	coverage	70	0.4700	1.0000	0.6286	1.0000	489
orig_I0	M0829	idf	6	0.5400	1.0000	0.8333	1.0000	485
orig_I0	M0829	coverage	6	0.5400	0.0000	0.0000	1.0000	485
orig_I0	M0884	idf	19	0.6800	1.0000	0.0526	1.0000	489
orig_I0	M0884	coverage	19	0.6800	1.0000	0.6316	1.0000	489
orig_I0	M0384	idf	67	0.4700	1.0000	0.1045	1.0000	478
orig_I0	M0384	coverage	67	0.4700	0.0000	0.0000	1.0000	478
orig_I0	M0065	idf	53	0.6100	1.0000	0.5849	1.0000	485
orig_I0	M0065	coverage	53	0.6100	1.0000	0.2264	1.0000	485
orig_I0	M0123	idf	2	1.2200	1.0000	1.0000	1.0000	434
orig_I0	M0123	coverage	2	1.2200	0.0000	0.0000	1.0000	434
orig_I0	M0580	idf	9	0.4200	1.0000	0.1111	1.0000	496
orig_I0	M0580	coverage	9	0.4200	1.0000	0.5556	1.0000	496
orig_I0	M0033	idf	14	0.6100	1.0000	0.7857	1.0000	495
orig_I0	M0033	coverage	14	0.6100	1.0000	0.0714	1.0000	495
orig_I0	M0281	idf	1	1.1200	1.0000	1.0000	1.0000	461
orig_I0	M0281	coverage	1	1.1200	1.0000	1.0000	1.0000	461
orig_I0	M0544	idf	12	0.5500	1.0000	0.4167	1.0000	494
orig_I0	M0544	coverage	12	0.5500	1.0000	0.0833	1.0000	494
orig_I0	M0212	idf	83	2.2500	1.0000	0.5783	1.0000	467
orig_I0	M0212	coverage	83	2.2500	1.0000	0.5904	1.0000	467
orig_I0	M0426	idf	18	0.5100	1.0000	0.9444	1.0000	494
orig_I0	M0426	coverage	18	0.5100	1.0000	0.2222	1.0000	494
orig_I0	M0905	idf	198	0.3200	0.0000	0.0000	1.0000	450
orig_I0	M0905	coverage	198	0.3200	0.0000	0.0000	1.0000	450
orig_I0	M0843	idf	14	0.2800	1.0000	0.5714	1.0000	387
orig_I0	M0843	coverage	14	0.2800	1.0000	0.7143	1.0000	387
orig_I0	M0263	idf	24	0.5700	1.0000	0.1250	1.0000	394
orig_I0	M0263	coverage	24	0.5700	1.0000	0.5000	1.0000	394
orig_I0	M0697	idf	155	0.5300	1.0000	0.1032	1.0000	494
orig_I0	M0697	coverage	155	0.5300	1.0000	0.4710	1.0000	494
orig_I0	M0260	idf	21	0.6100	1.0000	1.0000	1.0000	492
orig_I0	M0260	coverage	21	0.6100	1.0000	0.2857	1.0000	492
orig_I0	M0379	idf	41	1.2900	1.0000	1.0000	1.0000	463
orig_I0	M0379	coverage	41	1.2900	1.0000	0.0732	1.0000	463
orig_I0	M0377	idf	189	1.0300	1.0000	0.0317	1.0000	490
orig_I0	M0377	coverage	189	1.0300	0.0000	0.0000	1.0000	490
orig_I0	M0547	idf	4	0.3500	1.0000	1.0000	1.0000	495
orig_I0	M0547	coverage	4	0.3500	1.0000	0.7500	1.0000	495
orig_I0	M0508	idf	6	0.7100	1.0000	1.0000	1.0000	486
orig_I0	M0508	coverage	6	0.7100	1.0000	0.1667	1.0000	486
orig_I0	M0401	idf	392	0.6500	0.0000	0.0000	1.0000	479
orig_I0	M0401	coverage	392	0.6500	0.0000	0.0000	1.0000	479
orig_I0	M0755	idf	11	0.3900	1.0000	0.8182	1.0000	489
orig_I0	M0755	coverage	11	0.3900	1.0000	0.0909	1.0000	489
orig_I0	M0458	idf	25	0.3600	1.0000	0.1600	1.0000	475
orig_I0	M0458	coverage	25	0.3600	1.0000	0.8400	1.0000	475
orig_I0	M0314	idf	45	1.9400	1.0000	0.1333	1.0000	470
orig_I0	M0314	coverage	45	1.9400	0.0000	0.0000	1.0000	470
orig_I0	M0210	idf	220	0.5800	1.0000	0.0227	1.0000	439
orig_I0	M0210	coverage	220	0.5800	1.0000	0.0045	1.0000	439
orig_I0	M0154	idf	62	0.5000	1.0000	0.1935	1.0000	488
orig_I0	M0154	coverage	62	0.5000	1.0000	0.8387	1.0000	488
orig_I0	M0502	idf	20	1.4100	1.0000	0.2000	1.0000	450
orig_I0	M0502	coverage	20	1.4100	0.0000	0.0000	1.0000	450
orig_I0	M0031	idf	290	0.7300	1.0000	0.6724	1.0000	418
orig_I0	M0031	coverage	290	0.7300	1.0000	0.6207	1.0000	418
orig_I0	M0178	idf	273	0.8500	0.0000	0.0000	1.0000	493
orig_I0	M0178	coverage	273	0.8500	0.0000	0.0000	1.0000	493
orig_I0	M0019	idf	21	0.8100	1.0000	1.0000	1.0000	470
orig_I0	M0019	coverage	21	0.8100	1.0000	1.0000	1.0000	470
orig_I0	M0125	idf	19	1.0600	1.0000	0.8947	1.0000	464
orig_I0	M0125	coverage	19	1.0600	1.0000	0.6842	1.0000	464
orig_I0	M0181	idf	8	1.0900	1.0000	0.6250	1.0000	472
orig_I0	M0181	coverage	8	1.0900	1.0000	0.2500	1.0000	472
orig_I0	M0466	idf	6	1.2600	1.0000	0.5000	1.0000	469
orig_I0	M0466	coverage	6	1.2600	0.0000	0.0000	1.0000	469
orig_I0	M0058	idf	37	0.5300	1.0000	0.0270	1.0000	493
orig_I0	M0058	coverage	37	0.5300	1.0000	0.0270	1.0000	493
orig_I0	M0683	idf	27	0.9000	1.0000	0.9630	1.0000	479
orig_I0	M0683	coverage	27	0.9000	1.0000	0.1111	1.0000	479
orig_I0	M0925	idf	22	0.4400	1.0000	0.0455	1.0000	496
orig_I0	M0925	coverage	22	0.4400	1.0000	0.0909	1.0000	496
orig_I0	M0081	idf	9	0.6500	1.0000	0.5556	1.0000	488
orig_I0	M0081	coverage	9	0.6500	1.0000	0.1111	1.0000	488
orig_I0	M0090	idf	60	1.2200	1.0000	0.9833	1.0000	449
orig_I0	M0090	coverage	60	1.2200	1.0000	0.0833	1.0000	449
orig_I0	M0429	idf	47	0.7000	1.0000	0.9574	1.0000	494
orig_I0	M0429	coverage	47	0.7000	1.0000	0.8085	1.0000	494
orig_I0	M0447	idf	2	0.5600	1.0000	0.5000	1.0000	490
orig_I0	M0447	coverage	2	0.5600	0.0000	0.0000	1.0000	490
orig_I0	M0768	idf	19	0.7000	1.0000	0.8421	1.0000	489
orig_I0	M0768	coverage	19	0.7000	1.0000	0.3158	1.0000	489
orig_I0	M0261	idf	19	0.7500	1.0000	0.3158	1.0000	386
orig_I0	M0261	coverage	19	0.7500	1.0000	0.3684	1.0000	386
orig_I0	M0234	idf	8	0.9200	1.0000	0.6250	1.0000	487
orig_I0	M0234	coverage	8	0.9200	1.0000	0.2500	1.0000	487
orig_I0	M0958	idf	236	1.0500	0.0000	0.0000	1.0000	492
orig_I0	M0958	coverage	236	1.0500	0.0000	0.0000	1.0000	492
orig_I0	M0387	idf	2048	0.8000	0.0000	0.0000	1.0000	499
orig_I0	M0387	coverage	2048	0.8000	1.0000	0.0005	1.0000	499
orig_I0	M0520	idf	440	0.7900	1.0000	0.0114	1.0000	496
orig_I0	M0520	coverage	440	0.7900	0.0000	0.0000	1.0000	496
orig_I0	M0910	idf	7	0.6200	1.0000	1.0000	1.0000	493
orig_I0	M0910	coverage	7	0.6200	1.0000	1.0000	1.0000	493
orig_I0	M0398	idf	36	1.1800	1.0000	1.0000	1.0000	478
orig_I0	M0398	coverage	36	1.1800	1.0000	0.6389	1.0000	478
orig_I0	M0040	idf	52	0.7100	1.0000	0.1154	1.0000	479
orig_I0	M0040	coverage	52	0.7100	0.0000	0.0000	1.0000	479
orig_I0	M0808	idf	3	0.6800	1.0000	1.0000	1.0000	484
orig_I0	M0808	coverage	3	0.6800	1.0000	1.0000	1.0000	484
orig_I0	M0781	idf	6	0.5200	1.0000	0.8333	1.0000	495
orig_I0	M0781	coverage	6	0.5200	0.0000	0.0000	1.0000	495
orig_I0	M0410	idf	30	1.3900	1.0000	0.2000	1.0000	457
orig_I0	M0410	coverage	30	1.3900	0.0000	0.0000	1.0000	457
orig_I0	M0250	idf	14	0.6200	1.0000	1.0000	1.0000	495
orig_I0	M0250	coverage	14	0.6200	1.0000	0.0714	1.0000	495
orig_I0	M0748	idf	19	0.0700	1.0000	0.8947	1.0000	128
orig_I0	M0748	coverage	19	0.0700	1.0000	1.0000	1.0000	128
orig_I0	M0515	idf	20	1.0000	1.0000	0.4500	1.0000	487
orig_I0	M0515	coverage	20	1.0000	1.0000	0.3500	1.0000	487
orig_I0	M0920	idf	21	0.9300	1.0000	0.5714	1.0000	490
orig_I0	M0920	coverage	21	0.9300	0.0000	0.0000	1.0000	490
orig_I0	M0655	idf	6	0.2200	1.0000	0.1667	1.0000	286
orig_I0	M0655	coverage	6	0.2200	1.0000	0.1667	1.0000	286
orig_I0	M0227	idf	38	0.6300	1.0000	0.2105	1.0000	479
orig_I0	M0227	coverage	38	0.6300	1.0000	0.0526	1.0000	479
orig_I0	M0272	idf	35	1.0100	1.0000	0.2286	1.0000	461
orig_I0	M0272	coverage	35	1.0100	0.0000	0.0000	1.0000	461
orig_I0	M0093	idf	10	0.7200	0.0000	0.0000	1.0000	488
orig_I0	M0093	coverage	10	0.7200	0.0000	0.0000	1.0000	488
orig_I0	M0625	idf	5	0.5300	0.0000	0.0000	1.0000	474
orig_I0	M0625	coverage	5	0.5300	0.0000	0.0000	1.0000	474
orig_I0	M0321	idf	19	0.6700	1.0000	0.4737	1.0000	497
orig_I0	M0321	coverage	19	0.6700	1.0000	0.2105	1.0000	497
orig_I0	M0048	idf	98	0.8200	1.0000	0.6939	1.0000	473
orig_I0	M0048	coverage	98	0.8200	1.0000	0.1224	1.0000	473
orig_I0	M0043	idf	20	1.0600	1.0000	1.0000	1.0000	468
orig_I0	M0043	coverage	20	1.0600	1.0000	0.6500	1.0000	468
orig_I0	M0900	idf	441	0.4000	0.0000	0.0000	1.0000	497
orig_I0	M0900	coverage	441	0.4000	0.0000	0.0000	1.0000	497
orig_I0	M0857	idf	12	0.8500	1.0000	0.7500	1.0000	472
orig_I0	M0857	coverage	12	0.8500	1.0000	0.1667	1.0000	472
orig_I0	M0964	idf	68	0.6200	1.0000	0.1324	1.0000	464
orig_I0	M0964	coverage	68	0.6200	1.0000	0.0735	1.0000	464
orig_I0	M0131	idf	36	0.8000	1.0000	1.0000	1.0000	489
orig_I0	M0131	coverage	36	0.8000	1.0000	0.8333	1.0000	489
orig_I0	M0754	idf	9	0.3400	1.0000	0.3333	1.0000	488
orig_I0	M0754	coverage	9	0.3400	1.0000	0.3333	1.0000	488
orig_I0	M0313	idf	17	0.3500	1.0000	0.5294	1.0000	488
orig_I0	M0313	coverage	17	0.3500	1.0000	0.7059	1.0000	488
orig_I0	M0092	idf	41	0.6600	1.0000	0.9268	1.0000	471
orig_I0	M0092	coverage	41	0.6600	0.0000	0.0000	1.0000	471
orig_I0	M0108	idf	3	0.7400	0.0000	0.0000	1.0000	493
orig_I0	M0108	coverage	3	0.7400	0.0000	0.0000	1.0000	493
orig_I0	M0139	idf	76	1.0000	0.0000	0.0000	1.0000	482
orig_I0	M0139	coverage	76	1.0000	1.0000	0.0395	1.0000	482
orig_I0	M0235	idf	17	0.4000	1.0000	0.0588	1.0000	498
orig_I0	M0235	coverage	17	0.4000	1.0000	0.2353	1.0000	498
orig_I0	M0444	idf	83	0.5700	1.0000	0.8434	1.0000	493
orig_I0	M0444	coverage	83	0.5700	1.0000	0.7349	1.0000	493
orig_I0	M0623	idf	16	0.7200	1.0000	1.0000	1.0000	491
orig_I0	M0623	coverage	16	0.7200	1.0000	0.9375	1.0000	491
orig_I0	M0919	idf	18	0.5100	1.0000	0.5000	1.0000	376
orig_I0	M0919	coverage	18	0.5100	1.0000	0.5556	1.0000	376
orig_I0	M0369	idf	82	0.7100	1.0000	0.2683	1.0000	468
orig_I0	M0369	coverage	82	0.7100	1.0000	0.0854	1.0000	468
orig_I0	M0253	idf	212	0.8700	1.0000	0.8962	1.0000	388
orig_I0	M0253	coverage	212	0.8700	1.0000	0.0236	1.0000	388
orig_I0	M0254	idf	17	2.2200	1.0000	1.0000	1.0000	389
orig_I0	M0254	coverage	17	2.2200	1.0000	0.7647	1.0000	389
orig_I0	M0301	idf	51	0.7800	1.0000	0.1176	1.0000	483
orig_I0	M0301	coverage	51	0.7800	0.0000	0.0000	1.0000	483
orig_I0	M0674	idf	31	0.5500	1.0000	0.0968	1.0000	432
orig_I0	M0674	coverage	31	0.5500	1.0000	0.0968	1.0000	432
orig_I0	M0100	idf	360	0.7800	1.0000	0.2806	1.0000	487
orig_I0	M0100	coverage	360	0.7800	1.0000	0.2722	1.0000	487
orig_I0	M0231	idf	13	0.7700	1.0000	0.9231	1.0000	485
orig_I0	M0231	coverage	13	0.7700	1.0000	0.2308	1.0000	485
orig_I0	M0816	idf	238	0.3700	0.0000	0.0000	1.0000	468
orig_I0	M0816	coverage	238	0.3700	1.0000	0.0126	1.0000	468
orig_I0	M0472	idf	94	1.3900	1.0000	0.9681	1.0000	483
orig_I0	M0472	coverage	94	1.3900	1.0000	0.9043	1.0000	483
orig_I0	M0962	idf	134	1.2400	1.0000	0.0224	1.0000	480
orig_I0	M0962	coverage	134	1.2400	0.0000	0.0000	1.0000	480
orig_I0	M0795	idf	79	0.7400	1.0000	0.3165	1.0000	477
orig_I0	M0795	coverage	79	0.7400	0.0000	0.0000	1.0000	477
orig_I0	M0727	idf	22	0.7100	1.0000	0.5455	1.0000	473
orig_I0	M0727	coverage	22	0.7100	1.0000	0.2273	1.0000	473
orig_I0	M0497	idf	15	1.0600	1.0000	0.9333	1.0000	468
orig_I0	M0497	coverage	15	1.0600	0.0000	0.0000	1.0000	468
orig_I0	M0338	idf	23	0.4100	1.0000	0.2174	1.0000	473
orig_I0	M0338	coverage	23	0.4100	1.0000	0.0435	1.0000	473
orig_I0	M0947	idf	43	0.4800	1.0000	0.6047	1.0000	367
orig_I0	M0947	coverage	43	0.4800	1.0000	0.4884	1.0000	367
orig_I0	M0163	idf	47	0.4500	1.0000	0.9362	1.0000	477
orig_I0	M0163	coverage	47	0.4500	0.0000	0.0000	1.0000	477
orig_I0	M0959	idf	155	1.2800	0.0000	0.0000	1.0000	493
orig_I0	M0959	coverage	155	1.2800	0.0000	0.0000	1.0000	493
orig_I0	M0433	idf	210	0.3400	0.0000	0.0000	1.0000	493
orig_I0	M0433	coverage	210	0.3400	0.0000	0.0000	1.0000	493
orig_I0	M0416	idf	4	1.2300	1.0000	1.0000	1.0000	495
orig_I0	M0416	coverage	4	1.2300	1.0000	1.0000	1.0000	495
orig_I0	M0850	idf	31	0.4600	1.0000	0.1290	1.0000	473
orig_I0	M0850	coverage	31	0.4600	1.0000	0.4839	1.0000	473
orig_I0	M0454	idf	14	0.6500	1.0000	1.0000	1.0000	468
orig_I0	M0454	coverage	14	0.6500	1.0000	0.8571	1.0000	468
orig_I0	M0351	idf	24	0.5500	1.0000	0.0417	1.0000	480
orig_I0	M0351	coverage	24	0.5500	1.0000	0.5833	1.0000	480
orig_I0	M0425	idf	2084	0.3700	0.0000	0.0000	1.0000	464
orig_I0	M0425	coverage	2084	0.3700	1.0000	0.0005	1.0000	464
orig_I0	M0067	idf	39	0.6400	1.0000	0.2564	1.0000	491
orig_I0	M0067	coverage	39	0.6400	1.0000	0.0513	1.0000	491
orig_I0	M0550	idf	20	0.5900	1.0000	0.1000	1.0000	377
orig_I0	M0550	coverage	20	0.5900	1.0000	0.2000	1.0000	377
orig_I0	M0792	idf	10	0.3900	0.0000	0.0000	1.0000	495
orig_I0	M0792	coverage	10	0.3900	0.0000	0.0000	1.0000	495
orig_I0	M0961	idf	144	1.0600	0.0000	0.0000	1.0000	491
orig_I0	M0961	coverage	144	1.0600	1.0000	0.0208	1.0000	491
orig_I0	M0109	idf	207	0.8100	1.0000	0.5362	1.0000	483
orig_I0	M0109	coverage	207	0.8100	1.0000	0.0725	1.0000	483
orig_I0	M0257	idf	222	1.0300	1.0000	0.9910	1.0000	495
orig_I0	M0257	coverage	222	1.0300	0.0000	0.0000	1.0000	495
orig_I0	M0789	idf	51	0.3600	1.0000	0.6078	1.0000	492
orig_I0	M0789	coverage	51	0.3600	1.0000	0.2353	1.0000	492
orig_I0	M0363	idf	64	0.2500	1.0000	0.0938	1.0000	268
orig_I0	M0363	coverage	64	0.2500	1.0000	0.1562	1.0000	268
orig_I0	M0391	idf	14	0.4100	1.0000	0.4286	1.0000	494
orig_I0	M0391	coverage	14	0.4100	1.0000	0.8571	1.0000	494
orig_I0	M0826	idf	21	0.3600	1.0000	0.7143	1.0000	494
orig_I0	M0826	coverage	21	0.3600	1.0000	0.6190	1.0000	494
orig_I0	M0952	idf	5	0.2600	1.0000	0.8000	1.0000	448
orig_I0	M0952	coverage	5	0.2600	1.0000	0.8000	1.0000	448
orig_I0	M0117	idf	100	0.4100	0.0000	0.0000	1.0000	496
orig_I0	M0117	coverage	100	0.4100	1.0000	0.0100	1.0000	496
orig_I0	M0854	idf	122	0.7900	1.0000	0.1230	1.0000	492
orig_I0	M0854	coverage	122	0.7900	1.0000	0.0656	1.0000	492
orig_I0	M0881	idf	155	0.7500	1.0000	0.9871	1.0000	467
orig_I0	M0881	coverage	155	0.7500	1.0000	0.7355	1.0000	467
orig_I0	M0874	idf	1	0.5000	1.0000	1.0000	1.0000	491
orig_I0	M0874	coverage	1	0.5000	1.0000	1.0000	1.0000	491
orig_I0	M0597	idf	27	0.4000	1.0000	0.3704	1.0000	495
orig_I0	M0597	coverage	27	0.4000	1.0000	0.4074	1.0000	495
orig_I0	M0070	idf	159	0.4400	1.0000	0.0440	1.0000	495
orig_I0	M0070	coverage	159	0.4400	1.0000	0.0440	1.0000	495
orig_I0	M0423	idf	94	0.6200	1.0000	0.0213	1.0000	477
orig_I0	M0423	coverage	94	0.6200	1.0000	0.1383	1.0000	477
orig_I0	M0266	idf	35	0.9000	1.0000	0.9143	1.0000	488
orig_I0	M0266	coverage	35	0.9000	1.0000	0.3429	1.0000	488
orig_I0	M0262	idf	19	0.7900	1.0000	1.0000	1.0000	436
orig_I0	M0262	coverage	19	0.7900	1.0000	0.4211	1.0000	436
orig_I0	M0806	idf	3	0.3700	1.0000	0.3333	1.0000	491
orig_I0	M0806	coverage	3	0.3700	1.0000	0.3333	1.0000	491
orig_I0	M0937	idf	31	0.4100	1.0000	0.2581	1.0000	450
orig_I0	M0937	coverage	31	0.4100	1.0000	0.7742	1.0000	450
orig_I0	M0066	idf	57	0.5700	1.0000	0.3684	1.0000	493
orig_I0	M0066	coverage	57	0.5700	1.0000	0.1930	1.0000	493
orig_I0	M0462	idf	48	0.6700	1.0000	0.9375	1.0000	497
orig_I0	M0462	coverage	48	0.6700	1.0000	0.4375	1.0000	497
orig_I0	M0380	idf	21	0.9800	1.0000	0.6190	1.0000	479
orig_I0	M0380	coverage	21	0.9800	1.0000	0.5238	1.0000	479
orig_I0	M0403	idf	16	0.5000	1.0000	0.6875	1.0000	486
orig_I0	M0403	coverage	16	0.5000	1.0000	0.3125	1.0000	486
orig_I0	M0141	idf	25	2.0600	1.0000	0.1600	1.0000	462
orig_I0	M0141	coverage	25	2.0600	0.0000	0.0000	1.0000	462
orig_I0	M0237	idf	555	0.6100	1.0000	0.0847	1.0000	461
orig_I0	M0237	coverage	555	0.6100	1.0000	0.1622	1.0000	461
orig_I0	M0642	idf	24	0.5300	1.0000	0.2917	1.0000	475
orig_I0	M0642	coverage	24	0.5300	1.0000	0.2917	1.0000	475
orig_I0	M0142	idf	13	0.5000	1.0000	0.3846	1.0000	497
orig_I0	M0142	coverage	13	0.5000	1.0000	0.3077	1.0000	497
orig_I0	M0798	idf	2073	0.4800	0.0000	0.0000	1.0000	497
orig_I0	M0798	coverage	2073	0.4800	0.0000	0.0000	1.0000	497
orig_I0	M0574	idf	111	1.1800	1.0000	0.5045	1.0000	484
orig_I0	M0574	coverage	111	1.1800	0.0000	0.0000	1.0000	484
orig_I0	M0663	idf	96	0.4500	1.0000	0.1667	1.0000	449
orig_I0	M0663	coverage	96	0.4500	1.0000	0.1354	1.0000	449
orig_I0	M0348	idf	165	1.1800	0.0000	0.0000	1.0000	493
orig_I0	M0348	coverage	165	1.1800	0.0000	0.0000	1.0000	493
orig_I0	M0353	idf	11	0.2900	1.0000	0.0909	1.0000	381
orig_I0	M0353	coverage	11	0.2900	1.0000	0.7273	1.0000	381
orig_I0	M0028	idf	19	0.6800	1.0000	1.0000	1.0000	439
orig_I0	M0028	coverage	19	0.6800	1.0000	1.0000	1.0000	439
orig_I0	M0308	idf	172	1.0700	1.0000	1.0000	1.0000	468
orig_I0	M0308	coverage	172	1.0700	0.0000	0.0000	1.0000	468
orig_I0	M0860	idf	6	0.6100	1.0000	0.3333	1.0000	489
orig_I0	M0860	coverage	6	0.6100	1.0000	0.3333	1.0000	489
orig_I0	M0188	idf	117	0.2900	0.0000	0.0000	1.0000	448
orig_I0	M0188	coverage	117	0.2900	1.0000	0.0256	1.0000	448
orig_I0	M0003	idf	94	0.3400	1.0000	0.1809	1.0000	470
orig_I0	M0003	coverage	94	0.3400	1.0000	0.1915	1.0000	470
orig_I0	M0906	idf	265	0.3500	0.0000	0.0000	1.0000	486
orig_I0	M0906	coverage	265	0.3500	1.0000	0.1925	1.0000	486
orig_I0	M0590	idf	19	0.5500	1.0000	0.1053	1.0000	487
orig_I0	M0590	coverage	19	0.5500	1.0000	0.1053	1.0000	487
orig_I0	M0293	idf	60	0.6200	1.0000	0.4000	1.0000	476
orig_I0	M0293	coverage	60	0.6200	1.0000	0.4500	1.0000	476
orig_I0	M0651	idf	56	0.3900	1.0000	0.0357	1.0000	492
orig_I0	M0651	coverage	56	0.3900	1.0000	0.1250	1.0000	492
orig_I0	M0297	idf	17	0.1300	1.0000	0.0588	1.0000	499
orig_I0	M0297	coverage	17	0.1300	0.0000	0.0000	1.0000	499
orig_I0	M0194	idf	63	1.0000	1.0000	0.9524	1.0000	475
orig_I0	M0194	coverage	63	1.0000	1.0000	0.1270	1.0000	475
orig_I0	M0589	idf	26	0.4300	1.0000	0.1154	1.0000	482
orig_I0	M0589	coverage	26	0.4300	1.0000	0.0385	1.0000	482
orig_I0	M0669	idf	10	0.6400	1.0000	0.4000	1.0000	490
orig_I0	M0669	coverage	10	0.6400	0.0000	0.0000	1.0000	490
orig_I0	M0742	idf	2	0.4900	1.0000	1.0000	1.0000	494
orig_I0	M0742	coverage	2	0.4900	0.0000	0.0000	1.0000	494
orig_I0	M0298	idf	164	0.5900	0.0000	0.0000	0.0000	498
orig_I0	M0298	coverage	164	0.5900	0.0000	0.0000	0.0000	498
orig_I0	M0440	idf	43	0.6900	1.0000	0.8372	1.0000	454
orig_I0	M0440	coverage	43	0.6900	1.0000	0.1628	1.0000	454
orig_I0	M0386	idf	4	1.2700	1.0000	1.0000	1.0000	483
orig_I0	M0386	coverage	4	1.2700	1.0000	0.7500	1.0000	483
orig_I0	M0087	idf	50	1.1300	1.0000	1.0000	1.0000	470
orig_I0	M0087	coverage	50	1.1300	1.0000	0.1600	1.0000	470
orig_I0_aa	M0346	idf	37	3.5500	1.0000	0.0541	1.0000	444
orig_I0_aa	M0346	coverage	37	3.5500	0.0000	0.0000	1.0000	444
orig_I0_aa	M0376	idf	41	8.3200	1.0000	0.9024	1.0000	469
orig_I0_aa	M0376	coverage	41	8.3200	0.0000	0.0000	1.0000	469
orig_I0_aa	M0431	idf	3	3.9100	1.0000	1.0000	1.0000	463
orig_I0_aa	M0431	coverage	3	3.9100	1.0000	1.0000	1.0000	463
orig_I0_aa	M0243	idf	11	6.6500	1.0000	1.0000	1.0000	470
orig_I0_aa	M0243	coverage	11	6.6500	0.0000	0.0000	1.0000	470
orig_I0_aa	M0294	idf	108	8.5000	1.0000	0.3056	1.0000	478
orig_I0_aa	M0294	coverage	108	8.5000	0.0000	0.0000	1.0000	478
orig_I0_aa	M0895	idf	121	3.1300	1.0000	0.0083	1.0000	459
orig_I0_aa	M0895	coverage	121	3.1300	1.0000	0.0165	1.0000	459
orig_I0_aa	M0104	idf	4	8.5900	1.0000	1.0000	1.0000	448
orig_I0_aa	M0104	coverage	4	8.5900	1.0000	1.0000	1.0000	448
orig_I0_aa	M0869	idf	5	2.4700	0.0000	0.0000	1.0000	456
orig_I0_aa	M0869	coverage	5	2.4700	0.0000	0.0000	1.0000	456
orig_I0_aa	M0075	idf	2	8.9500	0.0000	0.0000	1.0000	424
orig_I0_aa	M0075	coverage	2	8.9500	0.0000	0.0000	1.0000	424
orig_I0_aa	M0134	idf	55	4.0900	1.0000	0.8364	1.0000	466
orig_I0_aa	M0134	coverage	55	4.0900	1.0000	0.3455	1.0000	466
orig_I0_aa	M0206	idf	75	8.8400	1.0000	0.9733	1.0000	462
orig_I0_aa	M0206	coverage	75	8.8400	1.0000	0.1067	1.0000	462
orig_I0_aa	M0044	idf	67	8.8900	1.0000	0.9552	1.0000	466
orig_I0_aa	M0044	coverage	67	8.8900	1.0000	0.3731	1.0000	466
orig_I0_aa	M0484	idf	100	9.6300	1.0000	1.0000	1.0000	460
orig_I0_aa	M0484	coverage	100	9.6300	1.0000	0.8500	1.0000	460
orig_I0_aa	M0334	idf	22	3.4900	1.0000	0.8182	1.0000	430
orig_I0_aa	M0334	coverage	22	3.4900	0.0000	0.0000	1.0000	430
orig_I0_aa	M0412	idf	5	4.2900	1.0000	0.6000	1.0000	473
orig_I0_aa	M0412	coverage	5	4.2900	0.0000	0.0000	1.0000	473
orig_I0_aa	M0931	idf	70	2.3900	1.0000	0.0714	1.0000	428
orig_I0_aa	M0931	coverage	70	2.3900	1.0000	0.6286	1.0000	428
orig_I0_aa	M0118	idf	106	3.5500	0.0000	0.0000	1.0000	437
orig_I0_aa	M0118	coverage	106	3.5500	1.0000	0.6226	1.0000	437
orig_I0_aa	M0752	idf	8	1.1200	1.0000	1.0000	1.0000	452
orig_I0_aa	M0752	coverage	8	1.1200	1.0000	0.8750	1.0000	452
orig_I0_aa	M0428	idf	10	9.5700	1.0000	0.9000	1.0000	458
orig_I0_aa	M0428	coverage	10	9.5700	1.0000	0.6000	1.0000	458
orig_I0_aa	M0771	idf	213	2.3400	1.0000	0.0563	1.0000	451
orig_I0_aa	M0771	coverage	213	2.3400	1.0000	0.0329	1.0000	451
orig_I0_aa	M0658	idf	12	3.7300	0.0000	0.0000	1.0000	458
orig_I0_aa	M0658	coverage	12	3.7300	1.0000	0.9167	1.0000	458
orig_I0_aa	M0311	idf	78	7.8400	1.0000	0.9872	1.0000	488
orig_I0_aa	M0311	coverage	78	7.8400	1.0000	0.0128	1.0000	488
orig_I0_aa	M0600	idf	78	5.8400	1.0000	0.0385	1.0000	460
orig_I0_aa	M0600	coverage	78	5.8400	0.0000	0.0000	1.0000	460
orig_I0_aa	M0565	idf	13	1.5100	0.0000	0.0000	1.0000	435
orig_I0_aa	M0565	coverage	13	1.5100	1.0000	0.1538	1.0000	435
orig_I0_aa	M0085	idf	11	3.8900	1.0000	0.7273	1.0000	425
orig_I0_aa	M0085	coverage	11	3.8900	1.0000	0.4545	1.0000	425
orig_I0_aa	M0488	idf	6	9.5100	1.0000	1.0000	1.0000	460
orig_I0_aa	M0488	coverage	6	9.5100	1.0000	1.0000	1.0000	460
orig_I0_aa	M0076	idf	97	2.2500	0.0000	0.0000	1.0000	465
orig_I0_aa	M0076	coverage	97	2.2500	1.0000	0.3711	1.0000	465
orig_I0_aa	M0175	idf	826	1.7600	0.0000	0.0000	1.0000	499
orig_I0_aa	M0175	coverage	826	1.7600	1.0000	0.5884	1.0000	499
orig_I0_aa	M0107	idf	7	5.0100	1.0000	0.2857	1.0000	439
orig_I0_aa	M0107	coverage	7	5.0100	1.0000	0.7143	1.0000	439
orig_I0_aa	M0201	idf	38	3.2600	0.0000	0.0000	1.0000	438
orig_I0_aa	M0201	coverage	38	3.2600	0.0000	0.0000	1.0000	438
orig_I0_aa	M0383	idf	124	11.7300	0.0000	0.0000	1.0000	470
orig_I0_aa	M0383	coverage	124	11.7300	1.0000	0.0484	1.0000	470
orig_I0_aa	M0111	idf	10	12.4000	1.0000	0.3000	1.0000	463
orig_I0_aa	M0111	coverage	10	12.4000	0.0000	0.0000	1.0000	463
orig_I0_aa	M0634	idf	9	6.7900	1.0000	0.5556	1.0000	443
orig_I0_aa	M0634	coverage	9	6.7900	1.0000	0.8889	1.0000	443
orig_I0_aa	M0609	idf	81	4.1500	1.0000	0.0864	1.0000	499
orig_I0_aa	M0609	coverage	81	4.1500	1.0000	0.0494	1.0000	499
orig_I0_aa	M0228	idf	119	3.5000	1.0000	0.1008	1.0000	447
orig_I0_aa	M0228	coverage	119	3.5000	0.0000	0.0000	1.0000	447
orig_I0_aa	M0636	idf	16	3.5200	1.0000	0.3750	1.0000	428
orig_I0_aa	M0636	coverage	16	3.5200	1.0000	0.3750	1.0000	428
orig_I0_aa	M0908	idf	78	1.7300	0.0000	0.0000	1.0000	476
orig_I0_aa	M0908	coverage	78	1.7300	1.0000	0.0128	1.0000	476
orig_I0_aa	M0564	idf	357	4.2500	0.0000	0.0000	1.0000	467
orig_I0_aa	M0564	coverage	357	4.2500	0.0000	0.0000	1.0000	467
orig_I0_aa	M0616	idf	5	3.8800	1.0000	0.8000	1.0000	450
orig_I0_aa	M0616	coverage	5	3.8800	1.0000	0.8000	1.0000	450
orig_I0_aa	M0453	idf	61	8.3400	1.0000	0.2787	1.0000	469
orig_I0_aa	M0453	coverage	61	8.3400	1.0000	0.1475	1.0000	469
orig_I0_aa	M0510	idf	62	3.9000	1.0000	0.9355	1.0000	434
orig_I0_aa	M0510	coverage	62	3.9000	1.0000	0.7097	1.0000	434
orig_I0_aa	M0216	idf	1150	5.1600	1.0000	0.4339	1.0000	499
orig_I0_aa	M0216	coverage	1150	5.1600	1.0000	0.4339	1.0000	499
orig_I0_aa	M0448	idf	7	1.6000	0.0000	0.0000	0.0000	443
orig_I0_aa	M0448	coverage	7	1.6000	0.0000	0.0000	0.0000	443
orig_I0_aa	M0732	idf	18	3.4800	0.0000	0.0000	1.0000	404
orig_I0_aa	M0732	coverage	18	3.4800	0.0000	0.0000	1.0000	404
orig_I0_aa	M0734	idf	5	2.9500	0.0000	0.0000	1.0000	443
orig_I0_aa	M0734	coverage	5	2.9500	0.0000	0.0000	1.0000	443
orig_I0_aa	M0456	idf	17	2.0400	0.0000	0.0000	1.0000	451
orig_I0_aa	M0456	coverage	17	2.0400	0.0000	0.0000	1.0000	451
orig_I0_aa	M0278	idf	74	2.0000	1.0000	0.6216	1.0000	403
orig_I0_aa	M0278	coverage	74	2.0000	1.0000	0.7703	1.0000	403
orig_I0_aa	M0682	idf	290	1.8100	0.0000	0.0000	1.0000	471
orig_I0_aa	M0682	coverage	290	1.8100	1.0000	0.4172	1.0000	471
orig_I0_aa	M0381	idf	68	1.8300	0.0000	0.0000	1.0000	452
orig_I0_aa	M0381	coverage	68	1.8300	1.0000	0.6324	1.0000	452
orig_I0_aa	M0759	idf	73	7.8700	0.0000	0.0000	0.0000	463
orig_I0_aa	M0759	coverage	73	7.8700	0.0000	0.0000	0.0000	463
orig_I0_aa	M0916	idf	1	3.5200	0.0000	0.0000	1.0000	443
orig_I0_aa	M0916	coverage	1	3.5200	0.0000	0.0000	1.0000	443
orig_I0_aa	M0122	idf	21	6.1800	1.0000	0.3810	1.0000	440
orig_I0_aa	M0122	coverage	21	6.1800	1.0000	0.1429	1.0000	440
orig_I0_aa	M0435	idf	17	19.0500	1.0000	0.0588	1.0000	488
orig_I0_aa	M0435	coverage	17	19.0500	0.0000	0.0000	1.0000	488
orig_I0_aa	M0519	idf	16	9.0500	1.0000	1.0000	1.0000	452
orig_I0_aa	M0519	coverage	16	9.0500	1.0000	0.2500	1.0000	452
orig_I0_aa	M0506	idf	113	3.8100	1.0000	0.5133	1.0000	445
orig_I0_aa	M0506	coverage	113	3.8100	0.0000	0.0000	1.0000	445
orig_I0_aa	M0357	idf	5	3.8700	0.0000	0.0000	1.0000	424
orig_I0_aa	M0357	coverage	5	3.8700	1.0000	0.4000	1.0000	424
orig_I0_aa	M0414	idf	82	3.8100	1.0000	0.8415	1.0000	440
orig_I0_aa	M0414	coverage	82	3.8100	0.0000	0.0000	1.0000	440
orig_I0_aa	M0096	idf	23	3.8700	0.0000	0.0000	1.0000	450
orig_I0_aa	M0096	coverage	23	3.8700	1.0000	0.0435	1.0000	450
orig_I0_aa	M0885	idf	15	9.5900	1.0000	0.6667	1.0000	447
orig_I0_aa	M0885	coverage	15	9.5900	1.0000	0.1333	1.0000	447
orig_I0_aa	M0738	idf	15	4.2900	1.0000	1.0000	1.0000	463
orig_I0_aa	M0738	coverage	15	4.2900	1.0000	0.6667	1.0000	463
orig_I0_aa	M0545	idf	19	3.4300	0.0000	0.0000	1.0000	440
orig_I0_aa	M0545	coverage	19	3.4300	1.0000	0.6316	1.0000	440
orig_I0_aa	M0815	idf	238	1.8800	1.0000	0.3824	1.0000	483
orig_I0_aa	M0815	coverage	238	1.8800	0.0000	0.0000	1.0000	483
orig_I0_aa	M0077	idf	101	3.5900	0.0000	0.0000	1.0000	447
orig_I0_aa	M0077	coverage	101	3.5900	0.0000	0.0000	1.0000	447
orig_I0_aa	M0851	idf	22	2.0400	0.0000	0.0000	1.0000	424
orig_I0_aa	M0851	coverage	22	2.0400	1.0000	0.0909	1.0000	424
orig_I0_aa	M0862	idf	17	4.3600	0.0000	0.0000	1.0000	436
orig_I0_aa	M0862	coverage	17	4.3600	0.0000	0.0000	1.0000	436
orig_I0_aa	M0736	idf	3	3.5000	0.0000	0.0000	1.0000	461
orig_I0_aa	M0736	coverage	3	3.5000	1.0000	0.3333	1.0000	461
orig_I0_aa	M0819	idf	25	3.3500	0.0000	0.0000	1.0000	447
orig_I0_aa	M0819	coverage	25	3.3500	0.0000	0.0000	1.0000	447
orig_I0_aa	M0822	idf	2	4.4500	1.0000	0.5000	1.0000	404
orig_I0_aa	M0822	coverage	2	4.4500	0.0000	0.0000	1.0000	404
orig_I0_aa	M0136	idf	9	5.4000	1.0000	0.8889	1.0000	468
orig_I0_aa	M0136	coverage	9	5.4000	1.0000	0.7778	1.0000	468
orig_I0_aa	M0054	idf	44	2.0400	0.0000	0.0000	1.0000	450
orig_I0_aa	M0054	coverage	44	2.0400	1.0000	0.7955	1.0000	450
orig_I0_aa	M0612	idf	82	7.2200	0.0000	0.0000	1.0000	455
orig_I0_aa	M0612	coverage	82	7.2200	1.0000	0.7805	1.0000	455
orig_I0_aa	M0010	idf	13	3.9300	1.0000	1.0000	1.0000	438
orig_I0_aa	M0010	coverage	13	3.9300	1.0000	1.0000	1.0000	438
orig_I0_aa	M0709	idf	289	3.9200	0.0000	0.0000	1.0000	429
orig_I0_aa	M0709	coverage	289	3.9200	1.0000	0.0346	1.0000	429
orig_I0_aa	M0940	idf	104	11.8000	0.0000	0.0000	1.0000	493
orig_I0_aa	M0940	coverage	104	11.8000	0.0000	0.0000	1.0000	493
orig_I0_aa	M0172	idf	12	13.0100	1.0000	0.2500	1.0000	461
orig_I0_aa	M0172	coverage	12	13.0100	1.0000	0.5833	1.0000	461
orig_I0_aa	M0693	idf	362	5.2500	0.0000	0.0000	1.0000	456
orig_I0_aa	M0693	coverage	362	5.2500	1.0000	0.0028	1.0000	456
orig_I0_aa	M0159	idf	148	12.5600	1.0000	0.8851	1.0000	473
orig_I0_aa	M0159	coverage	148	12.5600	1.0000	0.1081	1.0000	473
orig_I0_aa	M0835	idf	9	6.8100	0.0000	0.0000	1.0000	452
orig_I0_aa	M0835	coverage	9	6.8100	1.0000	0.1111	1.0000	452
orig_I0_aa	M0810	idf	37	8.4400	1.0000	0.4324	1.0000	452
orig_I0_aa	M0810	coverage	37	8.4400	1.0000	0.3243	1.0000	452
orig_I0_aa	M0434	idf	12	15.2300	1.0000	1.0000	1.0000	459
orig_I0_aa	M0434	coverage	12	15.2300	1.0000	0.0833	1.0000	459
orig_I0_aa	M0653	idf	23	4.9600	1.0000	0.0435	1.0000	431
orig_I0_aa	M0653	coverage	23	4.9600	1.0000	0.0435	1.0000	431
orig_I0_aa	M0205	idf	259	13.5400	1.0000	0.5946	1.0000	482
orig_I0_aa	M0205	coverage	259	13.5400	1.0000	0.9382	1.0000	482
orig_I0_aa	M0939	idf	13	1.4200	1.0000	0.4615	1.0000	473
orig_I0_aa	M0939	coverage	13	1.4200	1.0000	0.3077	1.0000	473
orig_I0_aa	M0918	idf	65	13.1600	0.0000	0.0000	1.0000	468
orig_I0_aa	M0918	coverage	65	13.1600	1.0000	0.5692	1.0000	468
orig_I0_aa	M0858	idf	351	5.5000	1.0000	0.7123	1.0000	482
orig_I0_aa	M0858	coverage	351	5.5000	1.0000	0.8860	1.0000	482
orig_I0_aa	M0420	idf	17	2.1300	1.0000	0.1176	1.0000	453
orig_I0_aa	M0420	coverage	17	2.1300	1.0000	0.1176	1.0000	453
orig_I0_aa	M0879	idf	15	5.6600	0.0000	0.0000	1.0000	445
orig_I0_aa	M0879	coverage	15	5.6600	1.0000	0.3333	1.0000	445
orig_I0_aa	M0371	idf	122	5.8300	1.0000	0.0656	1.0000	452
orig_I0_aa	M0371	coverage	122	5.8300	0.0000	0.0000	1.0000	452
orig_I0_aa	M0020	idf	115	12.4700	0.0000	0.0000	1.0000	476
orig_I0_aa	M0020	coverage	115	12.4700	1.0000	0.0087	1.0000	476
orig_I0_aa	M0855	idf	38	5.4400	1.0000	0.3947	1.0000	429
orig_I0_aa	M0855	coverage	38	5.4400	1.0000	0.1579	1.0000	429
orig_I0_aa	M0957	idf	186	12.3000	0.0000	0.0000	1.0000	493
orig_I0_aa	M0957	coverage	186	12.3000	0.0000	0.0000	1.0000	493
orig_I0_aa	M0505	idf	27	5.7500	1.0000	0.2593	1.0000	439
orig_I0_aa	M0505	coverage	27	5.7500	1.0000	0.0741	1.0000	439
orig_I0_aa	M0477	idf	70	5.9400	1.0000	0.5286	1.0000	466
orig_I0_aa	M0477	coverage	70	5.9400	1.0000	0.5714	1.0000	466
orig_I0_aa	M0829	idf	6	5.4800	1.0000	0.1667	1.0000	433
orig_I0_aa	M0829	coverage	6	5.4800	0.0000	0.0000	1.0000	433
orig_I0_aa	M0884	idf	19	7.2300	0.0000	0.0000	1.0000	433
orig_I0_aa	M0884	coverage	19	7.2300	1.0000	0.5263	1.0000	433
orig_I0_aa	M0384	idf	67	4.4700	1.0000	0.0746	1.0000	408
orig_I0_aa	M0384	coverage	67	4.4700	0.0000	0.0000	1.0000	408
orig_I0_aa	M0065	idf	53	6.3700	1.0000	0.3962	1.0000	444
orig_I0_aa	M0065	coverage	53	6.3700	1.0000	0.3774	1.0000	444
orig_I0_aa	M0123	idf	2	12.9900	1.0000	1.0000	1.0000	451
orig_I0_aa	M0123	coverage	2	12.9900	0.0000	0.0000	1.0000	451
orig_I0_aa	M0580	idf	9	4.9100	0.0000	0.0000	1.0000	449
orig_I0_aa	M0580	coverage	9	4.9100	1.0000	0.3333	1.0000	449
orig_I0_aa	M0033	idf	14	5.4800	1.0000	0.1429	1.0000	434
orig_I0_aa	M0033	coverage	14	5.4800	1.0000	0.0714	1.0000	434
orig_I0_aa	M0281	idf	1	10.2100	1.0000	1.0000	1.0000	440
orig_I0_aa	M0281	coverage	1	10.2100	1.0000	1.0000	1.0000	440
orig_I0_aa	M0544	idf	12	4.3500	1.0000	0.1667	1.0000	440
orig_I0_aa	M0544	coverage	12	4.3500	1.0000	0.0833	1.0000	440
orig_I0_aa	M0212	idf	83	25.0300	0.0000	0.0000	1.0000	459
orig_I0_aa	M0212	coverage	83	25.0300	1.0000	0.6145	1.0000	459
orig_I0_aa	M0426	idf	18	5.4600	1.0000	0.5000	1.0000	432
orig_I0_aa	M0426	coverage	18	5.4600	1.0000	0.0556	1.0000	432
orig_I0_aa	M0905	idf	198	3.4100	0.0000	0.0000	1.0000	449
orig_I0_aa	M0905	coverage	198	3.4100	0.0000	0.0000	1.0000	449
orig_I0_aa	M0843	idf	14	2.5200	0.0000	0.0000	1.0000	425
orig_I0_aa	M0843	coverage	14	2.5200	1.0000	0.7143	1.0000	425
orig_I0_aa	M0263	idf	24	5.8200	0.0000	0.0000	1.0000	445
orig_I0_aa	M0263	coverage	24	5.8200	1.0000	0.2500	1.0000	445
orig_I0_aa	M0697	idf	155	6.9300	0.0000	0.0000	1.0000	461
orig_I0_aa	M0697	coverage	155	6.9300	1.0000	0.9032	1.0000	461
orig_I0_aa	M0260	idf	21	6.0700	1.0000	0.9048	1.0000	425
orig_I0_aa	M0260	coverage	21	6.0700	1.0000	0.4286	1.0000	425
orig_I0_aa	M0379	idf	41	12.9100	1.0000	1.0000	1.0000	469
orig_I0_aa	M0379	coverage	41	12.9100	1.0000	0.3171	1.0000	469
orig_I0_aa	M0377	idf	189	13.6800	1.0000	0.0317	1.0000	492
orig_I0_aa	M0377	coverage	189	13.6800	0.0000	0.0000	1.0000	492
orig_I0_aa	M0547	idf	4	3.1000	1.0000	0.7500	1.0000	431
orig_I0_aa	M0547	coverage	4	3.1000	1.0000	0.7500	1.0000	431
orig_I0_aa	M0508	idf	6	10.8400	1.0000	1.0000	1.0000	466
orig_I0_aa	M0508	coverage	6	10.8400	1.0000	0.1667	1.0000	466
orig_I0_aa	M0401	idf	392	4.9500	0.0000	0.0000	1.0000	495
orig_I0_aa	M0401	coverage	392	4.9500	0.0000	0.0000	1.0000	495
orig_I0_aa	M0755	idf	11	2.7400	1.0000	0.5455	1.0000	454
orig_I0_aa	M0755	coverage	11	2.7400	1.0000	0.0909	1.0000	454
orig_I0_aa	M0458	idf	25	4.3000	0.0000	0.0000	1.0000	423
orig_I0_aa	M0458	coverage	25	4.3000	1.0000	0.1600	1.0000	423
orig_I0_aa	M0314	idf	45	29.1400	0.0000	0.0000	1.0000	473
orig_I0_aa	M0314	coverage	45	29.1400	0.0000	0.0000	1.0000	473
orig_I0_aa	M0210	idf	220	5.9100	1.0000	0.0091	1.0000	467
orig_I0_aa	M0210	coverage	220	5.9100	0.0000	0.0000	1.0000	467
orig_I0_aa	M0154	idf	62	4.7000	0.0000	0.0000	1.0000	401
orig_I0_aa	M0154	coverage	62	4.7000	1.0000	0.9032	1.0000	401
orig_I0_aa	M0502	idf	20	15.5900	1.0000	0.2000	1.0000	465
orig_I0_aa	M0502	coverage	20	15.5900	0.0000	0.0000	1.0000	465
orig_I0_aa	M0031	idf	290	10.3200	1.0000	0.3793	1.0000	477
orig_I0_aa	M0031	coverage	290	10.3200	1.0000	0.5241	1.0000	477
orig_I0_aa	M0178	idf	273	8.7500	0.0000	0.0000	1.0000	419
orig_I0_aa	M0178	coverage	273	8.7500	1.0000	0.0256	1.0000	419
orig_I0_aa	M0019	idf	21	11.4500	1.0000	0.3810	1.0000	435
orig_I0_aa	M0019	coverage	21	11.4500	1.0000	0.9524	1.0000	435
orig_I0_aa	M0125	idf	19	13.3900	1.0000	0.8947	1.0000	429
orig_I0_aa	M0125	coverage	19	13.3900	1.0000	0.7368	1.0000	429
orig_I0_aa	M0181	idf	8	11.3100	1.0000	0.2500	1.0000	459
orig_I0_aa	M0181	coverage	8	11.3100	1.0000	0.1250	1.0000	459
orig_I0_aa	M0466	idf	6	10.7700	1.0000	0.6667	1.0000	455
orig_I0_aa	M0466	coverage	6	10.7700	0.0000	0.0000	1.0000	455
orig_I0_aa	M0058	idf	37	5.8000	1.0000	0.0541	1.0000	431
orig_I0_aa	M0058	coverage	37	5.8000	1.0000	0.1622	1.0000	431
orig_I0_aa	M0683	idf	27	8.2300	1.0000	0.8889	1.0000	449
orig_I0_aa	M0683	coverage	27	8.2300	1.0000	0.5556	1.0000	449
orig_I0_aa	M0925	idf	22	4.0600	1.0000	0.0455	1.0000	435
orig_I0_aa	M0925	coverage	22	4.0600	1.0000	0.0455	1.0000	435
orig_I0_aa	M0081	idf	9	9.3300	1.0000	0.4444	1.0000	452
orig_I0_aa	M0081	coverage	9	9.3300	0.0000	0.0000	1.0000	452
orig_I0_aa	M0090	idf	60	14.9100	1.0000	0.9500	1.0000	480
orig_I0_aa	M0090	coverage	60	14.9100	1.0000	0.1667	1.0000	480
orig_I0_aa	M0429	idf	47	6.2900	1.0000	0.3617	1.0000	458
orig_I0_aa	M0429	coverage	47	6.2900	1.0000	0.9574	1.0000	458
orig_I0_aa	M0447	idf	2	6.0200	0.0000	0.0000	1.0000	414
orig_I0_aa	M0447	coverage	2	6.0200	0.0000	0.0000	1.0000	414
orig_I0_aa	M0768	idf	19	9.0200	1.0000	0.6316	1.0000	444
orig_I0_aa	M0768	coverage	19	9.0200	1.0000	0.1579	1.0000	444
orig_I0_aa	M0261	idf	19	7.4800	1.0000	0.0526	1.0000	439
orig_I0_aa	M0261	coverage	19	7.4800	0.0000	0.0000	1.0000	439
orig_I0_aa	M0234	idf	8	8.9300	1.0000	0.6250	1.0000	436
orig_I0_aa	M0234	coverage	8	8.9300	0.0000	0.0000	1.0000	436
orig_I0_aa	M0958	idf	236	11.2800	0.0000	0.0000	1.0000	491
orig_I0_aa	M0958	coverage	236	11.2800	0.0000	0.0000	1.0000	491
orig_I0_aa	M0387	idf	2048	6.4000	1.0000	0.0005	1.0000	498
orig_I0_aa	M0387	coverage	2048	6.4000	1.0000	0.0005	1.0000	498
orig_I0_aa	M0520	idf	440	5.1100	0.0000	0.0000	1.0000	492
orig_I0_aa	M0520	coverage	440	5.1100	0.0000	0.0000	1.0000	492
orig_I0_aa	M0910	idf	7	5.9700	1.0000	0.8571	1.0000	430
orig_I0_aa	M0910	coverage	7	5.9700	1.0000	0.8571	1.0000	430
orig_I0_aa	M0398	idf	36	15.5600	1.0000	1.0000	1.0000	441
orig_I0_aa	M0398	coverage	36	15.5600	1.0000	0.6389	1.0000	441
orig_I0_aa	M0040	idf	52	5.5300	0.0000	0.0000	1.0000	438
orig_I0_aa	M0040	coverage	52	5.5300	0.0000	0.0000	1.0000	438
orig_I0_aa	M0808	idf	3	5.1700	1.0000	1.0000	1.0000	423
orig_I0_aa	M0808	coverage	3	5.1700	0.0000	0.0000	1.0000	423
orig_I0_aa	M0781	idf	6	5.2900	1.0000	0.6667	1.0000	440
orig_I0_aa	M0781	coverage	6	5.2900	1.0000	0.6667	1.0000	440
orig_I0_aa	M0410	idf	30	11.0300	1.0000	0.0667	1.0000	422
orig_I0_aa	M0410	coverage	30	11.0300	0.0000	0.0000	1.0000	422
orig_I0_aa	M0250	idf	14	6.4300	1.0000	0.7857	1.0000	445
orig_I0_aa	M0250	coverage	14	6.4300	1.0000	0.0714	1.0000	445
orig_I0_aa	M0748	idf	19	1.5900	1.0000	0.4737	1.0000	477
orig_I0_aa	M0748	coverage	19	1.5900	1.0000	1.0000	1.0000	477
orig_I0_aa	M0515	idf	20	13.9700	1.0000	0.1000	1.0000	447
orig_I0_aa	M0515	coverage	20	13.9700	1.0000	0.3000	1.0000	447
orig_I0_aa	M0920	idf	21	8.1000	0.0000	0.0000	1.0000	475
orig_I0_aa	M0920	coverage	21	8.1000	1.0000	0.3333	1.0000	475
orig_I0_aa	M0655	idf	6	2.5700	0.0000	0.0000	1.0000	438
orig_I0_aa	M0655	coverage	6	2.5700	0.0000	0.0000	1.0000	438
orig_I0_aa	M0227	idf	38	7.9600	1.0000	0.2105	1.0000	459
orig_I0_aa	M0227	coverage	38	7.9600	0.0000	0.0000	1.0000	459
orig_I0_aa	M0272	idf	35	10.4800	1.0000	0.1143	1.0000	442
orig_I0_aa	M0272	coverage	35	10.4800	1.0000	0.0857	1.0000	442
orig_I0_aa	M0093	idf	10	5.0400	0.0000	0.0000	1.0000	432
orig_I0_aa	M0093	coverage	10	5.0400	0.0000	0.0000	1.0000	432
orig_I0_aa	M0625	idf	5	5.2800	0.0000	0.0000	0.0000	458
orig_I0_aa	M0625	coverage	5	5.2800	0.0000	0.0000	0.0000	458
orig_I0_aa	M0321	idf	19	6.2900	1.0000	0.5263	1.0000	430
orig_I0_aa	M0321	coverage	19	6.2900	0.0000	0.0000	1.0000	430
orig_I0_aa	M0048	idf	98	13.1700	1.0000	0.4490	1.0000	445
orig_I0_aa	M0048	coverage	98	13.1700	1.0000	0.0204	1.0000	445
orig_I0_aa	M0043	idf	20	12.6400	1.0000	1.0000	1.0000	462
orig_I0_aa	M0043	coverage	20	12.6400	1.0000	0.6500	1.0000	462
orig_I0_aa	M0900	idf	441	4.6600	0.0000	0.0000	1.0000	497
orig_I0_aa	M0900	coverage	441	4.6600	0.0000	0.0000	1.0000	497
orig_I0_aa	M0857	idf	12	7.6600	1.0000	0.5000	1.0000	445
orig_I0_aa	M0857	coverage	12	7.6600	0.0000	0.0000	1.0000	445
orig_I0_aa	M0964	idf	68	4.9100	1.0000	0.1029	1.0000	410
orig_I0_aa	M0964	coverage	68	4.9100	1.0000	0.0294	1.0000	410
orig_I0_aa	M0131	idf	36	11.9600	1.0000	0.6111	1.0000	441
orig_I0_aa	M0131	coverage	36	11.9600	1.0000	0.9167	1.0000	441
orig_I0_aa	M0754	idf	9	2.5300	1.0000	0.3333	1.0000	450
orig_I0_aa	M0754	coverage	9	2.5300	1.0000	0.1111	1.0000	450
orig_I0_aa	M0313	idf	17	2.7000	0.0000	0.0000	1.0000	454
orig_I0_aa	M0313	coverage	17	2.7000	1.0000	0.8235	1.0000	454
orig_I0_aa	M0092	idf	41	9.5200	1.0000	0.3902	1.0000	432
orig_I0_aa	M0092	coverage	41	9.5200	1.0000	0.0244	1.0000	432
orig_I0_aa	M0108	idf	3	5.7300	0.0000	0.0000	1.0000	434
orig_I0_aa	M0108	coverage	3	5.7300	0.0000	0.0000	1.0000	434
orig_I0_aa	M0139	idf	76	8.0800	0.0000	0.0000	1.0000	454
orig_I0_aa	M0139	coverage	76	8.0800	1.0000	0.0263	1.0000	454
orig_I0_aa	M0235	idf	17	2.6500	0.0000	0.0000	1.0000	468
orig_I0_aa	M0235	coverage	17	2.6500	1.0000	0.2941	1.0000	468
orig_I0_aa	M0444	idf	83	4.7700	1.0000	0.8193	1.0000	456
orig_I0_aa	M0444	coverage	83	4.7700	1.0000	0.9277	1.0000	456
orig_I0_aa	M0623	idf	16	5.0900	1.0000	1.0000	1.0000	453
orig_I0_aa	M0623	coverage	16	5.0900	1.0000	0.9375	1.0000	453
orig_I0_aa	M0919	idf	18	5.4500	1.0000	0.4444	1.0000	422
orig_I0_aa	M0919	coverage	18	5.4500	1.0000	0.3889	1.0000	422
orig_I0_aa	M0369	idf	82	4.5900	1.0000	0.1829	1.0000	421
orig_I0_aa	M0369	coverage	82	4.5900	1.0000	0.0732	1.0000	421
orig_I0_aa	M0253	idf	212	12.8000	1.0000	0.7547	1.0000	454
orig_I0_aa	M0253	coverage	212	12.8000	1.0000	0.0943	1.0000	454
orig_I0_aa	M0254	idf	17	21.4200	1.0000	1.0000	1.0000	467
orig_I0_aa	M0254	coverage	17	21.4200	1.0000	0.7647	1.0000	467
orig_I0_aa	M0301	idf	51	6.7500	1.0000	0.0196	1.0000	426
orig_I0_aa	M0301	coverage	51	6.7500	0.0000	0.0000	1.0000	426
orig_I0_aa	M0674	idf	31	5.5500	1.0000	0.0968	1.0000	421
orig_I0_aa	M0674	coverage	31	5.5500	1.0000	0.3226	1.0000	421
orig_I0_aa	M0100	idf	360	6.9700	1.0000	0.0194	1.0000	443
orig_I0_aa	M0100	coverage	360	6.9700	0.0000	0.0000	1.0000	443
orig_I0_aa	M0231	idf	13	9.2100	1.0000	0.9231	1.0000	455
orig_I0_aa	M0231	coverage	13	9.2100	1.0000	0.2308	1.0000	455
orig_I0_aa	M0816	idf	238	3.2100	0.0000	0.0000	1.0000	417
orig_I0_aa	M0816	coverage	238	3.2100	0.0000	0.0000	1.0000	417
orig_I0_aa	M0472	idf	94	12.1600	1.0000	0.9681	1.0000	464
orig_I0_aa	M0472	coverage	94	12.1600	1.0000	0.4681	1.0000	464
orig_I0_aa	M0962	idf	134	12.5800	1.0000	0.0224	1.0000	489
orig_I0_aa	M0962	coverage	134	12.5800	1.0000	0.0299	1.0000	489
orig_I0_aa	M0795	idf	79	6.8100	1.0000	0.2025	1.0000	441
orig_I0_aa	M0795	coverage	79	6.8100	0.0000	0.0000	1.0000	441
orig_I0_aa	M0727	idf	22	10.8800	1.0000	0.2727	1.0000	440
orig_I0_aa	M0727	coverage	22	10.8800	1.0000	0.2727	1.0000	440
orig_I0_aa	M0497	idf	15	15.1600	1.0000	0.6000	1.0000	431
orig_I0_aa	M0497	coverage	15	15.1600	1.0000	0.1333	1.0000	431
orig_I0_aa	M0338	idf	23	4.0800	1.0000	0.1739	1.0000	446
orig_I0_aa	M0338	coverage	23	4.0800	1.0000	0.1304	1.0000	446
orig_I0_aa	M0947	idf	43	5.4000	1.0000	0.6279	1.0000	443
orig_I0_aa	M0947	coverage	43	5.4000	1.0000	0.5581	1.0000	443
orig_I0_aa	M0163	idf	47	4.9100	1.0000	0.6596	1.0000	430
orig_I0_aa	M0163	coverage	47	4.9100	1.0000	0.0426	1.0000	430
orig_I0_aa	M0959	idf	155	12.5800	0.0000	0.0000	1.0000	493
orig_I0_aa	M0959	coverage	155	12.5800	0.0000	0.0000	1.0000	493
orig_I0_aa	M0433	idf	210	3.1100	0.0000	0.0000	1.0000	437
orig_I0_aa	M0433	coverage	210	3.1100	0.0000	0.0000	1.0000	437
orig_I0_aa	M0416	idf	4	13.3700	1.0000	1.0000	1.0000	431
orig_I0_aa	M0416	coverage	4	13.3700	1.0000	1.0000	1.0000	431
orig_I0_aa	M0850	idf	31	5.7400	0.0000	0.0000	1.0000	438
orig_I0_aa	M0850	coverage	31	5.7400	1.0000	0.3548	1.0000	438
orig_I0_aa	M0454	idf	14	6.2300	1.0000	1.0000	1.0000	431
orig_I0_aa	M0454	coverage	14	6.2300	1.0000	0.7857	1.0000	431
orig_I0_aa	M0351	idf	24	5.6700	0.0000	0.0000	1.0000	432
orig_I0_aa	M0351	coverage	24	5.6700	1.0000	0.4583	1.0000	432
orig_I0_aa	M0425	idf	2084	3.5700	0.0000	0.0000	1.0000	455
orig_I0_aa	M0425	coverage	2084	3.5700	1.0000	0.0005	1.0000	455
orig_I0_aa	M0067	idf	39	6.4900	1.0000	0.2051	1.0000	445
orig_I0_aa	M0067	coverage	39	6.4900	0.0000	0.0000	1.0000	445
orig_I0_aa	M0550	idf	20	5.6600	0.0000	0.0000	1.0000	455
orig_I0_aa	M0550	coverage	20	5.6600	0.0000	0.0000	1.0000	455
orig_I0_aa	M0792	idf	10	4.1000	0.0000	0.0000	1.0000	439
orig_I0_aa	M0792	coverage	10	4.1000	0.0000	0.0000	1.0000	439
orig_I0_aa	M0961	idf	144	15.1500	0.0000	0.0000	1.0000	491
orig_I0_aa	M0961	coverage	144	15.1500	1.0000	0.0208	1.0000	491
orig_I0_aa	M0109	idf	207	10.7100	1.0000	0.5169	1.0000	455
orig_I0_aa	M0109	coverage	207	10.7100	1.0000	0.4928	1.0000	455
orig_I0_aa	M0257	idf	222	12.3900	1.0000	0.9369	1.0000	472
orig_I0_aa	M0257	coverage	222	12.3900	1.0000	0.9459	1.0000	472
orig_I0_aa	M0789	idf	51	4.5700	0.0000	0.0000	1.0000	445
orig_I0_aa	M0789	coverage	51	4.5700	1.0000	0.5098	1.0000	445
orig_I0_aa	M0363	idf	64	6.0800	1.0000	0.0312	1.0000	459
orig_I0_aa	M0363	coverage	64	6.0800	0.0000	0.0000	1.0000	459
orig_I0_aa	M0391	idf	14	3.5600	0.0000	0.0000	1.0000	469
orig_I0_aa	M0391	coverage	14	3.5600	0.0000	0.0000	1.0000	469
orig_I0_aa	M0826	idf	21	4.9700	1.0000	0.1429	1.0000	451
orig_I0_aa	M0826	coverage	21	4.9700	0.0000	0.0000	1.0000	451
orig_I0_aa	M0952	idf	5	2.9400	1.0000	0.6000	1.0000	446
orig_I0_aa	M0952	coverage	5	2.9400	1.0000	0.6000	1.0000	446
orig_I0_aa	M0117	idf	100	6.5500	0.0000	0.0000	1.0000	464
orig_I0_aa	M0117	coverage	100	6.5500	1.0000	0.0100	1.0000	464
orig_I0_aa	M0854	idf	122	8.8100	0.0000	0.0000	1.0000	459
orig_I0_aa	M0854	coverage	122	8.8100	1.0000	0.0574	1.0000	459
orig_I0_aa	M0881	idf	155	7.0400	1.0000	0.8581	1.0000	427
orig_I0_aa	M0881	coverage	155	7.0400	1.0000	0.7355	1.0000	427
orig_I0_aa	M0874	idf	1	3.9100	0.0000	0.0000	1.0000	426
orig_I0_aa	M0874	coverage	1	3.9100	0.0000	0.0000	1.0000	426
orig_I0_aa	M0597	idf	27	3.9100	1.0000	0.1852	1.0000	431
orig_I0_aa	M0597	coverage	27	3.9100	1.0000	0.3704	1.0000	431
orig_I0_aa	M0070	idf	159	6.1900	0.0000	0.0000	1.0000	431
orig_I0_aa	M0070	coverage	159	6.1900	1.0000	0.0126	1.0000	431
orig_I0_aa	M0423	idf	94	8.7300	0.0000	0.0000	1.0000	451
orig_I0_aa	M0423	coverage	94	8.7300	1.0000	0.0213	1.0000	451
orig_I0_aa	M0266	idf	35	8.0400	1.0000	0.6286	1.0000	457
orig_I0_aa	M0266	coverage	35	8.0400	1.0000	0.3429	1.0000	457
orig_I0_aa	M0262	idf	19	12.1200	1.0000	1.0000	1.0000	452
orig_I0_aa	M0262	coverage	19	12.1200	1.0000	0.9474	1.0000	452
orig_I0_aa	M0806	idf	3	2.6400	0.0000	0.0000	1.0000	479
orig_I0_aa	M0806	coverage	3	2.6400	1.0000	0.3333	1.0000	479
orig_I0_aa	M0937	idf	31	4.4600	0.0000	0.0000	1.0000	422
orig_I0_aa	M0937	coverage	31	4.4600	1.0000	0.2903	1.0000	422
orig_I0_aa	M0066	idf	57	6.3200	1.0000	0.2456	1.0000	435
orig_I0_aa	M0066	coverage	57	6.3200	1.0000	0.3684	1.0000	435
orig_I0_aa	M0462	idf	48	4.9500	1.0000	0.8958	1.0000	446
orig_I0_aa	M0462	coverage	48	4.9500	1.0000	0.7708	1.0000	446
orig_I0_aa	M0380	idf	21	8.3400	1.0000	0.4762	1.0000	448
orig_I0_aa	M0380	coverage	21	8.3400	1.0000	0.3810	1.0000	448
orig_I0_aa	M0403	idf	16	4.7100	1.0000	0.7500	1.0000	475
orig_I0_aa	M0403	coverage	16	4.7100	1.0000	0.3125	1.0000	475
orig_I0_aa	M0141	idf	25	26.6600	1.0000	0.1600	1.0000	457
orig_I0_aa	M0141	coverage	25	26.6600	1.0000	0.1200	1.0000	457
orig_I0_aa	M0237	idf	555	6.2700	0.0000	0.0000	1.0000	430
orig_I0_aa	M0237	coverage	555	6.2700	0.0000	0.0000	1.0000	430
orig_I0_aa	M0642	idf	24	6.3200	1.0000	0.1667	1.0000	438
orig_I0_aa	M0642	coverage	24	6.3200	1.0000	0.2917	1.0000	438
orig_I0_aa	M0142	idf	13	5.5800	1.0000	0.2308	1.0000	449
orig_I0_aa	M0142	coverage	13	5.5800	1.0000	0.3077	1.0000	449
orig_I0_aa	M0798	idf	2073	6.0000	0.0000	0.0000	1.0000	497
orig_I0_aa	M0798	coverage	2073	6.0000	0.0000	0.0000	1.0000	497
orig_I0_aa	M0574	idf	111	12.8000	1.0000	0.3694	1.0000	448
orig_I0_aa	M0574	coverage	111	12.8000	1.0000	0.4144	1.0000	448
orig_I0_aa	M0663	idf	96	4.0100	1.0000	0.1042	1.0000	427
orig_I0_aa	M0663	coverage	96	4.0100	1.0000	0.1354	1.0000	427
orig_I0_aa	M0348	idf	165	10.6500	0.0000	0.0000	1.0000	494
orig_I0_aa	M0348	coverage	165	10.6500	0.0000	0.0000	1.0000	494
orig_I0_aa	M0353	idf	11	2.8400	1.0000	0.0909	1.0000	442
orig_I0_aa	M0353	coverage	11	2.8400	1.0000	0.8182	1.0000	442
orig_I0_aa	M0028	idf	19	9.0600	1.0000	1.0000	1.0000	452
orig_I0_aa	M0028	coverage	19	9.0600	1.0000	1.0000	1.0000	452
orig_I0_aa	M0308	idf	172	14.9500	1.0000	1.0000	1.0000	471
orig_I0_aa	M0308	coverage	172	14.9500	1.0000	0.8663	1.0000	471
orig_I0_aa	M0860	idf	6	7.0600	0.0000	0.0000	1.0000	468
orig_I0_aa	M0860	coverage	6	7.0600	1.0000	0.5000	1.0000	468
orig_I0_aa	M0188	idf	117	5.3100	0.0000	0.0000	1.0000	441
orig_I0_aa	M0188	coverage	117	5.3100	1.0000	0.0342	1.0000	441
orig_I0_aa	M0003	idf	94	4.0900	1.0000	0.1383	1.0000	416
orig_I0_aa	M0003	coverage	94	4.0900	0.0000	0.0000	1.0000	416
orig_I0_aa	M0906	idf	265	3.0600	0.0000	0.0000	1.0000	485
orig_I0_aa	M0906	coverage	265	3.0600	1.0000	0.6755	1.0000	485
orig_I0_aa	M0590	idf	19	4.8200	1.0000	0.0526	1.0000	439
orig_I0_aa	M0590	coverage	19	4.8200	1.0000	0.1053	1.0000	439
orig_I0_aa	M0293	idf	60	6.7900	1.0000	0.2833	1.0000	450
orig_I0_aa	M0293	coverage	60	6.7900	1.0000	0.3667	1.0000	450
orig_I0_aa	M0651	idf	56	3.4900	0.0000	0.0000	1.0000	444
orig_I0_aa	M0651	coverage	56	3.4900	0.0000	0.0000	1.0000	444
orig_I0_aa	M0297	idf	17	1.5300	0.0000	0.0000	1.0000	439
orig_I0_aa	M0297	coverage	17	1.5300	0.0000	0.0000	1.0000	439
orig_I0_aa	M0194	idf	63	13.4700	1.0000	0.9206	1.0000	440
orig_I0_aa	M0194	coverage	63	13.4700	1.0000	0.1746	1.0000	440
orig_I0_aa	M0589	idf	26	3.8500	1.0000	0.1154	1.0000	413
orig_I0_aa	M0589	coverage	26	3.8500	0.0000	0.0000	1.0000	413
orig_I0_aa	M0669	idf	10	5.1200	1.0000	0.1000	1.0000	434
orig_I0_aa	M0669	coverage	10	5.1200	0.0000	0.0000	1.0000	434
orig_I0_aa	M0742	idf	2	6.0300	1.0000	1.0000	1.0000	413
orig_I0_aa	M0742	coverage	2	6.0300	0.0000	0.0000	1.0000	413
orig_I0_aa	M0298	idf	164	5.1700	0.0000	0.0000	1.0000	464
orig_I0_aa	M0298	coverage	164	5.1700	0.0000	0.0000	1.0000	464
orig_I0_aa	M0440	idf	43	6.5500	1.0000	0.5116	1.0000	457
orig_I0_aa	M0440	coverage	43	6.5500	0.0000	0.0000	1.0000	457
orig_I0_aa	M0386	idf	4	11.1500	1.0000	1.0000	1.0000	443
orig_I0_aa	M0386	coverage	4	11.1500	1.0000	1.0000	1.0000	443
orig_I0_aa	M0087	idf	50	10.4100	1.0000	1.0000	1.0000	463
orig_I0_aa	M0087	coverage	50	10.4100	1.0000	0.2800	1.0000	463
orig_I0_sens	M0346	idf	37	1.0400	1.0000	0.1351	1.0000	484
orig_I0_sens	M0346	coverage	37	1.0400	0.0000	0.0000	1.0000	484
orig_I0_sens	M0376	idf	41	1.6300	1.0000	0.9512	1.0000	420
orig_I0_sens	M0376	coverage	41	1.6300	1.0000	0.9024	1.0000	420
orig_I0_sens	M0431	idf	3	1.1400	1.0000	1.0000	1.0000	391
orig_I0_sens	M0431	coverage	3	1.1400	0.0000	0.0000	1.0000	391
orig_I0_sens	M0243	idf	11	1.2000	1.0000	1.0000	1.0000	441
orig_I0_sens	M0243	coverage	11	1.2000	0.0000	0.0000	1.0000	441
orig_I0_sens	M0294	idf	108	2.1200	1.0000	0.4259	1.0000	446
orig_I0_sens	M0294	coverage	108	2.1200	0.0000	0.0000	1.0000	446
orig_I0_sens	M0895	idf	121	0.6800	1.0000	0.0413	1.0000	496
orig_I0_sens	M0895	coverage	121	0.6800	1.0000	0.0248	1.0000	496
orig_I0_sens	M0104	idf	4	1.8100	1.0000	1.0000	1.0000	404
orig_I0_sens	M0104	coverage	4	1.8100	1.0000	1.0000	1.0000	404
orig_I0_sens	M0869	idf	5	0.5100	0.0000	0.0000	1.0000	485
orig_I0_sens	M0869	coverage	5	0.5100	1.0000	0.4000	1.0000	485
orig_I0_sens	M0075	idf	2	1.3100	1.0000	1.0000	1.0000	457
orig_I0_sens	M0075	coverage	2	1.3100	0.0000	0.0000	1.0000	457
orig_I0_sens	M0134	idf	55	1.0400	1.0000	0.9091	1.0000	482
orig_I0_sens	M0134	coverage	55	1.0400	1.0000	0.9636	1.0000	482
orig_I0_sens	M0206	idf	75	1.4400	1.0000	0.9333	1.0000	467
orig_I0_sens	M0206	coverage	75	1.4400	1.0000	0.2533	1.0000	467
orig_I0_sens	M0044	idf	67	2.1600	1.0000	0.9552	1.0000	417
orig_I0_sens	M0044	coverage	67	2.1600	1.0000	0.2836	1.0000	417
orig_I0_sens	M0484	idf	100	1.9000	1.0000	1.0000	1.0000	419
orig_I0_sens	M0484	coverage	100	1.9000	1.0000	0.8700	1.0000	419
orig_I0_sens	M0334	idf	22	1.1100	1.0000	0.9545	1.0000	492
orig_I0_sens	M0334	coverage	22	1.1100	1.0000	0.2727	1.0000	492
orig_I0_sens	M0412	idf	5	1.2300	1.0000	0.6000	1.0000	488
orig_I0_sens	M0412	coverage	5	1.2300	1.0000	0.6000	1.0000	488
orig_I0_sens	M0931	idf	70	0.8600	1.0000	0.7571	1.0000	489
orig_I0_sens	M0931	coverage	70	0.8600	1.0000	0.7714	1.0000	489
orig_I0_sens	M0118	idf	106	0.5300	0.0000	0.0000	1.0000	400
orig_I0_sens	M0118	coverage	106	0.5300	0.0000	0.0000	1.0000	400
orig_I0_sens	M0752	idf	8	0.3600	1.0000	1.0000	1.0000	495
orig_I0_sens	M0752	coverage	8	0.3600	1.0000	0.8750	1.0000	495
orig_I0_sens	M0428	idf	10	1.4600	1.0000	1.0000	1.0000	469
orig_I0_sens	M0428	coverage	10	1.4600	1.0000	0.6000	1.0000	469
orig_I0_sens	M0771	idf	213	0.6400	1.0000	0.0751	1.0000	489
orig_I0_sens	M0771	coverage	213	0.6400	1.0000	0.0376	1.0000	489
orig_I0_sens	M0658	idf	12	1.0200	0.0000	0.0000	1.0000	474
orig_I0_sens	M0658	coverage	12	1.0200	1.0000	0.9167	1.0000	474
orig_I0_sens	M0311	idf	78	2.1400	1.0000	1.0000	1.0000	488
orig_I0_sens	M0311	coverage	78	2.1400	0.0000	0.0000	1.0000	488
orig_I0_sens	M0600	idf	78	1.1900	1.0000	0.1538	1.0000	451
orig_I0_sens	M0600	coverage	78	1.1900	1.0000	0.4103	1.0000	451
orig_I0_sens	M0565	idf	13	0.1900	0.0000	0.0000	1.0000	227
orig_I0_sens	M0565	coverage	13	0.1900	1.0000	0.3846	1.0000	227
orig_I0_sens	M0085	idf	11	1.2000	1.0000	0.9091	1.0000	457
orig_I0_sens	M0085	coverage	11	1.2000	1.0000	0.5455	1.0000	457
orig_I0_sens	M0488	idf	6	1.7700	1.0000	1.0000	1.0000	461
orig_I0_sens	M0488	coverage	6	1.7700	1.0000	0.3333	1.0000	461
orig_I0_sens	M0076	idf	97	0.6100	1.0000	0.7526	1.0000	496
orig_I0_sens	M0076	coverage	97	0.6100	1.0000	0.8247	1.0000	496
orig_I0_sens	M0175	idf	826	0.7300	0.0000	0.0000	1.0000	500
orig_I0_sens	M0175	coverage	826	0.7300	1.0000	0.6005	1.0000	500
orig_I0_sens	M0107	idf	7	1.3700	1.0000	0.7143	1.0000	477
orig_I0_sens	M0107	coverage	7	1.3700	1.0000	0.7143	1.0000	477
orig_I0_sens	M0201	idf	38	0.9800	0.0000	0.0000	1.0000	470
orig_I0_sens	M0201	coverage	38	0.9800	0.0000	0.0000	1.0000	470
orig_I0_sens	M0383	idf	124	2.3500	0.0000	0.0000	1.0000	450
orig_I0_sens	M0383	coverage	124	2.3500	1.0000	0.5565	1.0000	450
orig_I0_sens	M0111	idf	10	2.1200	1.0000	0.4000	1.0000	452
orig_I0_sens	M0111	coverage	10	2.1200	0.0000	0.0000	1.0000	452
orig_I0_sens	M0634	idf	9	1.4700	1.0000	1.0000	1.0000	451
orig_I0_sens	M0634	coverage	9	1.4700	1.0000	1.0000	1.0000	451
orig_I0_sens	M0609	idf	81	1.1600	1.0000	0.1975	1.0000	499
orig_I0_sens	M0609	coverage	81	1.1600	1.0000	0.0494	1.0000	499
orig_I0_sens	M0228	idf	119	0.8600	1.0000	0.0924	1.0000	450
orig_I0_sens	M0228	coverage	119	0.8600	0.0000	0.0000	1.0000	450
orig_I0_sens	M0636	idf	16	1.1300	1.0000	0.6250	1.0000	491
orig_I0_sens	M0636	coverage	16	1.1300	1.0000	0.3750	1.0000	491
orig_I0_sens	M0908	idf	78	0.5600	0.0000	0.0000	1.0000	481
orig_I0_sens	M0908	coverage	78	0.5600	1.0000	0.0128	1.0000	481
orig_I0_sens	M0564	idf	357	0.9500	1.0000	0.0028	1.0000	485
orig_I0_sens	M0564	coverage	357	0.9500	0.0000	0.0000	1.0000	485
orig_I0_sens	M0616	idf	5	0.9500	1.0000	1.0000	1.0000	477
orig_I0_sens	M0616	coverage	5	0.9500	1.0000	1.0000	1.0000	477
orig_I0_sens	M0453	idf	61	1.4700	1.0000	0.6721	1.0000	494
orig_I0_sens	M0453	coverage	61	1.4700	1.0000	0.0656	1.0000	494
orig_I0_sens	M0510	idf	62	1.1600	1.0000	0.9032	1.0000	484
orig_I0_sens	M0510	coverage	62	1.1600	1.0000	0.6129	1.0000	484
orig_I0_sens	M0216	idf	1150	1.1200	1.0000	0.4339	1.0000	499
orig_I0_sens	M0216	coverage	1150	1.1200	1.0000	0.4339	1.0000	499
orig_I0_sens	M0448	idf	7	0.4100	0.0000	0.0000	0.0000	498
orig_I0_sens	M0448	coverage	7	0.4100	0.0000	0.0000	0.0000	498
orig_I0_sens	M0732	idf	18	1.0000	0.0000	0.0000	1.0000	489
orig_I0_sens	M0732	coverage	18	1.0000	0.0000	0.0000	1.0000	489
orig_I0_sens	M0734	idf	5	0.5700	1.0000	0.2000	1.0000	500
orig_I0_sens	M0734	coverage	5	0.5700	0.0000	0.0000	1.0000	500
orig_I0_sens	M0456	idf	17	0.5900	1.0000	0.0588	1.0000	488
orig_I0_sens	M0456	coverage	17	0.5900	1.0000	0.1765	1.0000	488
orig_I0_sens	M0278	idf	74	0.5200	1.0000	0.9324	1.0000	484
orig_I0_sens	M0278	coverage	74	0.5200	1.0000	0.9595	1.0000	484
orig_I0_sens	M0682	idf	290	0.6000	1.0000	0.1207	1.0000	494
orig_I0_sens	M0682	coverage	290	0.6000	1.0000	0.2828	1.0000	494
orig_I0_sens	M0381	idf	68	0.5900	1.0000	0.4118	1.0000	489
orig_I0_sens	M0381	coverage	68	0.5900	1.0000	0.6324	1.0000	489
orig_I0_sens	M0759	idf	73	1.4300	0.0000	0.0000	1.0000	420
orig_I0_sens	M0759	coverage	73	1.4300	0.0000	0.0000	1.0000	420
orig_I0_sens	M0916	idf	1	0.9900	1.0000	1.0000	1.0000	482
orig_I0_sens	M0916	coverage	1	0.9900	0.0000	0.0000	1.0000	482
orig_I0_sens	M0122	idf	21	1.1700	1.0000	0.8095	1.0000	465
orig_I0_sens	M0122	coverage	21	1.1700	0.0000	0.0000	1.0000	465
orig_I0_sens	M0435	idf	17	4.1300	1.0000	0.1765	1.0000	446
orig_I0_sens	M0435	coverage	17	4.1300	0.0000	0.0000	1.0000	446
orig_I0_sens	M0519	idf	16	1.9600	1.0000	1.0000	1.0000	445
orig_I0_sens	M0519	coverage	16	1.9600	0.0000	0.0000	1.0000	445
orig_I0_sens	M0506	idf	113	0.8000	1.0000	0.5310	1.0000	470
orig_I0_sens	M0506	coverage	113	0.8000	0.0000	0.0000	1.0000	470
orig_I0_sens	M0357	idf	5	0.9800	1.0000	0.4000	1.0000	494
orig_I0_sens	M0357	coverage	5	0.9800	1.0000	0.6000	1.0000	494
orig_I0_sens	M0414	idf	82	1.0000	1.0000	0.8780	1.0000	496
orig_I0_sens	M0414	coverage	82	1.0000	0.0000	0.0000	1.0000	496
orig_I0_sens	M0096	idf	23	1.0300	0.0000	0.0000	1.0000	483
orig_I0_sens	M0096	coverage	23	1.0300	1.0000	0.0435	1.0000	483
orig_I0_sens	M0885	idf	15	1.8700	1.0000	0.9333	1.0000	473
orig_I0_sens	M0885	coverage	15	1.8700	1.0000	0.1333	1.0000	473
orig_I0_sens	M0738	idf	15	1.1400	1.0000	1.0000	1.0000	443
orig_I0_sens	M0738	coverage	15	1.1400	1.0000	0.6667	1.0000	443
orig_I0_sens	M0545	idf	19	1.3400	1.0000	0.6316	1.0000	462
orig_I0_sens	M0545	coverage	19	1.3400	1.0000	0.6316	1.0000	462
orig_I0_sens	M0815	idf	238	0.6000	1.0000	0.3992	1.0000	494
orig_I0_sens	M0815	coverage	238	0.6000	1.0000	0.0042	1.0000	494
orig_I0_sens	M0077	idf	101	1.0600	1.0000	0.4356	1.0000	475
orig_I0_sens	M0077	coverage	101	1.0600	1.0000	0.4752	1.0000	475
orig_I0_sens	M0851	idf	22	0.4900	0.0000	0.0000	1.0000	488
orig_I0_sens	M0851	coverage	22	0.4900	1.0000	0.3182	1.0000	488
orig_I0_sens	M0862	idf	17	0.7700	1.0000	0.5882	1.0000	441
orig_I0_sens	M0862	coverage	17	0.7700	0.0000	0.0000	1.0000	441
orig_I0_sens	M0736	idf	3	1.0400	1.0000	1.0000	1.0000	477
orig_I0_sens	M0736	coverage	3	1.0400	0.0000	0.0000	1.0000	477
orig_I0_sens	M0819	idf	25	0.6300	1.0000	0.0800	1.0000	471
orig_I0_sens	M0819	coverage	25	0.6300	1.0000	0.7200	1.0000	471
orig_I0_sens	M0822	idf	2	0.9600	1.0000	1.0000	1.0000	492
orig_I0_sens	M0822	coverage	2	0.9600	1.0000	0.5000	1.0000	492
orig_I0_sens	M0136	idf	9	1.5000	1.0000	0.8889	1.0000	430
orig_I0_sens	M0136	coverage	9	1.5000	1.0000	0.7778	1.0000	430
orig_I0_sens	M0054	idf	44	0.5400	1.0000	0.7045	1.0000	378
orig_I0_sens	M0054	coverage	44	0.5400	1.0000	0.7727	1.0000	378
orig_I0_sens	M0612	idf	82	1.2200	1.0000	0.7317	1.0000	487
orig_I0_sens	M0612	coverage	82	1.2200	1.0000	0.8049	1.0000	487
orig_I0_sens	M0010	idf	13	1.1300	1.0000	1.0000	1.0000	497
orig_I0_sens	M0010	coverage	13	1.1300	1.0000	0.9231	1.0000	497
orig_I0_sens	M0709	idf	289	1.0500	1.0000	0.0381	1.0000	489
orig_I0_sens	M0709	coverage	289	1.0500	1.0000	0.0381	1.0000	489
orig_I0_sens	M0940	idf	104	1.7200	0.0000	0.0000	1.0000	494
orig_I0_sens	M0940	coverage	104	1.7200	0.0000	0.0000	1.0000	494
orig_I0_sens	M0172	idf	12	1.7200	1.0000	0.6667	1.0000	448
orig_I0_sens	M0172	coverage	12	1.7200	1.0000	0.5833	1.0000	448
orig_I0_sens	M0693	idf	362	0.7900	1.0000	0.0028	1.0000	496
orig_I0_sens	M0693	coverage	362	0.7900	1.0000	0.0028	1.0000	496
orig_I0_sens	M0159	idf	148	1.8500	1.0000	0.8784	1.0000	464
orig_I0_sens	M0159	coverage	148	1.8500	1.0000	0.1081	1.0000	464
orig_I0_sens	M0835	idf	9	1.2300	0.0000	0.0000	1.0000	455
orig_I0_sens	M0835	coverage	9	1.2300	1.0000	0.1111	1.0000	455
orig_I0_sens	M0810	idf	37	1.2200	1.0000	0.9189	1.0000	482
orig_I0_sens	M0810	coverage	37	1.2200	1.0000	0.3784	1.0000	482
orig_I0_sens	M0434	idf	12	1.5500	1.0000	1.0000	1.0000	474
orig_I0_sens	M0434	coverage	12	1.5500	0.0000	0.0000	1.0000	474
orig_I0_sens	M0653	idf	23	1.1300	1.0000	0.0435	1.0000	426
orig_I0_sens	M0653	coverage	23	1.1300	1.0000	0.0435	1.0000	426
orig_I0_sens	M0205	idf	259	1.9000	1.0000	0.9768	1.0000	472
orig_I0_sens	M0205	coverage	259	1.9000	1.0000	0.9112	1.0000	472
orig_I0_sens	M0939	idf	13	0.2700	1.0000	0.4615	1.0000	410
orig_I0_sens	M0939	coverage	13	0.2700	1.0000	0.4615	1.0000	410
orig_I0_sens	M0918	idf	65	2.2900	1.0000	0.0462	1.0000	451
orig_I0_sens	M0918	coverage	65	2.2900	1.0000	0.4154	1.0000	451
orig_I0_sens	M0858	idf	351	1.1700	1.0000	0.8889	1.0000	484
orig_I0_sens	M0858	coverage	351	1.1700	1.0000	0.9117	1.0000	484
orig_I0_sens	M0420	idf	17	0.5400	1.0000	0.1765	1.0000	493
orig_I0_sens	M0420	coverage	17	0.5400	1.0000	0.2353	1.0000	493
orig_I0_sens	M0879	idf	15	1.0000	0.0000	0.0000	1.0000	492
orig_I0_sens	M0879	coverage	15	1.0000	0.0000	0.0000	1.0000	492
orig_I0_sens	M0371	idf	122	1.0800	1.0000	0.2541	1.0000	397
orig_I0_sens	M0371	coverage	122	1.0800	0.0000	0.0000	1.0000	397
orig_I0_sens	M0020	idf	115	1.7100	0.0000	0.0000	1.0000	468
orig_I0_sens	M0020	coverage	115	1.7100	1.0000	0.0087	1.0000	468
orig_I0_sens	M0855	idf	38	1.0800	1.0000	0.4737	1.0000	493
orig_I0_sens	M0855	coverage	38	1.0800	1.0000	0.1316	1.0000	493
orig_I0_sens	M0957	idf	186	1.2200	0.0000	0.0000	1.0000	493
orig_I0_sens	M0957	coverage	186	1.2200	0.0000	0.0000	1.0000	493
orig_I0_sens	M0505	idf	27	1.0300	1.0000	0.1111	1.0000	485
orig_I0_sens	M0505	coverage	27	1.0300	1.0000	0.0741	1.0000	485
orig_I0_sens	M0477	idf	70	0.6700	1.0000	0.7000	1.0000	489
orig_I0_sens	M0477	coverage	70	0.6700	1.0000	0.7000	1.0000	489
orig_I0_sens	M0829	idf	6	1.1700	1.0000	0.8333	1.0000	482
orig_I0_sens	M0829	coverage	6	1.1700	0.0000	0.0000	1.0000	482
orig_I0_sens	M0884	idf	19	1.3700	1.0000	0.3158	1.0000	481
orig_I0_sens	M0884	coverage	19	1.3700	1.0000	0.6316	1.0000	481
orig_I0_sens	M0384	idf	67	0.8600	1.0000	0.1343	1.0000	474
orig_I0_sens	M0384	coverage	67	0.8600	0.0000	0.0000	1.0000	474
orig_I0_sens	M0065	idf	53	1.2100	1.0000	0.6415	1.0000	473
orig_I0_sens	M0065	coverage	53	1.2100	1.0000	0.2264	1.0000	473
orig_I0_sens	M0123	idf	2	2.0800	1.0000	1.0000	1.0000	408
orig_I0_sens	M0123	coverage	2	2.0800	0.0000	0.0000	1.0000	408
orig_I0_sens	M0580	idf	9	0.7200	1.0000	0.3333	1.0000	490
orig_I0_sens	M0580	coverage	9	0.7200	1.0000	0.5556	1.0000	490
orig_I0_sens	M0033	idf	14	0.9200	1.0000	0.7857	1.0000	489
orig_I0_sens	M0033	coverage	14	0.9200	1.0000	0.0714	1.0000	489
orig_I0_sens	M0281	idf	1	2.3300	1.0000	1.0000	1.0000	429
orig_I0_sens	M0281	coverage	1	2.3300	1.0000	1.0000	1.0000	429
orig_I0_sens	M0544	idf	12	1.1600	1.0000	0.5833	1.0000	484
orig_I0_sens	M0544	coverage	12	1.1600	1.0000	0.0833	1.0000	484
orig_I0_sens	M0212	idf	83	3.8000	1.0000	0.5060	1.0000	457
orig_I0_sens	M0212	coverage	83	3.8000	1.0000	0.6024	1.0000	457
orig_I0_sens	M0426	idf	18	0.9900	1.0000	0.9444	1.0000	488
orig_I0_sens	M0426	coverage	18	0.9900	1.0000	0.2222	1.0000	488
orig_I0_sens	M0905	idf	198	0.6200	0.0000	0.0000	1.0000	449
orig_I0_sens	M0905	coverage	198	0.6200	0.0000	0.0000	1.0000	449
orig_I0_sens	M0843	idf	14	0.5800	1.0000	0.6429	1.0000	490
orig_I0_sens	M0843	coverage	14	0.5800	1.0000	0.7857	1.0000	490
orig_I0_sens	M0263	idf	24	1.2400	1.0000	0.2083	1.0000	387
orig_I0_sens	M0263	coverage	24	1.2400	1.0000	0.4583	1.0000	387
orig_I0_sens	M0697	idf	155	0.8200	1.0000	0.2516	1.0000	463
orig_I0_sens	M0697	coverage	155	0.8200	1.0000	0.4710	1.0000	463
orig_I0_sens	M0260	idf	21	1.1500	1.0000	1.0000	1.0000	484
orig_I0_sens	M0260	coverage	21	1.1500	1.0000	0.2857	1.0000	484
orig_I0_sens	M0379	idf	41	1.9300	1.0000	1.0000	1.0000	439
orig_I0_sens	M0379	coverage	41	1.9300	1.0000	0.0732	1.0000	439
orig_I0_sens	M0377	idf	189	1.3700	1.0000	0.0423	1.0000	491
orig_I0_sens	M0377	coverage	189	1.3700	0.0000	0.0000	1.0000	491
orig_I0_sens	M0547	idf	4	0.6300	1.0000	1.0000	1.0000	482
orig_I0_sens	M0547	coverage	4	0.6300	1.0000	0.5000	1.0000	482
orig_I0_sens	M0508	idf	6	1.2700	1.0000	1.0000	1.0000	483
orig_I0_sens	M0508	coverage	6	1.2700	1.0000	0.1667	1.0000	483
orig_I0_sens	M0401	idf	392	1.0100	0.0000	0.0000	1.0000	476
orig_I0_sens	M0401	coverage	392	1.0100	0.0000	0.0000	1.0000	476
orig_I0_sens	M0755	idf	11	0.5400	1.0000	0.9091	1.0000	487
orig_I0_sens	M0755	coverage	11	0.5400	1.0000	0.0909	1.0000	487
orig_I0_sens	M0458	idf	25	0.5300	1.0000	0.2400	1.0000	464
orig_I0_sens	M0458	coverage	25	0.5300	1.0000	0.8400	1.0000	464
orig_I0_sens	M0314	idf	45	3.7100	1.0000	0.1333	1.0000	419
orig_I0_sens	M0314	coverage	45	3.7100	0.0000	0.0000	1.0000	419
orig_I0_sens	M0210	idf	220	1.1100	1.0000	0.0273	1.0000	441
orig_I0_sens	M0210	coverage	220	1.1100	1.0000	0.0045	1.0000	441
orig_I0_sens	M0154	idf	62	0.7700	1.0000	0.2258	1.0000	473
orig_I0_sens	M0154	coverage	62	0.7700	1.0000	0.8710	1.0000	473
orig_I0_sens	M0502	idf	20	2.2700	1.0000	0.2000	1.0000	434
orig_I0_sens	M0502	coverage	20	2.2700	0.0000	0.0000	1.0000	434
orig_I0_sens	M0031	idf	290	1.3200	1.0000	0.8241	1.0000	457
orig_I0_sens	M0031	coverage	290	1.3200	1.0000	0.6828	1.0000	457
orig_I0_sens	M0178	idf	273	1.1500	0.0000	0.0000	1.0000	472
orig_I0_sens	M0178	coverage	273	1.1500	0.0000	0.0000	1.0000	472
orig_I0_sens	M0019	idf	21	1.4100	1.0000	1.0000	1.0000	469
orig_I0_sens	M0019	coverage	21	1.4100	1.0000	1.0000	1.0000	469
orig_I0_sens	M0125	idf	19	1.5400	1.0000	0.9474	1.0000	451
orig_I0_sens	M0125	coverage	19	1.5400	1.0000	0.6842	1.0000	451
orig_I0_sens	M0181	idf	8	1.6500	1.0000	0.8750	1.0000	451
orig_I0_sens	M0181	coverage	8	1.6500	1.0000	0.1250	1.0000	451
orig_I0_sens	M0466	idf	6	2.1900	1.0000	0.5000	1.0000	457
orig_I0_sens	M0466	coverage	6	2.1900	0.0000	0.0000	1.0000	457
orig_I0_sens	M0058	idf	37	0.8200	1.0000	0.0270	1.0000	491
orig_I0_sens	M0058	coverage	37	0.8200	1.0000	0.0270	1.0000	491
orig_I0_sens	M0683	idf	27	1.2900	1.0000	0.9630	1.0000	463
orig_I0_sens	M0683	coverage	27	1.2900	1.0000	0.1111	1.0000	463
orig_I0_sens	M0925	idf	22	0.7600	1.0000	0.0909	1.0000	493
orig_I0_sens	M0925	coverage	22	0.7600	1.0000	0.0909	1.0000	493
orig_I0_sens	M0081	idf	9	1.0800	1.0000	0.5556	1.0000	489
orig_I0_sens	M0081	coverage	9	1.0800	1.0000	0.1111	1.0000	489
orig_I0_sens	M0090	idf	60	2.5700	1.0000	1.0000	1.0000	433
orig_I0_sens	M0090	coverage	60	2.5700	1.0000	0.0833	1.0000	433
orig_I0_sens	M0429	idf	47	1.2400	1.0000	0.9574	1.0000	486
orig_I0_sens	M0429	coverage	47	1.2400	1.0000	0.8085	1.0000	486
orig_I0_sens	M0447	idf	2	1.4100	1.0000	1.0000	1.0000	470
orig_I0_sens	M0447	coverage	2	1.4100	0.0000	0.0000	1.0000	470
orig_I0_sens	M0768	idf	19	1.2900	1.0000	0.8947	1.0000	484
orig_I0_sens	M0768	coverage	19	1.2900	1.0000	0.3158	1.0000	484
orig_I0_sens	M0261	idf	19	1.3300	1.0000	0.3158	1.0000	379
orig_I0_sens	M0261	coverage	19	1.3300	1.0000	0.0526	1.0000	379
orig_I0_sens	M0234	idf	8	1.2400	1.0000	0.6250	1.0000	484
orig_I0_sens	M0234	coverage	8	1.2400	1.0000	0.2500	1.0000	484
orig_I0_sens	M0958	idf	236	1.2400	0.0000	0.0000	1.0000	492
orig_I0_sens	M0958	coverage	236	1.2400	0.0000	0.0000	1.0000	492
orig_I0_sens	M0387	idf	2048	1.1300	0.0000	0.0000	1.0000	499
orig_I0_sens	M0387	coverage	2048	1.1300	1.0000	0.0010	1.0000	499
orig_I0_sens	M0520	idf	440	1.3300	1.0000	0.4045	1.0000	497
orig_I0_sens	M0520	coverage	440	1.3300	0.0000	0.0000	1.0000	497
orig_I0_sens	M0910	idf	7	1.0000	1.0000	1.0000	1.0000	474
orig_I0_sens	M0910	coverage	7	1.0000	1.0000	1.0000	1.0000	474
orig_I0_sens	M0398	idf	36	1.6200	1.0000	1.0000	1.0000	473
orig_I0_sens	M0398	coverage	36	1.6200	1.0000	0.6389	1.0000	473
orig_I0_sens	M0040	idf	52	0.9600	1.0000	0.0577	1.0000	445
orig_I0_sens	M0040	coverage	52	0.9600	1.0000	0.1538	1.0000	445
orig_I0_sens	M0808	idf	3	0.8700	1.0000	1.0000	1.0000	483
orig_I0_sens	M0808	coverage	3	0.8700	1.0000	1.0000	1.0000	483
orig_I0_sens	M0781	idf	6	0.5700	1.0000	0.8333	1.0000	494
orig_I0_sens	M0781	coverage	6	0.5700	0.0000	0.0000	1.0000	494
orig_I0_sens	M0410	idf	30	2.2500	1.0000	0.2333	1.0000	425
orig_I0_sens	M0410	coverage	30	2.2500	1.0000	0.0333	1.0000	425
orig_I0_sens	M0250	idf	14	1.0200	1.0000	1.0000	1.0000	492
orig_I0_sens	M0250	coverage	14	1.0200	1.0000	0.0714	1.0000	492
orig_I0_sens	M0748	idf	19	0.1700	1.0000	1.0000	1.0000	183
orig_I0_sens	M0748	coverage	19	0.1700	1.0000	1.0000	1.0000	183
orig_I0_sens	M0515	idf	20	1.4900	1.0000	0.6000	1.0000	454
orig_I0_sens	M0515	coverage	20	1.4900	1.0000	0.4000	1.0000	454
orig_I0_sens	M0920	idf	21	1.1000	1.0000	0.5714	1.0000	488
orig_I0_sens	M0920	coverage	21	1.1000	0.0000	0.0000	1.0000	488
orig_I0_sens	M0655	idf	6	0.4300	1.0000	0.1667	1.0000	384
orig_I0_sens	M0655	coverage	6	0.4300	1.0000	0.1667	1.0000	384
orig_I0_sens	M0227	idf	38	1.2000	1.0000	0.2105	1.0000	487
orig_I0_sens	M0227	coverage	38	1.2000	1.0000	0.0526	1.0000	487
orig_I0_sens	M0272	idf	35	1.6800	1.0000	0.2571	1.0000	432
orig_I0_sens	M0272	coverage	35	1.6800	0.0000	0.0000	1.0000	432
orig_I0_sens	M0093	idf	10	1.2600	0.0000	0.0000	1.0000	482
orig_I0_sens	M0093	coverage	10	1.2600	0.0000	0.0000	1.0000	482
orig_I0_sens	M0625	idf	5	0.7300	0.0000	0.0000	1.0000	466
orig_I0_sens	M0625	coverage	5	0.7300	0.0000	0.0000	1.0000	466
orig_I0_sens	M0321	idf	19	0.8200	1.0000	0.5263	1.0000	494
orig_I0_sens	M0321	coverage	19	0.8200	1.0000	0.2105	1.0000	494
orig_I0_sens	M0048	idf	98	1.2300	1.0000	0.8776	1.0000	476
orig_I0_sens	M0048	coverage	98	1.2300	1.0000	0.1327	1.0000	476
orig_I0_sens	M0043	idf	20	1.1100	1.0000	1.0000	1.0000	456
orig_I0_sens	M0043	coverage	20	1.1100	1.0000	0.6500	1.0000	456
orig_I0_sens	M0900	idf	441	0.7600	0.0000	0.0000	1.0000	497
orig_I0_sens	M0900	coverage	441	0.7600	0.0000	0.0000	1.0000	497
orig_I0_sens	M0857	idf	12	1.2900	1.0000	0.7500	1.0000	439
orig_I0_sens	M0857	coverage	12	1.2900	1.0000	0.1667	1.0000	439
orig_I0_sens	M0964	idf	68	0.8000	1.0000	0.1324	1.0000	453
orig_I0_sens	M0964	coverage	68	0.8000	1.0000	0.0735	1.0000	453
orig_I0_sens	M0131	idf	36	1.3600	1.0000	1.0000	1.0000	483
orig_I0_sens	M0131	coverage	36	1.3600	1.0000	0.8889	1.0000	483
orig_I0_sens	M0754	idf	9	0.5800	1.0000	0.3333	1.0000	484
orig_I0_sens	M0754	coverage	9	0.5800	1.0000	0.3333	1.0000	484
orig_I0_sens	M0313	idf	17	0.5100	1.0000	0.5294	1.0000	497
orig_I0_sens	M0313	coverage	17	0.5100	1.0000	0.7059	1.0000	497
orig_I0_sens	M0092	idf	41	1.0100	1.0000	0.9512	1.0000	446
orig_I0_sens	M0092	coverage	41	1.0100	0.0000	0.0000	1.0000	446
orig_I0_sens	M0108	idf	3	1.1400	0.0000	0.0000	1.0000	485
orig_I0_sens	M0108	coverage	3	1.1400	0.0000	0.0000	1.0000	485
orig_I0_sens	M0139	idf	76	1.2600	0.0000	0.0000	1.0000	478
orig_I0_sens	M0139	coverage	76	1.2600	1.0000	0.0263	1.0000	478
orig_I0_sens	M0235	idf	17	0.5500	1.0000	0.4706	1.0000	480
orig_I0_sens	M0235	coverage	17	0.5500	1.0000	0.7647	1.0000	480
orig_I0_sens	M0444	idf	83	1.2900	1.0000	0.7831	1.0000	489
orig_I0_sens	M0444	coverage	83	1.2900	1.0000	0.7349	1.0000	489
orig_I0_sens	M0623	idf	16	1.3400	1.0000	1.0000	1.0000	477
orig_I0_sens	M0623	coverage	16	1.3400	1.0000	0.9375	1.0000	477
orig_I0_sens	M0919	idf	18	1.0700	1.0000	0.6111	1.0000	482
orig_I0_sens	M0919	coverage	18	1.0700	1.0000	0.6111	1.0000	482
orig_I0_sens	M0369	idf	82	1.0900	1.0000	0.3171	1.0000	458
orig_I0_sens	M0369	coverage	82	1.0900	1.0000	0.0854	1.0000	458
orig_I0_sens	M0253	idf	212	1.5400	1.0000	0.9057	1.0000	426
orig_I0_sens	M0253	coverage	212	1.5400	0.0000	0.0000	1.0000	426
orig_I0_sens	M0254	idf	17	4.0100	1.0000	1.0000	1.0000	387
orig_I0_sens	M0254	coverage	17	4.0100	1.0000	0.7647	1.0000	387
orig_I0_sens	M0301	idf	51	0.9700	1.0000	0.3137	1.0000	433
orig_I0_sens	M0301	coverage	51	0.9700	0.0000	0.0000	1.0000	433
orig_I0_sens	M0674	idf	31	1.0200	1.0000	0.0968	1.0000	403
orig_I0_sens	M0674	coverage	31	1.0200	1.0000	0.0968	1.0000	403
orig_I0_sens	M0100	idf	360	1.2700	1.0000	0.3639	1.0000	483
orig_I0_sens	M0100	coverage	360	1.2700	1.0000	0.3000	1.0000	483
orig_I0_sens	M0231	idf	13	1.0500	1.0000	0.9231	1.0000	475
orig_I0_sens	M0231	coverage	13	1.0500	1.0000	0.3077	1.0000	475
orig_I0_sens	M0816	idf	238	0.6200	0.0000	0.0000	1.0000	484
orig_I0_sens	M0816	coverage	238	0.6200	0.0000	0.0000	1.0000	484
orig_I0_sens	M0472	idf	94	1.9000	1.0000	0.9681	1.0000	483
orig_I0_sens	M0472	coverage	94	1.9000	1.0000	0.9149	1.0000	483
orig_I0_sens	M0962	idf	134	1.6400	1.0000	0.0224	1.0000	487
orig_I0_sens	M0962	coverage	134	1.6400	0.0000	0.0000	1.0000	487
orig_I0_sens	M0795	idf	79	1.3800	1.0000	0.5190	1.0000	483
orig_I0_sens	M0795	coverage	79	1.3800	0.0000	0.0000	1.0000	483
orig_I0_sens	M0727	idf	22	1.0400	1.0000	0.6818	1.0000	462
orig_I0_sens	M0727	coverage	22	1.0400	1.0000	0.2273	1.0000	462
orig_I0_sens	M0497	idf	15	1.6700	1.0000	0.8667	1.0000	460
orig_I0_sens	M0497	coverage	15	1.6700	0.0000	0.0000	1.0000	460
orig_I0_sens	M0338	idf	23	0.5600	1.0000	0.3043	1.0000	468
orig_I0_sens	M0338	coverage	23	0.5600	1.0000	0.0435	1.0000	468
orig_I0_sens	M0947	idf	43	0.8700	1.0000	0.6279	1.0000	473
orig_I0_sens	M0947	coverage	43	0.8700	1.0000	0.5814	1.0000	473
orig_I0_sens	M0163	idf	47	0.6200	1.0000	0.9574	1.0000	488
orig_I0_sens	M0163	coverage	47	0.6200	0.0000	0.0000	1.0000	488
orig_I0_sens	M0959	idf	155	1.4600	0.0000	0.0000	1.0000	493
orig_I0_sens	M0959	coverage	155	1.4600	0.0000	0.0000	1.0000	493
orig_I0_sens	M0433	idf	210	0.5000	0.0000	0.0000	1.0000	491
orig_I0_sens	M0433	coverage	210	0.5000	0.0000	0.0000	1.0000	491
orig_I0_sens	M0416	idf	4	1.8300	1.0000	1.0000	1.0000	487
orig_I0_sens	M0416	coverage	4	1.8300	1.0000	1.0000	1.0000	487
orig_I0_sens	M0850	idf	31	0.7500	1.0000	0.1290	1.0000	461
orig_I0_sens	M0850	coverage	31	0.7500	1.0000	0.5161	1.0000	461
orig_I0_sens	M0454	idf	14	1.0200	1.0000	1.0000	1.0000	459
orig_I0_sens	M0454	coverage	14	1.0200	1.0000	0.8571	1.0000	459
orig_I0_sens	M0351	idf	24	0.9400	1.0000	0.0417	1.0000	426
orig_I0_sens	M0351	coverage	24	0.9400	1.0000	0.5833	1.0000	426
orig_I0_sens	M0425	idf	2084	0.7200	0.0000	0.0000	1.0000	474
orig_I0_sens	M0425	coverage	2084	0.7200	1.0000	0.0005	1.0000	474
orig_I0_sens	M0067	idf	39	1.0500	1.0000	0.2564	1.0000	481
orig_I0_sens	M0067	coverage	39	1.0500	1.0000	0.0513	1.0000	481
orig_I0_sens	M0550	idf	20	1.0700	1.0000	0.1500	1.0000	495
orig_I0_sens	M0550	coverage	20	1.0700	1.0000	0.2000	1.0000	495
orig_I0_sens	M0792	idf	10	0.5600	1.0000	0.2000	1.0000	487
orig_I0_sens	M0792	coverage	10	0.5600	0.0000	0.0000	1.0000	487
orig_I0_sens	M0961	idf	144	1.2900	0.0000	0.0000	1.0000	492
orig_I0_sens	M0961	coverage	144	1.2900	1.0000	0.0208	1.0000	492
orig_I0_sens	M0109	idf	207	1.1500	1.0000	0.5362	1.0000	464
orig_I0_sens	M0109	coverage	207	1.1500	1.0000	0.0725	1.0000	464
orig_I0_sens	M0257	idf	222	1.4600	1.0000	0.9955	1.0000	492
orig_I0_sens	M0257	coverage	222	1.4600	0.0000	0.0000	1.0000	492
orig_I0_sens	M0789	idf	51	0.7100	1.0000	0.3725	1.0000	488
orig_I0_sens	M0789	coverage	51	0.7100	1.0000	0.2353	1.0000	488
orig_I0_sens	M0363	idf	64	0.5700	1.0000	0.1406	1.0000	492
orig_I0_sens	M0363	coverage	64	0.5700	1.0000	0.1562	1.0000	492
orig_I0_sens	M0391	idf	14	0.6500	1.0000	0.5000	1.0000	497
orig_I0_sens	M0391	coverage	14	0.6500	1.0000	0.8571	1.0000	497
orig_I0_sens	M0826	idf	21	0.7000	1.0000	0.7143	1.0000	495
orig_I0_sens	M0826	coverage	21	0.7000	1.0000	0.6190	1.0000	495
orig_I0_sens	M0952	idf	5	0.6400	1.0000	0.8000	1.0000	449
orig_I0_sens	M0952	coverage	5	0.6400	1.0000	0.8000	1.0000	449
orig_I0_sens	M0117	idf	100	0.6500	0.0000	0.0000	1.0000	494
orig_I0_sens	M0117	coverage	100	0.6500	1.0000	0.0100	1.0000	494
orig_I0_sens	M0854	idf	122	1.0100	1.0000	0.3115	1.0000	472
orig_I0_sens	M0854	coverage	122	1.0100	1.0000	0.0656	1.0000	472
orig_I0_sens	M0881	idf	155	1.1000	1.0000	1.0000	1.0000	466
orig_I0_sens	M0881	coverage	155	1.1000	1.0000	0.7742	1.0000	466
orig_I0_sens	M0874	idf	1	0.7300	1.0000	1.0000	1.0000	485
orig_I0_sens	M0874	coverage	1	0.7300	1.0000	1.0000	1.0000	485
orig_I0_sens	M0597	idf	27	0.6400	1.0000	0.4074	1.0000	492
orig_I0_sens	M0597	coverage	27	0.6400	1.0000	0.3333	1.0000	492
orig_I0_sens	M0070	idf	159	0.5800	1.0000	0.0440	1.0000	472
orig_I0_sens	M0070	coverage	159	0.5800	1.0000	0.0440	1.0000	472
orig_I0_sens	M0423	idf	94	0.9000	1.0000	0.1596	1.0000	470
orig_I0_sens	M0423	coverage	94	0.9000	1.0000	0.1489	1.0000	470
orig_I0_sens	M0266	idf	35	1.1400	1.0000	0.8571	1.0000	437
orig_I0_sens	M0266	coverage	35	1.1400	1.0000	0.2857	1.0000	437
orig_I0_sens	M0262	idf	19	1.0100	1.0000	1.0000	1.0000	414
orig_I0_sens	M0262	coverage	19	1.0100	1.0000	0.4211	1.0000	414
orig_I0_sens	M0806	idf	3	0.5800	0.0000	0.0000	1.0000	490
orig_I0_sens	M0806	coverage	3	0.5800	1.0000	0.3333	1.0000	490
orig_I0_sens	M0937	idf	31	0.6600	1.0000	0.1290	1.0000	484
orig_I0_sens	M0937	coverage	31	0.6600	1.0000	0.8387	1.0000	484
orig_I0_sens	M0066	idf	57	0.7700	1.0000	0.3860	1.0000	478
orig_I0_sens	M0066	coverage	57	0.7700	1.0000	0.2632	1.0000	478
orig_I0_sens	M0462	idf	48	0.7600	1.0000	0.9375	1.0000	494
orig_I0_sens	M0462	coverage	48	0.7600	1.0000	0.4375	1.0000	494
orig_I0_sens	M0380	idf	21	0.9900	1.0000	0.6667	1.0000	460
orig_I0_sens	M0380	coverage	21	0.9900	1.0000	0.5714	1.0000	460
orig_I0_sens	M0403	idf	16	0.8700	1.0000	1.0000	1.0000	461
orig_I0_sens	M0403	coverage	16	0.8700	1.0000	0.3125	1.0000	461
orig_I0_sens	M0141	idf	25	2.6900	1.0000	0.1600	1.0000	450
orig_I0_sens	M0141	coverage	25	2.6900	0.0000	0.0000	1.0000	450
orig_I0_sens	M0237	idf	555	0.7100	1.0000	0.0865	1.0000	455
orig_I0_sens	M0237	coverage	555	0.7100	1.0000	0.1586	1.0000	455
orig_I0_sens	M0642	idf	24	0.5500	1.0000	0.2917	1.0000	497
orig_I0_sens	M0642	coverage	24	0.5500	1.0000	0.2917	1.0000	497
orig_I0_sens	M0142	idf	13	0.8200	1.0000	0.3846	1.0000	489
orig_I0_sens	M0142	coverage	13	0.8200	1.0000	0.3077	1.0000	489
orig_I0_sens	M0798	idf	2073	0.7300	0.0000	0.0000	1.0000	498
orig_I0_sens	M0798	coverage	2073	0.7300	0.0000	0.0000	1.0000	498
orig_I0_sens	M0574	idf	111	1.6200	1.0000	0.6396	1.0000	479
orig_I0_sens	M0574	coverage	111	1.6200	0.0000	0.0000	1.0000	479
orig_I0_sens	M0663	idf	96	0.5000	1.0000	0.1667	1.0000	441
orig_I0_sens	M0663	coverage	96	0.5000	1.0000	0.1354	1.0000	441
orig_I0_sens	M0348	idf	165	1.5100	0.0000	0.0000	1.0000	494
orig_I0_sens	M0348	coverage	165	1.5100	0.0000	0.0000	1.0000	494
orig_I0_sens	M0353	idf	11	0.3900	1.0000	0.0909	1.0000	498
orig_I0_sens	M0353	coverage	11	0.3900	1.0000	0.7273	1.0000	498
orig_I0_sens	M0028	idf	19	0.8200	1.0000	1.0000	1.0000	414
orig_I0_sens	M0028	coverage	19	0.8200	1.0000	1.0000	1.0000	414
orig_I0_sens	M0308	idf	172	1.7000	1.0000	1.0000	1.0000	460
orig_I0_sens	M0308	coverage	172	1.7000	0.0000	0.0000	1.0000	460
orig_I0_sens	M0860	idf	6	0.8300	1.0000	0.3333	1.0000	476
orig_I0_sens	M0860	coverage	6	0.8300	1.0000	0.3333	1.0000	476
orig_I0_sens	M0188	idf	117	0.4400	0.0000	0.0000	1.0000	447
orig_I0_sens	M0188	coverage	117	0.4400	1.0000	0.0256	1.0000	447
orig_I0_sens	M0003	idf	94	0.4200	1.0000	0.1915	1.0000	496
orig_I0_sens	M0003	coverage	94	0.4200	1.0000	0.1915	1.0000	496
orig_I0_sens	M0906	idf	265	0.4000	0.0000	0.0000	1.0000	480
orig_I0_sens	M0906	coverage	265	0.4000	1.0000	0.2000	1.0000	480
orig_I0_sens	M0590	idf	19	0.8200	1.0000	0.1053	1.0000	460
orig_I0_sens	M0590	coverage	19	0.8200	1.0000	0.1053	1.0000	460
orig_I0_sens	M0293	idf	60	0.5900	1.0000	0.6833	1.0000	466
orig_I0_sens	M0293	coverage	60	0.5900	1.0000	0.4500	1.0000	466
orig_I0_sens	M0651	idf	56	0.4200	1.0000	0.0536	1.0000	489
orig_I0_sens	M0651	coverage	56	0.4200	1.0000	0.1250	1.0000	489
orig_I0_sens	M0297	idf	17	0.2100	1.0000	0.0588	1.0000	498
orig_I0_sens	M0297	coverage	17	0.2100	0.0000	0.0000	1.0000	498
orig_I0_sens	M0194	idf	63	1.5100	1.0000	0.9524	1.0000	454
orig_I0_sens	M0194	coverage	63	1.5100	1.0000	0.1270	1.0000	454
orig_I0_sens	M0589	idf	26	0.4500	1.0000	0.1154	1.0000	425
orig_I0_sens	M0589	coverage	26	0.4500	1.0000	0.0385	1.0000	425
orig_I0_sens	M0669	idf	10	0.6100	1.0000	0.4000	1.0000	476
orig_I0_sens	M0669	coverage	10	0.6100	0.0000	0.0000	1.0000	476
orig_I0_sens	M0742	idf	2	0.7300	1.0000	1.0000	1.0000	483
orig_I0_sens	M0742	coverage	2	0.7300	0.0000	0.0000	1.0000	483
orig_I0_sens	M0298	idf	164	0.7700	0.0000	0.0000	0.0000	494
orig_I0_sens	M0298	coverage	164	0.7700	0.0000	0.0000	0.0000	494
orig_I0_sens	M0440	idf	43	0.8900	1.0000	0.9302	1.0000	423
orig_I0_sens	M0440	coverage	43	0.8900	1.0000	0.2326	1.0000	423
orig_I0_sens	M0386	idf	4	1.6700	1.0000	1.0000	1.0000	460
orig_I0_sens	M0386	coverage	4	1.6700	1.0000	0.7500	1.0000	460
orig_I0_sens	M0087	idf	50	1.7300	1.0000	1.0000	1.0000	471
orig_I0_sens	M0087	coverage	50	1.7300	1.0000	0.2600	1.0000	471
orig_I1	M0346	idf	37	0.7600	1.0000	0.0541	1.0000	376
orig_I1	M0346	coverage	37	0.7600	0.0000	0.0000	1.0000	376
orig_I1	M0376	idf	41	0.6600	1.0000	0.8049	1.0000	425
orig_I1	M0376	coverage	41	0.6600	1.0000	0.8293	1.0000	425
orig_I1	M0431	idf	3	0.4100	1.0000	1.0000	1.0000	410
orig_I1	M0431	coverage	3	0.4100	0.0000	0.0000	1.0000	410
orig_I1	M0243	idf	11	1.2000	1.0000	1.0000	1.0000	418
orig_I1	M0243	coverage	11	1.2000	0.0000	0.0000	1.0000	418
orig_I1	M0294	idf	108	1.4800	1.0000	0.2778	1.0000	443
orig_I1	M0294	coverage	108	1.4800	0.0000	0.0000	1.0000	443
orig_I1	M0895	idf	121	0.5700	1.0000	0.0165	1.0000	384
orig_I1	M0895	coverage	121	0.5700	1.0000	0.0165	1.0000	384
orig_I1	M0104	idf	4	1.4400	1.0000	1.0000	1.0000	317
orig_I1	M0104	coverage	4	1.4400	1.0000	1.0000	1.0000	317
orig_I1	M0869	idf	5	0.3700	0.0000	0.0000	1.0000	447
orig_I1	M0869	coverage	5	0.3700	1.0000	0.4000	1.0000	447
orig_I1	M0075	idf	2	1.0900	1.0000	0.5000	1.0000	296
orig_I1	M0075	coverage	2	1.0900	0.0000	0.0000	1.0000	296
orig_I1	M0134	idf	55	0.6500	1.0000	0.8364	1.0000	441
orig_I1	M0134	coverage	55	0.6500	1.0000	0.9273	1.0000	441
orig_I1	M0206	idf	75	1.4100	1.0000	0.8533	1.0000	374
orig_I1	M0206	coverage	75	1.4100	1.0000	0.3333	1.0000	374
orig_I1	M0044	idf	67	1.2200	1.0000	0.9552	1.0000	345
orig_I1	M0044	coverage	67	1.2200	1.0000	0.2836	1.0000	345
orig_I1	M0484	idf	100	1.4700	1.0000	1.0000	1.0000	367
orig_I1	M0484	coverage	100	1.4700	1.0000	0.8700	1.0000	367
orig_I1	M0334	idf	22	0.6000	1.0000	1.0000	1.0000	263
orig_I1	M0334	coverage	22	0.6000	1.0000	0.1818	1.0000	263
orig_I1	M0412	idf	5	0.5200	1.0000	0.6000	1.0000	448
orig_I1	M0412	coverage	5	0.5200	0.0000	0.0000	1.0000	448
orig_I1	M0931	idf	70	0.5100	1.0000	0.3571	1.0000	351
orig_I1	M0931	coverage	70	0.5100	1.0000	0.7571	1.0000	351
orig_I1	M0118	idf	106	0.4300	0.0000	0.0000	1.0000	417
orig_I1	M0118	coverage	106	0.4300	0.0000	0.0000	1.0000	417
orig_I1	M0752	idf	8	0.2500	1.0000	1.0000	1.0000	422
orig_I1	M0752	coverage	8	0.2500	1.0000	0.8750	1.0000	422
orig_I1	M0428	idf	10	1.2100	1.0000	1.0000	1.0000	364
orig_I1	M0428	coverage	10	1.2100	1.0000	0.6000	1.0000	364
orig_I1	M0771	idf	213	0.5700	1.0000	0.0423	1.0000	270
orig_I1	M0771	coverage	213	0.5700	1.0000	0.0376	1.0000	270
orig_I1	M0658	idf	12	0.6800	0.0000	0.0000	1.0000	309
orig_I1	M0658	coverage	12	0.6800	1.0000	0.9167	1.0000	309
orig_I1	M0311	idf	78	1.1000	1.0000	1.0000	1.0000	467
orig_I1	M0311	coverage	78	1.1000	0.0000	0.0000	1.0000	467
orig_I1	M0600	idf	78	0.8300	1.0000	0.2949	1.0000	345
orig_I1	M0600	coverage	78	0.8300	1.0000	0.3846	1.0000	345
orig_I1	M0565	idf	13	0.1200	1.0000	0.0769	1.0000	126
orig_I1	M0565	coverage	13	0.1200	1.0000	0.3846	1.0000	126
orig_I1	M0085	idf	11	0.6700	1.0000	0.7273	1.0000	420
orig_I1	M0085	coverage	11	0.6700	1.0000	0.5455	1.0000	420
orig_I1	M0488	idf	6	0.9300	1.0000	1.0000	1.0000	395
orig_I1	M0488	coverage	6	0.9300	1.0000	0.3333	1.0000	395
orig_I1	M0076	idf	97	0.4400	1.0000	0.7526	1.0000	441
orig_I1	M0076	coverage	97	0.4400	1.0000	0.8247	1.0000	441
orig_I1	M0175	idf	826	0.3000	0.0000	0.0000	1.0000	498
orig_I1	M0175	coverage	826	0.3000	1.0000	0.5726	1.0000	498
orig_I1	M0107	idf	7	1.0500	1.0000	0.7143	1.0000	418
orig_I1	M0107	coverage	7	1.0500	1.0000	0.7143	1.0000	418
orig_I1	M0201	idf	38	0.9100	0.0000	0.0000	1.0000	385
orig_I1	M0201	coverage	38	0.9100	0.0000	0.0000	1.0000	385
orig_I1	M0383	idf	124	2.1400	0.0000	0.0000	1.0000	372
orig_I1	M0383	coverage	124	2.1400	1.0000	0.6855	1.0000	372
orig_I1	M0111	idf	10	1.6000	1.0000	0.4000	1.0000	370
orig_I1	M0111	coverage	10	1.6000	0.0000	0.0000	1.0000	370
orig_I1	M0634	idf	9	0.8300	1.0000	1.0000	1.0000	292
orig_I1	M0634	coverage	9	0.8300	1.0000	1.0000	1.0000	292
orig_I1	M0609	idf	81	0.8200	1.0000	0.0864	1.0000	498
orig_I1	M0609	coverage	81	0.8200	1.0000	0.0494	1.0000	498
orig_I1	M0228	idf	119	0.5600	1.0000	0.0924	1.0000	387
orig_I1	M0228	coverage	119	0.5600	0.0000	0.0000	1.0000	387
orig_I1	M0636	idf	16	0.7800	1.0000	0.6250	1.0000	480
orig_I1	M0636	coverage	16	0.7800	1.0000	0.3750	1.0000	480
orig_I1	M0908	idf	78	0.4600	0.0000	0.0000	1.0000	427
orig_I1	M0908	coverage	78	0.4600	1.0000	0.0128	1.0000	427
orig_I1	M0564	idf	357	0.7300	0.0000	0.0000	1.0000	395
orig_I1	M0564	coverage	357	0.7300	0.0000	0.0000	1.0000	395
orig_I1	M0616	idf	5	0.5500	1.0000	1.0000	1.0000	385
orig_I1	M0616	coverage	5	0.5500	1.0000	1.0000	1.0000	385
orig_I1	M0453	idf	61	1.0100	1.0000	0.6393	1.0000	485
orig_I1	M0453	coverage	61	1.0100	1.0000	0.0656	1.0000	485
orig_I1	M0510	idf	62	0.7100	1.0000	0.9032	1.0000	292
orig_I1	M0510	coverage	62	0.7100	1.0000	0.6129	1.0000	292
orig_I1	M0216	idf	1150	0.9200	1.0000	0.4339	1.0000	499
orig_I1	M0216	coverage	1150	0.9200	1.0000	0.4339	1.0000	499
orig_I1	M0448	idf	7	0.3500	0.0000	0.0000	0.0000	398
orig_I1	M0448	coverage	7	0.3500	0.0000	0.0000	0.0000	398
orig_I1	M0732	idf	18	0.6900	0.0000	0.0000	1.0000	190
orig_I1	M0732	coverage	18	0.6900	0.0000	0.0000	1.0000	190
orig_I1	M0734	idf	5	0.6200	1.0000	0.2000	1.0000	383
orig_I1	M0734	coverage	5	0.6200	0.0000	0.0000	1.0000	383
orig_I1	M0456	idf	17	0.3100	1.0000	0.0588	1.0000	419
orig_I1	M0456	coverage	17	0.3100	1.0000	0.1176	1.0000	419
orig_I1	M0278	idf	74	0.1700	1.0000	0.9189	1.0000	247
orig_I1	M0278	coverage	74	0.1700	1.0000	0.9595	1.0000	247
orig_I1	M0682	idf	290	0.3500	0.0000	0.0000	1.0000	450
orig_I1	M0682	coverage	290	0.3500	1.0000	0.5345	1.0000	450
orig_I1	M0381	idf	68	0.3200	1.0000	0.4118	1.0000	356
orig_I1	M0381	coverage	68	0.3200	1.0000	0.6324	1.0000	356
orig_I1	M0759	idf	73	1.0600	0.0000	0.0000	1.0000	341
orig_I1	M0759	coverage	73	1.0600	0.0000	0.0000	1.0000	341
orig_I1	M0916	idf	1	0.5600	1.0000	1.0000	1.0000	290
orig_I1	M0916	coverage	1	0.5600	1.0000	1.0000	1.0000	290
orig_I1	M0122	idf	21	0.7200	1.0000	0.6667	1.0000	407
orig_I1	M0122	coverage	21	0.7200	0.0000	0.0000	1.0000	407
orig_I1	M0435	idf	17	3.9800	1.0000	0.0588	1.0000	441
orig_I1	M0435	coverage	17	3.9800	0.0000	0.0000	1.0000	441
orig_I1	M0519	idf	16	1.4200	1.0000	1.0000	1.0000	385
orig_I1	M0519	coverage	16	1.4200	0.0000	0.0000	1.0000	385
orig_I1	M0506	idf	113	0.5500	1.0000	0.4071	1.0000	422
orig_I1	M0506	coverage	113	0.5500	0.0000	0.0000	1.0000	422
orig_I1	M0357	idf	5	0.5600	1.0000	0.2000	1.0000	256
orig_I1	M0357	coverage	5	0.5600	1.0000	0.6000	1.0000	256
orig_I1	M0414	idf	82	0.4200	1.0000	0.8049	1.0000	428
orig_I1	M0414	coverage	82	0.4200	0.0000	0.0000	1.0000	428
orig_I1	M0096	idf	23	0.6200	1.0000	0.0435	1.0000	367
orig_I1	M0096	coverage	23	0.6200	1.0000	0.0435	1.0000	367
orig_I1	M0885	idf	15	1.3500	1.0000	0.5333	1.0000	357
orig_I1	M0885	coverage	15	1.3500	1.0000	0.1333	1.0000	357
orig_I1	M0738	idf	15	0.8800	1.0000	1.0000	1.0000	338
orig_I1	M0738	coverage	15	0.8800	1.0000	0.6667	1.0000	338
orig_I1	M0545	idf	19	0.8700	1.0000	0.1053	1.0000	399
orig_I1	M0545	coverage	19	0.8700	1.0000	0.6316	1.0000	399
orig_I1	M0815	idf	238	0.3900	1.0000	0.3697	1.0000	455
orig_I1	M0815	coverage	238	0.3900	1.0000	0.0042	1.0000	455
orig_I1	M0077	idf	101	0.8900	1.0000	0.2574	1.0000	360
orig_I1	M0077	coverage	101	0.8900	1.0000	0.4653	1.0000	360
orig_I1	M0851	idf	22	0.3500	0.0000	0.0000	1.0000	251
orig_I1	M0851	coverage	22	0.3500	1.0000	0.0909	1.0000	251
orig_I1	M0862	idf	17	0.6800	1.0000	0.5294	1.0000	229
orig_I1	M0862	coverage	17	0.6800	0.0000	0.0000	1.0000	229
orig_I1	M0736	idf	3	0.4800	1.0000	1.0000	1.0000	364
orig_I1	M0736	coverage	3	0.4800	0.0000	0.0000	1.0000	364
orig_I1	M0819	idf	25	0.5400	1.0000	0.0400	1.0000	397
orig_I1	M0819	coverage	25	0.5400	1.0000	0.6800	1.0000	397
orig_I1	M0822	idf	2	0.6200	1.0000	1.0000	1.0000	367
orig_I1	M0822	coverage	2	0.6200	1.0000	0.5000	1.0000	367
orig_I1	M0136	idf	9	0.7400	1.0000	0.8889	1.0000	392
orig_I1	M0136	coverage	9	0.7400	1.0000	0.7778	1.0000	392
orig_I1	M0054	idf	44	0.4100	1.0000	0.6818	1.0000	282
orig_I1	M0054	coverage	44	0.4100	1.0000	0.7500	1.0000	282
orig_I1	M0612	idf	82	0.6600	0.0000	0.0000	1.0000	362
orig_I1	M0612	coverage	82	0.6600	1.0000	0.7927	1.0000	362
orig_I1	M0010	idf	13	0.5400	1.0000	1.0000	1.0000	288
orig_I1	M0010	coverage	13	0.5400	1.0000	0.9231	1.0000	288
orig_I1	M0709	idf	289	0.5000	1.0000	0.0346	1.0000	427
orig_I1	M0709	coverage	289	0.5000	1.0000	0.0381	1.0000	427
orig_I1	M0940	idf	104	0.9900	0.0000	0.0000	1.0000	491
orig_I1	M0940	coverage	104	0.9900	0.0000	0.0000	1.0000	491
orig_I1	M0172	idf	12	1.2300	1.0000	0.1667	1.0000	438
orig_I1	M0172	coverage	12	1.2300	1.0000	0.5833	1.0000	438
orig_I1	M0693	idf	362	0.3900	0.0000	0.0000	1.0000	492
orig_I1	M0693	coverage	362	0.3900	1.0000	0.0028	1.0000	492
orig_I1	M0159	idf	148	1.5000	1.0000	0.8243	1.0000	398
orig_I1	M0159	coverage	148	1.5000	1.0000	0.1081	1.0000	398
orig_I1	M0835	idf	9	0.9600	0.0000	0.0000	1.0000	352
orig_I1	M0835	coverage	9	0.9600	0.0000	0.0000	1.0000	352
orig_I1	M0810	idf	37	0.7700	1.0000	0.4865	1.0000	376
orig_I1	M0810	coverage	37	0.7700	1.0000	0.3784	1.0000	376
orig_I1	M0434	idf	12	1.0100	1.0000	1.0000	1.0000	349
orig_I1	M0434	coverage	12	1.0100	0.0000	0.0000	1.0000	349
orig_I1	M0653	idf	23	0.5900	1.0000	0.0435	1.0000	446
orig_I1	M0653	coverage	23	0.5900	1.0000	0.0435	1.0000	446
orig_I1	M0205	idf	259	1.5000	1.0000	0.9382	1.0000	456
orig_I1	M0205	coverage	259	1.5000	1.0000	0.9112	1.0000	456
orig_I1	M0939	idf	13	0.2100	1.0000	0.4615	1.0000	266
orig_I1	M0939	coverage	13	0.2100	1.0000	0.4615	1.0000	266
orig_I1	M0918	idf	65	1.4500	1.0000	0.0923	1.0000	395
orig_I1	M0918	coverage	65	1.4500	1.0000	0.5385	1.0000	395
orig_I1	M0858	idf	351	0.8200	1.0000	0.1140	1.0000	446
orig_I1	M0858	coverage	351	0.8200	1.0000	0.9202	1.0000	446
orig_I1	M0420	idf	17	0.4200	1.0000	0.2353	1.0000	370
orig_I1	M0420	coverage	17	0.4200	1.0000	0.2353	1.0000	370
orig_I1	M0879	idf	15	0.4800	0.0000	0.0000	1.0000	233
orig_I1	M0879	coverage	15	0.4800	0.0000	0.0000	1.0000	233
orig_I1	M0371	idf	122	0.5100	0.0000	0.0000	1.0000	414
orig_I1	M0371	coverage	122	0.5100	0.0000	0.0000	1.0000	414
orig_I1	M0020	idf	115	0.9900	0.0000	0.0000	1.0000	439
orig_I1	M0020	coverage	115	0.9900	1.0000	0.0087	1.0000	439
orig_I1	M0855	idf	38	0.7300	1.0000	0.4737	1.0000	311
orig_I1	M0855	coverage	38	0.7300	1.0000	0.1316	1.0000	311
orig_I1	M0957	idf	186	0.8400	0.0000	0.0000	1.0000	492
orig_I1	M0957	coverage	186	0.8400	0.0000	0.0000	1.0000	492
orig_I1	M0505	idf	27	0.4500	1.0000	0.1111	1.0000	407
orig_I1	M0505	coverage	27	0.4500	1.0000	0.0741	1.0000	407
orig_I1	M0477	idf	70	0.4300	1.0000	0.6714	1.0000	477
orig_I1	M0477	coverage	70	0.4300	1.0000	0.7429	1.0000	477
orig_I1	M0829	idf	6	0.9000	1.0000	0.6667	1.0000	320
orig_I1	M0829	coverage	6	0.9000	0.0000	0.0000	1.0000	320
orig_I1	M0884	idf	19	0.8500	1.0000	0.0526	1.0000	346
orig_I1	M0884	coverage	19	0.8500	1.0000	0.6316	1.0000	346
orig_I1	M0384	idf	67	0.5900	1.0000	0.1045	1.0000	335
orig_I1	M0384	coverage	67	0.5900	0.0000	0.0000	1.0000	335
orig_I1	M0065	idf	53	0.8000	1.0000	0.5849	1.0000	369
orig_I1	M0065	coverage	53	0.8000	1.0000	0.2264	1.0000	369
orig_I1	M0123	idf	2	1.7000	1.0000	1.0000	1.0000	392
orig_I1	M0123	coverage	2	1.7000	0.0000	0.0000	1.0000	392
orig_I1	M0580	idf	9	0.4800	1.0000	0.1111	1.0000	408
orig_I1	M0580	coverage	9	0.4800	1.0000	0.5556	1.0000	408
orig_I1	M0033	idf	14	0.8600	1.0000	0.7857	1.0000	359
orig_I1	M0033	coverage	14	0.8600	1.0000	0.0714	1.0000	359
orig_I1	M0281	idf	1	1.1700	1.0000	1.0000	1.0000	363
orig_I1	M0281	coverage	1	1.1700	1.0000	1.0000	1.0000	363
orig_I1	M0544	idf	12	0.5500	1.0000	0.4167	1.0000	340
orig_I1	M0544	coverage	12	0.5500	1.0000	0.0833	1.0000	340
orig_I1	M0212	idf	83	2.4500	1.0000	0.4819	1.0000	433
orig_I1	M0212	coverage	83	2.4500	0.0000	0.0000	1.0000	433
orig_I1	M0426	idf	18	0.4600	1.0000	0.9444	1.0000	393
orig_I1	M0426	coverage	18	0.4600	1.0000	0.2222	1.0000	393
orig_I1	M0905	idf	198	0.4000	0.0000	0.0000	1.0000	341
orig_I1	M0905	coverage	198	0.4000	0.0000	0.0000	1.0000	341
orig_I1	M0843	idf	14	0.3200	1.0000	0.5714	1.0000	228
orig_I1	M0843	coverage	14	0.3200	1.0000	0.7143	1.0000	228
orig_I1	M0263	idf	24	0.5800	1.0000	0.2083	1.0000	413
orig_I1	M0263	coverage	24	0.5800	1.0000	0.5000	1.0000	413
orig_I1	M0697	idf	155	0.6000	1.0000	0.1032	1.0000	371
orig_I1	M0697	coverage	155	0.6000	1.0000	0.4710	1.0000	371
orig_I1	M0260	idf	21	1.0000	1.0000	1.0000	1.0000	334
orig_I1	M0260	coverage	21	1.0000	1.0000	0.4762	1.0000	334
orig_I1	M0379	idf	41	1.3700	1.0000	1.0000	1.0000	388
orig_I1	M0379	coverage	41	1.3700	1.0000	0.0732	1.0000	388
orig_I1	M0377	idf	189	1.2300	1.0000	0.0317	1.0000	491
orig_I1	M0377	coverage	189	1.2300	0.0000	0.0000	1.0000	491
orig_I1	M0547	idf	4	0.3900	1.0000	0.7500	1.0000	352
orig_I1	M0547	coverage	4	0.3900	1.0000	0.7500	1.0000	352
orig_I1	M0508	idf	6	0.7800	1.0000	1.0000	1.0000	377
orig_I1	M0508	coverage	6	0.7800	1.0000	0.1667	1.0000	377
orig_I1	M0401	idf	392	0.7300	0.0000	0.0000	1.0000	430
orig_I1	M0401	coverage	392	0.7300	0.0000	0.0000	1.0000	430
orig_I1	M0755	idf	11	0.3100	1.0000	0.9091	1.0000	360
orig_I1	M0755	coverage	11	0.3100	1.0000	0.0909	1.0000	360
orig_I1	M0458	idf	25	0.3600	1.0000	0.1600	1.0000	444
orig_I1	M0458	coverage	25	0.3600	1.0000	0.8400	1.0000	444
orig_I1	M0314	idf	45	2.6500	1.0000	0.0667	1.0000	363
orig_I1	M0314	coverage	45	2.6500	0.0000	0.0000	1.0000	363
orig_I1	M0210	idf	220	0.6600	1.0000	0.0273	1.0000	422
orig_I1	M0210	coverage	220	0.6600	1.0000	0.0045	1.0000	422
orig_I1	M0154	idf	62	0.4600	0.0000	0.0000	1.0000	425
orig_I1	M0154	coverage	62	0.4600	1.0000	0.8387	1.0000	425
orig_I1	M0502	idf	20	1.5600	1.0000	0.2000	1.0000	425
orig_I1	M0502	coverage	20	1.5600	0.0000	0.0000	1.0000	425
orig_I1	M0031	idf	290	0.7100	1.0000	0.7655	1.0000	446
orig_I1	M0031	coverage	290	0.7100	1.0000	0.6621	1.0000	446
orig_I1	M0178	idf	273	0.9000	1.0000	0.0110	1.0000	345
orig_I1	M0178	coverage	273	0.9000	0.0000	0.0000	1.0000	345
orig_I1	M0019	idf	21	1.1600	1.0000	1.0000	1.0000	366
orig_I1	M0019	coverage	21	1.1600	1.0000	1.0000	1.0000	366
orig_I1	M0125	idf	19	1.3800	1.0000	0.8947	1.0000	337
orig_I1	M0125	coverage	19	1.3800	1.0000	0.6842	1.0000	337
orig_I1	M0181	idf	8	1.1600	1.0000	0.6250	1.0000	390
orig_I1	M0181	coverage	8	1.1600	1.0000	0.2500	1.0000	390
orig_I1	M0466	idf	6	1.6800	1.0000	0.5000	1.0000	433
orig_I1	M0466	coverage	6	1.6800	0.0000	0.0000	1.0000	433
orig_I1	M0058	idf	37	0.6400	1.0000	0.0541	1.0000	359
orig_I1	M0058	coverage	37	0.6400	1.0000	0.0270	1.0000	359
orig_I1	M0683	idf	27	1.0600	1.0000	0.9630	1.0000	388
orig_I1	M0683	coverage	27	1.0600	1.0000	0.3704	1.0000	388
orig_I1	M0925	idf	22	0.4500	1.0000	0.0455	1.0000	416
orig_I1	M0925	coverage	22	0.4500	1.0000	0.0909	1.0000	416
orig_I1	M0081	idf	9	0.4800	1.0000	0.5556	1.0000	297
orig_I1	M0081	coverage	9	0.4800	1.0000	0.2222	1.0000	297
orig_I1	M0090	idf	60	1.6200	1.0000	0.9833	1.0000	359
orig_I1	M0090	coverage	60	1.6200	1.0000	0.0833	1.0000	359
orig_I1	M0429	idf	47	0.6600	1.0000	0.9149	1.0000	302
orig_I1	M0429	coverage	47	0.6600	1.0000	0.8085	1.0000	302
orig_I1	M0447	idf	2	0.6900	1.0000	0.5000	1.0000	355
orig_I1	M0447	coverage	2	0.6900	0.0000	0.0000	1.0000	355
orig_I1	M0768	idf	19	0.9400	1.0000	0.8421	1.0000	373
orig_I1	M0768	coverage	19	0.9400	1.0000	0.3158	1.0000	373
orig_I1	M0261	idf	19	0.6300	1.0000	0.3158	1.0000	403
orig_I1	M0261	coverage	19	0.6300	1.0000	0.0526	1.0000	403
orig_I1	M0234	idf	8	0.7400	1.0000	0.6250	1.0000	302
orig_I1	M0234	coverage	8	0.7400	1.0000	0.2500	1.0000	302
orig_I1	M0958	idf	236	1.0500	0.0000	0.0000	1.0000	492
orig_I1	M0958	coverage	236	1.0500	0.0000	0.0000	1.0000	492
orig_I1	M0387	idf	2048	0.8800	1.0000	0.0132	1.0000	493
orig_I1	M0387	coverage	2048	0.8800	1.0000	0.0010	1.0000	493
orig_I1	M0520	idf	440	0.7900	0.0000	0.0000	1.0000	489
orig_I1	M0520	coverage	440	0.7900	1.0000	0.2000	1.0000	489
orig_I1	M0910	idf	7	0.6100	1.0000	1.0000	1.0000	328
orig_I1	M0910	coverage	7	0.6100	1.0000	1.0000	1.0000	328
orig_I1	M0398	idf	36	0.9300	1.0000	1.0000	1.0000	290
orig_I1	M0398	coverage	36	0.9300	1.0000	0.6389	1.0000	290
orig_I1	M0040	idf	52	0.4800	1.0000	0.1154	1.0000	377
orig_I1	M0040	coverage	52	0.4800	1.0000	0.1538	1.0000	377
orig_I1	M0808	idf	3	0.7300	1.0000	1.0000	1.0000	413
orig_I1	M0808	coverage	3	0.7300	1.0000	1.0000	1.0000	413
orig_I1	M0781	idf	6	0.4100	1.0000	0.8333	1.0000	323
orig_I1	M0781	coverage	6	0.4100	0.0000	0.0000	1.0000	323
orig_I1	M0410	idf	30	1.3300	1.0000	0.2333	1.0000	335
orig_I1	M0410	coverage	30	1.3300	0.0000	0.0000	1.0000	335
orig_I1	M0250	idf	14	0.6900	1.0000	1.0000	1.0000	393
orig_I1	M0250	coverage	14	0.6900	1.0000	0.0714	1.0000	393
orig_I1	M0748	idf	19	0.2400	1.0000	0.8947	1.0000	110
orig_I1	M0748	coverage	19	0.2400	1.0000	1.0000	1.0000	110
orig_I1	M0515	idf	20	1.2400	1.0000	0.4500	1.0000	396
orig_I1	M0515	coverage	20	1.2400	1.0000	0.3500	1.0000	396
orig_I1	M0920	idf	21	1.0400	1.0000	0.5714	1.0000	366
orig_I1	M0920	coverage	21	1.0400	0.0000	0.0000	1.0000	366
orig_I1	M0655	idf	6	0.2200	1.0000	0.1667	1.0000	156
orig_I1	M0655	coverage	6	0.2200	1.0000	0.1667	1.0000	156
orig_I1	M0227	idf	38	0.8400	1.0000	0.2105	1.0000	376
orig_I1	M0227	coverage	38	0.8400	1.0000	0.0526	1.0000	376
orig_I1	M0272	idf	35	0.8900	1.0000	0.2286	1.0000	398
orig_I1	M0272	coverage	35	0.8900	0.0000	0.0000	1.0000	398
orig_I1	M0093	idf	10	0.7700	0.0000	0.0000	1.0000	350
orig_I1	M0093	coverage	10	0.7700	0.0000	0.0000	1.0000	350
orig_I1	M0625	idf	5	0.5300	0.0000	0.0000	1.0000	354
orig_I1	M0625	coverage	5	0.5300	0.0000	0.0000	1.0000	354
orig_I1	M0321	idf	19	0.8300	1.0000	0.4737	1.0000	334
orig_I1	M0321	coverage	19	0.8300	1.0000	0.2105	1.0000	334
orig_I1	M0048	idf	98	0.9500	1.0000	0.5816	1.0000	303
orig_I1	M0048	coverage	98	0.9500	1.0000	0.1224	1.0000	303
orig_I1	M0043	idf	20	0.9000	1.0000	1.0000	1.0000	366
orig_I1	M0043	coverage	20	0.9000	1.0000	0.6500	1.0000	366
orig_I1	M0900	idf	441	0.5300	0.0000	0.0000	1.0000	497
orig_I1	M0900	coverage	441	0.5300	0.0000	0.0000	1.0000	497
orig_I1	M0857	idf	12	0.7800	1.0000	0.7500	1.0000	340
orig_I1	M0857	coverage	12	0.7800	1.0000	0.1667	1.0000	340
orig_I1	M0964	idf	68	0.6900	1.0000	0.1471	1.0000	418
orig_I1	M0964	coverage	68	0.6900	1.0000	0.0735	1.0000	418
orig_I1	M0131	idf	36	0.9000	1.0000	1.0000	1.0000	380
orig_I1	M0131	coverage	36	0.9000	1.0000	0.8333	1.0000	380
orig_I1	M0754	idf	9	0.4600	1.0000	0.3333	1.0000	318
orig_I1	M0754	coverage	9	0.4600	1.0000	0.3333	1.0000	318
orig_I1	M0313	idf	17	0.3900	1.0000	0.5294	1.0000	406
orig_I1	M0313	coverage	17	0.3900	1.0000	0.7647	1.0000	406
orig_I1	M0092	idf	41	0.7400	1.0000	0.9268	1.0000	393
orig_I1	M0092	coverage	41	0.7400	0.0000	0.0000	1.0000	393
orig_I1	M0108	idf	3	0.5800	1.0000	0.3333	1.0000	310
orig_I1	M0108	coverage	3	0.5800	0.0000	0.0000	1.0000	310
orig_I1	M0139	idf	76	0.7200	0.0000	0.0000	1.0000	342
orig_I1	M0139	coverage	76	0.7200	1.0000	0.0395	1.0000	342
orig_I1	M0235	idf	17	0.3900	1.0000	0.0588	1.0000	390
orig_I1	M0235	coverage	17	0.3900	1.0000	0.1176	1.0000	390
orig_I1	M0444	idf	83	0.5800	1.0000	0.7470	1.0000	396
orig_I1	M0444	coverage	83	0.5800	1.0000	0.7349	1.0000	396
orig_I1	M0623	idf	16	0.8500	1.0000	1.0000	1.0000	418
orig_I1	M0623	coverage	16	0.8500	1.0000	0.9375	1.0000	418
orig_I1	M0919	idf	18	0.5300	1.0000	0.4444	1.0000	227
orig_I1	M0919	coverage	18	0.5300	1.0000	0.5556	1.0000	227
orig_I1	M0369	idf	82	0.6300	1.0000	0.2683	1.0000	333
orig_I1	M0369	coverage	82	0.6300	1.0000	0.0854	1.0000	333
orig_I1	M0253	idf	212	1.3100	1.0000	0.8774	1.0000	420
orig_I1	M0253	coverage	212	1.3100	1.0000	0.0236	1.0000	420
orig_I1	M0254	idf	17	3.0100	1.0000	1.0000	1.0000	436
orig_I1	M0254	coverage	17	3.0100	1.0000	0.0588	1.0000	436
orig_I1	M0301	idf	51	0.7100	1.0000	0.1176	1.0000	410
orig_I1	M0301	coverage	51	0.7100	0.0000	0.0000	1.0000	410
orig_I1	M0674	idf	31	0.4900	1.0000	0.0968	1.0000	335
orig_I1	M0674	coverage	31	0.4900	1.0000	0.0968	1.0000	335
orig_I1	M0100	idf	360	0.8300	1.0000	0.2250	1.0000	424
orig_I1	M0100	coverage	360	0.8300	1.0000	0.3778	1.0000	424
orig_I1	M0231	idf	13	0.9500	1.0000	0.9231	1.0000	389
orig_I1	M0231	coverage	13	0.9500	1.0000	0.2308	1.0000	389
orig_I1	M0816	idf	238	0.4700	0.0000	0.0000	1.0000	378
orig_I1	M0816	coverage	238	0.4700	1.0000	0.0168	1.0000	378
orig_I1	M0472	idf	94	1.1200	1.0000	0.9681	1.0000	385
orig_I1	M0472	coverage	94	1.1200	1.0000	0.5957	1.0000	385
orig_I1	M0962	idf	134	0.9700	0.0000	0.0000	1.0000	469
orig_I1	M0962	coverage	134	0.9700	0.0000	0.0000	1.0000	469
orig_I1	M0795	idf	79	0.6300	1.0000	0.2911	1.0000	379
orig_I1	M0795	coverage	79	0.6300	0.0000	0.0000	1.0000	379
orig_I1	M0727	idf	22	0.7800	1.0000	0.5000	1.0000	317
orig_I1	M0727	coverage	22	0.7800	1.0000	0.2273	1.0000	317
orig_I1	M0497	idf	15	1.2400	1.0000	0.9333	1.0000	390
orig_I1	M0497	coverage	15	1.2400	0.0000	0.0000	1.0000	390
orig_I1	M0338	idf	23	0.4100	1.0000	0.4348	1.0000	399
orig_I1	M0338	coverage	23	0.4100	1.0000	0.0870	1.0000	399
orig_I1	M0947	idf	43	0.4800	1.0000	0.6047	1.0000	271
orig_I1	M0947	coverage	43	0.4800	1.0000	0.6977	1.0000	271
orig_I1	M0163	idf	47	0.4800	1.0000	0.8723	1.0000	397
orig_I1	M0163	coverage	47	0.4800	0.0000	0.0000	1.0000	397
orig_I1	M0959	idf	155	1.0500	0.0000	0.0000	1.0000	491
orig_I1	M0959	coverage	155	1.0500	0.0000	0.0000	1.0000	491
orig_I1	M0433	idf	210	0.2600	1.0000	0.0143	1.0000	386
orig_I1	M0433	coverage	210	0.2600	1.0000	0.0048	1.0000	386
orig_I1	M0416	idf	4	1.4000	1.0000	1.0000	1.0000	380
orig_I1	M0416	coverage	4	1.4000	1.0000	1.0000	1.0000	380
orig_I1	M0850	idf	31	0.4200	1.0000	0.2258	1.0000	399
orig_I1	M0850	coverage	31	0.4200	1.0000	0.4839	1.0000	399
orig_I1	M0454	idf	14	0.7000	1.0000	1.0000	1.0000	356
orig_I1	M0454	coverage	14	0.7000	1.0000	0.8571	1.0000	356
orig_I1	M0351	idf	24	0.5000	1.0000	0.0417	1.0000	328
orig_I1	M0351	coverage	24	0.5000	1.0000	0.7500	1.0000	328
orig_I1	M0425	idf	2084	0.5200	0.0000	0.0000	1.0000	422
orig_I1	M0425	coverage	2084	0.5200	1.0000	0.0005	1.0000	422
orig_I1	M0067	idf	39	0.7600	1.0000	0.2564	1.0000	346
orig_I1	M0067	coverage	39	0.7600	1.0000	0.0513	1.0000	346
orig_I1	M0550	idf	20	0.4600	1.0000	0.1000	1.0000	198
orig_I1	M0550	coverage	20	0.4600	1.0000	0.2000	1.0000	198
orig_I1	M0792	idf	10	0.4100	0.0000	0.0000	1.0000	368
orig_I1	M0792	coverage	10	0.4100	0.0000	0.0000	1.0000	368
orig_I1	M0961	idf	144	1.2800	0.0000	0.0000	1.0000	491
orig_I1	M0961	coverage	144	1.2800	1.0000	0.0208	1.0000	491
orig_I1	M0109	idf	207	0.7100	1.0000	0.5362	1.0000	389
orig_I1	M0109	coverage	207	0.7100	1.0000	0.2271	1.0000	389
orig_I1	M0257	idf	222	0.9500	1.0000	0.9730	1.0000	412
orig_I1	M0257	coverage	222	0.9500	0.0000	0.0000	1.0000	412
orig_I1	M0789	idf	51	0.3500	1.0000	0.3137	1.0000	287
orig_I1	M0789	coverage	51	0.3500	1.0000	0.2549	1.0000	287
orig_I1	M0363	idf	64	0.2400	1.0000	0.0312	1.0000	223
orig_I1	M0363	coverage	64	0.2400	1.0000	0.1406	1.0000	223
orig_I1	M0391	idf	14	0.6700	1.0000	0.4286	1.0000	372
orig_I1	M0391	coverage	14	0.6700	1.0000	0.8571	1.0000	372
orig_I1	M0826	idf	21	0.4200	1.0000	0.0952	1.0000	351
orig_I1	M0826	coverage	21	0.4200	1.0000	0.6190	1.0000	351
orig_I1	M0952	idf	5	0.4100	1.0000	0.8000	1.0000	371
orig_I1	M0952	coverage	5	0.4100	1.0000	0.8000	1.0000	371
orig_I1	M0117	idf	100	0.5700	0.0000	0.0000	1.0000	442
orig_I1	M0117	coverage	100	0.5700	1.0000	0.0100	1.0000	442
orig_I1	M0854	idf	122	0.9000	1.0000	0.1639	1.0000	366
orig_I1	M0854	coverage	122	0.9000	1.0000	0.0656	1.0000	366
orig_I1	M0881	idf	155	1.2000	1.0000	0.9806	1.0000	410
orig_I1	M0881	coverage	155	1.2000	1.0000	0.7355	1.0000	410
orig_I1	M0874	idf	1	0.4100	1.0000	1.0000	1.0000	276
orig_I1	M0874	coverage	1	0.4100	1.0000	1.0000	1.0000	276
orig_I1	M0597	idf	27	0.5100	1.0000	0.3704	1.0000	402
orig_I1	M0597	coverage	27	0.5100	1.0000	0.4074	1.0000	402
orig_I1	M0070	idf	159	0.4700	1.0000	0.0252	1.0000	357
orig_I1	M0070	coverage	159	0.4700	1.0000	0.0440	1.0000	357
orig_I1	M0423	idf	94	0.4900	1.0000	0.0213	1.0000	334
orig_I1	M0423	coverage	94	0.4900	1.0000	0.1170	1.0000	334
orig_I1	M0266	idf	35	1.2000	1.0000	0.8857	1.0000	333
orig_I1	M0266	coverage	35	1.2000	1.0000	0.3429	1.0000	333
orig_I1	M0262	idf	19	0.7900	1.0000	1.0000	1.0000	346
orig_I1	M0262	coverage	19	0.7900	1.0000	0.6316	1.0000	346
orig_I1	M0806	idf	3	0.4000	1.0000	0.3333	1.0000	424
orig_I1	M0806	coverage	3	0.4000	1.0000	0.3333	1.0000	424
orig_I1	M0937	idf	31	0.6100	1.0000	0.2581	1.0000	337
orig_I1	M0937	coverage	31	0.6100	1.0000	0.7742	1.0000	337
orig_I1	M0066	idf	57	0.7600	1.0000	0.1930	1.0000	358
orig_I1	M0066	coverage	57	0.7600	1.0000	0.1579	1.0000	358
orig_I1	M0462	idf	48	0.5300	1.0000	0.9375	1.0000	393
orig_I1	M0462	coverage	48	0.5300	1.0000	0.4375	1.0000	393
orig_I1	M0380	idf	21	0.8900	1.0000	0.4762	1.0000	363
orig_I1	M0380	coverage	21	0.8900	1.0000	0.5714	1.0000	363
orig_I1	M0403	idf	16	0.6400	1.0000	0.8750	1.0000	456
orig_I1	M0403	coverage	16	0.6400	1.0000	0.3125	1.0000	456
orig_I1	M0141	idf	25	2.4500	1.0000	0.1600	1.0000	362
orig_I1	M0141	coverage	25	2.4500	0.0000	0.0000	1.0000	362
orig_I1	M0237	idf	555	0.5500	0.0000	0.0000	1.0000	385
orig_I1	M0237	coverage	555	0.5500	1.0000	0.1622	1.0000	385
orig_I1	M0642	idf	24	0.2300	1.0000	0.2917	1.0000	108
orig_I1	M0642	coverage	24	0.2300	1.0000	0.2917	1.0000	108
orig_I1	M0142	idf	13	0.8600	1.0000	0.2308	1.0000	372
orig_I1	M0142	coverage	13	0.8600	1.0000	0.3077	1.0000	372
orig_I1	M0798	idf	2073	0.4400	0.0000	0.0000	1.0000	498
orig_I1	M0798	coverage	2073	0.4400	1.0000	0.0014	1.0000	498
orig_I1	M0574	idf	111	1.4400	1.0000	0.5946	1.0000	419
orig_I1	M0574	coverage	111	1.4400	0.0000	0.0000	1.0000	419
orig_I1	M0663	idf	96	0.4800	1.0000	0.1042	1.0000	350
orig_I1	M0663	coverage	96	0.4800	1.0000	0.1354	1.0000	350
orig_I1	M0348	idf	165	1.3900	0.0000	0.0000	1.0000	491
orig_I1	M0348	coverage	165	1.3900	0.0000	0.0000	1.0000	491
orig_I1	M0353	idf	11	0.4500	1.0000	0.0909	1.0000	287
orig_I1	M0353	coverage	11	0.4500	1.0000	0.7273	1.0000	287
orig_I1	M0028	idf	19	0.8000	1.0000	1.0000	1.0000	367
orig_I1	M0028	coverage	19	0.8000	1.0000	1.0000	1.0000	367
orig_I1	M0308	idf	172	1.2300	1.0000	1.0000	1.0000	363
orig_I1	M0308	coverage	172	1.2300	0.0000	0.0000	1.0000	363
orig_I1	M0860	idf	6	0.5900	1.0000	0.3333	1.0000	294
orig_I1	M0860	coverage	6	0.5900	1.0000	0.3333	1.0000	294
orig_I1	M0188	idf	117	0.4800	0.0000	0.0000	1.0000	459
orig_I1	M0188	coverage	117	0.4800	1.0000	0.0256	1.0000	459
orig_I1	M0003	idf	94	0.4200	1.0000	0.1383	1.0000	297
orig_I1	M0003	coverage	94	0.4200	1.0000	0.1915	1.0000	297
orig_I1	M0906	idf	265	0.2800	0.0000	0.0000	1.0000	431
orig_I1	M0906	coverage	265	0.2800	1.0000	0.1925	1.0000	431
orig_I1	M0590	idf	19	0.6700	1.0000	0.1053	1.0000	369
orig_I1	M0590	coverage	19	0.6700	1.0000	0.1053	1.0000	369
orig_I1	M0293	idf	60	0.7100	1.0000	0.6167	1.0000	388
orig_I1	M0293	coverage	60	0.7100	1.0000	0.4500	1.0000	388
orig_I1	M0651	idf	56	0.3300	1.0000	0.0357	1.0000	325
orig_I1	M0651	coverage	56	0.3300	1.0000	0.1250	1.0000	325
orig_I1	M0297	idf	17	0.2100	0.0000	0.0000	0.0000	288
orig_I1	M0297	coverage	17	0.2100	0.0000	0.0000	0.0000	288
orig_I1	M0194	idf	63	1.1100	1.0000	0.9524	1.0000	377
orig_I1	M0194	coverage	63	1.1100	1.0000	0.2698	1.0000	377
orig_I1	M0589	idf	26	0.5600	1.0000	0.1154	1.0000	387
orig_I1	M0589	coverage	26	0.5600	1.0000	0.0385	1.0000	387
orig_I1	M0669	idf	10	0.8200	1.0000	0.4000	1.0000	388
orig_I1	M0669	coverage	10	0.8200	0.0000	0.0000	1.0000	388
orig_I1	M0742	idf	2	0.8400	1.0000	1.0000	1.0000	302
orig_I1	M0742	coverage	2	0.8400	1.0000	1.0000	1.0000	302
orig_I1	M0298	idf	164	0.7600	0.0000	0.0000	0.0000	326
orig_I1	M0298	coverage	164	0.7600	0.0000	0.0000	0.0000	326
orig_I1	M0440	idf	43	0.6800	1.0000	0.5814	1.0000	356
orig_I1	M0440	coverage	43	0.6800	1.0000	0.1628	1.0000	356
orig_I1	M0386	idf	4	1.2800	1.0000	1.0000	1.0000	343
orig_I1	M0386	coverage	4	1.2800	1.0000	0.7500	1.0000	343
orig_I1	M0087	idf	50	1.4000	1.0000	1.0000	1.0000	441
orig_I1	M0087	coverage	50	1.4000	1.0000	0.1600	1.0000	441
orig_I2	M0346	idf	37	1.2600	1.0000	0.1351	1.0000	335
orig_I2	M0346	coverage	37	1.2600	0.0000	0.0000	1.0000	335
orig_I2	M0376	idf	41	1.7500	1.0000	0.9268	1.0000	424
orig_I2	M0376	coverage	41	1.7500	1.0000	0.9024	1.0000	424
orig_I2	M0431	idf	3	1.3100	1.0000	1.0000	1.0000	441
orig_I2	M0431	coverage	3	1.3100	1.0000	1.0000	1.0000	441
orig_I2	M0243	idf	11	1.7700	1.0000	1.0000	1.0000	357
orig_I2	M0243	coverage	11	1.7700	0.0000	0.0000	1.0000	357
orig_I2	M0294	idf	108	2.3400	1.0000	0.4167	1.0000	439
orig_I2	M0294	coverage	108	2.3400	0.0000	0.0000	1.0000	439
orig_I2	M0895	idf	121	0.6000	1.0000	0.0248	1.0000	278
orig_I2	M0895	coverage	121	0.6000	1.0000	0.0248	1.0000	278
orig_I2	M0104	idf	4	2.0400	1.0000	1.0000	1.0000	241
orig_I2	M0104	coverage	4	2.0400	1.0000	1.0000	1.0000	241
orig_I2	M0869	idf	5	0.5700	1.0000	0.4000	1.0000	407
orig_I2	M0869	coverage	5	0.5700	1.0000	0.4000	1.0000	407
orig_I2	M0075	idf	2	1.5800	1.0000	1.0000	1.0000	296
orig_I2	M0075	coverage	2	1.5800	0.0000	0.0000	1.0000	296
orig_I2	M0134	idf	55	1.1900	1.0000	0.9091	1.0000	407
orig_I2	M0134	coverage	55	1.1900	1.0000	0.9636	1.0000	407
orig_I2	M0206	idf	75	1.6000	1.0000	0.8667	1.0000	368
orig_I2	M0206	coverage	75	1.6000	1.0000	0.2533	1.0000	368
orig_I2	M0044	idf	67	2.2800	1.0000	0.9552	1.0000	389
orig_I2	M0044	coverage	67	2.2800	1.0000	0.2836	1.0000	389
orig_I2	M0484	idf	100	2.7900	1.0000	1.0000	1.0000	358
orig_I2	M0484	coverage	100	2.7900	1.0000	0.8400	1.0000	358
orig_I2	M0334	idf	22	1.0700	1.0000	1.0000	1.0000	272
orig_I2	M0334	coverage	22	1.0700	1.0000	0.2727	1.0000	272
orig_I2	M0412	idf	5	1.3400	1.0000	0.6000	1.0000	427
orig_I2	M0412	coverage	5	1.3400	1.0000	0.6000	1.0000	427
orig_I2	M0931	idf	70	1.0400	1.0000	0.3857	1.0000	301
orig_I2	M0931	coverage	70	1.0400	1.0000	0.7714	1.0000	301
orig_I2	M0118	idf	106	0.7000	0.0000	0.0000	1.0000	328
orig_I2	M0118	coverage	106	0.7000	0.0000	0.0000	1.0000	328
orig_I2	M0752	idf	8	0.3100	1.0000	1.0000	1.0000	377
orig_I2	M0752	coverage	8	0.3100	1.0000	0.8750	1.0000	377
orig_I2	M0428	idf	10	1.5200	1.0000	1.0000	1.0000	343
orig_I2	M0428	coverage	10	1.5200	1.0000	0.6000	1.0000	343
orig_I2	M0771	idf	213	0.8700	1.0000	0.0469	1.0000	228
orig_I2	M0771	coverage	213	0.8700	1.0000	0.0423	1.0000	228
orig_I2	M0658	idf	12	0.7900	0.0000	0.0000	1.0000	238
orig_I2	M0658	coverage	12	0.7900	1.0000	0.9167	1.0000	238
orig_I2	M0311	idf	78	2.5500	1.0000	1.0000	1.0000	459
orig_I2	M0311	coverage	78	2.5500	0.0000	0.0000	1.0000	459
orig_I2	M0600	idf	78	1.3000	1.0000	0.0897	1.0000	338
orig_I2	M0600	coverage	78	1.3000	1.0000	0.4103	1.0000	338
orig_I2	M0565	idf	13	0.3500	1.0000	0.0769	1.0000	139
orig_I2	M0565	coverage	13	0.3500	1.0000	0.3846	1.0000	139
orig_I2	M0085	idf	11	1.1100	1.0000	0.8182	1.0000	340
orig_I2	M0085	coverage	11	1.1100	1.0000	0.5455	1.0000	340
orig_I2	M0488	idf	6	1.5200	1.0000	1.0000	1.0000	365
orig_I2	M0488	coverage	6	1.5200	1.0000	0.3333	1.0000	365
orig_I2	M0076	idf	97	0.6800	1.0000	0.7526	1.0000	298
orig_I2	M0076	coverage	97	0.6800	1.0000	0.8247	1.0000	298
orig_I2	M0175	idf	826	0.6700	0.0000	0.0000	1.0000	492
orig_I2	M0175	coverage	826	0.6700	1.0000	0.5593	1.0000	492
orig_I2	M0107	idf	7	1.5700	1.0000	0.7143	1.0000	343
orig_I2	M0107	coverage	7	1.5700	1.0000	0.7143	1.0000	343
orig_I2	M0201	idf	38	0.7300	0.0000	0.0000	1.0000	269
orig_I2	M0201	coverage	38	0.7300	0.0000	0.0000	1.0000	269
orig_I2	M0383	idf	124	2.7400	0.0000	0.0000	1.0000	369
orig_I2	M0383	coverage	124	2.7400	1.0000	0.6774	1.0000	369
orig_I2	M0111	idf	10	2.4900	1.0000	0.4000	1.0000	409
orig_I2	M0111	coverage	10	2.4900	0.0000	0.0000	1.0000	409
orig_I2	M0634	idf	9	1.2700	1.0000	1.0000	1.0000	268
orig_I2	M0634	coverage	9	1.2700	1.0000	1.0000	1.0000	268
orig_I2	M0609	idf	81	1.3600	1.0000	0.2593	1.0000	491
orig_I2	M0609	coverage	81	1.3600	1.0000	0.0370	1.0000	491
orig_I2	M0228	idf	119	1.1500	1.0000	0.0924	1.0000	275
orig_I2	M0228	coverage	119	1.1500	0.0000	0.0000	1.0000	275
orig_I2	M0636	idf	16	1.2500	1.0000	0.6250	1.0000	386
orig_I2	M0636	coverage	16	1.2500	1.0000	0.3750	1.0000	386
orig_I2	M0908	idf	78	0.8400	0.0000	0.0000	1.0000	381
orig_I2	M0908	coverage	78	0.8400	1.0000	0.0128	1.0000	381
orig_I2	M0564	idf	357	1.1100	1.0000	0.0028	1.0000	341
orig_I2	M0564	coverage	357	1.1100	0.0000	0.0000	1.0000	341
orig_I2	M0616	idf	5	1.1400	1.0000	1.0000	1.0000	343
orig_I2	M0616	coverage	5	1.1400	1.0000	1.0000	1.0000	343
orig_I2	M0453	idf	61	1.8300	1.0000	0.6557	1.0000	485
orig_I2	M0453	coverage	61	1.8300	1.0000	0.0656	1.0000	485
orig_I2	M0510	idf	62	1.3700	1.0000	0.9032	1.0000	275
orig_I2	M0510	coverage	62	1.3700	1.0000	0.6129	1.0000	275
orig_I2	M0216	idf	1150	1.7300	1.0000	0.4339	1.0000	499
orig_I2	M0216	coverage	1150	1.7300	1.0000	0.4339	1.0000	499
orig_I2	M0448	idf	7	0.4900	0.0000	0.0000	0.0000	331
orig_I2	M0448	coverage	7	0.4900	0.0000	0.0000	0.0000	331
orig_I2	M0732	idf	18	1.1200	0.0000	0.0000	1.0000	223
orig_I2	M0732	coverage	18	1.1200	0.0000	0.0000	1.0000	223
orig_I2	M0734	idf	5	0.6000	0.0000	0.0000	1.0000	295
orig_I2	M0734	coverage	5	0.6000	0.0000	0.0000	1.0000	295
orig_I2	M0456	idf	17	0.6500	1.0000	0.0588	1.0000	279
orig_I2	M0456	coverage	17	0.6500	1.0000	0.1176	1.0000	279
orig_I2	M0278	idf	74	0.5000	1.0000	0.9459	1.0000	263
orig_I2	M0278	coverage	74	0.5000	1.0000	0.9730	1.0000	263
orig_I2	M0682	idf	290	0.5200	0.0000	0.0000	1.0000	384
orig_I2	M0682	coverage	290	0.5200	1.0000	0.3655	1.0000	384
orig_I2	M0381	idf	68	0.6700	1.0000	0.4118	1.0000	331
orig_I2	M0381	coverage	68	0.6700	1.0000	0.6324	1.0000	331
orig_I2	M0759	idf	73	1.3700	0.0000	0.0000	0.0000	281
orig_I2	M0759	coverage	73	1.3700	0.0000	0.0000	0.0000	281
orig_I2	M0916	idf	1	0.9800	1.0000	1.0000	1.0000	259
orig_I2	M0916	coverage	1	0.9800	1.0000	1.0000	1.0000	259
orig_I2	M0122	idf	21	1.5500	1.0000	0.8095	1.0000	374
orig_I2	M0122	coverage	21	1.5500	0.0000	0.0000	1.0000	374
orig_I2	M0435	idf	17	5.9200	1.0000	0.0588	1.0000	439
orig_I2	M0435	coverage	17	5.9200	0.0000	0.0000	1.0000	439
orig_I2	M0519	idf	16	2.4900	1.0000	1.0000	1.0000	330
orig_I2	M0519	coverage	16	2.4900	0.0000	0.0000	1.0000	330
orig_I2	M0506	idf	113	0.8500	1.0000	0.4690	1.0000	361
orig_I2	M0506	coverage	113	0.8500	0.0000	0.0000	1.0000	361
orig_I2	M0357	idf	5	0.8700	0.0000	0.0000	1.0000	211
orig_I2	M0357	coverage	5	0.8700	1.0000	0.6000	1.0000	211
orig_I2	M0414	idf	82	0.8600	1.0000	0.8780	1.0000	355
orig_I2	M0414	coverage	82	0.8600	0.0000	0.0000	1.0000	355
orig_I2	M0096	idf	23	1.3300	0.0000	0.0000	1.0000	300
orig_I2	M0096	coverage	23	1.3300	1.0000	0.0435	1.0000	300
orig_I2	M0885	idf	15	2.1000	1.0000	0.9333	1.0000	335
orig_I2	M0885	coverage	15	2.1000	1.0000	0.1333	1.0000	335
orig_I2	M0738	idf	15	1.0500	1.0000	1.0000	1.0000	344
orig_I2	M0738	coverage	15	1.0500	1.0000	0.6667	1.0000	344
orig_I2	M0545	idf	19	1.5300	1.0000	0.1053	1.0000	336
orig_I2	M0545	coverage	19	1.5300	1.0000	0.6316	1.0000	336
orig_I2	M0815	idf	238	0.5900	1.0000	0.3992	1.0000	450
orig_I2	M0815	coverage	238	0.5900	1.0000	0.0042	1.0000	450
orig_I2	M0077	idf	101	1.7700	1.0000	0.4257	1.0000	332
orig_I2	M0077	coverage	101	1.7700	1.0000	0.4752	1.0000	332
orig_I2	M0851	idf	22	0.6200	0.0000	0.0000	1.0000	289
orig_I2	M0851	coverage	22	0.6200	1.0000	0.3182	1.0000	289
orig_I2	M0862	idf	17	0.9500	1.0000	0.5882	1.0000	207
orig_I2	M0862	coverage	17	0.9500	0.0000	0.0000	1.0000	207
orig_I2	M0736	idf	3	1.1000	1.0000	1.0000	1.0000	288
orig_I2	M0736	coverage	3	1.1000	0.0000	0.0000	1.0000	288
orig_I2	M0819	idf	25	0.6400	1.0000	0.0800	1.0000	292
orig_I2	M0819	coverage	25	0.6400	1.0000	0.6800	1.0000	292
orig_I2	M0822	idf	2	0.9400	1.0000	1.0000	1.0000	294
orig_I2	M0822	coverage	2	0.9400	1.0000	0.5000	1.0000	294
orig_I2	M0136	idf	9	1.1100	1.0000	0.8889	1.0000	427
orig_I2	M0136	coverage	9	1.1100	1.0000	0.7778	1.0000	427
orig_I2	M0054	idf	44	0.4800	1.0000	0.7045	1.0000	290
orig_I2	M0054	coverage	44	0.4800	1.0000	0.7500	1.0000	290
orig_I2	M0612	idf	82	1.1500	0.0000	0.0000	1.0000	301
orig_I2	M0612	coverage	82	1.1500	1.0000	0.7317	1.0000	301
orig_I2	M0010	idf	13	0.7700	1.0000	1.0000	1.0000	147
orig_I2	M0010	coverage	13	0.7700	1.0000	0.9231	1.0000	147
orig_I2	M0709	idf	289	0.8400	1.0000	0.0381	1.0000	308
orig_I2	M0709	coverage	289	0.8400	1.0000	0.0381	1.0000	308
orig_I2	M0940	idf	104	1.5100	0.0000	0.0000	1.0000	493
orig_I2	M0940	coverage	104	1.5100	0.0000	0.0000	1.0000	493
orig_I2	M0172	idf	12	1.5900	1.0000	0.5833	1.0000	392
orig_I2	M0172	coverage	12	1.5900	1.0000	0.5833	1.0000	392
orig_I2	M0693	idf	362	0.5000	0.0000	0.0000	1.0000	478
orig_I2	M0693	coverage	362	0.5000	1.0000	0.0028	1.0000	478
orig_I2	M0159	idf	148	1.5500	1.0000	0.8649	1.0000	402
orig_I2	M0159	coverage	148	1.5500	1.0000	0.1081	1.0000	402
orig_I2	M0835	idf	9	0.8700	0.0000	0.0000	1.0000	299
orig_I2	M0835	coverage	9	0.8700	1.0000	0.1111	1.0000	299
orig_I2	M0810	idf	37	0.9200	1.0000	0.4865	1.0000	269
orig_I2	M0810	coverage	37	0.9200	1.0000	0.3784	1.0000	269
orig_I2	M0434	idf	12	1.3100	1.0000	1.0000	1.0000	301
orig_I2	M0434	coverage	12	1.3100	1.0000	0.0833	1.0000	301
orig_I2	M0653	idf	23	0.9000	1.0000	0.0435	1.0000	448
orig_I2	M0653	coverage	23	0.9000	1.0000	0.0435	1.0000	448
orig_I2	M0205	idf	259	1.7600	1.0000	0.9768	1.0000	431
orig_I2	M0205	coverage	259	1.7600	1.0000	0.9112	1.0000	431
orig_I2	M0939	idf	13	0.2000	1.0000	0.4615	1.0000	304
orig_I2	M0939	coverage	13	0.2000	1.0000	0.4615	1.0000	304
orig_I2	M0918	idf	65	1.7900	1.0000	0.0462	1.0000	422
orig_I2	M0918	coverage	65	1.7900	1.0000	0.6615	1.0000	422
orig_I2	M0858	idf	351	0.7900	1.0000	0.3305	1.0000	433
orig_I2	M0858	coverage	351	0.7900	1.0000	0.9231	1.0000	433
orig_I2	M0420	idf	17	0.3400	1.0000	0.2353	1.0000	357
orig_I2	M0420	coverage	17	0.3400	1.0000	0.2353	1.0000	357
orig_I2	M0879	idf	15	0.8000	0.0000	0.0000	1.0000	271
orig_I2	M0879	coverage	15	0.8000	0.0000	0.0000	1.0000	271
orig_I2	M0371	idf	122	0.8400	0.0000	0.0000	1.0000	365
orig_I2	M0371	coverage	122	0.8400	0.0000	0.0000	1.0000	365
orig_I2	M0020	idf	115	1.5200	0.0000	0.0000	1.0000	465
orig_I2	M0020	coverage	115	1.5200	1.0000	0.0087	1.0000	465
orig_I2	M0855	idf	38	0.8600	1.0000	0.3947	1.0000	277
orig_I2	M0855	coverage	38	0.8600	1.0000	0.1316	1.0000	277
orig_I2	M0957	idf	186	0.9200	0.0000	0.0000	1.0000	492
orig_I2	M0957	coverage	186	0.9200	0.0000	0.0000	1.0000	492
orig_I2	M0505	idf	27	0.9000	1.0000	0.2593	1.0000	310
orig_I2	M0505	coverage	27	0.9000	1.0000	0.0741	1.0000	310
orig_I2	M0477	idf	70	0.4900	1.0000	0.5571	1.0000	437
orig_I2	M0477	coverage	70	0.4900	1.0000	0.7571	1.0000	437
orig_I2	M0829	idf	6	0.8400	1.0000	0.6667	1.0000	256
orig_I2	M0829	coverage	6	0.8400	0.0000	0.0000	1.0000	256
orig_I2	M0884	idf	19	0.7900	1.0000	0.1579	1.0000	288
orig_I2	M0884	coverage	19	0.7900	1.0000	0.6316	1.0000	288
orig_I2	M0384	idf	67	0.5200	1.0000	0.0597	1.0000	299
orig_I2	M0384	coverage	67	0.5200	0.0000	0.0000	1.0000	299
orig_I2	M0065	idf	53	0.8500	1.0000	0.4906	1.0000	281
orig_I2	M0065	coverage	53	0.8500	1.0000	0.2264	1.0000	281
orig_I2	M0123	idf	2	1.7900	1.0000	1.0000	1.0000	398
orig_I2	M0123	coverage	2	1.7900	0.0000	0.0000	1.0000	398
orig_I2	M0580	idf	9	0.4500	1.0000	0.1111	1.0000	326
orig_I2	M0580	coverage	9	0.4500	1.0000	0.5556	1.0000	326
orig_I2	M0033	idf	14	0.8300	1.0000	0.7857	1.0000	293
orig_I2	M0033	coverage	14	0.8300	1.0000	0.0714	1.0000	293
orig_I2	M0281	idf	1	1.6600	1.0000	1.0000	1.0000	364
orig_I2	M0281	coverage	1	1.6600	1.0000	1.0000	1.0000	364
orig_I2	M0544	idf	12	0.7100	1.0000	0.5833	1.0000	276
orig_I2	M0544	coverage	12	0.7100	1.0000	0.0833	1.0000	276
orig_I2	M0212	idf	83	3.4600	1.0000	0.1687	1.0000	431
orig_I2	M0212	coverage	83	3.4600	1.0000	0.6024	1.0000	431
orig_I2	M0426	idf	18	0.5900	1.0000	0.9444	1.0000	330
orig_I2	M0426	coverage	18	0.5900	1.0000	0.2222	1.0000	330
orig_I2	M0905	idf	198	0.3900	0.0000	0.0000	1.0000	362
orig_I2	M0905	coverage	198	0.3900	0.0000	0.0000	1.0000	362
orig_I2	M0843	idf	14	0.3500	1.0000	0.3571	1.0000	247
orig_I2	M0843	coverage	14	0.3500	1.0000	0.7143	1.0000	247
orig_I2	M0263	idf	24	0.7400	1.0000	0.2083	1.0000	326
orig_I2	M0263	coverage	24	0.7400	1.0000	0.5417	1.0000	326
orig_I2	M0697	idf	155	0.6300	1.0000	0.2516	1.0000	342
orig_I2	M0697	coverage	155	0.6300	1.0000	0.4710	1.0000	342
orig_I2	M0260	idf	21	0.8600	1.0000	1.0000	1.0000	300
orig_I2	M0260	coverage	21	0.8600	1.0000	0.5238	1.0000	300
orig_I2	M0379	idf	41	1.5900	1.0000	1.0000	1.0000	361
orig_I2	M0379	coverage	41	1.5900	1.0000	0.0732	1.0000	361
orig_I2	M0377	idf	189	1.0900	1.0000	0.0423	1.0000	491
orig_I2	M0377	coverage	189	1.0900	0.0000	0.0000	1.0000	491
orig_I2	M0547	idf	4	0.4300	1.0000	0.7500	1.0000	318
orig_I2	M0547	coverage	4	0.4300	1.0000	0.5000	1.0000	318
orig_I2	M0508	idf	6	0.9000	1.0000	1.0000	1.0000	300
orig_I2	M0508	coverage	6	0.9000	1.0000	0.1667	1.0000	300
orig_I2	M0401	idf	392	0.8800	1.0000	0.0026	1.0000	429
orig_I2	M0401	coverage	392	0.8800	0.0000	0.0000	1.0000	429
orig_I2	M0755	idf	11	0.4200	1.0000	0.9091	1.0000	334
orig_I2	M0755	coverage	11	0.4200	1.0000	0.0909	1.0000	334
orig_I2	M0458	idf	25	0.4000	1.0000	0.2400	1.0000	378
orig_I2	M0458	coverage	25	0.4000	1.0000	0.8400	1.0000	378
orig_I2	M0314	idf	45	3.5400	1.0000	0.0667	1.0000	354
orig_I2	M0314	coverage	45	3.5400	0.0000	0.0000	1.0000	354
orig_I2	M0210	idf	220	0.8300	1.0000	0.0273	1.0000	387
orig_I2	M0210	coverage	220	0.8300	1.0000	0.0045	1.0000	387
orig_I2	M0154	idf	62	0.4700	0.0000	0.0000	1.0000	402
orig_I2	M0154	coverage	62	0.4700	1.0000	0.8710	1.0000	402
orig_I2	M0502	idf	20	2.5200	1.0000	0.2000	1.0000	414
orig_I2	M0502	coverage	20	2.5200	0.0000	0.0000	1.0000	414
orig_I2	M0031	idf	290	0.8800	1.0000	0.8207	1.0000	439
orig_I2	M0031	coverage	290	0.8800	1.0000	0.7448	1.0000	439
orig_I2	M0178	idf	273	1.8400	1.0000	0.0110	1.0000	288
orig_I2	M0178	coverage	273	1.8400	0.0000	0.0000	1.0000	288
orig_I2	M0019	idf	21	1.5100	1.0000	1.0000	1.0000	275
orig_I2	M0019	coverage	21	1.5100	1.0000	1.0000	1.0000	275
orig_I2	M0125	idf	19	1.7400	1.0000	0.9474	1.0000	286
orig_I2	M0125	coverage	19	1.7400	1.0000	0.6842	1.0000	286
orig_I2	M0181	idf	8	2.2300	1.0000	0.5000	1.0000	314
orig_I2	M0181	coverage	8	2.2300	1.0000	0.2500	1.0000	314
orig_I2	M0466	idf	6	2.1700	1.0000	0.5000	1.0000	401
orig_I2	M0466	coverage	6	2.1700	0.0000	0.0000	1.0000	401
orig_I2	M0058	idf	37	1.0600	1.0000	0.1081	1.0000	324
orig_I2	M0058	coverage	37	1.0600	1.0000	0.0270	1.0000	324
orig_I2	M0683	idf	27	1.4500	1.0000	0.9630	1.0000	338
orig_I2	M0683	coverage	27	1.4500	1.0000	0.3704	1.0000	338
orig_I2	M0925	idf	22	0.7300	0.0000	0.0000	1.0000	325
orig_I2	M0925	coverage	22	0.7300	1.0000	0.0909	1.0000	325
orig_I2	M0081	idf	9	1.1900	1.0000	0.5556	1.0000	251
orig_I2	M0081	coverage	9	1.1900	1.0000	0.3333	1.0000	251
orig_I2	M0090	idf	60	3.4100	1.0000	1.0000	1.0000	343
orig_I2	M0090	coverage	60	3.4100	1.0000	0.0833	1.0000	343
orig_I2	M0429	idf	47	1.0800	1.0000	0.9362	1.0000	280
orig_I2	M0429	coverage	47	1.0800	1.0000	0.8085	1.0000	280
orig_I2	M0447	idf	2	1.2700	1.0000	1.0000	1.0000	354
orig_I2	M0447	coverage	2	1.2700	0.0000	0.0000	1.0000	354
orig_I2	M0768	idf	19	1.3700	1.0000	0.8421	1.0000	301
orig_I2	M0768	coverage	19	1.3700	1.0000	0.3158	1.0000	301
orig_I2	M0261	idf	19	1.2700	1.0000	0.4211	1.0000	338
orig_I2	M0261	coverage	19	1.2700	1.0000	0.0526	1.0000	338
orig_I2	M0234	idf	8	1.2600	1.0000	0.5000	1.0000	250
orig_I2	M0234	coverage	8	1.2600	1.0000	0.2500	1.0000	250
orig_I2	M0958	idf	236	1.1800	0.0000	0.0000	1.0000	492
orig_I2	M0958	coverage	236	1.1800	0.0000	0.0000	1.0000	492
orig_I2	M0387	idf	2048	1.2600	1.0000	0.0151	1.0000	487
orig_I2	M0387	coverage	2048	1.2600	1.0000	0.0010	1.0000	487
orig_I2	M0520	idf	440	1.3400	0.0000	0.0000	1.0000	492
orig_I2	M0520	coverage	440	1.3400	1.0000	0.3227	1.0000	492
orig_I2	M0910	idf	7	1.0100	1.0000	1.0000	1.0000	275
orig_I2	M0910	coverage	7	1.0100	1.0000	1.0000	1.0000	275
orig_I2	M0398	idf	36	1.9800	1.0000	1.0000	1.0000	251
orig_I2	M0398	coverage	36	1.9800	1.0000	0.6389	1.0000	251
orig_I2	M0040	idf	52	1.1100	1.0000	0.1154	1.0000	374
orig_I2	M0040	coverage	52	1.1100	1.0000	0.1538	1.0000	374
orig_I2	M0808	idf	3	0.9500	1.0000	1.0000	1.0000	331
orig_I2	M0808	coverage	3	0.9500	1.0000	1.0000	1.0000	331
orig_I2	M0781	idf	6	0.6800	1.0000	0.8333	1.0000	290
orig_I2	M0781	coverage	6	0.6800	0.0000	0.0000	1.0000	290
orig_I2	M0410	idf	30	2.4500	1.0000	0.2333	1.0000	308
orig_I2	M0410	coverage	30	2.4500	1.0000	0.0333	1.0000	308
orig_I2	M0250	idf	14	0.7600	1.0000	1.0000	1.0000	273
orig_I2	M0250	coverage	14	0.7600	1.0000	0.0714	1.0000	273
orig_I2	M0748	idf	19	0.4100	1.0000	0.5789	1.0000	111
orig_I2	M0748	coverage	19	0.4100	1.0000	1.0000	1.0000	111
orig_I2	M0515	idf	20	1.8100	1.0000	0.6500	1.0000	347
orig_I2	M0515	coverage	20	1.8100	1.0000	0.4500	1.0000	347
orig_I2	M0920	idf	21	1.3300	0.0000	0.0000	1.0000	331
orig_I2	M0920	coverage	21	1.3300	0.0000	0.0000	1.0000	331
orig_I2	M0655	idf	6	0.4700	1.0000	0.1667	1.0000	181
orig_I2	M0655	coverage	6	0.4700	1.0000	0.1667	1.0000	181
orig_I2	M0227	idf	38	1.1000	1.0000	0.2368	1.0000	279
orig_I2	M0227	coverage	38	1.1000	1.0000	0.0526	1.0000	279
orig_I2	M0272	idf	35	2.0800	1.0000	0.2571	1.0000	336
orig_I2	M0272	coverage	35	2.0800	1.0000	0.0571	1.0000	336
orig_I2	M0093	idf	10	1.5800	0.0000	0.0000	1.0000	297
orig_I2	M0093	coverage	10	1.5800	0.0000	0.0000	1.0000	297
orig_I2	M0625	idf	5	0.8300	0.0000	0.0000	1.0000	353
orig_I2	M0625	coverage	5	0.8300	0.0000	0.0000	1.0000	353
orig_I2	M0321	idf	19	1.3500	1.0000	0.5263	1.0000	225
orig_I2	M0321	coverage	19	1.3500	1.0000	0.2632	1.0000	225
orig_I2	M0048	idf	98	1.1400	1.0000	0.8878	1.0000	318
orig_I2	M0048	coverage	98	1.1400	1.0000	0.1327	1.0000	318
orig_I2	M0043	idf	20	1.7500	1.0000	1.0000	1.0000	348
orig_I2	M0043	coverage	20	1.7500	1.0000	0.6500	1.0000	348
orig_I2	M0900	idf	441	0.6700	0.0000	0.0000	1.0000	497
orig_I2	M0900	coverage	441	0.6700	0.0000	0.0000	1.0000	497
orig_I2	M0857	idf	12	1.2900	1.0000	0.8333	1.0000	343
orig_I2	M0857	coverage	12	1.2900	1.0000	0.1667	1.0000	343
orig_I2	M0964	idf	68	0.8800	1.0000	0.1471	1.0000	327
orig_I2	M0964	coverage	68	0.8800	1.0000	0.0735	1.0000	327
orig_I2	M0131	idf	36	1.5500	1.0000	1.0000	1.0000	302
orig_I2	M0131	coverage	36	1.5500	1.0000	0.8889	1.0000	302
orig_I2	M0754	idf	9	0.5500	1.0000	0.3333	1.0000	210
orig_I2	M0754	coverage	9	0.5500	1.0000	0.3333	1.0000	210
orig_I2	M0313	idf	17	0.4800	0.0000	0.0000	1.0000	306
orig_I2	M0313	coverage	17	0.4800	1.0000	0.7647	1.0000	306
orig_I2	M0092	idf	41	1.0000	1.0000	0.8780	1.0000	355
orig_I2	M0092	coverage	41	1.0000	0.0000	0.0000	1.0000	355
orig_I2	M0108	idf	3	1.2600	0.0000	0.0000	1.0000	246
orig_I2	M0108	coverage	3	1.2600	0.0000	0.0000	1.0000	246
orig_I2	M0139	idf	76	1.3900	0.0000	0.0000	1.0000	284
orig_I2	M0139	coverage	76	1.3900	1.0000	0.0263	1.0000	284
orig_I2	M0235	idf	17	0.8100	1.0000	0.3529	1.0000	327
orig_I2	M0235	coverage	17	0.8100	1.0000	0.4706	1.0000	327
orig_I2	M0444	idf	83	1.5100	1.0000	0.7590	1.0000	321
orig_I2	M0444	coverage	83	1.5100	1.0000	0.7349	1.0000	321
orig_I2	M0623	idf	16	1.0000	1.0000	1.0000	1.0000	427
orig_I2	M0623	coverage	16	1.0000	1.0000	0.9375	1.0000	427
orig_I2	M0919	idf	18	0.9300	1.0000	0.5556	1.0000	227
orig_I2	M0919	coverage	18	0.9300	1.0000	0.6111	1.0000	227
orig_I2	M0369	idf	82	1.5100	1.0000	0.3171	1.0000	324
orig_I2	M0369	coverage	82	1.5100	1.0000	0.0854	1.0000	324
orig_I2	M0253	idf	212	1.5300	1.0000	0.8679	1.0000	411
orig_I2	M0253	coverage	212	1.5300	0.0000	0.0000	1.0000	411
orig_I2	M0254	idf	17	5.2500	1.0000	1.0000	1.0000	406
orig_I2	M0254	coverage	17	5.2500	1.0000	0.7647	1.0000	406
orig_I2	M0301	idf	51	1.3600	1.0000	0.3137	1.0000	348
orig_I2	M0301	coverage	51	1.3600	0.0000	0.0000	1.0000	348
orig_I2	M0674	idf	31	0.9900	1.0000	0.0968	1.0000	328
orig_I2	M0674	coverage	31	0.9900	1.0000	0.0968	1.0000	328
orig_I2	M0100	idf	360	1.2500	1.0000	0.2583	1.0000	459
orig_I2	M0100	coverage	360	1.2500	1.0000	0.4250	1.0000	459
orig_I2	M0231	idf	13	1.1400	1.0000	0.9231	1.0000	304
orig_I2	M0231	coverage	13	1.1400	1.0000	0.3077	1.0000	304
orig_I2	M0816	idf	238	0.6700	0.0000	0.0000	1.0000	291
orig_I2	M0816	coverage	238	0.6700	1.0000	0.0084	1.0000	291
orig_I2	M0472	idf	94	2.5200	1.0000	0.9681	1.0000	328
orig_I2	M0472	coverage	94	2.5200	1.0000	0.9149	1.0000	328
orig_I2	M0962	idf	134	1.7200	0.0000	0.0000	1.0000	462
orig_I2	M0962	coverage	134	1.7200	0.0000	0.0000	1.0000	462
orig_I2	M0795	idf	79	1.0800	1.0000	0.2278	1.0000	326
orig_I2	M0795	coverage	79	1.0800	0.0000	0.0000	1.0000	326
orig_I2	M0727	idf	22	1.3100	1.0000	0.6364	1.0000	286
orig_I2	M0727	coverage	22	1.3100	1.0000	0.2273	1.0000	286
orig_I2	M0497	idf	15	2.3200	1.0000	0.8667	1.0000	323
orig_I2	M0497	coverage	15	2.3200	0.0000	0.0000	1.0000	323
orig_I2	M0338	idf	23	0.5500	1.0000	0.4348	1.0000	322
orig_I2	M0338	coverage	23	0.5500	1.0000	0.0870	1.0000	322
orig_I2	M0947	idf	43	0.9100	1.0000	0.6279	1.0000	256
orig_I2	M0947	coverage	43	0.9100	1.0000	0.6977	1.0000	256
orig_I2	M0163	idf	47	0.7700	1.0000	0.8936	1.0000	332
orig_I2	M0163	coverage	47	0.7700	0.0000	0.0000	1.0000	332
orig_I2	M0959	idf	155	1.6600	0.0000	0.0000	1.0000	490
orig_I2	M0959	coverage	155	1.6600	0.0000	0.0000	1.0000	490
orig_I2	M0433	idf	210	0.5100	0.0000	0.0000	1.0000	318
orig_I2	M0433	coverage	210	0.5100	0.0000	0.0000	1.0000	318
orig_I2	M0416	idf	4	1.8300	1.0000	1.0000	1.0000	301
orig_I2	M0416	coverage	4	1.8300	1.0000	1.0000	1.0000	301
orig_I2	M0850	idf	31	0.9200	1.0000	0.2258	1.0000	320
orig_I2	M0850	coverage	31	0.9200	1.0000	0.5161	1.0000	320
orig_I2	M0454	idf	14	1.2100	1.0000	1.0000	1.0000	282
orig_I2	M0454	coverage	14	1.2100	1.0000	0.8571	1.0000	282
orig_I2	M0351	idf	24	0.9400	1.0000	0.0833	1.0000	293
orig_I2	M0351	coverage	24	0.9400	1.0000	0.7917	1.0000	293
orig_I2	M0425	idf	2084	0.6600	0.0000	0.0000	1.0000	386
orig_I2	M0425	coverage	2084	0.6600	1.0000	0.0005	1.0000	386
orig_I2	M0067	idf	39	1.0400	1.0000	0.2051	1.0000	309
orig_I2	M0067	coverage	39	1.0400	1.0000	0.0513	1.0000	309
orig_I2	M0550	idf	20	1.2800	0.0000	0.0000	1.0000	256
orig_I2	M0550	coverage	20	1.2800	1.0000	0.2000	1.0000	256
orig_I2	M0792	idf	10	0.5600	1.0000	0.2000	1.0000	346
orig_I2	M0792	coverage	10	0.5600	0.0000	0.0000	1.0000	346
orig_I2	M0961	idf	144	1.4300	0.0000	0.0000	1.0000	493
orig_I2	M0961	coverage	144	1.4300	1.0000	0.0208	1.0000	493
orig_I2	M0109	idf	207	1.2800	1.0000	0.5362	1.0000	356
orig_I2	M0109	coverage	207	1.2800	1.0000	0.2271	1.0000	356
orig_I2	M0257	idf	222	1.6700	1.0000	0.9910	1.0000	355
orig_I2	M0257	coverage	222	1.6700	1.0000	0.4099	1.0000	355
orig_I2	M0789	idf	51	0.7200	1.0000	0.3725	1.0000	265
orig_I2	M0789	coverage	51	0.7200	1.0000	0.2549	1.0000	265
orig_I2	M0363	idf	64	0.5200	1.0000	0.0469	1.0000	262
orig_I2	M0363	coverage	64	0.5200	1.0000	0.1562	1.0000	262
orig_I2	M0391	idf	14	0.7100	1.0000	0.5000	1.0000	285
orig_I2	M0391	coverage	14	0.7100	1.0000	0.8571	1.0000	285
orig_I2	M0826	idf	21	0.5900	1.0000	0.2857	1.0000	318
orig_I2	M0826	coverage	21	0.5900	1.0000	0.8095	1.0000	318
orig_I2	M0952	idf	5	0.5900	1.0000	0.8000	1.0000	268
orig_I2	M0952	coverage	5	0.5900	1.0000	0.8000	1.0000	268
orig_I2	M0117	idf	100	0.7100	0.0000	0.0000	1.0000	379
orig_I2	M0117	coverage	100	0.7100	1.0000	0.0100	1.0000	379
orig_I2	M0854	idf	122	1.6300	1.0000	0.2787	1.0000	306
orig_I2	M0854	coverage	122	1.6300	1.0000	0.0656	1.0000	306
orig_I2	M0881	idf	155	1.2700	1.0000	0.9871	1.0000	360
orig_I2	M0881	coverage	155	1.2700	1.0000	0.7742	1.0000	360
orig_I2	M0874	idf	1	0.5900	1.0000	1.0000	1.0000	288
orig_I2	M0874	coverage	1	0.5900	1.0000	1.0000	1.0000	288
orig_I2	M0597	idf	27	0.8300	1.0000	0.4074	1.0000	325
orig_I2	M0597	coverage	27	0.8300	1.0000	0.4074	1.0000	325
orig_I2	M0070	idf	159	0.7700	1.0000	0.0377	1.0000	352
orig_I2	M0070	coverage	159	0.7700	1.0000	0.0440	1.0000	352
orig_I2	M0423	idf	94	1.0800	1.0000	0.1064	1.0000	258
orig_I2	M0423	coverage	94	1.0800	1.0000	0.1489	1.0000	258
orig_I2	M0266	idf	35	1.5200	1.0000	0.6286	1.0000	330
orig_I2	M0266	coverage	35	1.5200	1.0000	0.2857	1.0000	330
orig_I2	M0262	idf	19	1.2300	1.0000	1.0000	1.0000	325
orig_I2	M0262	coverage	19	1.2300	1.0000	0.6316	1.0000	325
orig_I2	M0806	idf	3	0.7600	1.0000	0.3333	1.0000	457
orig_I2	M0806	coverage	3	0.7600	1.0000	0.3333	1.0000	457
orig_I2	M0937	idf	31	0.7400	1.0000	0.1290	1.0000	240
orig_I2	M0937	coverage	31	0.7400	1.0000	0.8065	1.0000	240
orig_I2	M0066	idf	57	1.3400	1.0000	0.3684	1.0000	250
orig_I2	M0066	coverage	57	1.3400	1.0000	0.2456	1.0000	250
orig_I2	M0462	idf	48	1.1200	1.0000	0.9375	1.0000	295
orig_I2	M0462	coverage	48	1.1200	1.0000	0.4375	1.0000	295
orig_I2	M0380	idf	21	1.4200	1.0000	0.5714	1.0000	308
orig_I2	M0380	coverage	21	1.4200	1.0000	0.6190	1.0000	308
orig_I2	M0403	idf	16	1.0400	1.0000	1.0000	1.0000	415
orig_I2	M0403	coverage	16	1.0400	1.0000	0.3125	1.0000	415
orig_I2	M0141	idf	25	3.5200	1.0000	0.1600	1.0000	336
orig_I2	M0141	coverage	25	3.5200	0.0000	0.0000	1.0000	336
orig_I2	M0237	idf	555	1.0700	0.0000	0.0000	1.0000	305
orig_I2	M0237	coverage	555	1.0700	1.0000	0.1622	1.0000	305
orig_I2	M0642	idf	24	0.5100	1.0000	0.2917	1.0000	129
orig_I2	M0642	coverage	24	0.5100	1.0000	0.2917	1.0000	129
orig_I2	M0142	idf	13	1.2700	1.0000	0.3077	1.0000	316
orig_I2	M0142	coverage	13	1.2700	1.0000	0.3846	1.0000	316
orig_I2	M0798	idf	2073	0.9300	0.0000	0.0000	1.0000	499
orig_I2	M0798	coverage	2073	0.9300	0.0000	0.0000	1.0000	499
orig_I2	M0574	idf	111	2.1400	1.0000	0.7297	1.0000	408
orig_I2	M0574	coverage	111	2.1400	0.0000	0.0000	1.0000	408
orig_I2	M0663	idf	96	0.9000	1.0000	0.1250	1.0000	380
orig_I2	M0663	coverage	96	0.9000	1.0000	0.1354	1.0000	380
orig_I2	M0348	idf	165	1.9300	0.0000	0.0000	1.0000	494
orig_I2	M0348	coverage	165	1.9300	0.0000	0.0000	1.0000	494
orig_I2	M0353	idf	11	0.7200	1.0000	0.0909	1.0000	379
orig_I2	M0353	coverage	11	0.7200	1.0000	0.7273	1.0000	379
orig_I2	M0028	idf	19	1.1000	1.0000	1.0000	1.0000	367
orig_I2	M0028	coverage	19	1.1000	1.0000	1.0000	1.0000	367
orig_I2	M0308	idf	172	2.3100	1.0000	1.0000	1.0000	379
orig_I2	M0308	coverage	172	2.3100	0.0000	0.0000	1.0000	379
orig_I2	M0860	idf	6	1.3600	1.0000	0.3333	1.0000	242
orig_I2	M0860	coverage	6	1.3600	1.0000	0.3333	1.0000	242
orig_I2	M0188	idf	117	0.5400	0.0000	0.0000	1.0000	374
orig_I2	M0188	coverage	117	0.5400	1.0000	0.0256	1.0000	374
orig_I2	M0003	idf	94	0.5300	1.0000	0.1809	1.0000	265
orig_I2	M0003	coverage	94	0.5300	1.0000	0.1915	1.0000	265
orig_I2	M0906	idf	265	0.5400	0.0000	0.0000	1.0000	421
orig_I2	M0906	coverage	265	0.5400	1.0000	0.2000	1.0000	421
orig_I2	M0590	idf	19	1.2800	1.0000	0.1053	1.0000	272
orig_I2	M0590	coverage	19	1.2800	1.0000	0.1053	1.0000	272
orig_I2	M0293	idf	60	0.7000	1.0000	0.8333	1.0000	353
orig_I2	M0293	coverage	60	0.7000	1.0000	0.4500	1.0000	353
orig_I2	M0651	idf	56	0.6600	1.0000	0.0536	1.0000	326
orig_I2	M0651	coverage	56	0.6600	1.0000	0.1250	1.0000	326
orig_I2	M0297	idf	17	0.3600	0.0000	0.0000	0.0000	303
orig_I2	M0297	coverage	17	0.3600	0.0000	0.0000	0.0000	303
orig_I2	M0194	idf	63	1.6500	1.0000	0.9524	1.0000	264
orig_I2	M0194	coverage	63	1.6500	1.0000	0.3333	1.0000	264
orig_I2	M0589	idf	26	0.8500	1.0000	0.1154	1.0000	287
orig_I2	M0589	coverage	26	0.8500	1.0000	0.0385	1.0000	287
orig_I2	M0669	idf	10	1.0300	1.0000	0.4000	1.0000	329
orig_I2	M0669	coverage	10	1.0300	0.0000	0.0000	1.0000	329
orig_I2	M0742	idf	2	0.9800	1.0000	1.0000	1.0000	239
orig_I2	M0742	coverage	2	0.9800	1.0000	1.0000	1.0000	239
orig_I2	M0298	idf	164	1.0200	0.0000	0.0000	0.0000	270
orig_I2	M0298	coverage	164	1.0200	0.0000	0.0000	0.0000	270
orig_I2	M0440	idf	43	1.5900	1.0000	0.8605	1.0000	325
orig_I2	M0440	coverage	43	1.5900	1.0000	0.2326	1.0000	325
orig_I2	M0386	idf	4	2.2900	1.0000	1.0000	1.0000	295
orig_I2	M0386	coverage	4	2.2900	1.0000	0.7500	1.0000	295
orig_I2	M0087	idf	50	2.7600	1.0000	1.0000	1.0000	442
orig_I2	M0087	coverage	50	2.7600	1.0000	0.3200	1.0000	442
orig_I3	M0346	idf	37	6.2200	1.0000	0.0541	1.0000	447
orig_I3	M0346	coverage	37	6.2200	0.0000	0.0000	1.0000	447
orig_I3	M0376	idf	41	13.4000	1.0000	0.9024	1.0000	440
orig_I3	M0376	coverage	41	13.4000	0.0000	0.0000	1.0000	440
orig_I3	M0431	idf	3	5.5900	1.0000	1.0000	1.0000	447
orig_I3	M0431	coverage	3	5.5900	1.0000	1.0000	1.0000	447
orig_I3	M0243	idf	11	9.6400	1.0000	1.0000	1.0000	459
orig_I3	M0243	coverage	11	9.6400	0.0000	0.0000	1.0000	459
orig_I3	M0294	idf	108	11.7500	1.0000	0.3056	1.0000	476
orig_I3	M0294	coverage	108	11.7500	0.0000	0.0000	1.0000	476
orig_I3	M0895	idf	121	3.3700	1.0000	0.0083	1.0000	432
orig_I3	M0895	coverage	121	3.3700	1.0000	0.0165	1.0000	432
orig_I3	M0104	idf	4	12.0100	1.0000	1.0000	1.0000	443
orig_I3	M0104	coverage	4	12.0100	1.0000	1.0000	1.0000	443
orig_I3	M0869	idf	5	3.5000	0.0000	0.0000	1.0000	451
orig_I3	M0869	coverage	5	3.5000	0.0000	0.0000	1.0000	451
orig_I3	M0075	idf	2	12.7900	0.0000	0.0000	1.0000	433
orig_I3	M0075	coverage	2	12.7900	0.0000	0.0000	1.0000	433
orig_I3	M0134	idf	55	5.7100	1.0000	0.8182	1.0000	457
orig_I3	M0134	coverage	55	5.7100	1.0000	0.6909	1.0000	457
orig_I3	M0206	idf	75	13.3200	1.0000	0.9733	1.0000	428
orig_I3	M0206	coverage	75	13.3200	1.0000	0.1067	1.0000	428
orig_I3	M0044	idf	67	12.8600	1.0000	0.9552	1.0000	450
orig_I3	M0044	coverage	67	12.8600	1.0000	0.3731	1.0000	450
orig_I3	M0484	idf	100	12.2000	1.0000	1.0000	1.0000	461
orig_I3	M0484	coverage	100	12.2000	1.0000	0.8700	1.0000	461
orig_I3	M0334	idf	22	5.2600	1.0000	0.8182	1.0000	394
orig_I3	M0334	coverage	22	5.2600	0.0000	0.0000	1.0000	394
orig_I3	M0412	idf	5	4.7000	1.0000	0.6000	1.0000	476
orig_I3	M0412	coverage	5	4.7000	0.0000	0.0000	1.0000	476
orig_I3	M0931	idf	70	3.7300	1.0000	0.0857	1.0000	455
orig_I3	M0931	coverage	70	3.7300	0.0000	0.0000	1.0000	455
orig_I3	M0118	idf	106	4.2900	0.0000	0.0000	1.0000	398
orig_I3	M0118	coverage	106	4.2900	1.0000	0.0189	1.0000	398
orig_I3	M0752	idf	8	2.1500	1.0000	1.0000	1.0000	456
orig_I3	M0752	coverage	8	2.1500	1.0000	0.8750	1.0000	456
orig_I3	M0428	idf	10	12.9600	1.0000	0.9000	1.0000	448
orig_I3	M0428	coverage	10	12.9600	1.0000	0.9000	1.0000	448
orig_I3	M0771	idf	213	3.5400	1.0000	0.0516	1.0000	473
orig_I3	M0771	coverage	213	3.5400	1.0000	0.0329	1.0000	473
orig_I3	M0658	idf	12	5.9200	0.0000	0.0000	1.0000	434
orig_I3	M0658	coverage	12	5.9200	1.0000	0.9167	1.0000	434
orig_I3	M0311	idf	78	12.2400	1.0000	0.9872	1.0000	478
orig_I3	M0311	coverage	78	12.2400	1.0000	0.0128	1.0000	478
orig_I3	M0600	idf	78	10.3100	1.0000	0.0769	1.0000	461
orig_I3	M0600	coverage	78	10.3100	0.0000	0.0000	1.0000	461
orig_I3	M0565	idf	13	2.2400	0.0000	0.0000	1.0000	464
orig_I3	M0565	coverage	13	2.2400	1.0000	0.1538	1.0000	464
orig_I3	M0085	idf	11	4.9900	1.0000	0.7273	1.0000	399
orig_I3	M0085	coverage	11	4.9900	1.0000	0.6364	1.0000	399
orig_I3	M0488	idf	6	13.6600	1.0000	1.0000	1.0000	456
orig_I3	M0488	coverage	6	13.6600	1.0000	1.0000	1.0000	456
orig_I3	M0076	idf	97	3.2800	0.0000	0.0000	1.0000	453
orig_I3	M0076	coverage	97	3.2800	1.0000	0.3711	1.0000	453
orig_I3	M0175	idf	826	3.3100	0.0000	0.0000	1.0000	496
orig_I3	M0175	coverage	826	3.3100	1.0000	0.5496	1.0000	496
orig_I3	M0107	idf	7	6.8400	1.0000	0.2857	1.0000	419
orig_I3	M0107	coverage	7	6.8400	1.0000	0.7143	1.0000	419
orig_I3	M0201	idf	38	3.3300	0.0000	0.0000	1.0000	450
orig_I3	M0201	coverage	38	3.3300	0.0000	0.0000	1.0000	450
orig_I3	M0383	idf	124	13.2900	0.0000	0.0000	1.0000	466
orig_I3	M0383	coverage	124	13.2900	1.0000	0.0081	1.0000	466
orig_I3	M0111	idf	10	14.0600	1.0000	0.3000	1.0000	463
orig_I3	M0111	coverage	10	14.0600	0.0000	0.0000	1.0000	463
orig_I3	M0634	idf	9	9.5400	1.0000	0.5556	1.0000	444
orig_I3	M0634	coverage	9	9.5400	1.0000	0.8889	1.0000	444
orig_I3	M0609	idf	81	4.7000	1.0000	0.0864	1.0000	495
orig_I3	M0609	coverage	81	4.7000	1.0000	0.0494	1.0000	495
orig_I3	M0228	idf	119	5.8000	1.0000	0.1261	1.0000	443
orig_I3	M0228	coverage	119	5.8000	0.0000	0.0000	1.0000	443
orig_I3	M0636	idf	16	4.8800	1.0000	0.3750	1.0000	442
orig_I3	M0636	coverage	16	4.8800	1.0000	0.3750	1.0000	442
orig_I3	M0908	idf	78	2.7900	0.0000	0.0000	1.0000	464
orig_I3	M0908	coverage	78	2.7900	1.0000	0.0128	1.0000	464
orig_I3	M0564	idf	357	5.0200	0.0000	0.0000	1.0000	474
orig_I3	M0564	coverage	357	5.0200	0.0000	0.0000	1.0000	474
orig_I3	M0616	idf	5	5.1200	1.0000	0.8000	1.0000	442
orig_I3	M0616	coverage	5	5.1200	1.0000	0.8000	1.0000	442
orig_I3	M0453	idf	61	13.4500	1.0000	0.3115	1.0000	444
orig_I3	M0453	coverage	61	13.4500	0.0000	0.0000	1.0000	444
orig_I3	M0510	idf	62	6.3900	1.0000	0.9355	1.0000	448
orig_I3	M0510	coverage	62	6.3900	1.0000	0.7097	1.0000	448
orig_I3	M0216	idf	1150	6.7700	1.0000	0.4330	1.0000	499
orig_I3	M0216	coverage	1150	6.7700	1.0000	0.4330	1.0000	499
orig_I3	M0448	idf	7	2.7300	0.0000	0.0000	0.0000	480
orig_I3	M0448	coverage	7	2.7300	0.0000	0.0000	0.0000	480
orig_I3	M0732	idf	18	5.0500	0.0000	0.0000	1.0000	448
orig_I3	M0732	coverage	18	5.0500	0.0000	0.0000	1.0000	448
orig_I3	M0734	idf	5	2.4200	0.0000	0.0000	1.0000	441
orig_I3	M0734	coverage	5	2.4200	0.0000	0.0000	1.0000	441
orig_I3	M0456	idf	17	2.4500	0.0000	0.0000	1.0000	467
orig_I3	M0456	coverage	17	2.4500	0.0000	0.0000	1.0000	467
orig_I3	M0278	idf	74	2.3600	1.0000	0.6216	1.0000	417
orig_I3	M0278	coverage	74	2.3600	1.0000	0.7703	1.0000	417
orig_I3	M0682	idf	290	2.4100	0.0000	0.0000	1.0000	478
orig_I3	M0682	coverage	290	2.4100	1.0000	0.4172	1.0000	478
orig_I3	M0381	idf	68	2.8700	0.0000	0.0000	1.0000	394
orig_I3	M0381	coverage	68	2.8700	1.0000	0.5735	1.0000	394
orig_I3	M0759	idf	73	9.9800	0.0000	0.0000	0.0000	440
orig_I3	M0759	coverage	73	9.9800	0.0000	0.0000	0.0000	440
orig_I3	M0916	idf	1	5.6300	1.0000	1.0000	1.0000	433
orig_I3	M0916	coverage	1	5.6300	0.0000	0.0000	1.0000	433
orig_I3	M0122	idf	21	8.0300	1.0000	0.3810	1.0000	446
orig_I3	M0122	coverage	21	8.0300	1.0000	0.1429	1.0000	446
orig_I3	M0435	idf	17	28.6600	1.0000	0.0588	1.0000	480
orig_I3	M0435	coverage	17	28.6600	0.0000	0.0000	1.0000	480
orig_I3	M0519	idf	16	12.5200	1.0000	1.0000	1.0000	416
orig_I3	M0519	coverage	16	12.5200	1.0000	0.2500	1.0000	416
orig_I3	M0506	idf	113	5.9100	1.0000	0.5398	1.0000	469
orig_I3	M0506	coverage	113	5.9100	0.0000	0.0000	1.0000	469
orig_I3	M0357	idf	5	4.4200	0.0000	0.0000	1.0000	448
orig_I3	M0357	coverage	5	4.4200	1.0000	0.4000	1.0000	448
orig_I3	M0414	idf	82	5.3100	1.0000	0.8293	1.0000	473
orig_I3	M0414	coverage	82	5.3100	0.0000	0.0000	1.0000	473
orig_I3	M0096	idf	23	7.2500	0.0000	0.0000	1.0000	426
orig_I3	M0096	coverage	23	7.2500	1.0000	0.0435	1.0000	426
orig_I3	M0885	idf	15	10.6800	1.0000	0.6667	1.0000	443
orig_I3	M0885	coverage	15	10.6800	1.0000	0.1333	1.0000	443
orig_I3	M0738	idf	15	5.5300	1.0000	1.0000	1.0000	462
orig_I3	M0738	coverage	15	5.5300	1.0000	0.6667	1.0000	462
orig_I3	M0545	idf	19	5.5200	0.0000	0.0000	1.0000	439
orig_I3	M0545	coverage	19	5.5200	1.0000	0.5789	1.0000	439
orig_I3	M0815	idf	238	2.3600	1.0000	0.3866	1.0000	485
orig_I3	M0815	coverage	238	2.3600	0.0000	0.0000	1.0000	485
orig_I3	M0077	idf	101	5.1200	0.0000	0.0000	1.0000	456
orig_I3	M0077	coverage	101	5.1200	1.0000	0.3762	1.0000	456
orig_I3	M0851	idf	22	2.8800	0.0000	0.0000	1.0000	426
orig_I3	M0851	coverage	22	2.8800	0.0000	0.0000	1.0000	426
orig_I3	M0862	idf	17	4.9100	0.0000	0.0000	1.0000	450
orig_I3	M0862	coverage	17	4.9100	0.0000	0.0000	1.0000	450
orig_I3	M0736	idf	3	6.0300	0.0000	0.0000	1.0000	456
orig_I3	M0736	coverage	3	6.0300	1.0000	1.0000	1.0000	456
orig_I3	M0819	idf	25	5.4200	0.0000	0.0000	1.0000	438
orig_I3	M0819	coverage	25	5.4200	0.0000	0.0000	1.0000	438
orig_I3	M0822	idf	2	5.4500	0.0000	0.0000	1.0000	404
orig_I3	M0822	coverage	2	5.4500	0.0000	0.0000	1.0000	404
orig_I3	M0136	idf	9	8.0500	1.0000	0.8889	1.0000	456
orig_I3	M0136	coverage	9	8.0500	1.0000	0.7778	1.0000	456
orig_I3	M0054	idf	44	3.4900	0.0000	0.0000	1.0000	448
orig_I3	M0054	coverage	44	3.4900	1.0000	0.7045	1.0000	448
orig_I3	M0612	idf	82	9.3200	0.0000	0.0000	1.0000	458
orig_I3	M0612	coverage	82	9.3200	1.0000	0.7195	1.0000	458
orig_I3	M0010	idf	13	6.1100	1.0000	1.0000	1.0000	435
orig_I3	M0010	coverage	13	6.1100	1.0000	1.0000	1.0000	435
orig_I3	M0709	idf	289	4.4300	0.0000	0.0000	1.0000	417
orig_I3	M0709	coverage	289	4.4300	1.0000	0.0346	1.0000	417
orig_I3	M0940	idf	104	11.0400	0.0000	0.0000	1.0000	492
orig_I3	M0940	coverage	104	11.0400	0.0000	0.0000	1.0000	492
orig_I3	M0172	idf	12	11.2700	1.0000	0.2500	1.0000	458
orig_I3	M0172	coverage	12	11.2700	1.0000	0.5833	1.0000	458
orig_I3	M0693	idf	362	4.1500	0.0000	0.0000	1.0000	443
orig_I3	M0693	coverage	362	4.1500	1.0000	0.0028	1.0000	443
orig_I3	M0159	idf	148	10.6000	1.0000	0.8851	1.0000	474
orig_I3	M0159	coverage	148	10.6000	1.0000	0.1081	1.0000	474
orig_I3	M0835	idf	9	6.1800	0.0000	0.0000	1.0000	415
orig_I3	M0835	coverage	9	6.1800	0.0000	0.0000	1.0000	415
orig_I3	M0810	idf	37	6.0300	1.0000	0.4324	1.0000	433
orig_I3	M0810	coverage	37	6.0300	1.0000	0.3243	1.0000	433
orig_I3	M0434	idf	12	11.3600	1.0000	1.0000	1.0000	461
orig_I3	M0434	coverage	12	11.3600	1.0000	0.0833	1.0000	461
orig_I3	M0653	idf	23	6.2800	1.0000	0.0435	1.0000	432
orig_I3	M0653	coverage	23	6.2800	1.0000	0.0435	1.0000	432
orig_I3	M0205	idf	259	12.2200	1.0000	0.5946	1.0000	469
orig_I3	M0205	coverage	259	12.2200	1.0000	0.9344	1.0000	469
orig_I3	M0939	idf	13	1.4700	1.0000	0.4615	1.0000	452
orig_I3	M0939	coverage	13	1.4700	1.0000	0.3077	1.0000	452
orig_I3	M0918	idf	65	11.7800	0.0000	0.0000	1.0000	449
orig_I3	M0918	coverage	65	11.7800	1.0000	0.0462	1.0000	449
orig_I3	M0858	idf	351	5.8700	1.0000	0.7123	1.0000	464
orig_I3	M0858	coverage	351	5.8700	1.0000	0.8177	1.0000	464
orig_I3	M0420	idf	17	2.8000	1.0000	0.1765	1.0000	449
orig_I3	M0420	coverage	17	2.8000	1.0000	0.1176	1.0000	449
orig_I3	M0879	idf	15	5.0800	0.0000	0.0000	0.0000	443
orig_I3	M0879	coverage	15	5.0800	0.0000	0.0000	0.0000	443
orig_I3	M0371	idf	122	4.5100	1.0000	0.0656	1.0000	420
orig_I3	M0371	coverage	122	4.5100	0.0000	0.0000	1.0000	420
orig_I3	M0020	idf	115	10.5600	0.0000	0.0000	1.0000	473
orig_I3	M0020	coverage	115	10.5600	1.0000	0.0087	1.0000	473
orig_I3	M0855	idf	38	4.8600	1.0000	0.3947	1.0000	434
orig_I3	M0855	coverage	38	4.8600	1.0000	0.1579	1.0000	434
orig_I3	M0957	idf	186	11.0600	0.0000	0.0000	1.0000	491
orig_I3	M0957	coverage	186	11.0600	0.0000	0.0000	1.0000	491
orig_I3	M0505	idf	27	5.5300	1.0000	0.2222	1.0000	451
orig_I3	M0505	coverage	27	5.5300	1.0000	0.0741	1.0000	451
orig_I3	M0477	idf	70	3.8400	1.0000	0.4429	1.0000	460
orig_I3	M0477	coverage	70	3.8400	1.0000	0.5714	1.0000	460
orig_I3	M0829	idf	6	5.9500	1.0000	0.1667	1.0000	447
orig_I3	M0829	coverage	6	5.9500	0.0000	0.0000	1.0000	447
orig_I3	M0884	idf	19	5.2400	0.0000	0.0000	1.0000	433
orig_I3	M0884	coverage	19	5.2400	1.0000	0.5263	1.0000	433
orig_I3	M0384	idf	67	3.8700	1.0000	0.0746	1.0000	391
orig_I3	M0384	coverage	67	3.8700	0.0000	0.0000	1.0000	391
orig_I3	M0065	idf	53	5.5900	1.0000	0.3962	1.0000	449
orig_I3	M0065	coverage	53	5.5900	1.0000	0.3774	1.0000	449
orig_I3	M0123	idf	2	12.9700	1.0000	1.0000	1.0000	459
orig_I3	M0123	coverage	2	12.9700	1.0000	0.5000	1.0000	459
orig_I3	M0580	idf	9	5.2900	0.0000	0.0000	1.0000	452
orig_I3	M0580	coverage	9	5.2900	1.0000	0.3333	1.0000	452
orig_I3	M0033	idf	14	5.6300	1.0000	0.1429	1.0000	407
orig_I3	M0033	coverage	14	5.6300	0.0000	0.0000	1.0000	407
orig_I3	M0281	idf	1	13.2200	1.0000	1.0000	1.0000	430
orig_I3	M0281	coverage	1	13.2200	1.0000	1.0000	1.0000	430
orig_I3	M0544	idf	12	6.6800	1.0000	0.0833	1.0000	437
orig_I3	M0544	coverage	12	6.6800	1.0000	0.0833	1.0000	437
orig_I3	M0212	idf	83	29.4800	0.0000	0.0000	1.0000	447
orig_I3	M0212	coverage	83	29.4800	1.0000	0.5904	1.0000	447
orig_I3	M0426	idf	18	5.9700	1.0000	0.6111	1.0000	429
orig_I3	M0426	coverage	18	5.9700	1.0000	0.0556	1.0000	429
orig_I3	M0905	idf	198	2.4800	0.0000	0.0000	1.0000	432
orig_I3	M0905	coverage	198	2.4800	0.0000	0.0000	1.0000	432
orig_I3	M0843	idf	14	2.5400	0.0000	0.0000	1.0000	456
orig_I3	M0843	coverage	14	2.5400	1.0000	0.6429	1.0000	456
orig_I3	M0263	idf	24	6.1100	0.0000	0.0000	1.0000	377
orig_I3	M0263	coverage	24	6.1100	1.0000	0.2500	1.0000	377
orig_I3	M0697	idf	155	5.3300	0.0000	0.0000	1.0000	466
orig_I3	M0697	coverage	155	5.3300	1.0000	0.9032	1.0000	466
orig_I3	M0260	idf	21	6.9800	1.0000	0.9048	1.0000	418
orig_I3	M0260	coverage	21	6.9800	1.0000	0.4286	1.0000	418
orig_I3	M0379	idf	41	13.5600	1.0000	1.0000	1.0000	460
orig_I3	M0379	coverage	41	13.5600	1.0000	0.4634	1.0000	460
orig_I3	M0377	idf	189	12.1500	1.0000	0.0317	1.0000	478
orig_I3	M0377	coverage	189	12.1500	0.0000	0.0000	1.0000	478
orig_I3	M0547	idf	4	2.0100	1.0000	0.7500	1.0000	444
orig_I3	M0547	coverage	4	2.0100	1.0000	0.7500	1.0000	444
orig_I3	M0508	idf	6	10.3900	1.0000	1.0000	1.0000	463
orig_I3	M0508	coverage	6	10.3900	1.0000	0.1667	1.0000	463
orig_I3	M0401	idf	392	4.4500	1.0000	0.0026	1.0000	495
orig_I3	M0401	coverage	392	4.4500	0.0000	0.0000	1.0000	495
orig_I3	M0755	idf	11	2.7300	1.0000	0.5455	1.0000	446
orig_I3	M0755	coverage	11	2.7300	1.0000	0.0909	1.0000	446
orig_I3	M0458	idf	25	3.2400	0.0000	0.0000	1.0000	432
orig_I3	M0458	coverage	25	3.2400	1.0000	0.1600	1.0000	432
orig_I3	M0314	idf	45	30.0700	0.0000	0.0000	1.0000	440
orig_I3	M0314	coverage	45	30.0700	1.0000	0.0667	1.0000	440
orig_I3	M0210	idf	220	6.8400	1.0000	0.0136	1.0000	451
orig_I3	M0210	coverage	220	6.8400	0.0000	0.0000	1.0000	451
orig_I3	M0154	idf	62	4.4400	0.0000	0.0000	1.0000	427
orig_I3	M0154	coverage	62	4.4400	1.0000	0.8548	1.0000	427
orig_I3	M0502	idf	20	12.5100	1.0000	0.2000	1.0000	460
orig_I3	M0502	coverage	20	12.5100	0.0000	0.0000	1.0000	460
orig_I3	M0031	idf	290	9.7600	1.0000	0.2828	1.0000	466
orig_I3	M0031	coverage	290	9.7600	1.0000	0.5655	1.0000	466
orig_I3	M0178	idf	273	8.3300	0.0000	0.0000	1.0000	446
orig_I3	M0178	coverage	273	8.3300	1.0000	0.0147	1.0000	446
orig_I3	M0019	idf	21	12.7000	1.0000	0.4762	1.0000	426
orig_I3	M0019	coverage	21	12.7000	1.0000	0.7619	1.0000	426
orig_I3	M0125	idf	19	12.5500	1.0000	0.8947	1.0000	419
orig_I3	M0125	coverage	19	12.5500	1.0000	0.7368	1.0000	419
orig_I3	M0181	idf	8	11.5900	1.0000	0.2500	1.0000	438
orig_I3	M0181	coverage	8	11.5900	1.0000	0.1250	1.0000	438
orig_I3	M0466	idf	6	10.9200	1.0000	0.6667	1.0000	457
orig_I3	M0466	coverage	6	10.9200	0.0000	0.0000	1.0000	457
orig_I3	M0058	idf	37	4.9200	1.0000	0.0541	1.0000	437
orig_I3	M0058	coverage	37	4.9200	0.0000	0.0000	1.0000	437
orig_I3	M0683	idf	27	7.2000	1.0000	0.8889	1.0000	419
orig_I3	M0683	coverage	27	7.2000	1.0000	0.0741	1.0000	419
orig_I3	M0925	idf	22	4.5200	1.0000	0.0455	1.0000	434
orig_I3	M0925	coverage	22	4.5200	1.0000	0.0455	1.0000	434
orig_I3	M0081	idf	9	10.5000	1.0000	0.4444	1.0000	444
orig_I3	M0081	coverage	9	10.5000	1.0000	0.2222	1.0000	444
orig_I3	M0090	idf	60	17.7400	1.0000	0.9500	1.0000	472
orig_I3	M0090	coverage	60	17.7400	1.0000	0.0833	1.0000	472
orig_I3	M0429	idf	47	4.9100	1.0000	0.3404	1.0000	452
orig_I3	M0429	coverage	47	4.9100	1.0000	0.9574	1.0000	452
orig_I3	M0447	idf	2	5.2700	0.0000	0.0000	1.0000	432
orig_I3	M0447	coverage	2	5.2700	0.0000	0.0000	1.0000	432
orig_I3	M0768	idf	19	5.8600	1.0000	0.6316	1.0000	422
orig_I3	M0768	coverage	19	5.8600	1.0000	0.1579	1.0000	422
orig_I3	M0261	idf	19	7.5700	1.0000	0.0526	1.0000	395
orig_I3	M0261	coverage	19	7.5700	1.0000	0.0526	1.0000	395
orig_I3	M0234	idf	8	7.9900	1.0000	0.6250	1.0000	425
orig_I3	M0234	coverage	8	7.9900	0.0000	0.0000	1.0000	425
orig_I3	M0958	idf	236	10.8000	0.0000	0.0000	1.0000	491
orig_I3	M0958	coverage	236	10.8000	0.0000	0.0000	1.0000	491
orig_I3	M0387	idf	2048	4.4600	1.0000	0.0005	1.0000	482
orig_I3	M0387	coverage	2048	4.4600	0.0000	0.0000	1.0000	482
orig_I3	M0520	idf	440	4.6800	0.0000	0.0000	1.0000	477
orig_I3	M0520	coverage	440	4.6800	0.0000	0.0000	1.0000	477
orig_I3	M0910	idf	7	6.1700	1.0000	0.8571	1.0000	414
orig_I3	M0910	coverage	7	6.1700	1.0000	0.8571	1.0000	414
orig_I3	M0398	idf	36	11.5800	1.0000	1.0000	1.0000	449
orig_I3	M0398	coverage	36	11.5800	0.0000	0.0000	1.0000	449
orig_I3	M0040	idf	52	4.7400	1.0000	0.0385	1.0000	425
orig_I3	M0040	coverage	52	4.7400	0.0000	0.0000	1.0000	425
orig_I3	M0808	idf	3	5.3200	1.0000	1.0000	1.0000	430
orig_I3	M0808	coverage	3	5.3200	0.0000	0.0000	1.0000	430
orig_I3	M0781	idf	6	5.1500	1.0000	0.6667	1.0000	461
orig_I3	M0781	coverage	6	5.1500	1.0000	0.6667	1.0000	461
orig_I3	M0410	idf	30	11.7300	1.0000	0.0667	1.0000	420
orig_I3	M0410	coverage	30	11.7300	0.0000	0.0000	1.0000	420
orig_I3	M0250	idf	14	6.1700	1.0000	0.9286	1.0000	428
orig_I3	M0250	coverage	14	6.1700	1.0000	0.0714	1.0000	428
orig_I3	M0748	idf	19	1.7500	1.0000	0.4737	1.0000	477
orig_I3	M0748	coverage	19	1.7500	1.0000	1.0000	1.0000	477
orig_I3	M0515	idf	20	11.8000	1.0000	0.1000	1.0000	450
orig_I3	M0515	coverage	20	11.8000	1.0000	0.3000	1.0000	450
orig_I3	M0920	idf	21	7.8400	0.0000	0.0000	1.0000	459
orig_I3	M0920	coverage	21	7.8400	1.0000	0.2381	1.0000	459
orig_I3	M0655	idf	6	2.2600	0.0000	0.0000	1.0000	451
orig_I3	M0655	coverage	6	2.2600	0.0000	0.0000	1.0000	451
orig_I3	M0227	idf	38	6.4400	1.0000	0.2105	1.0000	458
orig_I3	M0227	coverage	38	6.4400	0.0000	0.0000	1.0000	458
orig_I3	M0272	idf	35	10.0700	1.0000	0.1143	1.0000	395
orig_I3	M0272	coverage	35	10.0700	1.0000	0.0857	1.0000	395
orig_I3	M0093	idf	10	4.0800	0.0000	0.0000	1.0000	430
orig_I3	M0093	coverage	10	4.0800	0.0000	0.0000	1.0000	430
orig_I3	M0625	idf	5	4.9300	0.0000	0.0000	0.0000	440
orig_I3	M0625	coverage	5	4.9300	0.0000	0.0000	0.0000	440
orig_I3	M0321	idf	19	6.2800	1.0000	0.5263	1.0000	437
orig_I3	M0321	coverage	19	6.2800	0.0000	0.0000	1.0000	437
orig_I3	M0048	idf	98	9.0800	1.0000	0.4184	1.0000	422
orig_I3	M0048	coverage	98	9.0800	1.0000	0.0204	1.0000	422
orig_I3	M0043	idf	20	10.7700	1.0000	1.0000	1.0000	458
orig_I3	M0043	coverage	20	10.7700	1.0000	0.6500	1.0000	458
orig_I3	M0900	idf	441	3.9200	0.0000	0.0000	1.0000	497
orig_I3	M0900	coverage	441	3.9200	0.0000	0.0000	1.0000	497
orig_I3	M0857	idf	12	7.0500	1.0000	0.5000	1.0000	387
orig_I3	M0857	coverage	12	7.0500	0.0000	0.0000	1.0000	387
orig_I3	M0964	idf	68	5.2800	1.0000	0.1176	1.0000	404
orig_I3	M0964	coverage	68	5.2800	1.0000	0.0294	1.0000	404
orig_I3	M0131	idf	36	9.2000	1.0000	0.6111	1.0000	431
orig_I3	M0131	coverage	36	9.2000	1.0000	0.9167	1.0000	431
orig_I3	M0754	idf	9	2.7200	1.0000	0.3333	1.0000	449
orig_I3	M0754	coverage	9	2.7200	1.0000	0.1111	1.0000	449
orig_I3	M0313	idf	17	2.6100	0.0000	0.0000	1.0000	438
orig_I3	M0313	coverage	17	2.6100	1.0000	0.8235	1.0000	438
orig_I3	M0092	idf	41	8.5000	1.0000	0.4878	1.0000	436
orig_I3	M0092	coverage	41	8.5000	1.0000	0.0244	1.0000	436
orig_I3	M0108	idf	3	5.9900	0.0000	0.0000	1.0000	433
orig_I3	M0108	coverage	3	5.9900	0.0000	0.0000	1.0000	433
orig_I3	M0139	idf	76	6.7100	0.0000	0.0000	1.0000	432
orig_I3	M0139	coverage	76	6.7100	0.0000	0.0000	1.0000	432
orig_I3	M0235	idf	17	2.6500	0.0000	0.0000	1.0000	446
orig_I3	M0235	coverage	17	2.6500	1.0000	0.1765	1.0000	446
orig_I3	M0444	idf	83	5.2200	1.0000	0.7952	1.0000	462
orig_I3	M0444	coverage	83	5.2200	1.0000	0.0120	1.0000	462
orig_I3	M0623	idf	16	5.0100	1.0000	1.0000	1.0000	474
orig_I3	M0623	coverage	16	5.0100	1.0000	1.0000	1.0000	474
orig_I3	M0919	idf	18	4.6900	1.0000	0.3889	1.0000	435
orig_I3	M0919	coverage	18	4.6900	0.0000	0.0000	1.0000	435
orig_I3	M0369	idf	82	4.7900	1.0000	0.1829	1.0000	396
orig_I3	M0369	coverage	82	4.7900	1.0000	0.1220	1.0000	396
orig_I3	M0253	idf	212	13.5900	1.0000	0.7547	1.0000	427
orig_I3	M0253	coverage	212	13.5900	1.0000	0.0613	1.0000	427
orig_I3	M0254	idf	17	26.9400	1.0000	1.0000	1.0000	458
orig_I3	M0254	coverage	17	26.9400	1.0000	0.7647	1.0000	458
orig_I3	M0301	idf	51	6.0200	1.0000	0.0196	1.0000	434
orig_I3	M0301	coverage	51	6.0200	0.0000	0.0000	1.0000	434
orig_I3	M0674	idf	31	5.0900	1.0000	0.0968	1.0000	417
orig_I3	M0674	coverage	31	5.0900	1.0000	0.1290	1.0000	417
orig_I3	M0100	idf	360	6.4000	1.0000	0.0194	1.0000	444
orig_I3	M0100	coverage	360	6.4000	0.0000	0.0000	1.0000	444
orig_I3	M0231	idf	13	7.2500	1.0000	0.9231	1.0000	427
orig_I3	M0231	coverage	13	7.2500	1.0000	0.2308	1.0000	427
orig_I3	M0816	idf	238	2.4100	0.0000	0.0000	1.0000	443
orig_I3	M0816	coverage	238	2.4100	0.0000	0.0000	1.0000	443
orig_I3	M0472	idf	94	13.2300	1.0000	0.9681	1.0000	465
orig_I3	M0472	coverage	94	13.2300	1.0000	0.4681	1.0000	465
orig_I3	M0962	idf	134	11.5400	1.0000	0.0224	1.0000	480
orig_I3	M0962	coverage	134	11.5400	1.0000	0.0299	1.0000	480
orig_I3	M0795	idf	79	7.8200	1.0000	0.2152	1.0000	365
orig_I3	M0795	coverage	79	7.8200	0.0000	0.0000	1.0000	365
orig_I3	M0727	idf	22	9.3700	1.0000	0.3182	1.0000	446
orig_I3	M0727	coverage	22	9.3700	1.0000	0.2727	1.0000	446
orig_I3	M0497	idf	15	13.2700	1.0000	0.6000	1.0000	418
orig_I3	M0497	coverage	15	13.2700	1.0000	0.1333	1.0000	418
orig_I3	M0338	idf	23	3.9200	1.0000	0.1739	1.0000	436
orig_I3	M0338	coverage	23	3.9200	1.0000	0.0870	1.0000	436
orig_I3	M0947	idf	43	4.6900	1.0000	0.6279	1.0000	438
orig_I3	M0947	coverage	43	4.6900	1.0000	0.5581	1.0000	438
orig_I3	M0163	idf	47	5.1200	1.0000	0.7447	1.0000	440
orig_I3	M0163	coverage	47	5.1200	1.0000	0.0426	1.0000	440
orig_I3	M0959	idf	155	11.0400	0.0000	0.0000	1.0000	492
orig_I3	M0959	coverage	155	11.0400	0.0000	0.0000	1.0000	492
orig_I3	M0433	idf	210	2.9500	0.0000	0.0000	1.0000	435
orig_I3	M0433	coverage	210	2.9500	0.0000	0.0000	1.0000	435
orig_I3	M0416	idf	4	11.2600	1.0000	1.0000	1.0000	436
orig_I3	M0416	coverage	4	11.2600	1.0000	0.7500	1.0000	436
orig_I3	M0850	idf	31	5.1800	0.0000	0.0000	1.0000	430
orig_I3	M0850	coverage	31	5.1800	1.0000	0.3548	1.0000	430
orig_I3	M0454	idf	14	4.9600	1.0000	1.0000	1.0000	456
orig_I3	M0454	coverage	14	4.9600	1.0000	0.7857	1.0000	456
orig_I3	M0351	idf	24	5.5200	0.0000	0.0000	1.0000	434
orig_I3	M0351	coverage	24	5.5200	1.0000	0.4583	1.0000	434
orig_I3	M0425	idf	2084	3.5700	0.0000	0.0000	1.0000	446
orig_I3	M0425	coverage	2084	3.5700	1.0000	0.0005	1.0000	446
orig_I3	M0067	idf	39	6.0500	1.0000	0.1795	1.0000	429
orig_I3	M0067	coverage	39	6.0500	0.0000	0.0000	1.0000	429
orig_I3	M0550	idf	20	5.3900	0.0000	0.0000	1.0000	457
orig_I3	M0550	coverage	20	5.3900	0.0000	0.0000	1.0000	457
orig_I3	M0792	idf	10	3.5200	0.0000	0.0000	1.0000	437
orig_I3	M0792	coverage	10	3.5200	0.0000	0.0000	1.0000	437
orig_I3	M0961	idf	144	10.3600	0.0000	0.0000	1.0000	487
orig_I3	M0961	coverage	144	10.3600	1.0000	0.0208	1.0000	487
orig_I3	M0109	idf	207	9.8500	1.0000	0.5169	1.0000	462
orig_I3	M0109	coverage	207	9.8500	1.0000	0.3575	1.0000	462
orig_I3	M0257	idf	222	11.0700	1.0000	0.9369	1.0000	474
orig_I3	M0257	coverage	222	11.0700	1.0000	0.0180	1.0000	474
orig_I3	M0789	idf	51	3.4600	0.0000	0.0000	1.0000	406
orig_I3	M0789	coverage	51	3.4600	1.0000	0.4902	1.0000	406
orig_I3	M0363	idf	64	4.4600	0.0000	0.0000	1.0000	453
orig_I3	M0363	coverage	64	4.4600	0.0000	0.0000	1.0000	453
orig_I3	M0391	idf	14	3.2100	0.0000	0.0000	1.0000	474
orig_I3	M0391	coverage	14	3.2100	0.0000	0.0000	1.0000	474
orig_I3	M0826	idf	21	4.0300	1.0000	0.0952	1.0000	439
orig_I3	M0826	coverage	21	4.0300	0.0000	0.0000	1.0000	439
orig_I3	M0952	idf	5	2.3500	1.0000	0.6000	1.0000	409
orig_I3	M0952	coverage	5	2.3500	1.0000	0.6000	1.0000	409
orig_I3	M0117	idf	100	4.7400	0.0000	0.0000	1.0000	472
orig_I3	M0117	coverage	100	4.7400	1.0000	0.0100	1.0000	472
orig_I3	M0854	idf	122	6.7600	0.0000	0.0000	1.0000	452
orig_I3	M0854	coverage	122	6.7600	1.0000	0.0246	1.0000	452
orig_I3	M0881	idf	155	5.9500	1.0000	0.8710	1.0000	434
orig_I3	M0881	coverage	155	5.9500	1.0000	0.7355	1.0000	434
orig_I3	M0874	idf	1	3.4500	0.0000	0.0000	1.0000	448
orig_I3	M0874	coverage	1	3.4500	0.0000	0.0000	1.0000	448
orig_I3	M0597	idf	27	2.9800	1.0000	0.1852	1.0000	446
orig_I3	M0597	coverage	27	2.9800	1.0000	0.3704	1.0000	446
orig_I3	M0070	idf	159	3.7800	0.0000	0.0000	1.0000	430
orig_I3	M0070	coverage	159	3.7800	1.0000	0.0126	1.0000	430
orig_I3	M0423	idf	94	5.4000	0.0000	0.0000	1.0000	449
orig_I3	M0423	coverage	94	5.4000	0.0000	0.0000	1.0000	449
orig_I3	M0266	idf	35	4.8200	1.0000	0.6286	1.0000	454
orig_I3	M0266	coverage	35	4.8200	1.0000	0.3429	1.0000	454
orig_I3	M0262	idf	19	7.7000	1.0000	1.0000	1.0000	434
orig_I3	M0262	coverage	19	7.7000	1.0000	0.9474	1.0000	434
orig_I3	M0806	idf	3	1.7400	0.0000	0.0000	1.0000	462
orig_I3	M0806	coverage	3	1.7400	1.0000	0.3333	1.0000	462
orig_I3	M0937	idf	31	3.2900	0.0000	0.0000	1.0000	405
orig_I3	M0937	coverage	31	3.2900	1.0000	0.4516	1.0000	405
orig_I3	M0066	idf	57	3.4900	1.0000	0.2456	1.0000	436
orig_I3	M0066	coverage	57	3.4900	1.0000	0.3684	1.0000	436
orig_I3	M0462	idf	48	3.9100	1.0000	0.8958	1.0000	446
orig_I3	M0462	coverage	48	3.9100	0.0000	0.0000	1.0000	446
orig_I3	M0380	idf	21	4.8900	1.0000	0.4762	1.0000	455
orig_I3	M0380	coverage	21	4.8900	1.0000	0.5714	1.0000	455
orig_I3	M0403	idf	16	3.8300	1.0000	0.7500	1.0000	478
orig_I3	M0403	coverage	16	3.8300	1.0000	0.3125	1.0000	478
orig_I3	M0141	idf	25	20.7800	1.0000	0.1200	1.0000	440
orig_I3	M0141	coverage	25	20.7800	0.0000	0.0000	1.0000	440
orig_I3	M0237	idf	555	3.6000	0.0000	0.0000	1.0000	431
orig_I3	M0237	coverage	555	3.6000	1.0000	0.0306	1.0000	431
orig_I3	M0642	idf	24	3.5500	1.0000	0.1667	1.0000	404
orig_I3	M0642	coverage	24	3.5500	1.0000	0.2917	1.0000	404
orig_I3	M0142	idf	13	3.8900	1.0000	0.2308	1.0000	423
orig_I3	M0142	coverage	13	3.8900	1.0000	0.3077	1.0000	423
orig_I3	M0798	idf	2073	3.8600	0.0000	0.0000	1.0000	494
orig_I3	M0798	coverage	2073	3.8600	0.0000	0.0000	1.0000	494
orig_I3	M0574	idf	111	8.2200	1.0000	0.3964	1.0000	437
orig_I3	M0574	coverage	111	8.2200	1.0000	0.4414	1.0000	437
orig_I3	M0663	idf	96	2.1100	1.0000	0.1042	1.0000	407
orig_I3	M0663	coverage	96	2.1100	1.0000	0.1354	1.0000	407
orig_I3	M0348	idf	165	9.0900	0.0000	0.0000	1.0000	492
orig_I3	M0348	coverage	165	9.0900	0.0000	0.0000	1.0000	492
orig_I3	M0353	idf	11	1.7700	1.0000	0.0909	1.0000	398
orig_I3	M0353	coverage	11	1.7700	1.0000	0.4545	1.0000	398
orig_I3	M0028	idf	19	4.1600	1.0000	1.0000	1.0000	450
orig_I3	M0028	coverage	19	4.1600	1.0000	1.0000	1.0000	450
orig_I3	M0308	idf	172	8.3500	1.0000	1.0000	1.0000	468
orig_I3	M0308	coverage	172	8.3500	1.0000	0.8663	1.0000	468
orig_I3	M0860	idf	6	4.8500	0.0000	0.0000	1.0000	459
orig_I3	M0860	coverage	6	4.8500	1.0000	0.3333	1.0000	459
orig_I3	M0188	idf	117	3.7000	0.0000	0.0000	1.0000	390
orig_I3	M0188	coverage	117	3.7000	1.0000	0.0085	1.0000	390
orig_I3	M0003	idf	94	2.2500	1.0000	0.1383	1.0000	422
orig_I3	M0003	coverage	94	2.2500	0.0000	0.0000	1.0000	422
orig_I3	M0906	idf	265	1.6700	0.0000	0.0000	1.0000	479
orig_I3	M0906	coverage	265	1.6700	1.0000	0.6679	1.0000	479
orig_I3	M0590	idf	19	3.8600	1.0000	0.0526	1.0000	443
orig_I3	M0590	coverage	19	3.8600	1.0000	0.1053	1.0000	443
orig_I3	M0293	idf	60	3.9000	1.0000	0.2833	1.0000	428
orig_I3	M0293	coverage	60	3.9000	1.0000	0.3667	1.0000	428
orig_I3	M0651	idf	56	1.6800	0.0000	0.0000	1.0000	442
orig_I3	M0651	coverage	56	1.6800	0.0000	0.0000	1.0000	442
orig_I3	M0297	idf	17	0.8800	0.0000	0.0000	1.0000	466
orig_I3	M0297	coverage	17	0.8800	0.0000	0.0000	1.0000	466
orig_I3	M0194	idf	63	8.3000	1.0000	0.9206	1.0000	428
orig_I3	M0194	coverage	63	8.3000	1.0000	0.1746	1.0000	428
orig_I3	M0589	idf	26	2.3300	1.0000	0.2308	1.0000	434
orig_I3	M0589	coverage	26	2.3300	0.0000	0.0000	1.0000	434
orig_I3	M0669	idf	10	3.1300	1.0000	0.1000	1.0000	379
orig_I3	M0669	coverage	10	3.1300	0.0000	0.0000	1.0000	379
orig_I3	M0742	idf	2	3.6200	1.0000	1.0000	1.0000	429
orig_I3	M0742	coverage	2	3.6200	0.0000	0.0000	1.0000	429
orig_I3	M0298	idf	164	3.5000	0.0000	0.0000	1.0000	472
orig_I3	M0298	coverage	164	3.5000	1.0000	0.0488	1.0000	472
orig_I3	M0440	idf	43	4.1700	1.0000	0.5116	1.0000	446
orig_I3	M0440	coverage	43	4.1700	1.0000	0.2791	1.0000	446
orig_I3	M0386	idf	4	9.1100	1.0000	1.0000	1.0000	434
orig_I3	M0386	coverage	4	9.1100	1.0000	1.0000	1.0000	434
orig_I3	M0087	idf	50	7.5100	1.0000	1.0000	1.0000	460
orig_I3	M0087	coverage	50	7.5100	1.0000	0.2600	1.0000	460
orig_I4	M0346	idf	37	3.5400	1.0000	0.0270	1.0000	437
orig_I4	M0346	coverage	37	3.5400	0.0000	0.0000	1.0000	437
orig_I4	M0376	idf	41	8.3300	1.0000	0.8049	1.0000	451
orig_I4	M0376	coverage	41	8.3300	1.0000	0.7561	1.0000	451
orig_I4	M0431	idf	3	3.5000	1.0000	1.0000	1.0000	426
orig_I4	M0431	coverage	3	3.5000	1.0000	1.0000	1.0000	426
orig_I4	M0243	idf	11	6.6100	1.0000	1.0000	1.0000	439
orig_I4	M0243	coverage	11	6.6100	0.0000	0.0000	1.0000	439
orig_I4	M0294	idf	108	10.1400	1.0000	0.3056	1.0000	458
orig_I4	M0294	coverage	108	10.1400	0.0000	0.0000	1.0000	458
orig_I4	M0895	idf	121	2.0400	1.0000	0.0083	1.0000	433
orig_I4	M0895	coverage	121	2.0400	1.0000	0.0165	1.0000	433
orig_I4	M0104	idf	4	11.8800	1.0000	1.0000	1.0000	395
orig_I4	M0104	coverage	4	11.8800	0.0000	0.0000	1.0000	395
orig_I4	M0869	idf	5	2.1700	0.0000	0.0000	1.0000	427
orig_I4	M0869	coverage	5	2.1700	0.0000	0.0000	1.0000	427
orig_I4	M0075	idf	2	12.0600	0.0000	0.0000	1.0000	407
orig_I4	M0075	coverage	2	12.0600	0.0000	0.0000	1.0000	407
orig_I4	M0134	idf	55	5.2400	1.0000	0.1455	1.0000	443
orig_I4	M0134	coverage	55	5.2400	1.0000	0.8909	1.0000	443
orig_I4	M0206	idf	75	13.9000	1.0000	0.9733	1.0000	418
orig_I4	M0206	coverage	75	13.9000	1.0000	0.2800	1.0000	418
orig_I4	M0044	idf	67	12.8900	1.0000	0.9552	1.0000	453
orig_I4	M0044	coverage	67	12.8900	1.0000	0.3731	1.0000	453
orig_I4	M0484	idf	100	13.2700	1.0000	1.0000	1.0000	417
orig_I4	M0484	coverage	100	13.2700	1.0000	0.8700	1.0000	417
orig_I4	M0334	idf	22	5.4000	1.0000	1.0000	1.0000	426
orig_I4	M0334	coverage	22	5.4000	0.0000	0.0000	1.0000	426
orig_I4	M0412	idf	5	6.6600	1.0000	0.6000	1.0000	439
orig_I4	M0412	coverage	5	6.6600	0.0000	0.0000	1.0000	439
orig_I4	M0931	idf	70	2.8000	1.0000	0.0429	1.0000	432
orig_I4	M0931	coverage	70	2.8000	0.0000	0.0000	1.0000	432
orig_I4	M0118	idf	106	4.7900	0.0000	0.0000	1.0000	374
orig_I4	M0118	coverage	106	4.7900	1.0000	0.0189	1.0000	374
orig_I4	M0752	idf	8	1.4800	1.0000	1.0000	1.0000	384
orig_I4	M0752	coverage	8	1.4800	1.0000	0.8750	1.0000	384
orig_I4	M0428	idf	10	13.5500	1.0000	1.0000	1.0000	421
orig_I4	M0428	coverage	10	13.5500	1.0000	0.7000	1.0000	421
orig_I4	M0771	idf	213	2.9600	1.0000	0.0469	1.0000	450
orig_I4	M0771	coverage	213	2.9600	1.0000	0.0329	1.0000	450
orig_I4	M0658	idf	12	6.0200	0.0000	0.0000	1.0000	448
orig_I4	M0658	coverage	12	6.0200	1.0000	0.9167	1.0000	448
orig_I4	M0311	idf	78	13.3700	1.0000	0.9231	1.0000	467
orig_I4	M0311	coverage	78	13.3700	0.0000	0.0000	1.0000	467
orig_I4	M0600	idf	78	7.6900	1.0000	0.0641	1.0000	436
orig_I4	M0600	coverage	78	7.6900	0.0000	0.0000	1.0000	436
orig_I4	M0565	idf	13	2.7100	0.0000	0.0000	1.0000	406
orig_I4	M0565	coverage	13	2.7100	1.0000	0.1538	1.0000	406
orig_I4	M0085	idf	11	5.4900	1.0000	0.7273	1.0000	405
orig_I4	M0085	coverage	11	5.4900	1.0000	0.4545	1.0000	405
orig_I4	M0488	idf	6	10.4600	1.0000	1.0000	1.0000	428
orig_I4	M0488	coverage	6	10.4600	1.0000	1.0000	1.0000	428
orig_I4	M0076	idf	97	2.9800	0.0000	0.0000	1.0000	441
orig_I4	M0076	coverage	97	2.9800	1.0000	0.3711	1.0000	441
orig_I4	M0175	idf	826	2.8900	0.0000	0.0000	1.0000	488
orig_I4	M0175	coverage	826	2.8900	1.0000	0.4855	1.0000	488
orig_I4	M0107	idf	7	5.5800	1.0000	0.2857	1.0000	430
orig_I4	M0107	coverage	7	5.5800	1.0000	0.7143	1.0000	430
orig_I4	M0201	idf	38	4.4800	0.0000	0.0000	1.0000	435
orig_I4	M0201	coverage	38	4.4800	0.0000	0.0000	1.0000	435
orig_I4	M0383	idf	124	14.4500	0.0000	0.0000	1.0000	443
orig_I4	M0383	coverage	124	14.4500	1.0000	0.0161	1.0000	443
orig_I4	M0111	idf	10	14.7000	1.0000	0.3000	1.0000	427
orig_I4	M0111	coverage	10	14.7000	0.0000	0.0000	1.0000	427
orig_I4	M0634	idf	9	10.6700	1.0000	0.1111	1.0000	421
orig_I4	M0634	coverage	9	10.6700	1.0000	0.8889	1.0000	421
orig_I4	M0609	idf	81	4.8400	1.0000	0.0988	1.0000	486
orig_I4	M0609	coverage	81	4.8400	1.0000	0.0123	1.0000	486
orig_I4	M0228	idf	119	6.8800	1.0000	0.1176	1.0000	403
orig_I4	M0228	coverage	119	6.8800	0.0000	0.0000	1.0000	403
orig_I4	M0636	idf	16	6.1500	1.0000	0.5000	1.0000	413
orig_I4	M0636	coverage	16	6.1500	1.0000	0.3750	1.0000	413
orig_I4	M0908	idf	78	2.0100	0.0000	0.0000	1.0000	451
orig_I4	M0908	coverage	78	2.0100	1.0000	0.0128	1.0000	451
orig_I4	M0564	idf	357	4.7600	0.0000	0.0000	1.0000	425
orig_I4	M0564	coverage	357	4.7600	1.0000	0.0028	1.0000	425
orig_I4	M0616	idf	5	5.7800	1.0000	0.8000	1.0000	418
orig_I4	M0616	coverage	5	5.7800	1.0000	0.8000	1.0000	418
orig_I4	M0453	idf	61	15.1100	1.0000	0.3115	1.0000	441
orig_I4	M0453	coverage	61	15.1100	0.0000	0.0000	1.0000	441
orig_I4	M0510	idf	62	8.1200	1.0000	0.9194	1.0000	419
orig_I4	M0510	coverage	62	8.1200	1.0000	0.7097	1.0000	419
orig_I4	M0216	idf	1150	6.0400	1.0000	0.4278	1.0000	499
orig_I4	M0216	coverage	1150	6.0400	1.0000	0.4278	1.0000	499
orig_I4	M0448	idf	7	2.1100	0.0000	0.0000	0.0000	444
orig_I4	M0448	coverage	7	2.1100	0.0000	0.0000	0.0000	444
orig_I4	M0732	idf	18	7.7300	0.0000	0.0000	1.0000	412
orig_I4	M0732	coverage	18	7.7300	0.0000	0.0000	1.0000	412
orig_I4	M0734	idf	5	4.6900	0.0000	0.0000	1.0000	386
orig_I4	M0734	coverage	5	4.6900	0.0000	0.0000	1.0000	386
orig_I4	M0456	idf	17	4.4900	0.0000	0.0000	1.0000	415
orig_I4	M0456	coverage	17	4.4900	0.0000	0.0000	1.0000	415
orig_I4	M0278	idf	74	2.9900	1.0000	0.6351	1.0000	397
orig_I4	M0278	coverage	74	2.9900	1.0000	0.7703	1.0000	397
orig_I4	M0682	idf	290	2.2800	0.0000	0.0000	1.0000	435
orig_I4	M0682	coverage	290	2.2800	1.0000	0.3759	1.0000	435
orig_I4	M0381	idf	68	2.2100	0.0000	0.0000	1.0000	410
orig_I4	M0381	coverage	68	2.2100	1.0000	0.6029	1.0000	410
orig_I4	M0759	idf	73	10.4900	0.0000	0.0000	0.0000	424
orig_I4	M0759	coverage	73	10.4900	0.0000	0.0000	0.0000	424
orig_I4	M0916	idf	1	4.7800	1.0000	1.0000	1.0000	408
orig_I4	M0916	coverage	1	4.7800	0.0000	0.0000	1.0000	408
orig_I4	M0122	idf	21	7.5600	1.0000	0.3810	1.0000	397
orig_I4	M0122	coverage	21	7.5600	1.0000	0.0476	1.0000	397
orig_I4	M0435	idf	17	26.4600	1.0000	0.0588	1.0000	468
orig_I4	M0435	coverage	17	26.4600	0.0000	0.0000	1.0000	468
orig_I4	M0519	idf	16	12.5900	1.0000	1.0000	1.0000	409
orig_I4	M0519	coverage	16	12.5900	0.0000	0.0000	1.0000	409
orig_I4	M0506	idf	113	4.8500	1.0000	0.4867	1.0000	439
orig_I4	M0506	coverage	113	4.8500	0.0000	0.0000	1.0000	439
orig_I4	M0357	idf	5	5.0300	0.0000	0.0000	1.0000	405
orig_I4	M0357	coverage	5	5.0300	0.0000	0.0000	1.0000	405
orig_I4	M0414	idf	82	4.9300	1.0000	0.8293	1.0000	457
orig_I4	M0414	coverage	82	4.9300	0.0000	0.0000	1.0000	457
orig_I4	M0096	idf	23	5.9600	0.0000	0.0000	1.0000	414
orig_I4	M0096	coverage	23	5.9600	1.0000	0.0435	1.0000	414
orig_I4	M0885	idf	15	12.7800	1.0000	0.7333	1.0000	391
orig_I4	M0885	coverage	15	12.7800	1.0000	0.0667	1.0000	391
orig_I4	M0738	idf	15	5.9500	1.0000	1.0000	1.0000	416
orig_I4	M0738	coverage	15	5.9500	1.0000	0.7333	1.0000	416
orig_I4	M0545	idf	19	4.4800	0.0000	0.0000	1.0000	352
orig_I4	M0545	coverage	19	4.4800	1.0000	0.5789	1.0000	352
orig_I4	M0815	idf	238	2.4900	1.0000	0.3739	1.0000	467
orig_I4	M0815	coverage	238	2.4900	0.0000	0.0000	1.0000	467
orig_I4	M0077	idf	101	5.8100	0.0000	0.0000	1.0000	432
orig_I4	M0077	coverage	101	5.8100	0.0000	0.0000	1.0000	432
orig_I4	M0851	idf	22	3.2700	0.0000	0.0000	1.0000	365
orig_I4	M0851	coverage	22	3.2700	0.0000	0.0000	1.0000	365
orig_I4	M0862	idf	17	4.5400	0.0000	0.0000	1.0000	458
orig_I4	M0862	coverage	17	4.5400	0.0000	0.0000	1.0000	458
orig_I4	M0736	idf	3	4.9200	0.0000	0.0000	1.0000	421
orig_I4	M0736	coverage	3	4.9200	1.0000	1.0000	1.0000	421
orig_I4	M0819	idf	25	5.0200	0.0000	0.0000	1.0000	434
orig_I4	M0819	coverage	25	5.0200	0.0000	0.0000	1.0000	434
orig_I4	M0822	idf	2	5.2200	0.0000	0.0000	1.0000	406
orig_I4	M0822	coverage	2	5.2200	0.0000	0.0000	1.0000	406
orig_I4	M0136	idf	9	7.1000	1.0000	0.8889	1.0000	451
orig_I4	M0136	coverage	9	7.1000	1.0000	0.7778	1.0000	451
orig_I4	M0054	idf	44	3.3000	0.0000	0.0000	1.0000	403
orig_I4	M0054	coverage	44	3.3000	1.0000	0.7500	1.0000	403
orig_I4	M0612	idf	82	9.6400	0.0000	0.0000	1.0000	419
orig_I4	M0612	coverage	82	9.6400	1.0000	0.5732	1.0000	419
orig_I4	M0010	idf	13	4.6300	1.0000	1.0000	1.0000	449
orig_I4	M0010	coverage	13	4.6300	1.0000	1.0000	1.0000	449
orig_I4	M0709	idf	289	5.7100	0.0000	0.0000	1.0000	397
orig_I4	M0709	coverage	289	5.7100	1.0000	0.0346	1.0000	397
orig_I4	M0940	idf	104	12.4500	0.0000	0.0000	1.0000	485
orig_I4	M0940	coverage	104	12.4500	0.0000	0.0000	1.0000	485
orig_I4	M0172	idf	12	13.2000	0.0000	0.0000	1.0000	451
orig_I4	M0172	coverage	12	13.2000	1.0000	0.5833	1.0000	451
orig_I4	M0693	idf	362	4.8800	0.0000	0.0000	1.0000	399
orig_I4	M0693	coverage	362	4.8800	1.0000	0.0028	1.0000	399
orig_I4	M0159	idf	148	13.6000	1.0000	0.8851	1.0000	449
orig_I4	M0159	coverage	148	13.6000	1.0000	0.1081	1.0000	449
orig_I4	M0835	idf	9	6.5100	0.0000	0.0000	0.0000	416
orig_I4	M0835	coverage	9	6.5100	0.0000	0.0000	0.0000	416
orig_I4	M0810	idf	37	7.5000	1.0000	0.4324	1.0000	427
orig_I4	M0810	coverage	37	7.5000	1.0000	0.3243	1.0000	427
orig_I4	M0434	idf	12	9.9300	1.0000	1.0000	1.0000	429
orig_I4	M0434	coverage	12	9.9300	1.0000	0.0833	1.0000	429
orig_I4	M0653	idf	23	5.3100	1.0000	0.0435	1.0000	402
orig_I4	M0653	coverage	23	5.3100	1.0000	0.0435	1.0000	402
orig_I4	M0205	idf	259	13.3600	1.0000	0.5946	1.0000	464
orig_I4	M0205	coverage	259	13.3600	1.0000	0.9035	1.0000	464
orig_I4	M0939	idf	13	1.3100	1.0000	0.6154	1.0000	382
orig_I4	M0939	coverage	13	1.3100	1.0000	0.5385	1.0000	382
orig_I4	M0918	idf	65	12.4800	1.0000	0.0308	1.0000	412
orig_I4	M0918	coverage	65	12.4800	1.0000	0.2923	1.0000	412
orig_I4	M0858	idf	351	4.8700	1.0000	0.1339	1.0000	459
orig_I4	M0858	coverage	351	4.8700	1.0000	0.8205	1.0000	459
orig_I4	M0420	idf	17	2.4600	1.0000	0.1765	1.0000	398
orig_I4	M0420	coverage	17	2.4600	1.0000	0.1176	1.0000	398
orig_I4	M0879	idf	15	5.7300	0.0000	0.0000	0.0000	411
orig_I4	M0879	coverage	15	5.7300	0.0000	0.0000	0.0000	411
orig_I4	M0371	idf	122	5.5400	1.0000	0.0574	1.0000	389
orig_I4	M0371	coverage	122	5.5400	0.0000	0.0000	1.0000	389
orig_I4	M0020	idf	115	13.8000	0.0000	0.0000	1.0000	468
orig_I4	M0020	coverage	115	13.8000	1.0000	0.0087	1.0000	468
orig_I4	M0855	idf	38	5.3700	1.0000	0.3947	1.0000	403
orig_I4	M0855	coverage	38	5.3700	1.0000	0.1579	1.0000	403
orig_I4	M0957	idf	186	10.9400	0.0000	0.0000	1.0000	486
orig_I4	M0957	coverage	186	10.9400	0.0000	0.0000	1.0000	486
orig_I4	M0505	idf	27	4.2700	1.0000	0.1111	1.0000	421
orig_I4	M0505	coverage	27	4.2700	1.0000	0.0741	1.0000	421
orig_I4	M0477	idf	70	4.6600	1.0000	0.4429	1.0000	443
orig_I4	M0477	coverage	70	4.6600	1.0000	0.5429	1.0000	443
orig_I4	M0829	idf	6	5.7100	1.0000	0.6667	1.0000	425
orig_I4	M0829	coverage	6	5.7100	0.0000	0.0000	1.0000	425
orig_I4	M0884	idf	19	6.4800	0.0000	0.0000	1.0000	422
orig_I4	M0884	coverage	19	6.4800	1.0000	0.5263	1.0000	422
orig_I4	M0384	idf	67	3.6200	1.0000	0.0448	1.0000	414
orig_I4	M0384	coverage	67	3.6200	1.0000	0.0149	1.0000	414
orig_I4	M0065	idf	53	4.9300	1.0000	0.4151	1.0000	414
orig_I4	M0065	coverage	53	4.9300	1.0000	0.3396	1.0000	414
orig_I4	M0123	idf	2	15.3700	1.0000	1.0000	1.0000	425
orig_I4	M0123	coverage	2	15.3700	0.0000	0.0000	1.0000	425
orig_I4	M0580	idf	9	6.3500	0.0000	0.0000	1.0000	396
orig_I4	M0580	coverage	9	6.3500	1.0000	0.3333	1.0000	396
orig_I4	M0033	idf	14	5.7900	1.0000	0.1429	1.0000	404
orig_I4	M0033	coverage	14	5.7900	0.0000	0.0000	1.0000	404
orig_I4	M0281	idf	1	11.4700	1.0000	1.0000	1.0000	413
orig_I4	M0281	coverage	1	11.4700	1.0000	1.0000	1.0000	413
orig_I4	M0544	idf	12	6.4500	1.0000	0.0833	1.0000	405
orig_I4	M0544	coverage	12	6.4500	1.0000	0.0833	1.0000	405
orig_I4	M0212	idf	83	28.5600	0.0000	0.0000	1.0000	443
orig_I4	M0212	coverage	83	28.5600	1.0000	0.4458	1.0000	443
orig_I4	M0426	idf	18	4.8800	1.0000	0.6111	1.0000	427
orig_I4	M0426	coverage	18	4.8800	1.0000	0.4444	1.0000	427
orig_I4	M0905	idf	198	3.3300	0.0000	0.0000	1.0000	404
orig_I4	M0905	coverage	198	3.3300	1.0000	0.0051	1.0000	404
orig_I4	M0843	idf	14	2.5500	0.0000	0.0000	1.0000	426
orig_I4	M0843	coverage	14	2.5500	1.0000	0.7143	1.0000	426
orig_I4	M0263	idf	24	5.0300	0.0000	0.0000	1.0000	424
orig_I4	M0263	coverage	24	5.0300	1.0000	0.2500	1.0000	424
orig_I4	M0697	idf	155	4.4600	0.0000	0.0000	1.0000	449
orig_I4	M0697	coverage	155	4.4600	1.0000	0.9355	1.0000	449
orig_I4	M0260	idf	21	6.1800	1.0000	0.9048	1.0000	407
orig_I4	M0260	coverage	21	6.1800	1.0000	0.4286	1.0000	407
orig_I4	M0379	idf	41	13.3100	1.0000	1.0000	1.0000	442
orig_I4	M0379	coverage	41	13.3100	1.0000	0.3171	1.0000	442
orig_I4	M0377	idf	189	13.3000	1.0000	0.0423	1.0000	470
orig_I4	M0377	coverage	189	13.3000	0.0000	0.0000	1.0000	470
orig_I4	M0547	idf	4	2.4300	1.0000	0.7500	1.0000	410
orig_I4	M0547	coverage	4	2.4300	1.0000	0.7500	1.0000	410
orig_I4	M0508	idf	6	9.5400	1.0000	1.0000	1.0000	418
orig_I4	M0508	coverage	6	9.5400	1.0000	0.1667	1.0000	418
orig_I4	M0401	idf	392	4.2400	0.0000	0.0000	1.0000	468
orig_I4	M0401	coverage	392	4.2400	0.0000	0.0000	1.0000	468
orig_I4	M0755	idf	11	2.6600	1.0000	0.5455	1.0000	421
orig_I4	M0755	coverage	11	2.6600	1.0000	0.1818	1.0000	421
orig_I4	M0458	idf	25	3.2300	0.0000	0.0000	1.0000	417
orig_I4	M0458	coverage	25	3.2300	1.0000	0.1600	1.0000	417
orig_I4	M0314	idf	45	28.3300	0.0000	0.0000	1.0000	432
orig_I4	M0314	coverage	45	28.3300	1.0000	0.0444	1.0000	432
orig_I4	M0210	idf	220	7.1800	1.0000	0.0091	1.0000	447
orig_I4	M0210	coverage	220	7.1800	0.0000	0.0000	1.0000	447
orig_I4	M0154	idf	62	4.5200	0.0000	0.0000	1.0000	408
orig_I4	M0154	coverage	62	4.5200	1.0000	0.8548	1.0000	408
orig_I4	M0502	idf	20	13.1700	1.0000	0.1500	1.0000	439
orig_I4	M0502	coverage	20	13.1700	0.0000	0.0000	1.0000	439
orig_I4	M0031	idf	290	7.9500	1.0000	0.1862	1.0000	455
orig_I4	M0031	coverage	290	7.9500	0.0000	0.0000	1.0000	455
orig_I4	M0178	idf	273	7.8400	0.0000	0.0000	1.0000	427
orig_I4	M0178	coverage	273	7.8400	0.0000	0.0000	1.0000	427
orig_I4	M0019	idf	21	12.1200	0.0000	0.0000	1.0000	433
orig_I4	M0019	coverage	21	12.1200	1.0000	0.7619	1.0000	433
orig_I4	M0125	idf	19	12.2200	1.0000	0.8947	1.0000	403
orig_I4	M0125	coverage	19	12.2200	1.0000	0.7368	1.0000	403
orig_I4	M0181	idf	8	13.2700	1.0000	0.2500	1.0000	427
orig_I4	M0181	coverage	8	13.2700	1.0000	0.1250	1.0000	427
orig_I4	M0466	idf	6	11.8900	1.0000	0.6667	1.0000	436
orig_I4	M0466	coverage	6	11.8900	0.0000	0.0000	1.0000	436
orig_I4	M0058	idf	37	5.1500	1.0000	0.0270	1.0000	438
orig_I4	M0058	coverage	37	5.1500	0.0000	0.0000	1.0000	438
orig_I4	M0683	idf	27	8.6500	1.0000	0.8889	1.0000	426
orig_I4	M0683	coverage	27	8.6500	1.0000	0.0741	1.0000	426
orig_I4	M0925	idf	22	4.2500	1.0000	0.0455	1.0000	401
orig_I4	M0925	coverage	22	4.2500	1.0000	0.0455	1.0000	401
orig_I4	M0081	idf	9	8.4500	1.0000	0.4444	1.0000	425
orig_I4	M0081	coverage	9	8.4500	1.0000	0.2222	1.0000	425
orig_I4	M0090	idf	60	16.9800	1.0000	0.9500	1.0000	456
orig_I4	M0090	coverage	60	16.9800	1.0000	0.0833	1.0000	456
orig_I4	M0429	idf	47	5.6500	1.0000	0.3404	1.0000	447
orig_I4	M0429	coverage	47	5.6500	1.0000	0.9362	1.0000	447
orig_I4	M0447	idf	2	5.1000	0.0000	0.0000	1.0000	411
orig_I4	M0447	coverage	2	5.1000	0.0000	0.0000	1.0000	411
orig_I4	M0768	idf	19	7.9400	1.0000	0.2632	1.0000	398
orig_I4	M0768	coverage	19	7.9400	1.0000	0.1579	1.0000	398
orig_I4	M0261	idf	19	6.1200	1.0000	0.0526	1.0000	370
orig_I4	M0261	coverage	19	6.1200	1.0000	0.2632	1.0000	370
orig_I4	M0234	idf	8	7.5700	1.0000	0.6250	1.0000	404
orig_I4	M0234	coverage	8	7.5700	0.0000	0.0000	1.0000	404
orig_I4	M0958	idf	236	9.8800	0.0000	0.0000	1.0000	490
orig_I4	M0958	coverage	236	9.8800	0.0000	0.0000	1.0000	490
orig_I4	M0387	idf	2048	5.2700	1.0000	0.0151	1.0000	466
orig_I4	M0387	coverage	2048	5.2700	0.0000	0.0000	1.0000	466
orig_I4	M0520	idf	440	6.0800	0.0000	0.0000	1.0000	447
orig_I4	M0520	coverage	440	6.0800	1.0000	0.0023	1.0000	447
orig_I4	M0910	idf	7	6.0700	1.0000	0.8571	1.0000	420
orig_I4	M0910	coverage	7	6.0700	1.0000	0.8571	1.0000	420
orig_I4	M0398	idf	36	10.2900	1.0000	1.0000	1.0000	440
orig_I4	M0398	coverage	36	10.2900	0.0000	0.0000	1.0000	440
orig_I4	M0040	idf	52	4.2200	0.0000	0.0000	1.0000	432
orig_I4	M0040	coverage	52	4.2200	0.0000	0.0000	1.0000	432
orig_I4	M0808	idf	3	4.1300	1.0000	1.0000	1.0000	378
orig_I4	M0808	coverage	3	4.1300	1.0000	1.0000	1.0000	378
orig_I4	M0781	idf	6	5.4900	1.0000	0.6667	1.0000	421
orig_I4	M0781	coverage	6	5.4900	1.0000	0.6667	1.0000	421
orig_I4	M0410	idf	30	12.6800	1.0000	0.0667	1.0000	390
orig_I4	M0410	coverage	30	12.6800	0.0000	0.0000	1.0000	390
orig_I4	M0250	idf	14	4.8500	1.0000	0.9286	1.0000	394
orig_I4	M0250	coverage	14	4.8500	1.0000	0.0714	1.0000	394
orig_I4	M0748	idf	19	1.5400	1.0000	0.4737	1.0000	342
orig_I4	M0748	coverage	19	1.5400	1.0000	1.0000	1.0000	342
orig_I4	M0515	idf	20	10.9300	1.0000	0.1000	1.0000	397
orig_I4	M0515	coverage	20	10.9300	1.0000	0.3000	1.0000	397
orig_I4	M0920	idf	21	7.7600	0.0000	0.0000	1.0000	431
orig_I4	M0920	coverage	21	7.7600	1.0000	0.2857	1.0000	431
orig_I4	M0655	idf	6	2.6700	0.0000	0.0000	1.0000	391
orig_I4	M0655	coverage	6	2.6700	1.0000	0.1667	1.0000	391
orig_I4	M0227	idf	38	6.1000	1.0000	0.2105	1.0000	438
orig_I4	M0227	coverage	38	6.1000	0.0000	0.0000	1.0000	438
orig_I4	M0272	idf	35	14.9500	1.0000	0.1143	1.0000	414
orig_I4	M0272	coverage	35	14.9500	1.0000	0.1143	1.0000	414
orig_I4	M0093	idf	10	6.3000	0.0000	0.0000	1.0000	410
orig_I4	M0093	coverage	10	6.3000	0.0000	0.0000	1.0000	410
orig_I4	M0625	idf	5	5.2300	0.0000	0.0000	1.0000	429
orig_I4	M0625	coverage	5	5.2300	0.0000	0.0000	1.0000	429
orig_I4	M0321	idf	19	5.5000	1.0000	0.5263	1.0000	381
orig_I4	M0321	coverage	19	5.5000	0.0000	0.0000	1.0000	381
orig_I4	M0048	idf	98	9.8100	1.0000	0.2143	1.0000	412
orig_I4	M0048	coverage	98	9.8100	1.0000	0.0204	1.0000	412
orig_I4	M0043	idf	20	11.6500	1.0000	1.0000	1.0000	439
orig_I4	M0043	coverage	20	11.6500	1.0000	0.6500	1.0000	439
orig_I4	M0900	idf	441	4.3400	0.0000	0.0000	1.0000	496
orig_I4	M0900	coverage	441	4.3400	0.0000	0.0000	1.0000	496
orig_I4	M0857	idf	12	7.1100	1.0000	0.5000	1.0000	403
orig_I4	M0857	coverage	12	7.1100	0.0000	0.0000	1.0000	403
orig_I4	M0964	idf	68	5.8200	1.0000	0.1029	1.0000	405
orig_I4	M0964	coverage	68	5.8200	1.0000	0.0294	1.0000	405
orig_I4	M0131	idf	36	11.1000	1.0000	0.6111	1.0000	421
orig_I4	M0131	coverage	36	11.1000	1.0000	0.9167	1.0000	421
orig_I4	M0754	idf	9	2.6700	1.0000	0.3333	1.0000	384
orig_I4	M0754	coverage	9	2.6700	1.0000	0.1111	1.0000	384
orig_I4	M0313	idf	17	2.8400	0.0000	0.0000	1.0000	417
orig_I4	M0313	coverage	17	2.8400	1.0000	0.7647	1.0000	417
orig_I4	M0092	idf	41	9.5600	1.0000	0.5610	1.0000	399
orig_I4	M0092	coverage	41	9.5600	1.0000	0.3415	1.0000	399
orig_I4	M0108	idf	3	6.3700	0.0000	0.0000	1.0000	389
orig_I4	M0108	coverage	3	6.3700	0.0000	0.0000	1.0000	389
orig_I4	M0139	idf	76	7.1000	0.0000	0.0000	1.0000	406
orig_I4	M0139	coverage	76	7.1000	0.0000	0.0000	1.0000	406
orig_I4	M0235	idf	17	2.7600	0.0000	0.0000	1.0000	406
orig_I4	M0235	coverage	17	2.7600	1.0000	0.1765	1.0000	406
orig_I4	M0444	idf	83	5.1500	1.0000	0.6145	1.0000	408
orig_I4	M0444	coverage	83	5.1500	1.0000	0.0120	1.0000	408
orig_I4	M0623	idf	16	4.7800	1.0000	1.0000	1.0000	453
orig_I4	M0623	coverage	16	4.7800	1.0000	1.0000	1.0000	453
orig_I4	M0919	idf	18	4.5400	1.0000	0.3333	1.0000	416
orig_I4	M0919	coverage	18	4.5400	0.0000	0.0000	1.0000	416
orig_I4	M0369	idf	82	5.2100	1.0000	0.0976	1.0000	405
orig_I4	M0369	coverage	82	5.2100	1.0000	0.1341	1.0000	405
orig_I4	M0253	idf	212	13.3400	1.0000	0.6604	1.0000	417
orig_I4	M0253	coverage	212	13.3400	1.0000	0.0613	1.0000	417
orig_I4	M0254	idf	17	26.8100	1.0000	1.0000	1.0000	444
orig_I4	M0254	coverage	17	26.8100	1.0000	0.7647	1.0000	444
orig_I4	M0301	idf	51	5.6900	1.0000	0.0196	1.0000	427
orig_I4	M0301	coverage	51	5.6900	0.0000	0.0000	1.0000	427
orig_I4	M0674	idf	31	4.1400	1.0000	0.0968	1.0000	402
orig_I4	M0674	coverage	31	4.1400	1.0000	0.2258	1.0000	402
orig_I4	M0100	idf	360	6.9000	0.0000	0.0000	1.0000	426
orig_I4	M0100	coverage	360	6.9000	0.0000	0.0000	1.0000	426
orig_I4	M0231	idf	13	6.3500	1.0000	0.9231	1.0000	384
orig_I4	M0231	coverage	13	6.3500	1.0000	0.3846	1.0000	384
orig_I4	M0816	idf	238	2.9100	0.0000	0.0000	1.0000	363
orig_I4	M0816	coverage	238	2.9100	0.0000	0.0000	1.0000	363
orig_I4	M0472	idf	94	10.7300	1.0000	0.9787	1.0000	447
orig_I4	M0472	coverage	94	10.7300	1.0000	0.4681	1.0000	447
orig_I4	M0962	idf	134	13.5700	0.0000	0.0000	1.0000	466
orig_I4	M0962	coverage	134	13.5700	1.0000	0.0299	1.0000	466
orig_I4	M0795	idf	79	8.1300	1.0000	0.2152	1.0000	380
orig_I4	M0795	coverage	79	8.1300	0.0000	0.0000	1.0000	380
orig_I4	M0727	idf	22	10.1200	1.0000	0.2727	1.0000	421
orig_I4	M0727	coverage	22	10.1200	1.0000	0.2727	1.0000	421
orig_I4	M0497	idf	15	12.7100	1.0000	0.7333	1.0000	417
orig_I4	M0497	coverage	15	12.7100	0.0000	0.0000	1.0000	417
orig_I4	M0338	idf	23	3.4600	1.0000	0.2609	1.0000	407
orig_I4	M0338	coverage	23	3.4600	1.0000	0.0435	1.0000	407
orig_I4	M0947	idf	43	5.2900	1.0000	0.6279	1.0000	376
orig_I4	M0947	coverage	43	5.2900	1.0000	0.5814	1.0000	376
orig_I4	M0163	idf	47	3.9900	1.0000	0.7447	1.0000	425
orig_I4	M0163	coverage	47	3.9900	1.0000	0.0426	1.0000	425
orig_I4	M0959	idf	155	11.1700	0.0000	0.0000	1.0000	486
orig_I4	M0959	coverage	155	11.1700	0.0000	0.0000	1.0000	486
orig_I4	M0433	idf	210	2.0600	0.0000	0.0000	1.0000	440
orig_I4	M0433	coverage	210	2.0600	0.0000	0.0000	1.0000	440
orig_I4	M0416	idf	4	11.4300	1.0000	1.0000	1.0000	427
orig_I4	M0416	coverage	4	11.4300	1.0000	0.7500	1.0000	427
orig_I4	M0850	idf	31	3.7200	1.0000	0.1290	1.0000	386
orig_I4	M0850	coverage	31	3.7200	1.0000	0.3548	1.0000	386
orig_I4	M0454	idf	14	5.5100	1.0000	1.0000	1.0000	427
orig_I4	M0454	coverage	14	5.5100	1.0000	0.7857	1.0000	427
orig_I4	M0351	idf	24	6.1800	0.0000	0.0000	1.0000	388
orig_I4	M0351	coverage	24	6.1800	1.0000	0.4583	1.0000	388
orig_I4	M0425	idf	2084	3.4700	0.0000	0.0000	1.0000	453
orig_I4	M0425	coverage	2084	3.4700	1.0000	0.0005	1.0000	453
orig_I4	M0067	idf	39	5.2000	1.0000	0.1795	1.0000	417
orig_I4	M0067	coverage	39	5.2000	0.0000	0.0000	1.0000	417
orig_I4	M0550	idf	20	5.1000	0.0000	0.0000	1.0000	384
orig_I4	M0550	coverage	20	5.1000	0.0000	0.0000	1.0000	384
orig_I4	M0792	idf	10	2.6200	0.0000	0.0000	1.0000	404
orig_I4	M0792	coverage	10	2.6200	0.0000	0.0000	1.0000	404
orig_I4	M0961	idf	144	11.6000	0.0000	0.0000	1.0000	482
orig_I4	M0961	coverage	144	11.6000	1.0000	0.0208	1.0000	482
orig_I4	M0109	idf	207	8.5300	1.0000	0.5169	1.0000	447
orig_I4	M0109	coverage	207	8.5300	1.0000	0.3575	1.0000	447
orig_I4	M0257	idf	222	11.4200	1.0000	0.8423	1.0000	454
orig_I4	M0257	coverage	222	11.4200	1.0000	0.0045	1.0000	454
orig_I4	M0789	idf	51	3.7000	1.0000	0.0588	1.0000	394
orig_I4	M0789	coverage	51	3.7000	1.0000	0.5294	1.0000	394
orig_I4	M0363	idf	64	3.5200	0.0000	0.0000	1.0000	419
orig_I4	M0363	coverage	64	3.5200	0.0000	0.0000	1.0000	419
orig_I4	M0391	idf	14	3.8000	0.0000	0.0000	1.0000	423
orig_I4	M0391	coverage	14	3.8000	1.0000	0.0714	1.0000	423
orig_I4	M0826	idf	21	5.0200	0.0000	0.0000	1.0000	448
orig_I4	M0826	coverage	21	5.0200	1.0000	0.8571	1.0000	448
orig_I4	M0952	idf	5	2.5900	1.0000	0.6000	1.0000	432
orig_I4	M0952	coverage	5	2.5900	1.0000	0.2000	1.0000	432
orig_I4	M0117	idf	100	5.4900	0.0000	0.0000	1.0000	447
orig_I4	M0117	coverage	100	5.4900	1.0000	0.0100	1.0000	447
orig_I4	M0854	idf	122	6.6800	0.0000	0.0000	1.0000	413
orig_I4	M0854	coverage	122	6.6800	1.0000	0.0164	1.0000	413
orig_I4	M0881	idf	155	7.1500	1.0000	0.8581	1.0000	416
orig_I4	M0881	coverage	155	7.1500	1.0000	0.7290	1.0000	416
orig_I4	M0874	idf	1	4.0500	0.0000	0.0000	1.0000	406
orig_I4	M0874	coverage	1	4.0500	0.0000	0.0000	1.0000	406
orig_I4	M0597	idf	27	3.6000	1.0000	0.1852	1.0000	413
orig_I4	M0597	coverage	27	3.6000	1.0000	0.4444	1.0000	413
orig_I4	M0070	idf	159	5.0300	0.0000	0.0000	1.0000	422
orig_I4	M0070	coverage	159	5.0300	0.0000	0.0000	1.0000	422
orig_I4	M0423	idf	94	6.3700	0.0000	0.0000	1.0000	399
orig_I4	M0423	coverage	94	6.3700	0.0000	0.0000	1.0000	399
orig_I4	M0266	idf	35	7.6600	1.0000	0.6286	1.0000	421
orig_I4	M0266	coverage	35	7.6600	1.0000	0.3429	1.0000	421
orig_I4	M0262	idf	19	12.4100	1.0000	1.0000	1.0000	390
orig_I4	M0262	coverage	19	12.4100	1.0000	0.9474	1.0000	390
orig_I4	M0806	idf	3	3.1100	0.0000	0.0000	1.0000	452
orig_I4	M0806	coverage	3	3.1100	1.0000	0.3333	1.0000	452
orig_I4	M0937	idf	31	4.8800	0.0000	0.0000	1.0000	387
orig_I4	M0937	coverage	31	4.8800	1.0000	0.2581	1.0000	387
orig_I4	M0066	idf	57	5.1100	1.0000	0.0877	1.0000	407
orig_I4	M0066	coverage	57	5.1100	1.0000	0.2456	1.0000	407
orig_I4	M0462	idf	48	6.0300	1.0000	0.9375	1.0000	398
orig_I4	M0462	coverage	48	6.0300	0.0000	0.0000	1.0000	398
orig_I4	M0380	idf	21	7.7800	1.0000	0.1905	1.0000	422
orig_I4	M0380	coverage	21	7.7800	1.0000	0.0952	1.0000	422
orig_I4	M0403	idf	16	4.8800	1.0000	0.7500	1.0000	457
orig_I4	M0403	coverage	16	4.8800	1.0000	0.3125	1.0000	457
orig_I4	M0141	idf	25	27.6100	1.0000	0.1200	1.0000	428
orig_I4	M0141	coverage	25	27.6100	1.0000	0.1200	1.0000	428
orig_I4	M0237	idf	555	4.9600	0.0000	0.0000	1.0000	400
orig_I4	M0237	coverage	555	4.9600	1.0000	0.0306	1.0000	400
orig_I4	M0642	idf	24	5.2100	1.0000	0.1667	1.0000	407
orig_I4	M0642	coverage	24	5.2100	1.0000	0.2917	1.0000	407
orig_I4	M0142	idf	13	4.1800	1.0000	0.2308	1.0000	425
orig_I4	M0142	coverage	13	4.1800	1.0000	0.3077	1.0000	425
orig_I4	M0798	idf	2073	5.6400	0.0000	0.0000	1.0000	489
orig_I4	M0798	coverage	2073	5.6400	0.0000	0.0000	1.0000	489
orig_I4	M0574	idf	111	13.0600	1.0000	0.2703	1.0000	428
orig_I4	M0574	coverage	111	13.0600	1.0000	0.4595	1.0000	428
orig_I4	M0663	idf	96	3.3500	1.0000	0.0833	1.0000	433
orig_I4	M0663	coverage	96	3.3500	1.0000	0.1354	1.0000	433
orig_I4	M0348	idf	165	9.4900	0.0000	0.0000	1.0000	489
orig_I4	M0348	coverage	165	9.4900	0.0000	0.0000	1.0000	489
orig_I4	M0353	idf	11	3.0400	1.0000	0.0909	1.0000	396
orig_I4	M0353	coverage	11	3.0400	1.0000	0.8182	1.0000	396
orig_I4	M0028	idf	19	7.1500	1.0000	1.0000	1.0000	419
orig_I4	M0028	coverage	19	7.1500	1.0000	1.0000	1.0000	419
orig_I4	M0308	idf	172	13.6300	1.0000	1.0000	1.0000	452
orig_I4	M0308	coverage	172	13.6300	1.0000	0.8663	1.0000	452
orig_I4	M0860	idf	6	5.9000	0.0000	0.0000	1.0000	423
orig_I4	M0860	coverage	6	5.9000	0.0000	0.0000	1.0000	423
orig_I4	M0188	idf	117	4.6000	0.0000	0.0000	1.0000	378
orig_I4	M0188	coverage	117	4.6000	1.0000	0.0085	1.0000	378
orig_I4	M0003	idf	94	2.8900	0.0000	0.0000	1.0000	420
orig_I4	M0003	coverage	94	2.8900	0.0000	0.0000	1.0000	420
orig_I4	M0906	idf	265	2.9400	0.0000	0.0000	1.0000	474
orig_I4	M0906	coverage	265	2.9400	1.0000	0.6604	1.0000	474
orig_I4	M0590	idf	19	4.9400	1.0000	0.0526	1.0000	431
orig_I4	M0590	coverage	19	4.9400	1.0000	0.1053	1.0000	431
orig_I4	M0293	idf	60	5.4800	1.0000	0.2833	1.0000	426
orig_I4	M0293	coverage	60	5.4800	1.0000	0.3667	1.0000	426
orig_I4	M0651	idf	56	2.9500	0.0000	0.0000	1.0000	430
orig_I4	M0651	coverage	56	2.9500	0.0000	0.0000	1.0000	430
orig_I4	M0297	idf	17	1.3100	0.0000	0.0000	0.0000	376
orig_I4	M0297	coverage	17	1.3100	0.0000	0.0000	0.0000	376
orig_I4	M0194	idf	63	13.3000	1.0000	0.9365	1.0000	419
orig_I4	M0194	coverage	63	13.3000	1.0000	0.1905	1.0000	419
orig_I4	M0589	idf	26	3.3600	1.0000	0.1154	1.0000	401
orig_I4	M0589	coverage	26	3.3600	0.0000	0.0000	1.0000	401
orig_I4	M0669	idf	10	4.1100	0.0000	0.0000	1.0000	407
orig_I4	M0669	coverage	10	4.1100	0.0000	0.0000	1.0000	407
orig_I4	M0742	idf	2	5.9500	1.0000	1.0000	1.0000	387
orig_I4	M0742	coverage	2	5.9500	0.0000	0.0000	1.0000	387
orig_I4	M0298	idf	164	5.7600	0.0000	0.0000	1.0000	451
orig_I4	M0298	coverage	164	5.7600	0.0000	0.0000	1.0000	451
orig_I4	M0440	idf	43	7.0200	1.0000	0.3953	1.0000	410
orig_I4	M0440	coverage	43	7.0200	0.0000	0.0000	1.0000	410
orig_I4	M0386	idf	4	11.5700	1.0000	1.0000	1.0000	407
orig_I4	M0386	coverage	4	11.5700	1.0000	1.0000	1.0000	407
orig_I4	M0087	idf	50	9.7900	1.0000	1.0000	1.0000	437
orig_I4	M0087	coverage	50	9.7900	1.0000	0.2600	1.0000	437
