config	query	hits	result_len	answer_len	tp	fp	fn	precision	sens_at_1fp	runtime	max_rss_kb
master	M0003	6000	1935	95	19	1	76	0.9500	0.2000	2.30	65656
master	M0010	6000	1844	15	14	1	1	0.9333	0.9333	2.52	86088
master	M0019	6000	1703	22	22	1	0	0.9565	1.0000	3.10	82592
master	M0020	6000	1658	120	104	1	16	0.9905	0.8667	2.22	125444
master	M0028	6000	1479	22	20	1	2	0.9524	0.9091	2.19	84216
master	M0031	6000	1845	321	256	1	65	0.9961	0.7975	3.09	77844
master	M0033	6000	1842	15	3	1	12	0.7500	0.2000	2.78	156208
master	M0040	6000	1831	61	10	1	51	0.9091	0.1639	3.44	121316
master	M0043	6000	1881	22	21	1	1	0.9545	0.9545	15.28	115260
master	M0044	6000	1939	75	66	1	9	0.9851	0.8800	30.07	298112
master	M0048	6000	1658	104	71	1	33	0.9861	0.6827	3.32	99808
master	M0054	5581	1829	46	34	1	12	0.9714	0.7391	3.91	55376
master	M0058	6000	1658	42	7	1	35	0.8750	0.1667	3.80	186764
master	M0065	6000	2394	56	36	1	20	0.9730	0.6429	2.01	86848
master	M0066	6000	2408	60	17	1	43	0.9444	0.2833	2.05	79400
master	M0067	6000	1869	42	13	1	29	0.9286	0.3095	2.63	79392
master	M0070	2980	799	172	8	1	164	0.8889	0.0465	1.48	70544
master	M0075	6000	1808	3	2	1	1	0.6667	0.6667	5.21	187612
master	M0076	6000	1772	102	37	1	65	0.9737	0.3627	2.45	57120
master	M0077	6000	1616	108	56	1	52	0.9825	0.5185	1.42	62436
master	M0081	6000	1713	10	5	1	5	0.8333	0.5000	5.51	216436
master	M0085	6000	1758	12	9	1	3	0.9000	0.7500	3.70	203304
master	M0087	6000	1815	72	64	1	8	0.9846	0.8889	15.40	113816
master	M0090	6000	1897	61	60	1	1	0.9836	0.9836	39.26	238636
master	M0092	6000	2229	43	40	1	3	0.9756	0.9302	4.11	101112
master	M0093	4421	1272	24	24	1	0	0.9600	1.0000	2.73	81068
master	M0096	3668	1162	24	0	1	24	0.0000	0.0000	1.83	77520
master	M0100	6000	1245	381	131	1	250	0.9924	0.3438	2.34	70068
master	M0104	6000	1526	12	5	1	7	0.8333	0.4167	5.36	199040
master	M0107	6000	2203	78	6	1	72	0.8571	0.0769	3.24	91276
master	M0108	6000	1675	178	1	1	177	0.5000	0.0056	2.34	77216
master	M0109	6000	1891	212	147	1	65	0.9932	0.6934	3.77	110928
master	M0111	6000	1869	11	3	1	8	0.7500	0.2727	3.74	155784
master	M0117	5893	2288	121	47	1	74	0.9792	0.3884	2.12	84080
master	M0118	6000	1834	108	89	1	19	0.9889	0.8241	4.40	63864
master	M0121	6000	1785	55	8	1	47	0.8889	0.1455	2.97	116664
master	M0122	6000	1898	29	19	1	10	0.9500	0.6552	2.34	63656
master	M0123	6000	1647	29	7	1	22	0.8750	0.2414	4.36	216528
master	M0125	6000	1844	40	37	1	3	0.9737	0.9250	1.95	65276
master	M0131	6000	2074	48	37	1	11	0.9737	0.7708	1.81	70540
master	M0134	6000	2214	56	52	1	4	0.9811	0.9286	2.44	58248
master	M0136	6000	1783	11	10	1	1	0.9091	0.9091	22.68	140972
master	M0139	4585	1351	78	24	1	54	0.9600	0.3077	2.92	95800
master	M0141	6000	1769	27	5	1	22	0.8333	0.1852	28.84	218320
master	M0142	6000	1946	15	7	1	8	0.8750	0.4667	2.44	87444
master	M0154	2933	1051	63	46	1	17	0.9787	0.7302	2.00	52384
master	M0159	6000	1912	161	131	1	30	0.9924	0.8137	2.67	176052
master	M0163	6000	2064	55	51	1	4	0.9808	0.9273	2.64	67200
master	M0172	6000	2089	20	9	1	11	0.9000	0.4500	1.71	59176
master	M0175	6000	3090	830	13	1	817	0.9286	0.0157	2.03	75188
master	M0178	6000	1861	303	129	1	174	0.9923	0.4257	2.73	250824
master	M0181	6000	1623	9	8	1	1	0.8889	0.8889	28.52	215960
master	M0188	6000	1579	120	8	1	112	0.8889	0.0667	1.80	63748
master	M0194	6000	1806	70	41	1	29	0.9762	0.5857	3.66	118368
master	M0201	6000	1611	45	9	1	36	0.9000	0.2000	2.42	98048
master	M0202	1818	484	1	1	1	0	0.5000	1.0000	1.19	156436
master	M0205	6000	2018	263	252	1	11	0.9960	0.9582	3.26	124408
master	M0206	6000	1732	80	52	1	28	0.9811	0.6500	35.98	180632
master	M0210	6000	1708	224	13	1	211	0.9286	0.0580	2.38	56696
master	M0212	6000	1804	97	58	1	39	0.9831	0.5979	3.44	186456
master	M0216	6000	2774	1167	1148	1	19	0.9991	0.9837	1.40	77528
master	M0227	6000	1694	40	10	1	30	0.9091	0.2500	2.16	100248
master	M0228	6000	2506	122	16	1	106	0.9412	0.1311	2.52	103404
master	M0231	6000	2049	16	16	1	0	0.9412	1.0000	2.16	180368
master	M0234	6000	2212	19	5	1	14	0.8333	0.2632	4.58	94708
master	M0235	2591	664	18	1	1	17	0.5000	0.0556	0.91	46216
master	M0237	6000	787	616	89	1	527	0.9889	0.1445	2.15	118264
master	M0243	6000	1773	14	14	1	0	0.9333	1.0000	2.33	149628
master	M0250	6000	1828	15	15	1	0	0.9375	1.0000	1.59	58504
master	M0253	6000	1923	240	118	1	122	0.9916	0.4917	33.34	166668
master	M0254	6000	1833	19	19	1	0	0.9500	1.0000	26.24	250172
master	M0257	6000	2022	256	210	1	46	0.9953	0.8203	3.23	103676
master	M0260	6000	2124	22	22	1	0	0.9565	1.0000	3.91	138776
master	M0261	6000	2049	23	16	1	7	0.9412	0.6957	2.01	62148
master	M0262	6000	1871	20	20	1	0	0.9524	1.0000	7.31	167628
master	M0263	6000	2106	51	6	1	45	0.8571	0.1176	2.01	74560
master	M0266	6000	1551	47	41	1	6	0.9762	0.8723	3.58	106012
master	M0272	6000	1705	45	28	1	17	0.9655	0.6222	3.35	92744
master	M0278	2294	999	105	56	1	49	0.9825	0.5333	0.98	46656
master	M0281	6000	2075	3	2	1	1	0.6667	0.6667	2.80	99532
master	M0293	6000	1751	62	28	1	34	0.9655	0.4516	2.33	81396
master	M0294	6000	1551	116	104	1	12	0.9905	0.8966	21.93	207788
master	M0297	3582	1036	18	1	1	17	0.5000	0.0556	1.43	46716
master	M0298	6000	1498	366	1	1	365	0.5000	0.0027	2.49	83516
master	M0301	6000	2122	52	11	1	41	0.9167	0.2115	2.33	62272
master	M0308	6000	1736	174	174	1	0	0.9943	1.0000	23.91	159248
master	M0311	6000	1144	84	84	1	0	0.9882	1.0000	35.13	157304
master	M0313	6000	1483	19	12	1	7	0.9231	0.6316	3.49	62280
master	M0314	6000	1450	48	4	1	44	0.8000	0.0833	7.28	137164
master	M0321	6000	2086	25	8	1	17	0.8889	0.3200	2.02	74148
master	M0334	6000	1683	23	23	1	0	0.9583	1.0000	3.02	68620
master	M0338	6000	1871	28	0	1	28	0.0000	0.0000	5.16	123760
master	M0346	6000	1676	143	14	1	129	0.9333	0.0979	1.76	104240
master	M0348	6000	261	180	66	1	114	0.9851	0.3667	3.49	108304
master	M0351	4347	831	26	15	1	11	0.9375	0.5769	1.14	55988
master	M0353	6000	1671	14	6	1	8	0.8571	0.4286	4.24	117792
master	M0357	2313	756	6	3	1	3	0.7500	0.5000	1.77	56452
master	M0358	6000	1814	1	1	1	0	0.5000	1.0000	27.11	137276
master	M0363	6000	2056	66	3	1	63	0.7500	0.0455	1.92	60648
master	M0369	6000	2099	87	28	1	59	0.9655	0.3218	2.88	114892
master	M0371	6000	2043	123	14	1	109	0.9333	0.1138	1.65	87112
master	M0376	6000	1690	42	30	1	12	0.9677	0.7143	2.16	84040
master	M0377	6000	266	215	18	1	197	0.9474	0.0837	26.68	133208
master	M0379	6000	1691	121	30	1	91	0.9677	0.2479	28.16	162496
master	M0380	6000	1952	27	16	1	11	0.9412	0.5926	2.15	80676
master	M0381	4142	1358	76	44	1	32	0.9778	0.5789	1.02	48784
master	M0383	6000	1938	131	77	1	54	0.9872	0.5878	4.07	96448
master	M0384	6000	2062	107	2	1	105	0.6667	0.0187	1.72	82084
master	M0386	6000	1796	5	5	1	0	0.8333	1.0000	28.37	232756
master	M0387	6000	1468	2182	0	1	2182	0.0000	0.0000	1.12	59856
master	M0391	6000	2105	15	8	1	7	0.8889	0.5333	1.65	54648
master	M0398	6000	1875	37	1	1	36	0.5000	0.0270	14.66	104324
master	M0401	6000	1549	396	4	1	392	0.8000	0.0101	4.32	108376
master	M0403	6000	2193	17	13	1	4	0.9286	0.7647	1.67	80872
master	M0410	6000	1907	34	8	1	26	0.8889	0.2353	3.46	118312
master	M0412	6000	1479	61	7	1	54	0.8750	0.1148	2.83	77812
master	M0414	6000	1811	83	52	1	31	0.9811	0.6265	2.31	63116
master	M0416	6000	1998	5	5	1	0	0.8333	1.0000	18.36	141292
master	M0420	6000	2113	18	6	1	12	0.8571	0.3333	1.80	81860
master	M0423	6000	1681	99	1	1	98	0.5000	0.0101	2.36	122232
master	M0425	6000	1672	2202	21	1	2181	0.9545	0.0095	1.40	63164
master	M0426	6000	1943	20	19	1	1	0.9500	0.9500	1.82	76292
master	M0428	6000	1388	11	7	1	4	0.8750	0.6364	4.50	101156
master	M0429	6000	1842	48	18	1	30	0.9474	0.3750	4.34	85840
master	M0431	6000	2072	4	4	1	0	0.8000	1.0000	1.81	78256
master	M0433	6000	1820	214	0	1	214	0.0000	0.0000	4.94	73324
master	M0434	6000	1765	13	1	1	12	0.5000	0.0769	14.72	120636
master	M0435	6000	1715	88	11	1	77	0.9167	0.1250	35.20	382392
master	M0440	6000	1768	50	25	1	25	0.9615	0.5000	4.89	96876
master	M0444	6000	2501	84	55	1	29	0.9821	0.6548	1.47	76156
master	M0447	6000	1903	6	3	1	3	0.7500	0.5000	2.76	106240
master	M0448	6000	1847	8	1	1	7	0.5000	0.1250	2.55	67212
master	M0453	6000	1743	66	39	1	27	0.9750	0.5909	3.79	209280
master	M0454	6000	1633	15	12	1	3	0.9231	0.8000	2.68	77284
master	M0456	1809	710	18	2	1	16	0.6667	0.1111	1.01	52588
master	M0458	6000	1991	26	10	1	16	0.9091	0.3846	2.13	51948
master	M0462	6000	1880	50	39	1	11	0.9750	0.7800	2.12	83468
master	M0466	6000	1883	194	14	1	180	0.9333	0.0722	23.23	169000
master	M0472	6000	1846	97	93	1	4	0.9894	0.9588	28.76	124164
master	M0477	6000	2038	72	47	1	25	0.9792	0.6528	1.70	61080
master	M0484	6000	1984	102	102	1	0	0.9903	1.0000	20.17	146432
master	M0488	6000	1613	7	7	1	0	0.8750	1.0000	16.06	106284
master	M0497	6000	1797	16	14	1	2	0.9333	0.8750	18.37	87912
master	M0502	6000	1700	129	6	1	123	0.8571	0.0465	15.02	127272
master	M0505	6000	1937	28	3	1	25	0.7500	0.1071	2.40	99720
master	M0506	6000	1915	117	68	1	49	0.9855	0.5812	3.25	82608
master	M0508	6000	1848	8	8	1	0	0.8889	1.0000	4.72	123148
master	M0510	6000	2019	63	3	1	60	0.7500	0.0476	3.27	67624
master	M0515	6000	2129	21	11	1	10	0.9167	0.5238	2.90	60864
master	M0519	6000	1694	20	18	1	2	0.9474	0.9000	37.36	228156
master	M0520	6000	1553	446	329	1	117	0.9970	0.7377	2.68	164456
master	M0544	6000	1856	14	10	1	4	0.9091	0.7143	1.79	68744
master	M0545	6000	1900	20	7	1	13	0.8750	0.3500	3.01	75044
master	M0547	6000	2305	8	4	1	4	0.8000	0.5000	2.76	98136
master	M0550	6000	2257	21	5	1	16	0.8333	0.2381	5.60	113556
master	M0563	672	240	32	0	1	32	0.0000	0.0000	0.37	44500
master	M0564	6000	1418	400	0	1	400	0.0000	0.0000	1.98	80500
master	M0565	4114	2009	14	3	1	11	0.7500	0.2143	2.47	76444
master	M0574	6000	1648	134	15	1	119	0.9375	0.1119	1.70	65228
master	M0580	6000	2101	10	6	1	4	0.8571	0.6000	2.70	85328
master	M0589	6000	2030	69	4	1	65	0.8000	0.0580	1.88	61352
master	M0590	6000	1831	20	3	1	17	0.7500	0.1500	2.24	79184
master	M0597	6000	1942	28	14	1	14	0.9333	0.5000	2.28	59696
master	M0600	6000	1848	79	36	1	43	0.9730	0.4557	2.13	105768
master	M0609	6000	1429	86	9	1	77	0.9000	0.1047	1.32	50436
master	M0612	6000	1547	92	63	1	29	0.9844	0.6848	7.21	88720
master	M0616	6000	1918	6	5	1	1	0.8333	0.8333	2.41	128228
master	M0623	6000	2182	17	16	1	1	0.9412	0.9412	2.08	85736
master	M0625	4128	1264	9	2	1	7	0.6667	0.2222	3.04	55792
master	M0634	6000	1329	10	6	1	4	0.8571	0.6000	4.84	88872
master	M0636	6000	1635	17	7	1	10	0.8750	0.4118	1.46	46836
master	M0642	3929	1303	31	0	1	31	0.0000	0.0000	1.12	50016
master	M0651	6000	1974	65	7	1	58	0.8750	0.1077	1.94	102624
master	M0653	6000	1822	26	4	1	22	0.8000	0.1538	2.63	89752
master	M0655	4502	1458	7	3	1	4	0.7500	0.4286	2.88	207732
master	M0658	6000	1881	13	3	1	10	0.7500	0.2308	1.83	57488
master	M0663	6000	1590	97	9	1	88	0.9000	0.0928	2.59	106716
master	M0669	6000	1972	11	0	1	11	0.0000	0.0000	3.24	159200
master	M0674	6000	1620	38	4	1	34	0.8000	0.1053	2.95	53232
master	M0682	4224	722	329	4	1	325	0.8000	0.0122	1.00	51828
master	M0683	6000	1920	30	26	1	4	0.9630	0.8667	2.87	71052
master	M0693	6000	1613	412	6	1	406	0.8571	0.0146	2.25	72380
master	M0697	2641	570	156	6	1	150	0.8571	0.0385	0.90	64608
master	M0709	6000	2260	351	3	1	348	0.7500	0.0085	2.00	56564
master	M0727	6000	1701	24	8	1	16	0.8889	0.3333	3.00	85556
master	M0732	6000	1837	20	5	1	15	0.8333	0.2500	2.36	101884
master	M0734	6000	1766	10	2	1	8	0.6667	0.2000	2.67	79672
master	M0736	6000	2007	4	3	1	1	0.7500	0.7500	7.38	72004
master	M0738	6000	1646	16	4	1	12	0.8000	0.2500	3.14	77496
master	M0742	3621	1081	3	3	1	0	0.7500	1.0000	2.36	56712
master	M0748	6000	1796	20	19	1	1	0.9500	0.9500	2.30	54600
master	M0752	6000	2012	9	8	1	1	0.8889	0.8889	2.19	75252
master	M0754	6000	2030	13	4	1	9	0.8000	0.3077	2.13	51296
master	M0755	6000	1903	12	7	1	5	0.8750	0.5833	2.05	69948
master	M0759	6000	1900	80	15	1	65	0.9375	0.1875	3.11	132728
master	M0768	6000	1821	237	15	1	222	0.9375	0.0633	2.33	58652
master	M0771	3219	852	285	5	1	280	0.8333	0.0175	1.79	59624
master	M0781	6000	2178	8	6	1	2	0.8571	0.7500	4.59	175752
master	M0789	4536	1296	62	23	1	39	0.9583	0.3710	1.97	62440
master	M0792	6000	1737	11	1	1	10	0.5000	0.0909	4.31	119128
master	M0795	6000	1961	80	20	1	60	0.9524	0.2500	5.89	146368
master	M0798	6000	1469	2197	19	1	2178	0.9500	0.0086	1.14	54552
master	M0806	6000	1858	5	1	1	4	0.5000	0.2000	1.84	77496
master	M0808	6000	1826	5	4	1	1	0.8000	0.8000	2.47	91748
master	M0810	6000	2044	38	15	1	23	0.9375	0.3947	2.81	90684
master	M0815	6000	1206	243	151	1	92	0.9934	0.6214	2.42	65524
master	M0816	6000	1632	242	13	1	229	0.9286	0.0537	2.42	64396
master	M0819	5889	1641	26	16	1	10	0.9412	0.6154	3.06	53684
master	M0822	6000	1889	3	2	1	1	0.6667	0.6667	3.07	142016
master	M0826	6000	1618	22	3	1	19	0.7500	0.1364	2.17	171628
master	M0829	6000	1923	7	5	1	2	0.8333	0.7143	2.47	163224
master	M0835	6000	1845	62	14	1	48	0.9333	0.2258	3.10	67444
master	M0843	3886	1240	17	9	1	8	0.9000	0.5294	1.68	108480
master	M0850	6000	1724	40	12	1	28	0.9231	0.3000	2.80	217920
master	M0851	437	185	24	2	1	22	0.6667	0.0833	0.26	45920
master	M0854	6000	1490	136	6	1	130	0.8571	0.0441	2.69	95008
master	M0855	6000	1924	55	10	1	45	0.9091	0.1818	3.37	80536
master	M0857	6000	1868	13	3	1	10	0.7500	0.2308	1.81	90352
master	M0858	6000	1893	353	275	1	78	0.9964	0.7790	2.36	75980
master	M0860	3585	1038	14	3	1	11	0.7500	0.2143	1.69	60516
master	M0862	6000	2009	21	10	1	11	0.9091	0.4762	2.17	61872
master	M0869	6000	1812	6	5	1	1	0.8333	0.8333	2.10	56808
master	M0874	6000	1807	4	3	1	1	0.7500	0.7500	1.80	55128
master	M0879	1869	604	38	6	1	32	0.8571	0.1579	0.96	46644
master	M0881	6000	2189	157	153	1	4	0.9935	0.9745	2.57	66088
master	M0884	6000	1727	24	19	1	5	0.9500	0.7917	1.85	76708
master	M0885	6000	1560	17	4	1	13	0.8000	0.2353	30.15	150904
master	M0895	6000	1393	131	5	1	126	0.8333	0.0382	2.32	161272
master	M0900	5256	1352	448	336	1	112	0.9970	0.7500	2.36	158912
master	M0905	6000	1618	231	0	1	231	0.0000	0.0000	3.09	73664
master	M0906	6000	2227	266	37	1	229	0.9737	0.1391	1.80	69400
master	M0908	6000	1831	79	6	1	73	0.8571	0.0759	2.13	81212
master	M0910	6000	2170	8	8	1	0	0.8889	1.0000	2.55	82900
master	M0916	6000	1779	1	0	1	1	0.0000	0.0000	1.75	51692
master	M0918	6000	1601	140	64	1	76	0.9846	0.4571	2.49	195384
master	M0919	6000	1855	19	11	1	8	0.9167	0.5789	2.03	54932
master	M0920	2137	676	39	11	1	28	0.9167	0.2821	1.43	64164
master	M0925	6000	2028	24	2	1	22	0.6667	0.0833	1.68	75944
master	M0931	6000	2081	74	49	1	25	0.9800	0.6622	4.74	63060
master	M0937	6000	1793	32	2	1	30	0.6667	0.0625	2.31	58260
master	M0939	6000	2376	27	7	1	20	0.8750	0.2593	2.95	118628
master	M0940	6000	453	122	11	1	111	0.9167	0.0902	3.21	97736
master	M0947	6000	1495	68	4	1	64	0.8000	0.0588	5.66	102312
master	M0952	6000	1699	89	4	1	85	0.8000	0.0449	4.09	101452
master	M0957	6000	534	223	25	1	198	0.9615	0.1121	3.16	81648
master	M0958	6000	573	243	54	1	189	0.9818	0.2222	3.56	78904
master	M0959	6000	452	178	11	1	167	0.9167	0.0618	4.29	149208
master	M0961	6000	174	155	7	1	148	0.8750	0.0452	3.93	106104
master	M0962	6000	208	147	11	1	136	0.9167	0.0748	2.27	84192
master	M0964	6000	1791	69	7	1	62	0.8750	0.1014	2.54	87420
default	M0003	6000	1934	95	19	1	76	0.9500	0.2000	1.76	58504
default	M0010	6000	2152	15	14	1	1	0.9333	0.9333	2.21	76840
default	M0019	6000	1552	22	22	1	0	0.9565	1.0000	2.94	80088
default	M0020	6000	1782	120	102	1	18	0.9903	0.8500	2.07	127848
default	M0028	6000	1316	22	20	1	2	0.9524	0.9091	2.45	83944
default	M0031	6000	2030	321	274	1	47	0.9964	0.8536	1.92	75216
default	M0033	6000	1831	15	10	1	5	0.9091	0.6667	2.13	152788
default	M0040	6000	1832	61	13	1	48	0.9286	0.2131	2.25	119448
default	M0043	6000	1785	22	20	1	2	0.9524	0.9091	2.79	113012
default	M0044	6000	1946	75	63	1	12	0.9844	0.8400	8.18	310424
default	M0048	6000	1652	104	69	1	35	0.9857	0.6635	3.09	98880
default	M0054	5581	1829	46	36	1	10	0.9730	0.7826	2.67	54188
default	M0058	6000	1591	42	11	1	31	0.9167	0.2619	3.94	166424
default	M0065	6000	2055	56	41	1	15	0.9762	0.7321	1.76	90124
default	M0066	6000	2426	60	18	1	42	0.9474	0.3000	2.09	80648
default	M0067	6000	1748	42	12	1	30	0.9231	0.2857	2.56	82096
default	M0070	2980	799	172	8	1	164	0.8889	0.0465	1.13	69696
default	M0075	6000	1960	3	2	1	1	0.6667	0.6667	4.94	167688
default	M0076	6000	1778	102	38	1	64	0.9744	0.3725	2.30	61532
default	M0077	6000	1592	108	71	1	37	0.9861	0.6574	1.13	60844
default	M0081	6000	1776	10	8	1	2	0.8889	0.8000	5.29	260976
default	M0085	6000	1750	12	11	1	1	0.9167	0.9167	3.33	203480
default	M0087	6000	1808	72	64	1	8	0.9846	0.8889	2.16	116956
default	M0090	6000	1854	61	58	1	3	0.9831	0.9508	8.85	234624
default	M0092	6000	2178	43	40	1	3	0.9756	0.9302	3.40	99628
default	M0093	6000	1694	24	24	1	0	0.9600	1.0000	4.25	184256
default	M0096	3668	1162	24	2	1	22	0.6667	0.0833	1.12	75780
default	M0100	6000	1379	381	242	1	139	0.9959	0.6352	2.78	70208
default	M0104	6000	1713	12	5	1	7	0.8333	0.4167	6.20	202484
default	M0107	6000	2071	78	7	1	71	0.8750	0.0897	2.24	89732
default	M0108	6000	2009	178	2	1	176	0.6667	0.0112	2.10	74040
default	M0109	6000	1824	212	124	1	88	0.9920	0.5849	3.64	111172
default	M0111	6000	1963	11	5	1	6	0.8333	0.4545	3.04	159208
default	M0117	5893	2288	121	54	1	67	0.9818	0.4463	1.74	77964
default	M0118	6000	1861	108	104	1	4	0.9905	0.9630	3.52	62336
default	M0121	6000	1739	55	10	1	45	0.9091	0.1818	2.23	116132
default	M0122	6000	1952	29	20	1	9	0.9524	0.6897	2.23	61568
default	M0123	6000	1569	29	7	1	22	0.8750	0.2414	4.57	213280
default	M0125	6000	1815	40	37	1	3	0.9737	0.9250	1.73	72180
default	M0131	6000	2015	48	37	1	11	0.9737	0.7708	1.27	74244
default	M0134	6000	2217	56	56	1	0	0.9825	1.0000	1.97	57040
default	M0136	6000	1653	11	9	1	2	0.9000	0.8182	3.38	142596
default	M0139	4585	1351	78	39	1	39	0.9750	0.5000	2.82	100240
default	M0141	6000	1757	27	6	1	21	0.8571	0.2222	6.40	216396
default	M0142	6000	1605	15	7	1	8	0.8750	0.4667	2.90	87700
default	M0154	2933	1051	63	44	1	19	0.9778	0.6984	1.49	50280
default	M0159	6000	2044	161	35	1	126	0.9722	0.2174	2.54	167764
default	M0163	6000	1886	55	50	1	5	0.9804	0.9091	2.07	65828
default	M0172	6000	2107	20	9	1	11	0.9000	0.4500	1.37	55260
default	M0175	6000	3087	830	203	1	627	0.9951	0.2446	2.17	79248
default	M0178	6000	1909	303	171	1	132	0.9942	0.5644	2.90	212292
default	M0181	6000	1677	9	8	1	1	0.8889	0.8889	6.07	204668
default	M0188	6000	1506	120	13	1	107	0.9286	0.1083	1.45	61724
default	M0194	6000	1851	70	45	1	25	0.9783	0.6429	2.50	119864
default	M0201	6000	1553	45	10	1	35	0.9091	0.2222	2.17	103024
default	M0202	1818	484	1	1	1	0	0.5000	1.0000	1.22	154356
default	M0205	6000	1933	263	256	1	7	0.9961	0.9734	3.28	119996
default	M0206	6000	1675	80	50	1	30	0.9804	0.6250	8.80	178156
default	M0210	6000	1819	224	30	1	194	0.9677	0.1339	1.97	53184
default	M0212	6000	1803	97	59	1	38	0.9833	0.6082	4.12	186272
default	M0216	6000	2770	1167	1145	1	22	0.9991	0.9811	1.51	77732
default	M0227	6000	1729	40	15	1	25	0.9375	0.3750	1.75	100316
default	M0228	6000	2391	122	20	1	102	0.9524	0.1639	2.43	107060
default	M0231	6000	1896	16	16	1	0	0.9412	1.0000	2.41	161628
default	M0234	6000	1983	19	5	1	14	0.8333	0.2632	3.41	94808
default	M0235	2591	664	18	2	1	16	0.6667	0.1111	1.27	46728
default	M0237	6000	1161	616	91	1	525	0.9891	0.1477	2.30	107160
default	M0243	6000	1675	14	14	1	0	0.9333	1.0000	2.28	144604
default	M0250	6000	1851	15	15	1	0	0.9375	1.0000	1.49	56548
default	M0253	6000	1846	240	68	1	172	0.9855	0.2833	5.08	183796
default	M0254	6000	1872	19	18	1	1	0.9474	0.9474	7.08	251384
default	M0257	6000	1973	256	104	1	152	0.9905	0.4062	3.66	99060
default	M0260	6000	1905	22	22	1	0	0.9565	1.0000	2.88	137952
default	M0261	6000	1895	23	16	1	7	0.9412	0.6957	1.50	58400
default	M0262	6000	1744	20	20	1	0	0.9524	1.0000	7.53	170632
default	M0263	6000	1771	51	6	1	45	0.8571	0.1176	2.05	65544
default	M0266	6000	1511	47	40	1	7	0.9756	0.8511	2.91	105836
default	M0272	6000	1816	45	33	1	12	0.9706	0.7333	2.43	84384
default	M0278	2294	999	105	60	1	45	0.9836	0.5714	0.86	44548
default	M0281	6000	1596	3	2	1	1	0.6667	0.6667	2.26	100012
default	M0293	6000	1822	62	41	1	21	0.9762	0.6613	2.07	82660
default	M0294	6000	1472	116	111	1	5	0.9911	0.9569	4.99	216336
default	M0297	3582	1036	18	1	1	17	0.5000	0.0556	1.19	47728
default	M0298	6000	1698	366	1	1	365	0.5000	0.0027	2.59	82896
default	M0301	6000	2160	52	22	1	30	0.9565	0.4231	1.94	61920
default	M0308	6000	1714	174	174	1	0	0.9943	1.0000	3.94	153272
default	M0311	6000	1133	84	84	1	0	0.9882	1.0000	5.51	160016
default	M0313	6000	1490	19	18	1	1	0.9474	0.9474	2.88	55464
default	M0314	6000	1425	48	5	1	43	0.8333	0.1042	4.79	138820
default	M0321	6000	1971	25	5	1	20	0.8333	0.2000	2.46	67100
default	M0334	6000	1693	23	23	1	0	0.9583	1.0000	2.53	62328
default	M0338	6000	1906	28	1	1	27	0.5000	0.0357	3.49	126052
default	M0346	6000	1695	143	16	1	127	0.9412	0.1119	1.67	101684
default	M0348	6000	273	180	71	1	109	0.9861	0.3944	3.33	110400
default	M0351	4347	831	26	16	1	10	0.9412	0.6154	1.35	55104
default	M0353	6000	1619	14	8	1	6	0.8889	0.5714	3.85	116344
default	M0357	2313	756	6	5	1	1	0.8333	0.8333	1.18	50740
default	M0358	6000	1775	1	1	1	0	0.5000	1.0000	3.77	135776
default	M0363	6000	2250	66	5	1	61	0.8333	0.0758	1.62	57596
default	M0369	6000	2015	87	31	1	56	0.9688	0.3563	2.28	120068
default	M0371	6000	2037	123	11	1	112	0.9167	0.0894	1.60	82784
default	M0376	6000	1547	42	34	1	8	0.9714	0.8095	1.96	81168
default	M0377	6000	263	215	69	1	146	0.9857	0.3209	5.57	137828
default	M0379	6000	1617	121	32	1	89	0.9697	0.2645	3.23	163716
default	M0380	6000	1583	27	18	1	9	0.9474	0.6667	1.96	78740
default	M0381	4142	1358	76	45	1	31	0.9783	0.5921	1.23	47896
default	M0383	6000	1802	131	92	1	39	0.9892	0.7023	3.26	100096
default	M0384	6000	2146	107	3	1	104	0.7500	0.0280	1.48	84832
default	M0386	6000	1875	5	4	1	1	0.8000	0.8000	5.18	232932
default	M0387	6000	1451	2182	46	1	2136	0.9787	0.0211	1.12	56000
default	M0391	6000	1919	15	9	1	6	0.9000	0.6000	1.41	50400
default	M0398	6000	1867	37	1	1	36	0.5000	0.0270	1.98	99900
default	M0401	6000	1509	396	4	1	392	0.8000	0.0101	3.86	113324
default	M0403	6000	2142	17	14	1	3	0.9333	0.8235	2.10	70436
default	M0410	6000	1758	34	10	1	24	0.9091	0.2941	2.56	120644
default	M0412	6000	1713	61	7	1	54	0.8750	0.1148	2.43	73000
default	M0414	6000	1887	83	80	1	3	0.9877	0.9639	1.80	65256
default	M0416	6000	2186	5	5	1	0	0.8333	1.0000	4.60	135744
default	M0420	6000	2049	18	6	1	12	0.8571	0.3333	1.69	77188
default	M0423	6000	1736	99	7	1	92	0.8750	0.0707	2.34	120828
default	M0425	6000	1548	2202	57	1	2145	0.9828	0.0259	1.30	62648
default	M0426	6000	1987	20	19	1	1	0.9500	0.9500	1.65	75748
default	M0428	6000	1380	11	9	1	2	0.9000	0.8182	2.65	100868
default	M0429	6000	1816	48	23	1	25	0.9583	0.4792	2.82	82272
default	M0431	6000	2022	4	4	1	0	0.8000	1.0000	1.49	69088
default	M0433	6000	1816	214	8	1	206	0.8889	0.0374	3.34	69656
default	M0434	6000	1759	13	1	1	12	0.5000	0.0769	2.66	120108
default	M0435	6000	1549	88	11	1	77	0.9167	0.1250	9.73	349060
default	M0440	6000	2129	50	40	1	10	0.9756	0.8000	3.08	96648
default	M0444	6000	2472	84	65	1	19	0.9848	0.7738	1.19	69924
default	M0447	6000	1884	6	2	1	4	0.6667	0.3333	2.08	101200
default	M0448	6000	1855	8	1	1	7	0.5000	0.1250	2.57	67824
default	M0453	6000	1593	66	18	1	48	0.9474	0.2727	3.50	203060
default	M0454	6000	1483	15	12	1	3	0.9231	0.8000	2.47	78320
default	M0456	1809	710	18	2	1	16	0.6667	0.1111	1.00	48008
default	M0458	6000	1990	26	20	1	6	0.9524	0.7692	1.56	47808
default	M0462	6000	1912	50	39	1	11	0.9750	0.7800	2.04	85200
default	M0466	6000	1846	194	13	1	181	0.9286	0.0670	7.23	171564
default	M0472	6000	1746	97	95	1	2	0.9896	0.9794	2.86	124232
default	M0477	6000	2037	72	49	1	23	0.9800	0.6806	1.88	58376
default	M0484	6000	2010	102	102	1	0	0.9903	1.0000	3.86	146748
default	M0488	6000	1563	7	7	1	0	0.8750	1.0000	2.48	107768
default	M0497	6000	1629	16	14	1	2	0.9333	0.8750	2.31	88200
default	M0502	6000	1738	129	6	1	123	0.8571	0.0465	3.23	126304
default	M0505	6000	1733	28	3	1	25	0.7500	0.1071	2.10	102860
default	M0506	6000	1773	117	74	1	43	0.9867	0.6325	1.87	78128
default	M0508	6000	2009	8	8	1	0	0.8889	1.0000	4.05	122004
default	M0510	6000	2030	63	2	1	61	0.6667	0.0317	2.65	64452
default	M0515	6000	2095	21	12	1	9	0.9231	0.5714	2.44	57756
default	M0519	6000	1854	20	18	1	2	0.9474	0.9000	9.02	228120
default	M0520	6000	1482	446	270	1	176	0.9963	0.6054	2.40	164248
default	M0544	6000	1758	14	11	1	3	0.9167	0.7857	2.44	72516
default	M0545	6000	1917	20	15	1	5	0.9375	0.7500	3.11	63068
default	M0547	6000	2238	8	5	1	3	0.8333	0.6250	2.21	94868
default	M0550	6000	2125	21	8	1	13	0.8889	0.3810	5.22	112880
default	M0563	672	240	32	0	1	32	0.0000	0.0000	0.37	38900
default	M0564	6000	1510	400	9	1	391	0.9000	0.0225	2.13	65104
default	M0565	4114	2009	14	5	1	9	0.8333	0.3571	1.95	75040
default	M0574	6000	1710	134	22	1	112	0.9565	0.1642	1.56	71404
default	M0580	6000	2028	10	8	1	2	0.8889	0.8000	2.49	88016
default	M0589	6000	1918	69	5	1	64	0.8333	0.0725	1.43	58156
default	M0590	6000	1771	20	3	1	17	0.7500	0.1500	1.89	71828
default	M0597	6000	1903	28	12	1	16	0.9231	0.4286	2.45	58976
default	M0600	6000	1697	79	35	1	44	0.9722	0.4430	1.84	111692
default	M0609	6000	1419	86	13	1	73	0.9286	0.1512	0.89	47012
default	M0612	6000	1602	92	49	1	43	0.9800	0.5326	4.32	91204
default	M0616	6000	1918	6	6	1	0	0.8571	1.0000	2.11	126456
default	M0623	6000	2241	17	17	1	0	0.9444	1.0000	1.80	83564
default	M0625	4128	1264	9	2	1	7	0.6667	0.2222	2.47	56700
default	M0634	6000	1542	10	10	1	0	0.9091	1.0000	3.49	88928
default	M0636	6000	1643	17	7	1	10	0.8750	0.4118	1.09	44156
default	M0642	3929	1303	31	6	1	25	0.8571	0.1935	1.41	47508
default	M0651	6000	1962	65	8	1	57	0.8889	0.1231	1.56	94644
default	M0653	6000	1764	26	5	1	21	0.8333	0.1923	3.16	85132
default	M0655	4502	1458	7	3	1	4	0.7500	0.4286	2.16	164568
default	M0658	6000	1556	13	3	1	10	0.7500	0.2308	1.34	52508
default	M0663	6000	1537	97	12	1	85	0.9231	0.1237	2.65	114880
default	M0669	6000	1924	11	1	1	10	0.5000	0.0909	2.46	149936
default	M0674	6000	1593	38	4	1	34	0.8000	0.1053	3.02	55820
default	M0682	4224	722	329	2	1	327	0.6667	0.0061	0.63	48740
default	M0683	6000	1859	30	29	1	1	0.9667	0.9667	2.11	71888
default	M0693	6000	1553	412	7	1	405	0.8750	0.0170	2.34	73096
default	M0697	2641	570	156	6	1	150	0.8571	0.0385	1.00	49564
default	M0709	6000	2258	351	139	1	212	0.9929	0.3960	1.43	52640
default	M0727	6000	1570	24	8	1	16	0.8889	0.3333	2.17	92660
default	M0732	6000	1547	20	4	1	16	0.8000	0.2000	2.56	97720
default	M0734	6000	1761	10	3	1	7	0.7500	0.3000	2.16	79564
default	M0736	6000	2056	4	4	1	0	0.8000	1.0000	4.32	69324
default	M0738	6000	1524	16	11	1	5	0.9167	0.6875	2.45	79160
default	M0742	3621	1081	3	3	1	0	0.7500	1.0000	1.56	56060
default	M0748	6000	1783	20	20	1	0	0.9524	1.0000	1.75	52100
default	M0752	6000	1876	9	9	1	0	0.9000	1.0000	2.59	80520
default	M0754	6000	2080	13	4	1	9	0.8000	0.3077	1.42	45000
default	M0755	6000	1787	12	8	1	4	0.8889	0.6667	1.28	67868
default	M0759	6000	1899	80	37	1	43	0.9737	0.4625	2.60	130376
default	M0768	6000	1902	237	19	1	218	0.9500	0.0802	2.10	52296
default	M0771	3219	852	285	5	1	280	0.8333	0.0175	1.10	53284
default	M0781	6000	2236	8	7	1	1	0.8750	0.8750	3.36	165976
default	M0789	4536	1296	62	18	1	44	0.9474	0.2903	1.81	61200
default	M0792	6000	1553	11	1	1	10	0.5000	0.0909	3.50	120448
default	M0795	6000	1892	80	18	1	62	0.9474	0.2250	4.30	142280
default	M0798	6000	1463	2197	5	1	2192	0.8333	0.0023	1.26	50476
default	M0806	6000	1511	5	1	1	4	0.5000	0.2000	2.22	75680
default	M0808	6000	1771	5	4	1	1	0.8000	0.8000	1.98	92036
default	M0810	6000	1903	38	12	1	26	0.9231	0.3158	2.42	90444
default	M0815	6000	1259	243	166	1	77	0.9940	0.6831	2.06	63524
default	M0816	6000	1394	242	20	1	222	0.9524	0.0826	1.91	60172
default	M0819	5889	1641	26	20	1	6	0.9524	0.7692	2.46	54168
default	M0822	6000	1893	3	3	1	0	0.7500	1.0000	1.84	143872
default	M0826	6000	1646	22	6	1	16	0.8571	0.2727	1.66	168064
default	M0829	6000	1932	7	6	1	1	0.8571	0.8571	1.89	169640
default	M0835	6000	1842	62	25	1	37	0.9615	0.4032	3.14	67124
default	M0843	3886	1240	17	10	1	7	0.9091	0.5882	1.37	110664
default	M0850	6000	1681	40	17	1	23	0.9444	0.4250	2.91	173944
default	M0851	437	185	24	2	1	22	0.6667	0.0833	0.25	40076
default	M0854	6000	1390	136	9	1	127	0.9000	0.0662	2.22	96136
default	M0855	6000	1936	55	9	1	46	0.9000	0.1636	2.63	81272
default	M0857	6000	1761	13	10	1	3	0.9091	0.7692	1.46	89628
default	M0858	6000	2157	353	303	1	50	0.9967	0.8584	2.29	73500
default	M0860	3585	1038	14	3	1	11	0.7500	0.2143	1.50	57564
default	M0862	6000	2238	21	11	1	10	0.9167	0.5238	1.52	59828
default	M0869	6000	1748	6	6	1	0	0.8571	1.0000	2.00	50224
default	M0874	6000	1745	4	3	1	1	0.7500	0.7500	2.00	54412
default	M0879	1869	604	38	5	1	33	0.8333	0.1316	0.58	40860
default	M0881	6000	2017	157	152	1	5	0.9935	0.9682	2.10	61156
default	M0884	6000	1702	24	20	1	4	0.9524	0.8333	2.07	79740
default	M0885	6000	1520	17	4	1	13	0.8000	0.2353	4.57	150964
default	M0895	6000	1378	131	6	1	125	0.8571	0.0458	1.84	152700
default	M0900	5256	1352	448	323	1	125	0.9969	0.7210	1.94	159800
default	M0905	6000	1632	231	5	1	226	0.8333	0.0216	3.30	72136
default	M0906	6000	2160	266	61	1	205	0.9839	0.2293	1.59	60492
default	M0908	6000	2497	79	8	1	71	0.8889	0.1013	2.19	76696
default	M0910	6000	2052	8	8	1	0	0.8889	1.0000	1.86	80528
default	M0916	6000	1796	1	1	1	0	0.5000	1.0000	1.93	50364
default	M0918	6000	1482	140	62	1	78	0.9841	0.4429	2.20	196736
default	M0919	6000	1919	19	11	1	8	0.9167	0.5789	1.83	54036
default	M0920	2137	676	39	12	1	27	0.9231	0.3077	0.97	57060
default	M0925	6000	2060	24	1	1	23	0.5000	0.0417	2.21	73128
default	M0931	6000	2117	74	62	1	12	0.9841	0.8378	2.96	60604
default	M0937	6000	1812	32	15	1	17	0.9375	0.4688	1.99	57948
default	M0939	6000	1868	27	7	1	20	0.8750	0.2593	2.51	118172
default	M0940	6000	301	122	7	1	115	0.8750	0.0574	2.86	90572
default	M0947	6000	1537	68	4	1	64	0.8000	0.0588	3.22	102372
default	M0952	6000	1613	89	5	1	84	0.8333	0.0562	3.61	103008
default	M0957	6000	403	223	28	1	195	0.9655	0.1256	2.84	80748
default	M0958	6000	429	243	59	1	184	0.9833	0.2428	3.04	66236
default	M0959	6000	399	178	12	1	166	0.9231	0.0674	4.89	147676
default	M0961	6000	179	155	6	1	149	0.8571	0.0387	3.08	108036
default	M0962	6000	158	147	12	1	135	0.9231	0.0816	2.52	70552
default	M0964	6000	1784	69	8	1	61	0.8889	0.1159	1.83	83940
sensitive	M0003	6000	1962	95	19	1	76	0.9500	0.2000	1.70	52408
sensitive	M0010	6000	1635	15	14	1	1	0.9333	0.9333	2.48	98388
sensitive	M0019	6000	1532	22	22	1	0	0.9565	1.0000	3.27	97904
sensitive	M0020	6000	1645	120	102	1	18	0.9903	0.8500	2.54	146032
sensitive	M0028	6000	1563	22	20	1	2	0.9524	0.9091	2.71	111720
sensitive	M0031	6000	2003	321	277	1	44	0.9964	0.8629	2.61	88972
sensitive	M0033	6000	2027	15	10	1	5	0.9091	0.6667	1.92	209588
sensitive	M0040	6000	1736	61	13	1	48	0.9286	0.2131	1.93	119560
sensitive	M0043	6000	2112	22	20	1	2	0.9524	0.9091	2.26	125932
sensitive	M0044	6000	1879	75	62	1	13	0.9841	0.8267	10.16	319080
sensitive	M0048	6000	1493	104	74	1	30	0.9867	0.7115	3.23	102384
sensitive	M0054	6000	2035	46	36	1	10	0.9730	0.7826	1.88	45532
sensitive	M0058	6000	1695	42	12	1	30	0.9231	0.2857	3.75	190740
sensitive	M0065	6000	2160	56	42	1	14	0.9767	0.7500	1.94	111088
sensitive	M0066	6000	2013	60	20	1	40	0.9524	0.3333	3.31	86436
sensitive	M0067	6000	1644	42	12	1	30	0.9231	0.2857	3.48	96500
sensitive	M0070	4800	1177	172	8	1	164	0.8889	0.0465	1.52	72752
sensitive	M0075	6000	1594	3	2	1	1	0.6667	0.6667	7.56	196312
sensitive	M0076	6000	1661	102	38	1	64	0.9744	0.3725	2.10	58212
sensitive	M0077	6000	1630	108	72	1	36	0.9863	0.6667	1.12	58676
sensitive	M0081	6000	1815	10	5	1	5	0.8333	0.5000	5.98	270144
sensitive	M0085	6000	1614	12	11	1	1	0.9167	0.9167	3.01	192972
sensitive	M0087	6000	1711	72	63	1	9	0.9844	0.8750	2.74	129636
sensitive	M0090	6000	1822	61	58	1	3	0.9831	0.9508	11.16	356020
sensitive	M0092	6000	1895	43	40	1	3	0.9756	0.9302	3.81	110268
sensitive	M0093	6000	1705	24	24	1	0	0.9600	1.0000	2.98	196792
sensitive	M0096	6000	2161	24	2	1	22	0.6667	0.0833	3.36	83796
sensitive	M0100	6000	1166	381	243	1	138	0.9959	0.6378	2.09	65848
sensitive	M0104	6000	1649	12	5	1	7	0.8333	0.4167	7.08	210036
sensitive	M0107	6000	1948	78	10	1	68	0.9091	0.1282	2.43	96644
sensitive	M0108	6000	1904	178	2	1	176	0.6667	0.0112	2.58	75444
sensitive	M0109	6000	1717	212	124	1	88	0.9920	0.5849	3.84	124320
sensitive	M0111	6000	1543	11	5	1	6	0.8333	0.4545	4.30	164460
sensitive	M0117	6000	2484	121	54	1	67	0.9818	0.4463	1.49	83096
sensitive	M0118	6000	1918	108	103	1	5	0.9904	0.9537	2.94	62972
sensitive	M0121	6000	1751	55	15	1	40	0.9375	0.2727	2.75	64964
sensitive	M0122	6000	2022	29	22	1	7	0.9565	0.7586	1.76	89160
sensitive	M0123	6000	1640	29	7	1	22	0.8750	0.2414	5.55	145584
sensitive	M0125	6000	1672	40	37	1	3	0.9737	0.9250	1.81	75852
sensitive	M0131	6000	1779	48	37	1	11	0.9737	0.7708	1.82	88148
sensitive	M0134	6000	2155	56	56	1	0	0.9825	1.0000	1.55	58720
sensitive	M0136	6000	1611	11	9	1	2	0.9000	0.8182	3.53	164772
sensitive	M0139	6000	1749	78	42	1	36	0.9767	0.5385	4.33	194100
sensitive	M0141	6000	1761	27	7	1	20	0.8750	0.2593	8.20	251680
sensitive	M0142	6000	1406	15	7	1	8	0.8750	0.4667	2.31	97748
sensitive	M0154	4144	1461	63	44	1	19	0.9778	0.6984	2.38	57092
sensitive	M0159	6000	1896	161	34	1	127	0.9714	0.2112	2.53	198040
sensitive	M0163	6000	1842	55	51	1	4	0.9808	0.9273	2.48	71936
sensitive	M0172	6000	2064	20	9	1	11	0.9000	0.4500	1.67	61476
sensitive	M0175	6000	3016	830	189	1	641	0.9947	0.2277	1.81	92696
sensitive	M0178	6000	1835	303	179	1	124	0.9944	0.5908	2.97	254408
sensitive	M0181	6000	1674	9	8	1	1	0.8889	0.8889	6.66	223316
sensitive	M0188	6000	1489	120	13	1	107	0.9286	0.1083	1.43	64324
sensitive	M0194	6000	1477	70	51	1	19	0.9808	0.7286	3.15	122236
sensitive	M0201	6000	1187	45	9	1	36	0.9000	0.2000	2.79	123172
sensitive	M0202	2036	549	1	1	1	0	0.5000	1.0000	1.42	148804
sensitive	M0205	6000	1913	263	258	1	5	0.9961	0.9810	3.23	119228
sensitive	M0206	6000	1669	80	49	1	31	0.9800	0.6125	10.40	264632
sensitive	M0210	6000	1716	224	29	1	195	0.9667	0.1295	2.25	75644
sensitive	M0212	6000	1533	97	59	1	38	0.9833	0.6082	4.54	211140
sensitive	M0216	6000	2837	1167	1146	1	21	0.9991	0.9820	1.62	89676
sensitive	M0227	6000	1359	40	15	1	25	0.9375	0.3750	1.91	104348
sensitive	M0228	6000	1910	122	18	1	104	0.9474	0.1475	2.98	113324
sensitive	M0231	6000	1690	16	16	1	0	0.9412	1.0000	2.60	182024
sensitive	M0234	6000	1881	19	6	1	13	0.8571	0.3158	4.30	110648
sensitive	M0235	5018	1291	18	3	1	15	0.7500	0.1667	1.76	151636
sensitive	M0237	6000	1212	616	91	1	525	0.9891	0.1477	2.33	58992
sensitive	M0243	6000	1433	14	14	1	0	0.9333	1.0000	2.69	159716
sensitive	M0250	6000	1752	15	15	1	0	0.9375	1.0000	1.85	57540
sensitive	M0253	6000	1916	240	45	1	195	0.9783	0.1875	6.62	234236
sensitive	M0254	6000	1724	19	18	1	1	0.9474	0.9474	8.22	286968
sensitive	M0257	6000	1890	256	105	1	151	0.9906	0.4102	5.24	113804
sensitive	M0260	6000	1831	22	22	1	0	0.9565	1.0000	3.67	200276
sensitive	M0261	6000	1783	23	18	1	5	0.9474	0.7826	1.56	63388
sensitive	M0262	6000	1689	20	20	1	0	0.9524	1.0000	8.07	280080
sensitive	M0263	6000	1746	51	5	1	46	0.8333	0.0980	1.96	83768
sensitive	M0266	6000	1401	47	42	1	5	0.9767	0.8936	5.75	115588
sensitive	M0272	6000	1498	45	34	1	11	0.9714	0.7556	2.97	107696
sensitive	M0278	3904	1580	105	64	1	41	0.9846	0.6095	1.59	50836
sensitive	M0281	6000	1255	3	2	1	1	0.6667	0.6667	2.79	104004
sensitive	M0293	6000	1739	62	50	1	12	0.9804	0.8065	2.51	84196
sensitive	M0294	6000	1521	116	107	1	9	0.9907	0.9224	5.75	209680
sensitive	M0297	6000	1516	18	1	1	17	0.5000	0.0556	1.74	51064
sensitive	M0298	6000	1703	366	1	1	365	0.5000	0.0027	3.34	113596
sensitive	M0301	6000	1836	52	45	1	7	0.9783	0.8654	2.07	86572
sensitive	M0308	6000	1688	174	174	1	0	0.9943	1.0000	5.23	186844
sensitive	M0311	6000	1155	84	84	1	0	0.9882	1.0000	7.68	185184
sensitive	M0313	6000	1509	19	14	1	5	0.9333	0.7368	1.87	66880
sensitive	M0314	6000	1309	48	5	1	43	0.8333	0.1042	5.82	149096
sensitive	M0321	6000	1746	25	3	1	22	0.7500	0.1200	2.26	78552
sensitive	M0334	6000	1712	23	23	1	0	0.9583	1.0000	1.99	67308
sensitive	M0338	6000	1999	28	2	1	26	0.6667	0.0714	1.78	58924
sensitive	M0346	6000	1445	143	16	1	127	0.9412	0.1119	3.26	118040
sensitive	M0348	6000	253	180	75	1	105	0.9868	0.4167	4.53	119596
sensitive	M0351	4798	959	26	16	1	10	0.9412	0.6154	1.74	64888
sensitive	M0353	6000	1642	14	8	1	6	0.8889	0.5714	3.66	69704
sensitive	M0357	4744	1365	6	5	1	1	0.8333	0.8333	3.38	61220
sensitive	M0358	6000	1628	1	1	1	0	0.5000	1.0000	4.96	197732
sensitive	M0363	6000	1948	66	6	1	60	0.8571	0.0909	1.84	58184
sensitive	M0369	6000	1767	87	31	1	56	0.9688	0.3563	4.04	134172
sensitive	M0371	6000	1880	123	9	1	114	0.9000	0.0732	2.07	101052
sensitive	M0376	6000	1522	42	35	1	7	0.9722	0.8333	1.98	106776
sensitive	M0377	6000	247	215	66	1	149	0.9851	0.3070	7.37	155688
sensitive	M0379	6000	1659	121	28	1	93	0.9655	0.2314	4.86	188600
sensitive	M0380	6000	1706	27	18	1	9	0.9474	0.6667	2.11	90204
sensitive	M0381	6000	1875	76	45	1	31	0.9783	0.5921	1.03	44896
sensitive	M0383	6000	1617	131	89	1	42	0.9889	0.6794	3.81	105376
sensitive	M0384	6000	1933	107	5	1	102	0.8333	0.0467	1.95	87320
sensitive	M0386	6000	1857	5	4	1	1	0.8000	0.8000	5.65	257004
sensitive	M0387	6000	1451	2182	49	1	2133	0.9800	0.0225	1.05	60576
sensitive	M0391	6000	1918	15	9	1	6	0.9000	0.6000	1.41	49936
sensitive	M0398	6000	1579	37	1	1	36	0.5000	0.0270	2.25	106280
sensitive	M0401	6000	1563	396	5	1	391	0.8333	0.0126	3.96	123360
sensitive	M0403	6000	2154	17	16	1	1	0.9412	0.9412	1.71	88060
sensitive	M0410	6000	1607	34	10	1	24	0.9091	0.2941	2.61	128640
sensitive	M0412	6000	1295	61	7	1	54	0.8750	0.1148	2.47	79352
sensitive	M0414	6000	1768	83	82	1	1	0.9880	0.9880	2.66	86480
sensitive	M0416	6000	2117	5	5	1	0	0.8333	1.0000	5.61	151712
sensitive	M0420	6000	1990	18	6	1	12	0.8571	0.3333	1.90	84620
sensitive	M0423	6000	1556	99	12	1	87	0.9231	0.1212	2.06	122792
sensitive	M0425	6000	1490	2202	5	1	2197	0.8333	0.0023	1.66	84620
sensitive	M0426	6000	1581	20	20	1	0	0.9524	1.0000	2.18	87876
sensitive	M0428	6000	1320	11	8	1	3	0.8889	0.7273	3.80	114620
sensitive	M0429	6000	1851	48	23	1	25	0.9583	0.4792	4.33	87516
sensitive	M0431	6000	1630	4	4	1	0	0.8000	1.0000	2.07	93248
sensitive	M0433	6000	1698	214	6	1	208	0.8571	0.0280	1.92	163172
sensitive	M0434	6000	1675	13	1	1	12	0.5000	0.0769	3.57	123920
sensitive	M0435	6000	1555	88	11	1	77	0.9167	0.1250	11.88	426060
sensitive	M0440	6000	2087	50	41	1	9	0.9762	0.8200	3.49	111712
sensitive	M0444	6000	1738	84	65	1	19	0.9848	0.7738	2.12	179940
sensitive	M0447	6000	1794	6	1	1	5	0.5000	0.1667	3.14	129824
sensitive	M0448	6000	1707	8	1	1	7	0.5000	0.1250	2.33	54432
sensitive	M0453	6000	1565	66	15	1	51	0.9375	0.2273	3.07	194620
sensitive	M0454	6000	1584	15	10	1	5	0.9091	0.6667	2.39	90144
sensitive	M0456	4199	1518	18	2	1	16	0.6667	0.1111	1.74	153880
sensitive	M0458	6000	1873	26	20	1	6	0.9524	0.7692	1.83	151992
sensitive	M0462	6000	1700	50	38	1	12	0.9744	0.7600	2.55	197536
sensitive	M0466	6000	1752	194	16	1	178	0.9412	0.0825	10.23	190368
sensitive	M0472	6000	1530	97	95	1	2	0.9896	0.9794	3.38	140824
sensitive	M0477	6000	2001	72	55	1	17	0.9821	0.7639	1.80	65364
sensitive	M0484	6000	1635	102	102	1	0	0.9903	1.0000	5.35	164324
sensitive	M0488	6000	1543	7	7	1	0	0.8750	1.0000	4.15	143488
sensitive	M0497	6000	1631	16	14	1	2	0.9333	0.8750	2.96	146896
sensitive	M0502	6000	1657	129	6	1	123	0.8571	0.0465	3.72	142648
sensitive	M0505	6000	1800	28	3	1	25	0.7500	0.1071	2.34	114696
sensitive	M0506	6000	1614	117	70	1	47	0.9859	0.5983	2.90	94836
sensitive	M0508	6000	1741	8	8	1	0	0.8889	1.0000	3.51	135040
sensitive	M0510	6000	2005	63	2	1	61	0.6667	0.0317	2.07	55184
sensitive	M0515	6000	1849	21	19	1	2	0.9500	0.9048	2.23	69064
sensitive	M0519	6000	1728	20	18	1	2	0.9474	0.9000	9.61	182200
sensitive	M0520	6000	1383	446	298	1	148	0.9967	0.6682	3.16	177804
sensitive	M0544	6000	1576	14	11	1	3	0.9167	0.7857	2.86	81388
sensitive	M0545	6000	1867	20	14	1	6	0.9333	0.7000	2.43	57460
sensitive	M0547	6000	2219	8	4	1	4	0.8000	0.5000	2.09	92324
sensitive	M0550	6000	2008	21	8	1	13	0.8889	0.3810	2.33	106508
sensitive	M0563	833	286	32	0	1	32	0.0000	0.0000	0.37	42808
sensitive	M0564	6000	1593	400	10	1	390	0.9091	0.0250	1.97	71808
sensitive	M0565	6000	2386	14	5	1	9	0.8333	0.3571	2.86	77864
sensitive	M0574	6000	1606	134	23	1	111	0.9583	0.1716	1.78	77492
sensitive	M0580	6000	1869	10	9	1	1	0.9000	0.9000	2.05	81964
sensitive	M0589	6000	1675	69	6	1	63	0.8571	0.0870	1.32	65316
sensitive	M0590	6000	1727	20	3	1	17	0.7500	0.1500	2.32	84404
sensitive	M0597	6000	1869	28	12	1	16	0.9231	0.4286	2.10	55748
sensitive	M0600	6000	1502	79	34	1	45	0.9714	0.4304	1.93	118120
sensitive	M0609	6000	1437	86	18	1	68	0.9474	0.2093	1.31	51900
sensitive	M0612	6000	1604	92	63	1	29	0.9844	0.6848	4.62	87952
sensitive	M0616	6000	1758	6	6	1	0	0.8571	1.0000	1.99	130500
sensitive	M0623	6000	1893	17	17	1	0	0.9444	1.0000	2.45	90112
sensitive	M0625	6000	1759	9	2	1	7	0.6667	0.2222	4.33	56832
sensitive	M0634	6000	1526	10	10	1	0	0.9091	1.0000	3.53	88268
sensitive	M0636	6000	1968	17	7	1	10	0.8750	0.4118	1.47	49948
sensitive	M0642	4640	1503	31	6	1	25	0.8571	0.1935	1.53	48964
sensitive	M0651	6000	1842	65	8	1	57	0.8889	0.1231	1.71	57128
sensitive	M0653	6000	1895	26	6	1	20	0.8571	0.2308	3.73	95288
sensitive	M0655	5588	1858	7	3	1	4	0.7500	0.4286	2.98	202096
sensitive	M0658	6000	1726	13	3	1	10	0.7500	0.2308	1.35	49160
sensitive	M0663	6000	1514	97	9	1	88	0.9000	0.0928	3.21	205552
sensitive	M0669	6000	1691	11	1	1	10	0.5000	0.0909	1.71	162576
sensitive	M0674	6000	1748	38	4	1	34	0.8000	0.1053	2.23	46748
sensitive	M0682	4357	789	329	2	1	327	0.6667	0.0061	0.74	50100
sensitive	M0683	6000	1838	30	29	1	1	0.9667	0.9667	2.87	77980
sensitive	M0693	6000	1586	412	7	1	405	0.8750	0.0170	2.39	65736
sensitive	M0697	3358	783	156	6	1	150	0.8571	0.0385	1.18	62280
sensitive	M0709	6000	2090	351	3	1	348	0.7500	0.0085	1.68	56276
sensitive	M0727	6000	1779	24	8	1	16	0.8889	0.3333	2.73	103308
sensitive	M0732	6000	1645	20	5	1	15	0.8333	0.2500	2.40	110092
sensitive	M0734	6000	1967	10	3	1	7	0.7500	0.3000	1.91	58520
sensitive	M0736	6000	1857	4	4	1	0	0.8000	1.0000	2.45	63028
sensitive	M0738	6000	1667	16	11	1	5	0.9167	0.6875	3.30	74620
sensitive	M0742	3902	1159	3	3	1	0	0.7500	1.0000	2.06	56232
sensitive	M0748	6000	1329	20	20	1	0	0.9524	1.0000	1.96	66152
sensitive	M0752	6000	1761	9	9	1	0	0.9000	1.0000	2.38	80404
sensitive	M0754	6000	2007	13	4	1	9	0.8000	0.3077	1.35	46996
sensitive	M0755	6000	1867	12	8	1	4	0.8889	0.6667	1.69	78132
sensitive	M0759	6000	1838	80	45	1	35	0.9783	0.5625	4.39	201192
sensitive	M0768	6000	1847	237	19	1	218	0.9500	0.0802	1.76	64772
sensitive	M0771	4355	1121	285	5	1	280	0.8333	0.0175	1.63	57080
sensitive	M0781	6000	2186	8	7	1	1	0.8750	0.8750	2.75	67376
sensitive	M0789	5634	1531	62	18	1	44	0.9474	0.2903	2.99	63032
sensitive	M0792	6000	1660	11	2	1	9	0.6667	0.1818	4.74	215724
sensitive	M0795	6000	1655	80	13	1	67	0.9286	0.1625	5.09	162068
sensitive	M0798	6000	1423	2197	5	1	2192	0.8333	0.0023	1.27	55160
sensitive	M0806	6000	1249	5	1	1	4	0.5000	0.2000	2.14	71012
sensitive	M0808	6000	1464	5	5	1	0	0.8333	1.0000	2.33	98624
sensitive	M0810	6000	1645	38	12	1	26	0.9231	0.3158	3.17	95520
sensitive	M0815	6000	1111	243	165	1	78	0.9940	0.6790	1.43	66024
sensitive	M0816	6000	1405	242	21	1	221	0.9545	0.0868	2.33	76732
sensitive	M0819	6000	1681	26	20	1	6	0.9524	0.7692	2.52	58488
sensitive	M0822	6000	1876	3	3	1	0	0.7500	1.0000	2.67	143144
sensitive	M0826	6000	1588	22	3	1	19	0.7500	0.1364	1.56	158388
sensitive	M0829	6000	1776	7	6	1	1	0.8571	0.8571	2.03	176572
sensitive	M0835	6000	1914	62	31	1	31	0.9688	0.5000	2.28	60280
sensitive	M0843	6000	1783	17	10	1	7	0.9091	0.5882	2.77	71832
sensitive	M0850	6000	1658	40	16	1	24	0.9412	0.4000	2.87	181968
sensitive	M0851	583	233	24	2	1	22	0.6667	0.0833	0.30	46248
sensitive	M0854	6000	1424	136	16	1	120	0.9412	0.1176	2.36	97728
sensitive	M0855	6000	1924	55	9	1	46	0.9000	0.1636	1.85	73768
sensitive	M0857	6000	1548	13	10	1	3	0.9091	0.7692	1.93	97740
sensitive	M0858	6000	2164	353	275	1	78	0.9964	0.7790	1.79	60012
sensitive	M0860	3640	1062	14	3	1	11	0.7500	0.2143	1.64	52156
sensitive	M0862	6000	1724	21	11	1	10	0.9167	0.5238	1.91	67436
sensitive	M0869	6000	1715	6	6	1	0	0.8571	1.0000	2.50	56020
sensitive	M0874	6000	1710	4	3	1	1	0.7500	0.7500	2.09	61568
sensitive	M0879	3776	1324	38	5	1	33	0.8333	0.1316	1.43	50352
sensitive	M0881	6000	1869	157	154	1	3	0.9935	0.9809	2.15	75276
sensitive	M0884	6000	1676	24	20	1	4	0.9524	0.8333	2.55	130880
sensitive	M0885	6000	1746	17	4	1	13	0.8000	0.2353	6.19	177868
sensitive	M0895	6000	1531	131	6	1	125	0.8571	0.0458	3.77	161108
sensitive	M0900	6000	1583	448	323	1	125	0.9969	0.7210	2.72	168008
sensitive	M0905	6000	1900	231	4	1	227	0.8000	0.0173	2.36	62832
sensitive	M0906	6000	2101	266	63	1	203	0.9844	0.2368	1.71	73892
sensitive	M0908	6000	2266	79	13	1	66	0.9286	0.1646	1.60	66572
sensitive	M0910	6000	1636	8	8	1	0	0.8889	1.0000	2.38	85552
sensitive	M0916	6000	1996	1	1	1	0	0.5000	1.0000	1.27	49824
sensitive	M0918	6000	1762	140	62	1	78	0.9841	0.4429	2.51	199880
sensitive	M0919	6000	1757	19	7	1	12	0.8750	0.3684	1.70	75224
sensitive	M0920	2797	828	39	12	1	27	0.9231	0.3077	1.27	68568
sensitive	M0925	6000	1756	24	1	1	23	0.5000	0.0417	2.42	79404
sensitive	M0931	6000	2258	74	64	1	10	0.9846	0.8649	2.41	55440
sensitive	M0937	6000	1810	32	22	1	10	0.9565	0.6875	3.05	63116
sensitive	M0939	6000	1361	27	7	1	20	0.8750	0.2593	3.15	127148
sensitive	M0940	6000	330	122	9	1	113	0.9000	0.0738	3.27	113336
sensitive	M0947	6000	1383	68	16	1	52	0.9412	0.2353	4.10	125360
sensitive	M0952	6000	1342	89	5	1	84	0.8333	0.0562	3.57	199180
sensitive	M0957	6000	314	223	42	1	181	0.9767	0.1883	3.91	91444
sensitive	M0958	6000	468	243	66	1	177	0.9851	0.2716	2.94	68440
sensitive	M0959	6000	348	178	19	1	159	0.9500	0.1067	4.14	160552
sensitive	M0961	6000	182	155	6	1	149	0.8571	0.0387	3.62	113292
sensitive	M0962	6000	157	147	13	1	134	0.9286	0.0884	2.46	96836
sensitive	M0964	6000	1824	69	7	1	62	0.8750	0.1014	2.43	102868
aa_blosum62	M0003	6000	1920	95	87	1	8	0.9886	0.9158	1.68	65516
aa_blosum62	M0010	6000	1789	15	14	1	1	0.9333	0.9333	5.02	139308
aa_blosum62	M0019	6000	1679	22	22	1	0	0.9565	1.0000	3.77	144412
aa_blosum62	M0020	6000	1785	120	105	1	15	0.9906	0.8750	6.20	342932
aa_blosum62	M0028	6000	1725	22	20	1	2	0.9524	0.9091	4.19	215772
aa_blosum62	M0031	6000	1626	321	262	1	59	0.9962	0.8162	4.96	200040
aa_blosum62	M0033	6000	1829	15	2	1	13	0.6667	0.1333	3.69	162020
aa_blosum62	M0040	6000	1718	61	13	1	48	0.9286	0.2131	3.29	141808
aa_blosum62	M0043	6000	1798	22	20	1	2	0.9524	0.9091	7.83	390524
aa_blosum62	M0044	6000	2060	75	65	1	10	0.9848	0.8667	30.97	954240
aa_blosum62	M0048	6000	1719	104	76	1	28	0.9870	0.7308	3.45	181872
aa_blosum62	M0054	6000	2106	46	28	1	18	0.9655	0.6087	2.22	84352
aa_blosum62	M0058	6000	1692	42	11	1	31	0.9167	0.2619	6.71	306564
aa_blosum62	M0065	6000	2093	56	39	1	17	0.9750	0.6964	2.59	141232
aa_blosum62	M0066	6000	1784	60	7	1	53	0.8750	0.1167	3.87	162016
aa_blosum62	M0067	6000	1791	42	18	1	24	0.9474	0.4286	6.57	246884
aa_blosum62	M0070	6000	2028	172	8	1	164	0.8889	0.0465	1.51	74560
aa_blosum62	M0075	6000	1718	3	2	1	1	0.6667	0.6667	14.96	300292
aa_blosum62	M0076	6000	1950	102	38	1	64	0.9744	0.3725	3.72	121188
aa_blosum62	M0077	6000	1687	108	71	1	37	0.9861	0.6574	1.68	56540
aa_blosum62	M0081	6000	1640	10	6	1	4	0.8571	0.6000	14.11	430564
aa_blosum62	M0085	6000	1738	12	10	1	2	0.9091	0.8333	9.23	316256
aa_blosum62	M0087	6000	1908	72	64	1	8	0.9846	0.8889	9.42	332252
aa_blosum62	M0090	6000	1919	61	56	1	5	0.9825	0.9180	49.93	1322548
aa_blosum62	M0092	6000	1839	43	37	1	6	0.9737	0.8605	4.46	216056
aa_blosum62	M0093	6000	1742	24	23	1	1	0.9583	0.9583	5.41	153920
aa_blosum62	M0096	6000	1991	24	2	1	22	0.6667	0.0833	2.33	98536
aa_blosum62	M0100	6000	1277	381	211	1	170	0.9953	0.5538	4.04	131300
aa_blosum62	M0104	6000	1712	12	5	1	7	0.8333	0.4167	9.92	354568
aa_blosum62	M0107	6000	1527	78	7	1	71	0.8750	0.0897	3.12	134000
aa_blosum62	M0108	6000	1673	178	1	1	177	0.5000	0.0056	2.96	143704
aa_blosum62	M0109	6000	1929	212	115	1	97	0.9914	0.5425	5.62	314688
aa_blosum62	M0111	6000	1719	11	1	1	10	0.5000	0.0909	5.47	258864
aa_blosum62	M0117	6000	2606	121	45	1	76	0.9783	0.3719	2.10	108356
aa_blosum62	M0118	6000	2206	108	105	1	3	0.9906	0.9722	3.08	112608
aa_blosum62	M0121	6000	2331	55	10	1	45	0.9091	0.1818	2.45	74088
aa_blosum62	M0122	6000	1736	29	22	1	7	0.9565	0.7586	3.97	171316
aa_blosum62	M0123	6000	1809	29	7	1	22	0.8750	0.2414	13.79	418284
aa_blosum62	M0125	6000	1899	40	37	1	3	0.9737	0.9250	3.20	178216
aa_blosum62	M0131	6000	1856	48	37	1	11	0.9737	0.7708	3.61	151136
aa_blosum62	M0134	6000	2302	56	56	1	0	0.9825	1.0000	3.11	126820
aa_blosum62	M0136	6000	1732	11	9	1	2	0.9000	0.8182	11.45	501720
aa_blosum62	M0139	6000	1886	78	39	1	39	0.9750	0.5000	4.05	163228
aa_blosum62	M0141	6000	1850	27	8	1	19	0.8889	0.2963	20.12	682128
aa_blosum62	M0142	6000	1776	15	5	1	10	0.8333	0.3333	5.40	247792
aa_blosum62	M0154	6000	2348	63	49	1	14	0.9800	0.7778	2.62	91868
aa_blosum62	M0159	6000	2152	161	76	1	85	0.9870	0.4720	8.60	303200
aa_blosum62	M0163	6000	2016	55	25	1	30	0.9615	0.4545	4.34	168524
aa_blosum62	M0172	6000	2165	20	10	1	10	0.9091	0.5000	2.17	114096
aa_blosum62	M0175	6000	3092	830	203	1	627	0.9951	0.2446	2.59	102960
aa_blosum62	M0178	6000	2027	303	158	1	145	0.9937	0.5215	4.03	314040
aa_blosum62	M0181	6000	1880	9	8	1	1	0.8889	0.8889	19.47	451344
aa_blosum62	M0188	6000	1807	120	18	1	102	0.9474	0.1500	3.15	122516
aa_blosum62	M0194	6000	1686	70	34	1	36	0.9714	0.4857	8.72	353244
aa_blosum62	M0201	6000	1593	45	10	1	35	0.9091	0.2222	2.60	97504
aa_blosum62	M0202	6000	2010	1	1	1	0	0.5000	1.0000	2.55	78180
aa_blosum62	M0205	6000	2079	263	164	1	99	0.9939	0.6236	6.76	264912
aa_blosum62	M0206	6000	1804	80	51	1	29	0.9808	0.6375	21.64	624408
aa_blosum62	M0210	6000	1934	224	6	1	218	0.8571	0.0268	3.15	140244
aa_blosum62	M0212	6000	1780	97	59	1	38	0.9833	0.6082	14.38	338640
aa_blosum62	M0216	6000	2759	1167	1146	1	21	0.9991	0.9820	3.09	178040
aa_blosum62	M0227	6000	1692	40	15	1	25	0.9375	0.3750	4.92	242752
aa_blosum62	M0228	6000	2329	122	17	1	105	0.9444	0.1393	2.88	195344
aa_blosum62	M0231	6000	2022	16	16	1	0	0.9412	1.0000	5.47	197304
aa_blosum62	M0234	6000	1830	19	7	1	12	0.8750	0.3684	3.25	183384
aa_blosum62	M0235	6000	1776	18	2	1	16	0.6667	0.1111	2.37	67540
aa_blosum62	M0237	6000	1201	616	89	1	527	0.9889	0.1445	2.38	102064
aa_blosum62	M0243	6000	1790	14	14	1	0	0.9333	1.0000	8.07	337180
aa_blosum62	M0250	6000	1950	15	15	1	0	0.9375	1.0000	2.02	112780
aa_blosum62	M0253	6000	2074	240	109	1	131	0.9909	0.4542	14.73	616112
aa_blosum62	M0254	6000	1917	19	16	1	3	0.9412	0.8421	31.11	1056580
aa_blosum62	M0257	6000	2103	256	222	1	34	0.9955	0.8672	6.89	271372
aa_blosum62	M0260	6000	2323	22	22	1	0	0.9565	1.0000	6.72	344716
aa_blosum62	M0261	6000	1948	23	16	1	7	0.9412	0.6957	3.09	139996
aa_blosum62	M0262	6000	1691	20	20	1	0	0.9524	1.0000	15.85	502764
aa_blosum62	M0263	6000	1742	51	7	1	44	0.8750	0.1373	2.80	129648
aa_blosum62	M0266	6000	1813	47	46	1	1	0.9787	0.9787	4.85	179148
aa_blosum62	M0272	6000	1714	45	31	1	14	0.9688	0.6889	7.21	207184
aa_blosum62	M0278	6000	2109	105	59	1	46	0.9833	0.5619	2.25	87732
aa_blosum62	M0281	6000	1379	3	2	1	1	0.6667	0.6667	5.87	145836
aa_blosum62	M0293	6000	1573	62	41	1	21	0.9762	0.6613	2.31	111784
aa_blosum62	M0294	6000	1627	116	104	1	12	0.9905	0.8966	14.08	419096
aa_blosum62	M0297	5078	1486	18	1	1	17	0.5000	0.0556	2.02	56308
aa_blosum62	M0298	6000	1705	366	3	1	363	0.7500	0.0082	2.32	122108
aa_blosum62	M0301	6000	2199	52	12	1	40	0.9231	0.2308	3.32	152304
aa_blosum62	M0308	6000	1894	174	174	1	0	0.9943	1.0000	29.86	779044
aa_blosum62	M0311	6000	1530	84	84	1	0	0.9882	1.0000	22.76	626728
aa_blosum62	M0313	6000	1758	19	12	1	7	0.9231	0.6316	1.76	83676
aa_blosum62	M0314	6000	1452	48	2	1	46	0.6667	0.0417	13.55	282056
aa_blosum62	M0321	6000	1946	25	7	1	18	0.8750	0.2800	3.77	164176
aa_blosum62	M0334	6000	1930	23	23	1	0	0.9583	1.0000	3.61	86320
aa_blosum62	M0338	6000	2064	28	1	1	27	0.5000	0.0357	2.57	72112
aa_blosum62	M0346	6000	1628	143	14	1	129	0.9333	0.0979	5.36	176900
aa_blosum62	M0348	6000	355	180	67	1	113	0.9853	0.3722	7.43	328256
aa_blosum62	M0351	6000	2332	26	23	1	3	0.9583	0.8846	2.40	86824
aa_blosum62	M0353	6000	1488	14	8	1	6	0.8889	0.5714	2.39	90996
aa_blosum62	M0357	6000	2298	6	5	1	1	0.8333	0.8333	3.82	79372
aa_blosum62	M0358	6000	1740	1	1	1	0	0.5000	1.0000	10.21	377976
aa_blosum62	M0363	6000	3127	66	1	1	65	0.5000	0.0152	1.82	119868
aa_blosum62	M0369	6000	1632	87	16	1	71	0.9412	0.1839	5.07	231532
aa_blosum62	M0371	6000	1818	123	11	1	112	0.9167	0.0894	3.50	189372
aa_blosum62	M0376	6000	1835	42	35	1	7	0.9722	0.8333	3.78	206124
aa_blosum62	M0377	6000	450	215	61	1	154	0.9839	0.2837	12.49	395092
aa_blosum62	M0379	6000	2069	121	31	1	90	0.9688	0.2562	13.12	543988
aa_blosum62	M0380	6000	1834	27	17	1	10	0.9444	0.6296	3.13	149408
aa_blosum62	M0381	6000	1864	76	45	1	31	0.9783	0.5921	1.93	55968
aa_blosum62	M0383	6000	1681	131	51	1	80	0.9808	0.3893	5.21	188200
aa_blosum62	M0384	6000	1926	107	3	1	104	0.7500	0.0280	2.47	182284
aa_blosum62	M0386	6000	1882	5	5	1	0	0.8333	1.0000	15.72	419800
aa_blosum62	M0387	6000	1453	2182	44	1	2138	0.9778	0.0202	1.64	106808
aa_blosum62	M0391	6000	1666	15	8	1	7	0.8889	0.5333	1.44	72932
aa_blosum62	M0398	6000	1562	37	1	1	36	0.5000	0.0270	4.64	177972
aa_blosum62	M0401	6000	1595	396	6	1	390	0.8571	0.0152	6.04	192660
aa_blosum62	M0403	6000	1993	17	14	1	3	0.9333	0.8235	3.00	167292
aa_blosum62	M0410	6000	1673	34	5	1	29	0.8333	0.1471	3.00	183944
aa_blosum62	M0412	6000	1472	61	5	1	56	0.8333	0.0820	5.13	143116
aa_blosum62	M0414	6000	1929	83	60	1	23	0.9836	0.7229	4.30	194292
aa_blosum62	M0416	6000	2107	5	5	1	0	0.8333	1.0000	16.22	446764
aa_blosum62	M0420	6000	1905	18	6	1	12	0.8571	0.3333	2.83	108816
aa_blosum62	M0423	6000	1589	99	5	1	94	0.8333	0.0505	2.67	137724
aa_blosum62	M0425	6000	1739	2202	49	1	2153	0.9800	0.0223	2.21	116792
aa_blosum62	M0426	6000	1919	20	20	1	0	0.9524	1.0000	4.90	213240
aa_blosum62	M0428	6000	1375	11	9	1	2	0.9000	0.8182	7.90	287076
aa_blosum62	M0429	6000	2234	48	24	1	24	0.9600	0.5000	2.86	95648
aa_blosum62	M0431	6000	1868	4	4	1	0	0.8000	1.0000	3.59	177600
aa_blosum62	M0433	6000	1709	214	11	1	203	0.9167	0.0514	2.83	81408
aa_blosum62	M0434	6000	2088	13	1	1	12	0.5000	0.0769	8.72	307872
aa_blosum62	M0435	6000	1831	88	12	1	76	0.9231	0.1364	41.82	1066028
aa_blosum62	M0440	6000	1733	50	38	1	12	0.9744	0.7600	13.22	246436
aa_blosum62	M0444	6000	1918	84	79	1	5	0.9875	0.9405	2.41	138528
aa_blosum62	M0447	6000	1860	6	1	1	5	0.5000	0.1667	6.33	309588
aa_blosum62	M0448	6000	1827	8	1	1	7	0.5000	0.1250	2.78	99016
aa_blosum62	M0453	6000	1723	66	12	1	54	0.9231	0.1818	7.39	238504
aa_blosum62	M0454	6000	1619	15	12	1	3	0.9231	0.8000	3.06	186516
aa_blosum62	M0456	6000	2154	18	2	1	16	0.6667	0.1111	5.11	74900
aa_blosum62	M0458	6000	1776	26	20	1	6	0.9524	0.7692	2.37	101380
aa_blosum62	M0462	6000	1754	50	44	1	6	0.9778	0.8800	3.81	192220
aa_blosum62	M0466	6000	1974	194	13	1	181	0.9286	0.0670	23.40	691124
aa_blosum62	M0472	6000	2046	97	95	1	2	0.9896	0.9794	15.35	450348
aa_blosum62	M0477	6000	1896	72	52	1	20	0.9811	0.7222	2.01	85048
aa_blosum62	M0484	6000	1935	102	102	1	0	0.9903	1.0000	19.13	484228
aa_blosum62	M0488	6000	1890	7	7	1	0	0.8750	1.0000	11.54	358172
aa_blosum62	M0497	6000	2025	16	15	1	1	0.9375	0.9375	11.38	301620
aa_blosum62	M0502	6000	1714	129	6	1	123	0.8571	0.0465	12.30	417108
aa_blosum62	M0505	6000	2362	28	3	1	25	0.7500	0.1071	3.18	221724
aa_blosum62	M0506	6000	1785	117	64	1	53	0.9846	0.5470	3.79	172580
aa_blosum62	M0508	6000	2055	8	7	1	1	0.8750	0.8750	6.70	254200
aa_blosum62	M0510	6000	2200	63	2	1	61	0.6667	0.0317	1.96	119192
aa_blosum62	M0515	6000	1874	21	12	1	9	0.9231	0.5714	3.02	116384
aa_blosum62	M0519	6000	1920	20	18	1	2	0.9474	0.9000	16.98	585796
aa_blosum62	M0520	6000	1458	446	110	1	336	0.9910	0.2466	3.94	235288
aa_blosum62	M0544	6000	1889	14	9	1	5	0.9000	0.6429	5.25	155584
aa_blosum62	M0545	6000	1930	20	14	1	6	0.9333	0.7000	2.52	95872
aa_blosum62	M0547	6000	2293	8	4	1	4	0.8000	0.5000	3.83	153308
aa_blosum62	M0550	6000	2049	21	8	1	13	0.8889	0.3810	2.85	129740
aa_blosum62	M0563	3510	1188	32	0	1	32	0.0000	0.0000	1.34	52692
aa_blosum62	M0564	6000	1787	400	9	1	391	0.9000	0.0225	1.80	81364
aa_blosum62	M0565	6000	2718	14	4	1	10	0.8000	0.2857	2.19	83596
aa_blosum62	M0574	6000	1482	134	22	1	112	0.9565	0.1642	4.91	181988
aa_blosum62	M0580	6000	2091	10	7	1	3	0.8750	0.7000	2.93	124368
aa_blosum62	M0589	6000	1814	69	3	1	66	0.7500	0.0435	3.41	167788
aa_blosum62	M0590	6000	1920	20	3	1	17	0.7500	0.1500	2.98	123920
aa_blosum62	M0597	6000	2419	28	12	1	16	0.9231	0.4286	2.48	96288
aa_blosum62	M0600	6000	1705	79	34	1	45	0.9714	0.4304	4.47	226548
aa_blosum62	M0609	6000	1422	86	13	1	73	0.9286	0.1512	1.94	108092
aa_blosum62	M0612	6000	1910	92	49	1	43	0.9800	0.5326	3.12	97256
aa_blosum62	M0616	6000	1795	6	5	1	1	0.8333	0.8333	4.18	201944
aa_blosum62	M0623	6000	2064	17	17	1	0	0.9444	1.0000	3.24	147692
aa_blosum62	M0625	6000	1860	9	2	1	7	0.6667	0.2222	3.58	76528
aa_blosum62	M0634	6000	1678	10	10	1	0	0.9091	1.0000	2.56	103136
aa_blosum62	M0636	6000	2216	17	7	1	10	0.8750	0.4118	2.27	76604
aa_blosum62	M0642	6000	2378	31	3	1	28	0.7500	0.0968	1.38	45424
aa_blosum62	M0651	6000	2068	65	8	1	57	0.8889	0.1231	2.48	93928
aa_blosum62	M0653	6000	1725	26	5	1	21	0.8333	0.1923	5.51	169632
aa_blosum62	M0655	6000	2208	7	5	1	2	0.8333	0.7143	2.48	99164
aa_blosum62	M0658	6000	1733	13	3	1	10	0.7500	0.2308	2.23	85072
aa_blosum62	M0663	6000	1604	97	12	1	85	0.9231	0.1237	4.29	162584
aa_blosum62	M0669	6000	1754	11	1	1	10	0.5000	0.0909	2.68	88576
aa_blosum62	M0674	6000	1887	38	4	1	34	0.8000	0.1053	3.21	95020
aa_blosum62	M0682	6000	1646	329	2	1	327	0.6667	0.0061	2.50	77672
aa_blosum62	M0683	6000	2145	30	28	1	2	0.9655	0.9333	5.92	188616
aa_blosum62	M0693	6000	1624	412	7	1	405	0.8750	0.0170	2.49	88056
aa_blosum62	M0697	6000	1922	156	6	1	150	0.8571	0.0385	2.23	66352
aa_blosum62	M0709	6000	1815	351	3	1	348	0.7500	0.0085	2.04	80308
aa_blosum62	M0727	6000	1557	24	12	1	12	0.9231	0.5000	6.86	195120
aa_blosum62	M0732	6000	1863	20	5	1	15	0.8333	0.2500	4.17	194936
aa_blosum62	M0734	6000	1930	10	3	1	7	0.7500	0.3000	2.01	56636
aa_blosum62	M0736	6000	2067	4	4	1	0	0.8000	1.0000	2.99	99744
aa_blosum62	M0738	6000	1939	16	7	1	9	0.8750	0.4375	2.28	86096
aa_blosum62	M0742	6000	2273	3	3	1	0	0.7500	1.0000	3.36	82416
aa_blosum62	M0748	6000	1714	20	17	1	3	0.9444	0.8500	2.42	98580
aa_blosum62	M0752	6000	1894	9	9	1	0	0.9000	1.0000	3.02	172784
aa_blosum62	M0754	6000	2259	13	4	1	9	0.8000	0.3077	2.23	88544
aa_blosum62	M0755	6000	1945	12	8	1	4	0.8889	0.6667	3.63	98628
aa_blosum62	M0759	6000	2384	80	23	1	57	0.9583	0.2875	2.50	94460
aa_blosum62	M0768	6000	1873	237	18	1	219	0.9474	0.0759	3.25	120328
aa_blosum62	M0771	6000	1697	285	5	1	280	0.8333	0.0175	4.87	89116
aa_blosum62	M0781	6000	1900	8	7	1	1	0.8750	0.8750	3.01	104564
aa_blosum62	M0789	6000	1730	62	26	1	36	0.9630	0.4194	2.76	93080
aa_blosum62	M0792	6000	1980	11	1	1	10	0.5000	0.0909	4.18	261048
aa_blosum62	M0795	6000	1821	80	15	1	65	0.9375	0.1875	9.51	348936
aa_blosum62	M0798	6000	1466	2197	5	1	2192	0.8333	0.0023	1.42	103368
aa_blosum62	M0806	6000	1513	5	1	1	4	0.5000	0.2000	3.06	98948
aa_blosum62	M0808	6000	1913	5	4	1	1	0.8000	0.8000	3.99	130544
aa_blosum62	M0810	6000	1920	38	7	1	31	0.8750	0.1842	7.42	214524
aa_blosum62	M0815	6000	1304	243	166	1	77	0.9940	0.6831	1.54	69308
aa_blosum62	M0816	6000	1497	242	18	1	224	0.9474	0.0744	2.34	87032
aa_blosum62	M0819	6000	1940	26	21	1	5	0.9545	0.8077	2.80	76236
aa_blosum62	M0822	6000	2110	3	2	1	1	0.6667	0.6667	2.04	120092
aa_blosum62	M0826	6000	2117	22	6	1	16	0.8571	0.2727	1.65	97020
aa_blosum62	M0829	6000	1562	7	6	1	1	0.8571	0.8571	2.20	90848
aa_blosum62	M0835	6000	1999	62	25	1	37	0.9615	0.4032	2.65	92964
aa_blosum62	M0843	6000	2142	17	11	1	6	0.9167	0.6471	2.13	80924
aa_blosum62	M0850	6000	1665	40	14	1	26	0.9333	0.3500	2.02	138628
aa_blosum62	M0851	6000	2239	24	2	1	22	0.6667	0.0833	1.93	53380
aa_blosum62	M0854	6000	1286	136	10	1	126	0.9091	0.0735	3.55	191988
aa_blosum62	M0855	6000	1974	55	9	1	46	0.9000	0.1636	2.47	123328
aa_blosum62	M0857	6000	1742	13	10	1	3	0.9091	0.7692	3.21	135348
aa_blosum62	M0858	6000	2122	353	305	1	48	0.9967	0.8640	3.06	128740
aa_blosum62	M0860	6000	2214	14	3	1	11	0.7500	0.2143	3.60	95432
aa_blosum62	M0862	6000	2104	21	8	1	13	0.8889	0.3810	2.68	98708
aa_blosum62	M0869	6000	1766	6	6	1	0	0.8571	1.0000	3.61	128000
aa_blosum62	M0874	6000	1781	4	3	1	1	0.7500	0.7500	2.42	89044
aa_blosum62	M0879	6000	2265	38	5	1	33	0.8333	0.1316	1.44	63504
aa_blosum62	M0881	6000	2110	157	147	1	10	0.9932	0.9363	2.30	86600
aa_blosum62	M0884	6000	1511	24	19	1	5	0.9500	0.7917	5.31	191812
aa_blosum62	M0885	6000	1729	17	4	1	13	0.8000	0.2353	17.39	497440
aa_blosum62	M0895	6000	1718	131	6	1	125	0.8571	0.0458	3.20	83760
aa_blosum62	M0900	6000	1527	448	99	1	349	0.9900	0.2210	4.38	92808
aa_blosum62	M0905	6000	1819	231	5	1	226	0.8333	0.0216	2.50	73528
aa_blosum62	M0906	6000	2166	266	61	1	205	0.9839	0.2293	2.27	121880
aa_blosum62	M0908	6000	1979	79	8	1	71	0.8889	0.1013	2.97	121712
aa_blosum62	M0910	6000	1834	8	7	1	1	0.8750	0.8750	3.43	173008
aa_blosum62	M0916	6000	2004	1	1	1	0	0.5000	1.0000	2.36	96344
aa_blosum62	M0918	6000	2149	140	64	1	76	0.9846	0.4571	5.63	321044
aa_blosum62	M0919	6000	2085	19	11	1	8	0.9167	0.5789	4.36	146752
aa_blosum62	M0920	6000	1676	39	12	1	27	0.9231	0.3077	4.33	94968
aa_blosum62	M0925	6000	1844	24	1	1	23	0.5000	0.0417	2.62	88036
aa_blosum62	M0931	6000	2150	74	62	1	12	0.9841	0.8378	2.47	102900
aa_blosum62	M0937	6000	1993	32	14	1	18	0.9333	0.4375	2.56	105556
aa_blosum62	M0939	6000	2078	27	8	1	19	0.8889	0.2963	2.99	157752
aa_blosum62	M0940	6000	447	122	9	1	113	0.9000	0.0738	6.01	234384
aa_blosum62	M0947	6000	1542	68	4	1	64	0.8000	0.0588	8.23	212476
aa_blosum62	M0952	6000	1766	89	5	1	84	0.8333	0.0562	4.68	222800
aa_blosum62	M0957	6000	433	223	28	1	195	0.9655	0.1256	4.59	186284
aa_blosum62	M0958	6000	425	243	59	1	184	0.9833	0.2428	4.72	159336
aa_blosum62	M0959	6000	571	178	22	1	156	0.9565	0.1236	5.81	253536
aa_blosum62	M0961	6000	333	155	6	1	149	0.8571	0.0387	6.68	225688
aa_blosum62	M0962	6000	645	147	13	1	134	0.9286	0.0884	5.42	233408
aa_blosum62	M0964	6000	1869	69	9	1	60	0.9000	0.1304	5.91	186216
aa_group	M0003	6000	2102	95	19	1	76	0.9500	0.2000	1.80	72616
aa_group	M0010	6000	1731	15	13	1	2	0.9286	0.8667	5.16	215848
aa_group	M0019	6000	1559	22	22	1	0	0.9565	1.0000	3.58	122604
aa_group	M0020	6000	1746	120	102	1	18	0.9903	0.8500	5.19	265288
aa_group	M0028	6000	1677	22	20	1	2	0.9524	0.9091	4.75	196048
aa_group	M0031	6000	1883	321	251	1	70	0.9960	0.7819	6.07	232128
aa_group	M0033	6000	1761	15	9	1	6	0.9000	0.6000	4.37	241888
aa_group	M0040	6000	1629	61	12	1	49	0.9231	0.1967	2.53	151736
aa_group	M0043	6000	1784	22	20	1	2	0.9524	0.9091	16.34	424668
aa_group	M0044	6000	1973	75	67	1	8	0.9853	0.8933	29.41	780296
aa_group	M0048	6000	1602	104	76	1	28	0.9870	0.7308	4.39	161656
aa_group	M0054	6000	2374	46	37	1	9	0.9737	0.8043	1.40	62668
aa_group	M0058	6000	1646	42	11	1	31	0.9167	0.2619	6.88	306756
aa_group	M0065	6000	2090	56	37	1	19	0.9737	0.6607	2.58	138268
aa_group	M0066	6000	2035	60	8	1	52	0.8889	0.1333	4.65	140224
aa_group	M0067	6000	1717	42	17	1	25	0.9444	0.4048	4.60	192172
aa_group	M0070	6000	1898	172	8	1	164	0.8889	0.0465	3.82	85384
aa_group	M0075	6000	1865	3	2	1	1	0.6667	0.6667	12.28	230812
aa_group	M0076	6000	1820	102	38	1	64	0.9744	0.3725	4.08	100668
aa_group	M0077	6000	1599	108	61	1	47	0.9839	0.5648	3.99	148832
aa_group	M0081	6000	1726	10	8	1	2	0.8889	0.8000	11.88	417724
aa_group	M0085	6000	1769	12	10	1	2	0.9091	0.8333	8.34	291056
aa_group	M0087	6000	1706	72	64	1	8	0.9846	0.8889	10.58	357452
aa_group	M0090	6000	1956	61	57	1	4	0.9828	0.9344	66.46	1362400
aa_group	M0092	6000	1859	43	36	1	7	0.9730	0.8372	15.14	278464
aa_group	M0093	6000	1636	24	8	1	16	0.8889	0.3333	4.60	186304
aa_group	M0096	6000	1984	24	2	1	22	0.6667	0.0833	1.95	85052
aa_group	M0100	6000	1506	381	183	1	198	0.9946	0.4803	7.02	155740
aa_group	M0104	6000	1830	12	5	1	7	0.8333	0.4167	12.84	391388
aa_group	M0107	6000	1749	78	6	1	72	0.8571	0.0769	4.28	177268
aa_group	M0108	6000	1716	178	1	1	177	0.5000	0.0056	5.81	145248
aa_group	M0109	6000	1912	212	114	1	98	0.9913	0.5377	5.66	292672
aa_group	M0111	6000	1716	11	1	1	10	0.5000	0.0909	11.23	336612
aa_group	M0117	6000	1791	121	45	1	76	0.9783	0.3719	5.47	144064
aa_group	M0118	6000	1898	108	89	1	19	0.9889	0.8241	2.52	106584
aa_group	M0121	6000	2013	55	10	1	45	0.9091	0.1818	3.89	112816
aa_group	M0122	6000	1994	29	20	1	9	0.9524	0.6897	3.88	236744
aa_group	M0123	6000	1766	29	7	1	22	0.8750	0.2414	15.06	385324
aa_group	M0125	6000	1873	40	37	1	3	0.9737	0.9250	4.66	200628
aa_group	M0131	6000	1669	48	37	1	11	0.9737	0.7708	3.31	153424
aa_group	M0134	6000	2137	56	56	1	0	0.9825	1.0000	3.36	114236
aa_group	M0136	6000	1770	11	9	1	2	0.9000	0.8182	12.42	484344
aa_group	M0139	6000	1992	78	39	1	39	0.9750	0.5000	6.76	124120
aa_group	M0141	6000	1732	27	9	1	18	0.9000	0.3333	21.37	837060
aa_group	M0142	6000	1797	15	5	1	10	0.8333	0.3333	6.28	232164
aa_group	M0154	6000	2084	63	49	1	14	0.9800	0.7778	2.32	70924
aa_group	M0159	6000	2062	161	98	1	63	0.9899	0.6087	6.07	336532
aa_group	M0163	6000	1768	55	45	1	10	0.9783	0.8182	5.73	142692
aa_group	M0172	6000	1803	20	9	1	11	0.9000	0.4500	2.20	142848
aa_group	M0175	6000	3072	830	203	1	627	0.9951	0.2446	4.02	129136
aa_group	M0178	6000	1887	303	156	1	147	0.9936	0.5149	3.65	254852
aa_group	M0181	6000	1739	9	7	1	2	0.8750	0.7778	12.31	480032
aa_group	M0188	6000	1774	120	17	1	103	0.9444	0.1417	2.13	101184
aa_group	M0194	6000	1658	70	35	1	35	0.9722	0.5000	5.68	261504
aa_group	M0201	6000	1443	45	12	1	33	0.9231	0.2667	4.13	138452
aa_group	M0202	6000	2032	1	1	1	0	0.5000	1.0000	1.46	60572
aa_group	M0205	6000	1680	263	254	1	9	0.9961	0.9658	5.81	227876
aa_group	M0206	6000	1698	80	40	1	40	0.9756	0.5000	23.97	677748
aa_group	M0210	6000	1766	224	11	1	213	0.9167	0.0491	7.35	207708
aa_group	M0212	6000	1564	97	55	1	42	0.9821	0.5670	8.35	427412
aa_group	M0216	6000	2752	1167	1153	1	14	0.9991	0.9880	4.22	166972
aa_group	M0227	6000	1790	40	16	1	24	0.9412	0.4000	5.67	301484
aa_group	M0228	6000	2144	122	20	1	102	0.9524	0.1639	3.07	176760
aa_group	M0231	6000	1813	16	16	1	0	0.9412	1.0000	4.90	171152
aa_group	M0234	6000	1861	19	6	1	13	0.8571	0.3158	6.91	222140
aa_group	M0235	6000	1845	18	2	1	16	0.6667	0.1111	1.79	70332
aa_group	M0237	6000	1142	616	90	1	526	0.9890	0.1461	1.91	86892
aa_group	M0243	6000	1647	14	14	1	0	0.9333	1.0000	9.52	292068
aa_group	M0250	6000	1831	15	15	1	0	0.9375	1.0000	3.52	123708
aa_group	M0253	6000	2081	240	85	1	155	0.9884	0.3542	14.81	505272
aa_group	M0254	6000	1959	19	16	1	3	0.9412	0.8421	29.64	864704
aa_group	M0257	6000	1958	256	218	1	38	0.9954	0.8516	6.22	228384
aa_group	M0260	6000	1804	22	21	1	1	0.9545	0.9545	9.69	358148
aa_group	M0261	6000	1850	23	16	1	7	0.9412	0.6957	3.29	120800
aa_group	M0262	6000	1720	20	20	1	0	0.9524	1.0000	16.88	561112
aa_group	M0263	6000	1651	51	7	1	44	0.8750	0.1373	2.15	130164
aa_group	M0266	6000	2407	47	45	1	2	0.9783	0.9574	4.74	211892
aa_group	M0272	6000	1820	45	27	1	18	0.9643	0.6000	8.84	218988
aa_group	M0278	6000	2164	105	59	1	46	0.9833	0.5619	2.94	120576
aa_group	M0281	6000	1430	3	2	1	1	0.6667	0.6667	8.99	429396
aa_group	M0293	6000	1537	62	44	1	18	0.9778	0.7097	5.18	148708
aa_group	M0294	6000	1639	116	104	1	12	0.9905	0.8966	22.91	428292
aa_group	M0297	6000	1992	18	1	1	17	0.5000	0.0556	2.10	110948
aa_group	M0298	6000	1655	366	1	1	365	0.5000	0.0027	2.93	152708
aa_group	M0301	6000	2154	52	12	1	40	0.9231	0.2308	4.25	144136
aa_group	M0308	6000	1819	174	174	1	0	0.9943	1.0000	27.08	560060
aa_group	M0311	6000	1356	84	84	1	0	0.9882	1.0000	19.53	439992
aa_group	M0313	6000	1835	19	14	1	5	0.9333	0.7368	2.39	72996
aa_group	M0314	6000	1517	48	3	1	45	0.7500	0.0625	16.20	375864
aa_group	M0321	6000	1820	25	5	1	20	0.8333	0.2000	2.56	110524
aa_group	M0334	6000	1782	23	22	1	1	0.9565	0.9565	9.01	186780
aa_group	M0338	6000	2134	28	1	1	27	0.5000	0.0357	2.34	67220
aa_group	M0346	6000	1795	143	14	1	129	0.9333	0.0979	4.67	177380
aa_group	M0348	6000	294	180	72	1	108	0.9863	0.4000	6.14	206088
aa_group	M0351	6000	2062	26	16	1	10	0.9412	0.6154	2.91	82968
aa_group	M0353	6000	1389	14	8	1	6	0.8889	0.5714	2.64	76912
aa_group	M0357	6000	2196	6	5	1	1	0.8333	0.8333	3.74	86844
aa_group	M0358	6000	1814	1	1	1	0	0.5000	1.0000	19.96	522852
aa_group	M0363	6000	1953	66	3	1	63	0.7500	0.0455	2.38	113600
aa_group	M0369	6000	1696	87	18	1	69	0.9474	0.2069	3.73	208272
aa_group	M0371	6000	1862	123	11	1	112	0.9167	0.0894	4.73	162848
aa_group	M0376	6000	1722	42	34	1	8	0.9714	0.8095	2.76	199564
aa_group	M0377	6000	396	215	63	1	152	0.9844	0.2930	17.77	322060
aa_group	M0379	6000	1922	121	30	1	91	0.9677	0.2479	12.70	457408
aa_group	M0380	6000	1829	27	18	1	9	0.9474	0.6667	2.77	105168
aa_group	M0381	6000	2433	76	45	1	31	0.9783	0.5921	1.80	89756
aa_group	M0383	6000	1733	131	71	1	60	0.9861	0.5420	5.48	152144
aa_group	M0384	6000	1777	107	2	1	105	0.6667	0.0187	4.62	238604
aa_group	M0386	6000	2025	5	4	1	1	0.8000	0.8000	13.55	493296
aa_group	M0387	6000	1459	2182	45	1	2137	0.9783	0.0206	1.86	119024
aa_group	M0391	6000	1609	15	8	1	7	0.8889	0.5333	1.74	61480
aa_group	M0398	6000	1713	37	1	1	36	0.5000	0.0270	11.92	450588
aa_group	M0401	6000	1732	396	7	1	389	0.8750	0.0177	9.10	287100
aa_group	M0403	6000	2003	17	14	1	3	0.9333	0.8235	2.66	157264
aa_group	M0410	6000	1857	34	5	1	29	0.8333	0.1471	6.14	229752
aa_group	M0412	6000	1610	61	5	1	56	0.8333	0.0820	6.54	152188
aa_group	M0414	6000	2042	83	59	1	24	0.9833	0.7108	4.79	173604
aa_group	M0416	6000	2020	5	5	1	0	0.8333	1.0000	15.41	633308
aa_group	M0420	6000	1804	18	6	1	12	0.8571	0.3333	5.40	106712
aa_group	M0423	6000	1750	99	5	1	94	0.8333	0.0505	2.77	88244
aa_group	M0425	6000	1713	2202	56	1	2146	0.9825	0.0254	2.96	136132
aa_group	M0426	6000	1928	20	19	1	1	0.9500	0.9500	3.60	174160
aa_group	M0428	6000	1227	11	9	1	2	0.9000	0.8182	7.38	247900
aa_group	M0429	6000	1928	48	23	1	25	0.9583	0.4792	4.63	142308
aa_group	M0431	6000	2045	4	4	1	0	0.8000	1.0000	3.21	152824
aa_group	M0433	6000	1880	214	8	1	206	0.8889	0.0374	2.18	56496
aa_group	M0434	6000	1740	13	1	1	12	0.5000	0.0769	29.38	474396
aa_group	M0435	6000	1830	88	12	1	76	0.9231	0.1364	55.46	1083200
aa_group	M0440	6000	1908	50	40	1	10	0.9756	0.8000	8.08	202080
aa_group	M0444	6000	1750	84	65	1	19	0.9848	0.7738	2.41	112512
aa_group	M0447	6000	1850	6	1	1	5	0.5000	0.1667	5.43	194220
aa_group	M0448	6000	2104	8	1	1	7	0.5000	0.1250	3.32	83128
aa_group	M0453	6000	1810	66	9	1	57	0.9000	0.1364	10.45	320156
aa_group	M0454	6000	1667	15	12	1	3	0.9231	0.8000	2.88	160056
aa_group	M0456	6000	2274	18	2	1	16	0.6667	0.1111	3.16	84948
aa_group	M0458	6000	1925	26	20	1	6	0.9524	0.7692	2.65	97916
aa_group	M0462	6000	1676	50	44	1	6	0.9778	0.8800	3.90	303308
aa_group	M0466	6000	1966	194	13	1	181	0.9286	0.0670	23.84	731192
aa_group	M0472	6000	1903	97	96	1	1	0.9897	0.9897	15.16	515068
aa_group	M0477	6000	1715	72	55	1	17	0.9821	0.7639	3.64	138376
aa_group	M0484	6000	1976	102	102	1	0	0.9903	1.0000	24.13	528280
aa_group	M0488	6000	1829	7	7	1	0	0.8750	1.0000	9.70	286916
aa_group	M0497	6000	1713	16	15	1	1	0.9375	0.9375	9.87	280780
aa_group	M0502	6000	1689	129	7	1	122	0.8750	0.0543	14.36	392620
aa_group	M0505	6000	2004	28	3	1	25	0.7500	0.1071	2.48	211336
aa_group	M0506	6000	1790	117	66	1	51	0.9851	0.5641	4.75	192240
aa_group	M0508	6000	2282	8	8	1	0	0.8889	1.0000	7.54	382152
aa_group	M0510	6000	2113	63	2	1	61	0.6667	0.0317	2.41	108836
aa_group	M0515	6000	1794	21	11	1	10	0.9167	0.5238	6.10	164132
aa_group	M0519	6000	1785	20	18	1	2	0.9474	0.9000	20.75	614372
aa_group	M0520	6000	1495	446	228	1	218	0.9956	0.5112	6.13	218136
aa_group	M0544	6000	1667	14	9	1	5	0.9000	0.6429	4.26	138416
aa_group	M0545	6000	1988	20	14	1	6	0.9333	0.7000	2.27	83988
aa_group	M0547	6000	2410	8	4	1	4	0.8000	0.5000	4.33	146920
aa_group	M0550	6000	2010	21	7	1	14	0.8750	0.3333	2.12	115092
aa_group	M0563	6000	2062	32	0	1	32	0.0000	0.0000	1.88	63940
aa_group	M0564	6000	1820	400	9	1	391	0.9000	0.0225	1.44	63212
aa_group	M0565	6000	2729	14	5	1	9	0.8333	0.3571	2.28	74196
aa_group	M0574	6000	1846	134	22	1	112	0.9565	0.1642	9.77	231020
aa_group	M0580	6000	1927	10	7	1	3	0.8750	0.7000	2.41	93272
aa_group	M0589	6000	2045	69	5	1	64	0.8333	0.0725	6.11	222880
aa_group	M0590	6000	1776	20	3	1	17	0.7500	0.1500	2.63	112632
aa_group	M0597	6000	1817	28	12	1	16	0.9231	0.4286	5.05	152340
aa_group	M0600	6000	1747	79	35	1	44	0.9722	0.4430	2.86	252136
aa_group	M0609	6000	1413	86	13	1	73	0.9286	0.1512	2.25	118168
aa_group	M0612	6000	2071	92	49	1	43	0.9800	0.5326	1.79	81964
aa_group	M0616	6000	1912	6	5	1	1	0.8333	0.8333	2.42	127376
aa_group	M0623	6000	1771	17	17	1	0	0.9444	1.0000	3.34	123584
aa_group	M0625	6000	1933	9	2	1	7	0.6667	0.2222	3.73	68760
aa_group	M0634	6000	1815	10	10	1	0	0.9091	1.0000	3.37	97556
aa_group	M0636	6000	1708	17	7	1	10	0.8750	0.4118	3.02	100836
aa_group	M0642	6000	2124	31	4	1	27	0.8000	0.1290	1.43	46216
aa_group	M0651	6000	1965	65	10	1	55	0.9091	0.1538	2.58	86532
aa_group	M0653	6000	1706	26	5	1	21	0.8333	0.1923	6.18	171688
aa_group	M0655	6000	2362	7	4	1	3	0.8000	0.5714	2.61	64856
aa_group	M0658	6000	1678	13	3	1	10	0.7500	0.2308	2.44	84128
aa_group	M0663	6000	1539	97	12	1	85	0.9231	0.1237	4.51	235256
aa_group	M0669	6000	1734	11	1	1	10	0.5000	0.0909	2.36	176852
aa_group	M0674	6000	1737	38	10	1	28	0.9091	0.2632	4.18	87612
aa_group	M0682	6000	1483	329	2	1	327	0.6667	0.0061	2.62	94984
aa_group	M0683	6000	1807	30	27	1	3	0.9643	0.9000	10.01	211680
aa_group	M0693	6000	1708	412	7	1	405	0.8750	0.0170	1.79	61984
aa_group	M0697	6000	1972	156	6	1	150	0.8571	0.0385	2.04	66796
aa_group	M0709	6000	2393	351	4	1	347	0.8000	0.0114	2.85	124208
aa_group	M0727	6000	1455	24	10	1	14	0.9091	0.4167	6.92	165180
aa_group	M0732	6000	1818	20	5	1	15	0.8333	0.2500	6.69	222836
aa_group	M0734	6000	2069	10	2	1	8	0.6667	0.2000	3.13	175916
aa_group	M0736	6000	2078	4	4	1	0	0.8000	1.0000	2.80	73100
aa_group	M0738	6000	2007	16	6	1	10	0.8571	0.3750	2.98	77012
aa_group	M0742	6000	2295	3	3	1	0	0.7500	1.0000	3.93	72000
aa_group	M0748	6000	1897	20	15	1	5	0.9375	0.7500	1.91	89992
aa_group	M0752	6000	1687	9	9	1	0	0.9000	1.0000	3.62	191368
aa_group	M0754	6000	2319	13	4	1	9	0.8000	0.3077	2.58	65172
aa_group	M0755	6000	1934	12	8	1	4	0.8889	0.6667	4.86	124028
aa_group	M0759	6000	2608	80	25	1	55	0.9615	0.3125	1.98	78432
aa_group	M0768	6000	1788	237	18	1	219	0.9474	0.0759	4.12	130864
aa_group	M0771	6000	2102	285	5	1	280	0.8333	0.0175	5.12	98596
aa_group	M0781	6000	1959	8	6	1	2	0.8571	0.7500	3.64	85832
aa_group	M0789	6000	1906	62	18	1	44	0.9474	0.2903	6.58	150384
aa_group	M0792	6000	1692	11	1	1	10	0.5000	0.0909	8.20	324816
aa_group	M0795	6000	2032	80	17	1	63	0.9444	0.2125	8.97	414816
aa_group	M0798	6000	1465	2197	5	1	2192	0.8333	0.0023	1.54	111140
aa_group	M0806	6000	1614	5	1	1	4	0.5000	0.2000	3.99	176644
aa_group	M0808	6000	1768	5	4	1	1	0.8000	0.8000	4.57	153672
aa_group	M0810	6000	1853	38	13	1	25	0.9286	0.3421	14.29	254452
aa_group	M0815	6000	1464	243	166	1	77	0.9940	0.6831	3.62	90440
aa_group	M0816	6000	1566	242	10	1	232	0.9091	0.0413	3.79	133856
aa_group	M0819	6000	2078	26	20	1	6	0.9524	0.7692	2.99	61456
aa_group	M0822	6000	2126	3	3	1	0	0.7500	1.0000	2.59	113220
aa_group	M0826	6000	1891	22	6	1	16	0.8571	0.2727	1.11	181848
aa_group	M0829	6000	1632	7	6	1	1	0.8571	0.8571	2.06	88260
aa_group	M0835	6000	2047	62	25	1	37	0.9615	0.4032	2.22	65376
aa_group	M0843	6000	2178	17	10	1	7	0.9091	0.5882	2.09	76652
aa_group	M0850	6000	1872	40	15	1	25	0.9375	0.3750	1.92	126396
aa_group	M0851	6000	2196	24	2	1	22	0.6667	0.0833	2.44	53244
aa_group	M0854	6000	1216	136	10	1	126	0.9091	0.0735	4.83	157740
aa_group	M0855	6000	1873	55	9	1	46	0.9000	0.1636	5.38	131560
aa_group	M0857	6000	1566	13	8	1	5	0.8889	0.6154	2.09	116016
aa_group	M0858	6000	2082	353	304	1	49	0.9967	0.8612	3.52	109264
aa_group	M0860	6000	2153	14	3	1	11	0.7500	0.2143	2.94	71132
aa_group	M0862	6000	1841	21	12	1	9	0.9231	0.5714	3.65	175240
aa_group	M0869	6000	1917	6	6	1	0	0.8571	1.0000	5.24	116364
aa_group	M0874	6000	1751	4	3	1	1	0.7500	0.7500	2.90	102540
aa_group	M0879	6000	2191	38	5	1	33	0.8333	0.1316	3.68	77308
aa_group	M0881	6000	1737	157	150	1	7	0.9934	0.9554	5.04	187588
aa_group	M0884	6000	1542	24	14	1	10	0.9333	0.5833	3.58	170504
aa_group	M0885	6000	1638	17	7	1	10	0.8750	0.4118	23.19	638208
aa_group	M0895	6000	1796	131	6	1	125	0.8571	0.0458	2.09	76036
aa_group	M0900	6000	1798	448	99	1	349	0.9900	0.2210	2.76	74892
aa_group	M0905	6000	2138	231	5	1	226	0.8333	0.0216	2.40	61028
aa_group	M0906	6000	1925	266	61	1	205	0.9839	0.2293	1.84	121304
aa_group	M0908	6000	1800	79	10	1	69	0.9091	0.1266	2.84	108020
aa_group	M0910	6000	1869	8	7	1	1	0.8750	0.8750	4.34	161820
aa_group	M0916	6000	2032	1	1	1	0	0.5000	1.0000	1.91	71540
aa_group	M0918	6000	1973	140	57	1	83	0.9828	0.4071	8.52	486820
aa_group	M0919	6000	2083	19	11	1	8	0.9167	0.5789	5.30	123732
aa_group	M0920	6000	1993	39	12	1	27	0.9231	0.3077	3.06	83500
aa_group	M0925	6000	2001	24	1	1	23	0.5000	0.0417	4.31	118308
aa_group	M0931	6000	1872	74	60	1	14	0.9836	0.8108	4.14	123284
aa_group	M0937	6000	1954	32	15	1	17	0.9375	0.4688	2.54	84752
aa_group	M0939	6000	1869	27	7	1	20	0.8750	0.2593	4.52	247136
aa_group	M0940	6000	432	122	8	1	114	0.8889	0.0656	4.76	191896
aa_group	M0947	6000	1497	68	4	1	64	0.8000	0.0588	7.41	248288
aa_group	M0952	6000	1784	89	5	1	84	0.8333	0.0562	4.39	320584
aa_group	M0957	6000	480	223	28	1	195	0.9655	0.1256	3.27	131368
aa_group	M0958	6000	421	243	60	1	183	0.9836	0.2469	4.42	128236
aa_group	M0959	6000	521	178	38	1	140	0.9744	0.2135	6.88	218744
aa_group	M0961	6000	223	155	6	1	149	0.8571	0.0387	6.42	175732
aa_group	M0962	6000	168	147	13	1	134	0.9286	0.0884	3.73	143332
aa_group	M0964	6000	1956	69	8	1	61	0.8889	0.1159	9.58	249448
aa_size	M0003	6000	1911	95	19	1	76	0.9500	0.2000	2.49	109528
aa_size	M0010	6000	1753	15	13	1	2	0.9286	0.8667	3.90	207680
aa_size	M0019	6000	1961	22	22	1	0	0.9565	1.0000	5.13	191184
aa_size	M0020	6000	1707	120	97	1	23	0.9898	0.8083	6.54	402552
aa_size	M0028	6000	1874	22	20	1	2	0.9524	0.9091	4.69	239948
aa_size	M0031	6000	1834	321	242	1	79	0.9959	0.7539	6.79	287476
aa_size	M0033	6000	1686	15	3	1	12	0.7500	0.2000	2.56	225812
aa_size	M0040	6000	1623	61	12	1	49	0.9231	0.1967	3.73	140380
aa_size	M0043	6000	1901	22	20	1	2	0.9524	0.9091	16.30	640840
aa_size	M0044	6000	1929	75	64	1	11	0.9846	0.8533	43.93	1298976
aa_size	M0048	6000	1592	104	81	1	23	0.9878	0.7788	4.46	257252
aa_size	M0054	6000	1743	46	28	1	18	0.9655	0.6087	2.52	100112
aa_size	M0058	6000	1716	42	11	1	31	0.9167	0.2619	4.85	233168
aa_size	M0065	6000	2183	56	38	1	18	0.9744	0.6786	5.41	225412
aa_size	M0066	6000	1805	60	7	1	53	0.8750	0.1167	3.93	148876
aa_size	M0067	6000	1822	42	13	1	29	0.9286	0.3095	8.09	309760
aa_size	M0070	6000	1868	172	8	1	164	0.8889	0.0465	2.66	94336
aa_size	M0075	6000	1829	3	2	1	1	0.6667	0.6667	11.22	376264
aa_size	M0076	6000	1798	102	38	1	64	0.9744	0.3725	3.77	100640
aa_size	M0077	6000	1754	108	55	1	53	0.9821	0.5093	3.28	158184
aa_size	M0081	6000	1821	10	8	1	2	0.8889	0.8000	8.80	501476
aa_size	M0085	6000	1778	12	9	1	3	0.9000	0.7500	15.54	414704
aa_size	M0087	6000	1930	72	62	1	10	0.9841	0.8611	17.51	590884
aa_size	M0090	6000	1802	61	54	1	7	0.9818	0.8852	57.83	1606056
aa_size	M0092	6000	1840	43	36	1	7	0.9730	0.8372	7.80	320528
aa_size	M0093	6000	1584	24	18	1	6	0.9474	0.7500	6.84	193540
aa_size	M0096	6000	2047	24	2	1	22	0.6667	0.0833	2.57	97000
aa_size	M0100	6000	1359	381	178	1	203	0.9944	0.4672	5.53	163344
aa_size	M0104	6000	1724	12	5	1	7	0.8333	0.4167	12.80	458664
aa_size	M0107	6000	1805	78	6	1	72	0.8571	0.0769	4.88	189728
aa_size	M0108	6000	1832	178	56	1	122	0.9825	0.3146	3.88	163752
aa_size	M0109	6000	1818	212	117	1	95	0.9915	0.5519	7.83	398676
aa_size	M0111	6000	1706	11	2	1	9	0.6667	0.1818	10.30	368000
aa_size	M0117	6000	2644	121	53	1	68	0.9815	0.4380	2.24	124652
aa_size	M0118	6000	1776	108	92	1	16	0.9892	0.8519	4.49	158136
aa_size	M0121	6000	1978	55	9	1	46	0.9000	0.1636	3.86	116088
aa_size	M0122	6000	1914	29	19	1	10	0.9500	0.6552	5.24	251640
aa_size	M0123	6000	1986	29	7	1	22	0.8750	0.2414	17.10	489328
aa_size	M0125	6000	1784	40	37	1	3	0.9737	0.9250	4.67	296684
aa_size	M0131	6000	1957	48	37	1	11	0.9737	0.7708	7.53	216392
aa_size	M0134	6000	2169	56	55	1	1	0.9821	0.9821	2.80	122272
aa_size	M0136	6000	1837	11	10	1	1	0.9091	0.9091	11.55	642932
aa_size	M0139	6000	1860	78	32	1	46	0.9697	0.4103	5.05	118276
aa_size	M0141	6000	1986	27	5	1	22	0.8333	0.1852	21.72	810584
aa_size	M0142	6000	1753	15	7	1	8	0.8750	0.4667	4.60	228112
aa_size	M0154	6000	2108	63	49	1	14	0.9800	0.7778	2.95	99224
aa_size	M0159	6000	1962	161	43	1	118	0.9773	0.2671	10.37	462280
aa_size	M0163	6000	1846	55	11	1	44	0.9167	0.2000	6.29	255852
aa_size	M0172	6000	2010	20	10	1	10	0.9091	0.5000	4.54	174732
aa_size	M0175	6000	3387	830	197	1	633	0.9949	0.2373	3.16	180776
aa_size	M0178	6000	1968	303	106	1	197	0.9907	0.3498	5.31	255596
aa_size	M0181	6000	1874	9	8	1	1	0.8889	0.8889	13.63	579440
aa_size	M0188	6000	2063	120	15	1	105	0.9375	0.1250	3.41	113088
aa_size	M0194	6000	1866	70	22	1	48	0.9565	0.3143	12.11	546596
aa_size	M0201	6000	1568	45	10	1	35	0.9091	0.2222	2.57	124596
aa_size	M0202	6000	1821	1	1	1	0	0.5000	1.0000	2.09	86072
aa_size	M0205	6000	1850	263	245	1	18	0.9959	0.9316	6.75	334608
aa_size	M0206	6000	1923	80	70	1	10	0.9859	0.8750	15.10	810552
aa_size	M0210	6000	1881	224	8	1	216	0.8889	0.0357	3.64	236168
aa_size	M0212	6000	1553	97	49	1	48	0.9800	0.5052	11.01	419348
aa_size	M0216	6000	2578	1167	1148	1	19	0.9991	0.9837	3.35	203664
aa_size	M0227	6000	1673	40	10	1	30	0.9091	0.2500	9.36	326576
aa_size	M0228	6000	2097	122	13	1	109	0.9286	0.1066	4.24	267352
aa_size	M0231	6000	1918	16	15	1	1	0.9375	0.9375	4.88	240268
aa_size	M0234	6000	1782	19	7	1	12	0.8750	0.3684	7.51	276656
aa_size	M0235	6000	1885	18	2	1	16	0.6667	0.1111	2.22	84896
aa_size	M0237	6000	1443	616	83	1	533	0.9881	0.1347	2.53	120308
aa_size	M0243	6000	1777	14	14	1	0	0.9333	1.0000	11.08	495244
aa_size	M0250	6000	1837	15	15	1	0	0.9375	1.0000	2.91	166292
aa_size	M0253	6000	2081	240	55	1	185	0.9821	0.2292	14.93	775324
aa_size	M0254	6000	1969	19	19	1	0	0.9500	1.0000	44.27	1237964
aa_size	M0257	6000	2004	256	221	1	35	0.9955	0.8633	6.97	284176
aa_size	M0260	6000	1856	22	20	1	2	0.9524	0.9091	6.12	469724
aa_size	M0261	6000	2119	23	16	1	7	0.9412	0.6957	4.25	135768
aa_size	M0262	6000	1739	20	20	1	0	0.9524	1.0000	7.75	542144
aa_size	M0263	6000	1471	51	7	1	44	0.8750	0.1373	2.54	125984
aa_size	M0266	6000	2130	47	42	1	5	0.9767	0.8936	5.24	290076
aa_size	M0272	6000	1722	45	26	1	19	0.9630	0.5778	8.64	269396
aa_size	M0278	6000	1974	105	60	1	45	0.9836	0.5714	4.26	146460
aa_size	M0281	6000	1460	3	2	1	1	0.6667	0.6667	11.00	361248
aa_size	M0293	6000	1715	62	39	1	23	0.9750	0.6290	4.19	226796
aa_size	M0294	6000	1683	116	101	1	15	0.9902	0.8707	10.22	471504
aa_size	M0297	6000	1936	18	1	1	17	0.5000	0.0556	1.76	86896
aa_size	M0298	6000	1771	366	0	1	366	0.0000	0.0000	2.46	147116
aa_size	M0301	6000	2002	52	13	1	39	0.9286	0.2500	3.99	141416
aa_size	M0308	6000	1951	174	174	1	0	0.9943	1.0000	28.73	950580
aa_size	M0311	6000	1611	84	84	1	0	0.9882	1.0000	26.86	802036
aa_size	M0313	6000	1688	19	14	1	5	0.9333	0.7368	2.95	79384
aa_size	M0314	6000	1585	48	7	1	41	0.8750	0.1458	10.79	445784
aa_size	M0321	6000	1917	25	7	1	18	0.8750	0.2800	3.56	208840
aa_size	M0334	6000	1780	23	22	1	1	0.9565	0.9565	5.38	183752
aa_size	M0338	6000	2260	28	0	1	28	0.0000	0.0000	2.87	94528
aa_size	M0346	6000	1650	143	12	1	131	0.9231	0.0839	4.00	183100
aa_size	M0348	6000	545	180	66	1	114	0.9851	0.3667	11.88	430400
aa_size	M0351	6000	1896	26	19	1	7	0.9500	0.7308	2.44	70836
aa_size	M0353	6000	1635	14	7	1	7	0.8750	0.5000	3.70	105272
aa_size	M0357	6000	2240	6	4	1	2	0.8000	0.6667	3.12	103280
aa_size	M0358	6000	1724	1	1	1	0	0.5000	1.0000	11.30	595452
aa_size	M0363	6000	2031	66	3	1	63	0.7500	0.0455	2.68	150092
aa_size	M0369	6000	1818	87	17	1	70	0.9444	0.1954	4.31	282120
aa_size	M0371	6000	1809	123	11	1	112	0.9167	0.0894	4.34	215220
aa_size	M0376	6000	1853	42	35	1	7	0.9722	0.8333	3.27	245224
aa_size	M0377	6000	1051	215	33	1	182	0.9706	0.1535	14.76	589736
aa_size	M0379	6000	2025	121	31	1	90	0.9688	0.2562	17.23	771064
aa_size	M0380	6000	1812	27	19	1	8	0.9500	0.7037	3.40	169804
aa_size	M0381	6000	2018	76	44	1	32	0.9778	0.5789	1.60	73920
aa_size	M0383	6000	1978	131	78	1	53	0.9873	0.5954	6.44	218128
aa_size	M0384	6000	1948	107	6	1	101	0.8571	0.0561	5.06	284216
aa_size	M0386	6000	1644	5	5	1	0	0.8333	1.0000	15.23	722552
aa_size	M0387	6000	1465	2182	42	1	2140	0.9767	0.0192	3.03	165928
aa_size	M0391	6000	1912	15	8	1	7	0.8889	0.5333	1.19	102756
aa_size	M0398	6000	1775	37	1	1	36	0.5000	0.0270	9.18	453180
aa_size	M0401	6000	1719	396	4	1	392	0.8000	0.0101	6.20	232032
aa_size	M0403	6000	2075	17	11	1	6	0.9167	0.6471	2.77	188072
aa_size	M0410	6000	1775	34	12	1	22	0.9231	0.3529	5.97	248180
aa_size	M0412	6000	1835	61	5	1	56	0.8333	0.0820	7.14	197972
aa_size	M0414	6000	1752	83	61	1	22	0.9839	0.7349	5.45	243372
aa_size	M0416	6000	2083	5	5	1	0	0.8333	1.0000	22.74	610532
aa_size	M0420	6000	2033	18	6	1	12	0.8571	0.3333	2.87	143780
aa_size	M0423	6000	2310	99	5	1	94	0.8333	0.0505	3.28	145608
aa_size	M0425	6000	1739	2202	10	1	2192	0.9091	0.0045	3.77	178012
aa_size	M0426	6000	1914	20	19	1	1	0.9500	0.9500	6.18	228588
aa_size	M0428	6000	1361	11	9	1	2	0.9000	0.8182	10.38	382420
aa_size	M0429	6000	1896	48	23	1	25	0.9583	0.4792	5.45	175500
aa_size	M0431	6000	2011	4	4	1	0	0.8000	1.0000	3.86	204344
aa_size	M0433	6000	1820	214	11	1	203	0.9167	0.0514	2.37	114968
aa_size	M0434	6000	1926	13	1	1	12	0.5000	0.0769	11.11	488560
aa_size	M0435	6000	1677	88	12	1	76	0.9231	0.1364	45.76	1443776
aa_size	M0440	6000	2038	50	36	1	14	0.9730	0.7200	8.50	280048
aa_size	M0444	6000	1794	84	79	1	5	0.9875	0.9405	1.99	143360
aa_size	M0447	6000	1747	6	2	1	4	0.6667	0.3333	6.30	289848
aa_size	M0448	6000	1952	8	1	1	7	0.5000	0.1250	3.02	123200
aa_size	M0453	6000	1740	66	35	1	31	0.9722	0.5303	8.87	331056
aa_size	M0454	6000	1646	15	12	1	3	0.9231	0.8000	5.88	338988
aa_size	M0456	6000	2316	18	2	1	16	0.6667	0.1111	2.55	111748
aa_size	M0458	6000	2169	26	17	1	9	0.9444	0.6538	2.69	118272
aa_size	M0462	6000	1846	50	38	1	12	0.9744	0.7600	4.07	289984
aa_size	M0466	6000	1895	194	13	1	181	0.9286	0.0670	24.24	772552
aa_size	M0472	6000	1972	97	94	1	3	0.9895	0.9691	21.40	784192
aa_size	M0477	6000	1747	72	47	1	25	0.9792	0.6528	3.67	155404
aa_size	M0484	6000	1813	102	102	1	0	0.9903	1.0000	28.38	808348
aa_size	M0488	6000	1998	7	7	1	0	0.8750	1.0000	25.18	561692
aa_size	M0497	6000	1792	16	15	1	1	0.9375	0.9375	14.72	505680
aa_size	M0502	6000	1624	129	6	1	123	0.8571	0.0465	14.71	557344
aa_size	M0505	6000	1716	28	3	1	25	0.7500	0.1071	5.28	366980
aa_size	M0506	6000	1840	117	80	1	37	0.9877	0.6838	7.47	205404
aa_size	M0508	6000	2042	8	7	1	1	0.8750	0.8750	9.29	426752
aa_size	M0510	6000	2045	63	2	1	61	0.6667	0.0317	2.92	147556
aa_size	M0515	6000	1848	21	11	1	10	0.9167	0.5238	4.90	224956
aa_size	M0519	6000	1906	20	18	1	2	0.9474	0.9000	13.61	633980
aa_size	M0520	6000	1420	446	320	1	126	0.9969	0.7175	4.42	166664
aa_size	M0544	6000	1906	14	9	1	5	0.9000	0.6429	6.53	209128
aa_size	M0545	6000	2136	20	14	1	6	0.9333	0.7000	2.74	96564
aa_size	M0547	6000	2221	8	4	1	4	0.8000	0.5000	2.91	168348
aa_size	M0550	6000	1837	21	6	1	15	0.8571	0.2857	3.24	157540
aa_size	M0563	6000	2417	32	0	1	32	0.0000	0.0000	1.25	67052
aa_size	M0564	6000	2062	400	9	1	391	0.9000	0.0225	1.96	113080
aa_size	M0565	6000	2233	14	3	1	11	0.7500	0.2143	2.35	109944
aa_size	M0574	6000	1572	134	23	1	111	0.9583	0.1716	9.62	312004
aa_size	M0580	6000	1935	10	8	1	2	0.8889	0.8000	4.88	147048
aa_size	M0589	6000	1692	69	3	1	66	0.7500	0.0435	3.91	218456
aa_size	M0590	6000	1945	20	4	1	16	0.8000	0.2000	3.58	173868
aa_size	M0597	6000	1871	28	12	1	16	0.9231	0.4286	2.25	127584
aa_size	M0600	6000	1789	79	32	1	47	0.9697	0.4051	3.39	194832
aa_size	M0609	6000	1422	86	13	1	73	0.9286	0.1512	2.21	148552
aa_size	M0612	6000	1766	92	49	1	43	0.9800	0.5326	3.51	107420
aa_size	M0616	6000	1803	6	5	1	1	0.8333	0.8333	3.54	240492
aa_size	M0623	6000	1815	17	17	1	0	0.9444	1.0000	3.61	193208
aa_size	M0625	6000	1953	9	1	1	8	0.5000	0.1111	4.90	117312
aa_size	M0634	6000	1837	10	10	1	0	0.9091	1.0000	4.34	137148
aa_size	M0636	6000	1784	17	7	1	10	0.8750	0.4118	3.20	106440
aa_size	M0642	6000	2321	31	3	1	28	0.7500	0.0968	1.18	58192
aa_size	M0651	6000	1842	65	8	1	57	0.8889	0.1231	4.09	121752
aa_size	M0653	6000	1832	26	5	1	21	0.8333	0.1923	6.09	235416
aa_size	M0655	6000	2159	7	5	1	2	0.8333	0.7143	2.48	94064
aa_size	M0658	6000	1732	13	3	1	10	0.7500	0.2308	3.32	109652
aa_size	M0663	6000	1585	97	10	1	87	0.9091	0.1031	3.01	201964
aa_size	M0669	6000	1794	11	1	1	10	0.5000	0.0909	2.86	117168
aa_size	M0674	6000	1841	38	4	1	34	0.8000	0.1053	4.24	108524
aa_size	M0682	6000	1675	329	2	1	327	0.6667	0.0061	1.85	78120
aa_size	M0683	6000	1946	30	27	1	3	0.9643	0.9000	5.74	259364
aa_size	M0693	6000	1960	412	7	1	405	0.8750	0.0170	3.08	117292
aa_size	M0697	6000	2235	156	6	1	150	0.8571	0.0385	1.51	88828
aa_size	M0709	6000	1975	351	3	1	348	0.7500	0.0085	3.01	118028
aa_size	M0727	6000	1691	24	7	1	17	0.8750	0.2917	8.11	271396
aa_size	M0732	6000	1894	20	5	1	15	0.8333	0.2500	4.92	256352
aa_size	M0734	6000	1730	10	3	1	7	0.7500	0.3000	2.35	156196
aa_size	M0736	6000	1877	4	4	1	0	0.8000	1.0000	2.48	111796
aa_size	M0738	6000	1653	16	9	1	7	0.9000	0.5625	4.26	114992
aa_size	M0742	6000	2329	3	3	1	0	0.7500	1.0000	4.26	99052
aa_size	M0748	6000	1678	20	15	1	5	0.9375	0.7500	2.78	109332
aa_size	M0752	6000	1977	9	9	1	0	0.9000	1.0000	2.25	176724
aa_size	M0754	6000	2094	13	4	1	9	0.8000	0.3077	2.00	76096
aa_size	M0755	6000	1798	12	8	1	4	0.8889	0.6667	6.69	161844
aa_size	M0759	6000	2387	80	18	1	62	0.9474	0.2250	2.10	114228
aa_size	M0768	6000	1828	237	18	1	219	0.9474	0.0759	4.62	139952
aa_size	M0771	6000	1948	285	5	1	280	0.8333	0.0175	4.98	100488
aa_size	M0781	6000	1772	8	7	1	1	0.8750	0.8750	3.63	149668
aa_size	M0789	6000	1789	62	25	1	37	0.9615	0.4032	4.21	167560
aa_size	M0792	6000	1783	11	1	1	10	0.5000	0.0909	5.45	389904
aa_size	M0795	6000	1837	80	29	1	51	0.9667	0.3625	10.59	534972
aa_size	M0798	6000	1476	2197	5	1	2192	0.8333	0.0023	2.45	143560
aa_size	M0806	6000	1687	5	1	1	4	0.5000	0.2000	3.25	159584
aa_size	M0808	6000	1753	5	1	1	4	0.5000	0.2000	5.03	157304
aa_size	M0810	6000	1792	38	11	1	27	0.9167	0.2895	11.12	313600
aa_size	M0815	6000	1619	243	166	1	77	0.9940	0.6831	3.02	107240
aa_size	M0816	6000	1809	242	12	1	230	0.9231	0.0496	6.70	194452
aa_size	M0819	6000	1965	26	20	1	6	0.9524	0.7692	2.75	84836
aa_size	M0822	6000	1788	3	2	1	1	0.6667	0.6667	1.82	136380
aa_size	M0826	6000	2074	22	6	1	16	0.8571	0.2727	1.67	98392
aa_size	M0829	6000	1729	7	6	1	1	0.8571	0.8571	2.41	114032
aa_size	M0835	6000	1891	62	25	1	37	0.9615	0.4032	4.68	111000
aa_size	M0843	6000	2061	17	11	1	6	0.9167	0.6471	2.37	92912
aa_size	M0850	6000	1781	40	13	1	27	0.9286	0.3250	2.54	117892
aa_size	M0851	6000	2312	24	2	1	22	0.6667	0.0833	2.11	53324
aa_size	M0854	6000	1519	136	10	1	126	0.9091	0.0735	4.33	177384
aa_size	M0855	6000	1725	55	8	1	47	0.8889	0.1455	4.94	177020
aa_size	M0857	6000	1689	13	6	1	7	0.8571	0.4615	3.42	181200
aa_size	M0858	6000	1952	353	310	1	43	0.9968	0.8782	4.51	165012
aa_size	M0860	6000	1995	14	3	1	11	0.7500	0.2143	5.08	111220
aa_size	M0862	6000	1838	21	9	1	12	0.9000	0.4286	3.13	175440
aa_size	M0869	6000	1766	6	6	1	0	0.8571	1.0000	6.23	153748
aa_size	M0874	6000	2255	4	3	1	1	0.7500	0.7500	2.97	176468
aa_size	M0879	6000	2096	38	4	1	34	0.8000	0.1053	2.06	49828
aa_size	M0881	6000	1875	157	109	1	48	0.9909	0.6943	2.63	177828
aa_size	M0884	6000	1668	24	19	1	5	0.9500	0.7917	5.39	225420
aa_size	M0885	6000	1909	17	4	1	13	0.8000	0.2353	17.97	781172
aa_size	M0895	6000	1606	131	7	1	124	0.8750	0.0534	3.29	105188
aa_size	M0900	6000	1683	448	315	1	133	0.9968	0.7031	3.42	87004
aa_size	M0905	6000	1786	231	5	1	226	0.8333	0.0216	3.35	101988
aa_size	M0906	6000	2004	266	61	1	205	0.9839	0.2293	2.18	137088
aa_size	M0908	6000	1992	79	3	1	76	0.7500	0.0380	2.88	149096
aa_size	M0910	6000	1815	8	7	1	1	0.8750	0.8750	4.37	212544
aa_size	M0916	6000	1688	1	1	1	0	0.5000	1.0000	1.67	122492
aa_size	M0918	6000	2074	140	63	1	77	0.9844	0.4500	7.72	460976
aa_size	M0919	6000	1736	19	11	1	8	0.9167	0.5789	5.16	161868
aa_size	M0920	6000	1747	39	12	1	27	0.9231	0.3077	1.77	102704
aa_size	M0925	6000	1864	24	1	1	23	0.5000	0.0417	1.92	101168
aa_size	M0931	6000	1872	74	62	1	12	0.9841	0.8378	3.50	144624
aa_size	M0937	6000	2185	32	11	1	21	0.9167	0.3438	3.24	126176
aa_size	M0939	6000	2020	27	7	1	20	0.8750	0.2593	3.96	257732
aa_size	M0940	6000	515	122	32	1	90	0.9697	0.2623	9.88	345388
aa_size	M0947	6000	1682	68	4	1	64	0.8000	0.0588	7.53	254340
aa_size	M0952	6000	1739	89	5	1	84	0.8333	0.0562	4.60	292188
aa_size	M0957	6000	637	223	28	1	195	0.9655	0.1256	9.27	288212
aa_size	M0958	6000	593	243	58	1	185	0.9831	0.2387	9.73	257644
aa_size	M0959	6000	723	178	14	1	164	0.9333	0.0787	9.30	422600
aa_size	M0961	6000	752	155	6	1	149	0.8571	0.0387	10.06	310872
aa_size	M0962	6000	745	147	12	1	135	0.9231	0.0816	6.26	229700
aa_size	M0964	6000	1788	69	9	1	60	0.9000	0.1304	8.46	322236
sensitive_aa	M0003	6000	1935	95	87	1	8	0.9886	0.9158	1.86	64144
sensitive_aa	M0010	6000	1650	15	14	1	1	0.9333	0.9333	6.04	165500
sensitive_aa	M0019	6000	1695	22	22	1	0	0.9565	1.0000	3.60	177128
sensitive_aa	M0020	6000	1766	120	107	1	13	0.9907	0.8917	7.49	376648
sensitive_aa	M0028	6000	1926	22	20	1	2	0.9524	0.9091	3.85	242188
sensitive_aa	M0031	6000	1816	321	269	1	52	0.9963	0.8380	3.59	218532
sensitive_aa	M0033	6000	1785	15	2	1	13	0.6667	0.1333	4.27	209876
sensitive_aa	M0040	6000	1552	61	13	1	48	0.9286	0.2131	3.58	146872
sensitive_aa	M0043	6000	1857	22	20	1	2	0.9524	0.9091	7.93	409236
sensitive_aa	M0044	6000	2006	75	65	1	10	0.9848	0.8667	30.86	1112640
sensitive_aa	M0048	6000	1635	104	77	1	27	0.9872	0.7404	4.12	205844
sensitive_aa	M0054	6000	2048	46	30	1	16	0.9677	0.6522	2.45	91224
sensitive_aa	M0058	6000	1953	42	12	1	30	0.9231	0.2857	6.25	294184
sensitive_aa	M0065	6000	1751	56	40	1	16	0.9756	0.7143	2.21	157048
sensitive_aa	M0066	6000	1643	60	8	1	52	0.8889	0.1333	3.16	183208
sensitive_aa	M0067	6000	1795	42	20	1	22	0.9524	0.4762	5.75	280496
sensitive_aa	M0070	6000	1801	172	8	1	164	0.8889	0.0465	1.61	76800
sensitive_aa	M0075	6000	1540	3	2	1	1	0.6667	0.6667	9.24	364796
sensitive_aa	M0076	6000	1703	102	38	1	64	0.9744	0.3725	3.81	122064
sensitive_aa	M0077	6000	1693	108	71	1	37	0.9861	0.6574	2.00	67984
sensitive_aa	M0081	6000	1667	10	7	1	3	0.8750	0.7000	12.21	490908
sensitive_aa	M0085	6000	1779	12	10	1	2	0.9091	0.8333	9.71	274716
sensitive_aa	M0087	6000	2035	72	64	1	8	0.9846	0.8889	9.73	405104
sensitive_aa	M0090	6000	1958	61	57	1	4	0.9828	0.9344	43.39	1430680
sensitive_aa	M0092	6000	1874	43	39	1	4	0.9750	0.9070	4.34	268352
sensitive_aa	M0093	6000	1768	24	24	1	0	0.9600	1.0000	4.17	166524
sensitive_aa	M0096	6000	2241	24	2	1	22	0.6667	0.0833	1.95	111640
sensitive_aa	M0100	6000	1314	381	207	1	174	0.9952	0.5433	4.37	142184
sensitive_aa	M0104	6000	1632	12	5	1	7	0.8333	0.4167	7.80	312120
sensitive_aa	M0107	6000	1644	78	8	1	70	0.8889	0.1026	2.78	141596
sensitive_aa	M0108	6000	1437	178	1	1	177	0.5000	0.0056	2.79	174848
sensitive_aa	M0109	6000	2218	212	120	1	92	0.9917	0.5660	5.84	364908
sensitive_aa	M0111	6000	1688	11	1	1	10	0.5000	0.0909	5.70	293860
sensitive_aa	M0117	6000	1932	121	46	1	75	0.9787	0.3802	2.36	110996
sensitive_aa	M0118	6000	2170	108	89	1	19	0.9889	0.8241	3.51	132868
sensitive_aa	M0121	6000	1913	55	17	1	38	0.9444	0.3091	2.16	90412
sensitive_aa	M0122	6000	1765	29	23	1	6	0.9583	0.7931	3.85	189544
sensitive_aa	M0123	6000	1808	29	7	1	22	0.8750	0.2414	9.85	423940
sensitive_aa	M0125	6000	1729	40	37	1	3	0.9737	0.9250	3.79	208824
sensitive_aa	M0131	6000	1647	48	37	1	11	0.9737	0.7708	3.58	172772
sensitive_aa	M0134	6000	2097	56	56	1	0	0.9825	1.0000	3.98	141976
sensitive_aa	M0136	6000	1792	11	9	1	2	0.9000	0.8182	12.02	567260
sensitive_aa	M0139	6000	2026	78	40	1	38	0.9756	0.5128	3.07	112040
sensitive_aa	M0141	6000	1869	27	14	1	13	0.9333	0.5185	20.00	770988
sensitive_aa	M0142	6000	1541	15	5	1	10	0.8333	0.3333	6.30	293260
sensitive_aa	M0154	6000	2079	63	49	1	14	0.9800	0.7778	2.60	97588
sensitive_aa	M0159	6000	2145	161	60	1	101	0.9836	0.3727	6.38	338332
sensitive_aa	M0163	6000	2096	55	23	1	32	0.9583	0.4182	3.78	184812
sensitive_aa	M0172	6000	2104	20	10	1	10	0.9091	0.5000	2.98	125292
sensitive_aa	M0175	6000	3066	830	189	1	641	0.9947	0.2277	3.27	122536
sensitive_aa	M0178	6000	1857	303	162	1	141	0.9939	0.5347	3.57	281448
sensitive_aa	M0181	6000	1785	9	9	1	0	0.9000	1.0000	19.61	502944
sensitive_aa	M0188	6000	1735	120	17	1	103	0.9444	0.1417	2.91	134224
sensitive_aa	M0194	6000	1689	70	43	1	27	0.9773	0.6143	9.95	390472
sensitive_aa	M0201	6000	1314	45	8	1	37	0.8889	0.1778	3.05	115892
sensitive_aa	M0202	6000	1822	1	1	1	0	0.5000	1.0000	2.18	77792
sensitive_aa	M0205	6000	2056	263	170	1	93	0.9942	0.6464	6.77	319008
sensitive_aa	M0206	6000	1743	80	51	1	29	0.9808	0.6375	20.17	706088
sensitive_aa	M0210	6000	1929	224	7	1	217	0.8750	0.0312	3.59	166692
sensitive_aa	M0212	6000	1557	97	59	1	38	0.9833	0.6082	11.99	354496
sensitive_aa	M0216	6000	2780	1167	1147	1	20	0.9991	0.9829	3.55	180952
sensitive_aa	M0227	6000	1645	40	14	1	26	0.9333	0.3500	4.33	275320
sensitive_aa	M0228	6000	2112	122	18	1	104	0.9474	0.1475	3.47	225420
sensitive_aa	M0231	6000	2016	16	16	1	0	0.9412	1.0000	5.08	214484
sensitive_aa	M0234	6000	1778	19	7	1	12	0.8750	0.3684	5.25	266772
sensitive_aa	M0235	6000	1920	18	3	1	15	0.7500	0.1667	2.47	71400
sensitive_aa	M0237	6000	1179	616	86	1	530	0.9885	0.1396	2.75	111168
sensitive_aa	M0243	6000	1809	14	14	1	0	0.9333	1.0000	8.39	449432
sensitive_aa	M0250	6000	1762	15	15	1	0	0.9375	1.0000	2.59	117096
sensitive_aa	M0253	6000	1975	240	28	1	212	0.9655	0.1167	15.65	732204
sensitive_aa	M0254	6000	1758	19	17	1	2	0.9444	0.8947	24.65	1049580
sensitive_aa	M0257	6000	1935	256	223	1	33	0.9955	0.8711	5.68	315556
sensitive_aa	M0260	6000	2216	22	22	1	0	0.9565	1.0000	9.33	468336
sensitive_aa	M0261	6000	1889	23	18	1	5	0.9474	0.7826	2.28	144152
sensitive_aa	M0262	6000	1632	20	20	1	0	0.9524	1.0000	14.16	629656
sensitive_aa	M0263	6000	1754	51	5	1	46	0.8333	0.0980	2.66	146372
sensitive_aa	M0266	6000	1609	47	46	1	1	0.9787	0.9787	5.93	220656
sensitive_aa	M0272	6000	1640	45	31	1	14	0.9688	0.6889	6.48	233864
sensitive_aa	M0278	6000	2116	105	64	1	41	0.9846	0.6095	1.71	84756
sensitive_aa	M0281	6000	1289	3	2	1	1	0.6667	0.6667	6.52	152536
sensitive_aa	M0293	6000	1477	62	46	1	16	0.9787	0.7419	2.81	139492
sensitive_aa	M0294	6000	1650	116	105	1	11	0.9906	0.9052	13.82	447680
sensitive_aa	M0297	6000	1462	18	1	1	17	0.5000	0.0556	2.90	60496
sensitive_aa	M0298	6000	1567	366	0	1	366	0.0000	0.0000	3.08	187424
sensitive_aa	M0301	6000	1858	52	16	1	36	0.9412	0.3077	3.65	185864
sensitive_aa	M0308	6000	1906	174	174	1	0	0.9943	1.0000	26.28	780980
sensitive_aa	M0311	6000	1561	84	84	1	0	0.9882	1.0000	21.29	669620
sensitive_aa	M0313	6000	1612	19	14	1	5	0.9333	0.7368	2.04	93364
sensitive_aa	M0314	6000	1508	48	2	1	46	0.6667	0.0417	16.79	312996
sensitive_aa	M0321	6000	1789	25	5	1	20	0.8333	0.2000	3.69	187492
sensitive_aa	M0334	6000	1812	23	23	1	0	0.9583	1.0000	3.07	99252
sensitive_aa	M0338	6000	1967	28	1	1	27	0.5000	0.0357	2.72	81132
sensitive_aa	M0346	6000	1562	143	14	1	129	0.9333	0.0979	3.91	183704
sensitive_aa	M0348	6000	332	180	63	1	117	0.9844	0.3500	6.99	349376
sensitive_aa	M0351	6000	2267	26	23	1	3	0.9583	0.8846	1.72	73060
sensitive_aa	M0353	6000	1447	14	9	1	5	0.9000	0.6429	3.22	110812
sensitive_aa	M0357	6000	2260	6	4	1	2	0.8000	0.6667	2.00	68088
sensitive_aa	M0358	6000	1604	1	1	1	0	0.5000	1.0000	10.71	474264
sensitive_aa	M0363	6000	3533	66	2	1	64	0.6667	0.0303	2.23	143936
sensitive_aa	M0369	6000	1616	87	15	1	72	0.9375	0.1724	5.79	295176
sensitive_aa	M0371	6000	1830	123	8	1	115	0.8889	0.0650	3.60	210200
sensitive_aa	M0376	6000	1860	42	36	1	6	0.9730	0.8571	3.34	222948
sensitive_aa	M0377	6000	585	215	63	1	152	0.9844	0.2930	12.43	492176
sensitive_aa	M0379	6000	2080	121	27	1	94	0.9643	0.2231	13.53	624692
sensitive_aa	M0380	6000	1871	27	19	1	8	0.9500	0.7037	3.14	160460
sensitive_aa	M0381	6000	2019	76	45	1	31	0.9783	0.5921	1.11	48832
sensitive_aa	M0383	6000	1742	131	52	1	79	0.9811	0.3969	5.11	206856
sensitive_aa	M0384	6000	1946	107	4	1	103	0.8000	0.0374	2.87	197068
sensitive_aa	M0386	6000	1862	5	5	1	0	0.8333	1.0000	15.09	530488
sensitive_aa	M0387	6000	1452	2182	50	1	2132	0.9804	0.0229	1.87	113060
sensitive_aa	M0391	6000	1723	15	9	1	6	0.9000	0.6000	1.53	72020
sensitive_aa	M0398	6000	1509	37	1	1	36	0.5000	0.0270	5.42	202300
sensitive_aa	M0401	6000	1234	396	7	1	389	0.8750	0.0177	6.29	229804
sensitive_aa	M0403	6000	2081	17	16	1	1	0.9412	0.9412	2.77	190732
sensitive_aa	M0410	6000	1737	34	5	1	29	0.8333	0.1471	3.97	226772
sensitive_aa	M0412	6000	1394	61	6	1	55	0.8571	0.0984	6.71	161588
sensitive_aa	M0414	6000	1917	83	59	1	24	0.9833	0.7108	4.23	221676
sensitive_aa	M0416	6000	2254	5	5	1	0	0.8333	1.0000	16.56	492836
sensitive_aa	M0420	6000	1818	18	6	1	12	0.8571	0.3333	3.30	133852
sensitive_aa	M0423	6000	1569	99	12	1	87	0.9231	0.1212	3.05	153764
sensitive_aa	M0425	6000	1591	2202	6	1	2196	0.8571	0.0027	2.22	132448
sensitive_aa	M0426	6000	1851	20	20	1	0	0.9524	1.0000	4.53	226832
sensitive_aa	M0428	6000	1435	11	8	1	3	0.8889	0.7273	7.15	321008
sensitive_aa	M0429	6000	2190	48	24	1	24	0.9600	0.5000	2.32	107928
sensitive_aa	M0431	6000	1816	4	4	1	0	0.8000	1.0000	3.55	219588
sensitive_aa	M0433	6000	1592	214	7	1	207	0.8750	0.0327	2.91	103624
sensitive_aa	M0434	6000	2089	13	1	1	12	0.5000	0.0769	7.73	338032
sensitive_aa	M0435	6000	1775	88	12	1	76	0.9231	0.1364	48.91	1270604
sensitive_aa	M0440	6000	1707	50	41	1	9	0.9762	0.8200	6.97	275288
sensitive_aa	M0444	6000	2043	84	79	1	5	0.9875	0.9405	1.80	156472
sensitive_aa	M0447	6000	1885	6	1	1	5	0.5000	0.1667	7.68	360324
sensitive_aa	M0448	6000	1800	8	1	1	7	0.5000	0.1250	3.90	127000
sensitive_aa	M0453	6000	1824	66	13	1	53	0.9286	0.1970	5.94	271612
sensitive_aa	M0454	6000	1604	15	10	1	5	0.9091	0.6667	3.60	213024
sensitive_aa	M0456	6000	2203	18	2	1	16	0.6667	0.1111	1.85	67968
sensitive_aa	M0458	6000	1772	26	21	1	5	0.9545	0.8077	2.00	101464
sensitive_aa	M0462	6000	1766	50	39	1	11	0.9750	0.7800	3.68	198552
sensitive_aa	M0466	6000	1938	194	13	1	181	0.9286	0.0670	24.95	794252
sensitive_aa	M0472	6000	2001	97	95	1	2	0.9896	0.9794	13.26	522180
sensitive_aa	M0477	6000	1896	72	58	1	14	0.9831	0.8056	2.94	98292
sensitive_aa	M0484	6000	1895	102	102	1	0	0.9903	1.0000	13.18	532980
sensitive_aa	M0488	6000	1877	7	7	1	0	0.8750	1.0000	12.85	446556
sensitive_aa	M0497	6000	2032	16	13	1	3	0.9286	0.8125	8.38	337776
sensitive_aa	M0502	6000	1851	129	6	1	123	0.8571	0.0465	13.43	463068
sensitive_aa	M0505	6000	2338	28	3	1	25	0.7500	0.1071	4.20	267100
sensitive_aa	M0506	6000	1866	117	61	1	56	0.9839	0.5214	3.77	204204
sensitive_aa	M0508	6000	1910	8	8	1	0	0.8889	1.0000	5.79	290116
sensitive_aa	M0510	6000	2160	63	2	1	61	0.6667	0.0317	2.21	130452
sensitive_aa	M0515	6000	1606	21	15	1	6	0.9375	0.7143	2.85	146316
sensitive_aa	M0519	6000	1994	20	18	1	2	0.9474	0.9000	15.23	685500
sensitive_aa	M0520	6000	1395	446	116	1	330	0.9915	0.2601	4.59	178956
sensitive_aa	M0544	6000	1907	14	9	1	5	0.9000	0.6429	4.65	186064
sensitive_aa	M0545	6000	1939	20	14	1	6	0.9333	0.7000	2.70	114324
sensitive_aa	M0547	6000	2151	8	4	1	4	0.8000	0.5000	3.66	149420
sensitive_aa	M0550	6000	1847	21	7	1	14	0.8750	0.3333	2.45	148616
sensitive_aa	M0563	4394	1419	32	0	1	32	0.0000	0.0000	1.11	53532
sensitive_aa	M0564	6000	1728	400	10	1	390	0.9091	0.0250	2.34	91624
sensitive_aa	M0565	6000	2040	14	4	1	10	0.8000	0.2857	2.31	97948
sensitive_aa	M0574	6000	1437	134	23	1	111	0.9583	0.1716	4.94	193532
sensitive_aa	M0580	6000	1747	10	6	1	4	0.8571	0.6000	3.53	137756
sensitive_aa	M0589	6000	1797	69	5	1	64	0.8333	0.0725	3.49	199160
sensitive_aa	M0590	6000	1769	20	3	1	17	0.7500	0.1500	3.37	156132
sensitive_aa	M0597	6000	2085	28	12	1	16	0.9231	0.4286	1.91	122228
sensitive_aa	M0600	6000	1693	79	34	1	45	0.9714	0.4304	4.14	256996
sensitive_aa	M0609	6000	1436	86	18	1	68	0.9474	0.2093	2.06	119548
sensitive_aa	M0612	6000	1840	92	63	1	29	0.9844	0.6848	2.80	105292
sensitive_aa	M0616	6000	1682	6	5	1	1	0.8333	0.8333	3.42	207572
sensitive_aa	M0623	6000	1939	17	17	1	0	0.9444	1.0000	2.72	167524
sensitive_aa	M0625	6000	1684	9	2	1	7	0.6667	0.2222	3.58	93560
sensitive_aa	M0634	6000	1749	10	10	1	0	0.9091	1.0000	2.92	112156
sensitive_aa	M0636	6000	1987	17	7	1	10	0.8750	0.4118	2.03	85504
sensitive_aa	M0642	6000	2296	31	4	1	27	0.8000	0.1290	1.27	51032
sensitive_aa	M0651	6000	2015	65	8	1	57	0.8889	0.1231	2.16	100788
sensitive_aa	M0653	6000	1739	26	6	1	20	0.8571	0.2308	4.59	179044
sensitive_aa	M0655	6000	2161	7	5	1	2	0.8333	0.7143	2.50	99856
sensitive_aa	M0658	6000	1511	13	3	1	10	0.7500	0.2308	2.59	102528
sensitive_aa	M0663	6000	1593	97	9	1	88	0.9000	0.0928	5.32	280600
sensitive_aa	M0669	6000	1682	11	1	1	10	0.5000	0.0909	2.37	120792
sensitive_aa	M0674	6000	1911	38	4	1	34	0.8000	0.1053	2.35	102900
sensitive_aa	M0682	6000	1684	329	2	1	327	0.6667	0.0061	2.03	75448
sensitive_aa	M0683	6000	2136	30	29	1	1	0.9667	0.9667	5.22	205336
sensitive_aa	M0693	6000	1494	412	7	1	405	0.8750	0.0170	1.41	98752
sensitive_aa	M0697	6000	1965	156	6	1	150	0.8571	0.0385	1.97	64972
sensitive_aa	M0709	6000	1826	351	3	1	348	0.7500	0.0085	2.72	87792
sensitive_aa	M0727	6000	1560	24	9	1	15	0.9000	0.3750	4.56	204008
sensitive_aa	M0732	6000	1894	20	5	1	15	0.8333	0.2500	4.08	210124
sensitive_aa	M0734	6000	1916	10	3	1	7	0.7500	0.3000	2.15	84108
sensitive_aa	M0736	6000	1786	4	4	1	0	0.8000	1.0000	2.72	98684
sensitive_aa	M0738	6000	1888	16	7	1	9	0.8750	0.4375	2.84	96344
sensitive_aa	M0742	6000	2253	3	3	1	0	0.7500	1.0000	3.85	82376
sensitive_aa	M0748	6000	1451	20	18	1	2	0.9474	0.9000	2.72	120296
sensitive_aa	M0752	6000	1779	9	8	1	1	0.8889	0.8889	3.44	179880
sensitive_aa	M0754	6000	2189	13	4	1	9	0.8000	0.3077	2.53	94184
sensitive_aa	M0755	6000	2019	12	8	1	4	0.8889	0.6667	3.39	118284
sensitive_aa	M0759	6000	2282	80	31	1	49	0.9688	0.3875	2.34	110012
sensitive_aa	M0768	6000	1909	237	18	1	219	0.9474	0.0759	3.58	135516
sensitive_aa	M0771	6000	1591	285	5	1	280	0.8333	0.0175	4.28	81284
sensitive_aa	M0781	6000	1722	8	7	1	1	0.8750	0.8750	2.95	121664
sensitive_aa	M0789	6000	1692	62	26	1	36	0.9630	0.4194	2.19	97116
sensitive_aa	M0792	6000	1751	11	2	1	9	0.6667	0.1818	8.09	356872
sensitive_aa	M0795	6000	1794	80	15	1	65	0.9375	0.1875	9.37	404660
sensitive_aa	M0798	6000	1433	2197	5	1	2192	0.8333	0.0023	1.64	111688
sensitive_aa	M0806	6000	1279	5	1	1	4	0.5000	0.2000	3.37	103716
sensitive_aa	M0808	6000	1745	5	2	1	3	0.6667	0.4000	3.37	145416
sensitive_aa	M0810	6000	1711	38	9	1	29	0.9000	0.2368	8.60	240372
sensitive_aa	M0815	6000	1020	243	165	1	78	0.9940	0.6790	2.68	72648
sensitive_aa	M0816	6000	1531	242	19	1	223	0.9500	0.0785	3.21	101620
sensitive_aa	M0819	6000	1905	26	20	1	6	0.9524	0.7692	2.48	81964
sensitive_aa	M0822	6000	1931	3	2	1	1	0.6667	0.6667	2.61	145980
sensitive_aa	M0826	6000	1340	22	3	1	19	0.7500	0.1364	1.34	120208
sensitive_aa	M0829	6000	1485	7	6	1	1	0.8571	0.8571	2.09	100220
sensitive_aa	M0835	6000	1893	62	32	1	30	0.9697	0.5161	2.42	118796
sensitive_aa	M0843	6000	1754	17	11	1	6	0.9167	0.6471	1.89	82064
sensitive_aa	M0850	6000	1726	40	16	1	24	0.9412	0.4000	2.06	157088
sensitive_aa	M0851	6000	2353	24	2	1	22	0.6667	0.0833	2.04	55996
sensitive_aa	M0854	6000	1390	136	17	1	119	0.9444	0.1250	3.37	158256
sensitive_aa	M0855	6000	1871	55	9	1	46	0.9000	0.1636	4.18	123996
sensitive_aa	M0857	6000	1604	13	9	1	4	0.9000	0.6923	3.67	156080
sensitive_aa	M0858	6000	2138	353	275	1	78	0.9964	0.7790	3.94	138340
sensitive_aa	M0860	6000	2213	14	3	1	11	0.7500	0.2143	3.39	96872
sensitive_aa	M0862	6000	2092	21	8	1	13	0.8889	0.3810	2.63	116244
sensitive_aa	M0869	6000	1630	6	6	1	0	0.8571	1.0000	4.11	139320
sensitive_aa	M0874	6000	1559	4	3	1	1	0.7500	0.7500	2.87	145892
sensitive_aa	M0879	6000	2538	38	4	1	34	0.8000	0.1053	1.16	57756
sensitive_aa	M0881	6000	1628	157	148	1	9	0.9933	0.9427	2.62	99612
sensitive_aa	M0884	6000	1611	24	20	1	4	0.9524	0.8333	4.83	207824
sensitive_aa	M0885	6000	1714	17	4	1	13	0.8000	0.2353	14.73	553196
sensitive_aa	M0895	6000	1754	131	6	1	125	0.8571	0.0458	2.69	97996
sensitive_aa	M0900	6000	1488	448	99	1	349	0.9900	0.2210	3.39	94328
sensitive_aa	M0905	6000	1891	231	4	1	227	0.8000	0.0173	3.11	100284
sensitive_aa	M0906	6000	2229	266	63	1	203	0.9844	0.2368	2.18	133296
sensitive_aa	M0908	6000	1932	79	7	1	72	0.8750	0.0886	2.41	135728
sensitive_aa	M0910	6000	1948	8	8	1	0	0.8889	1.0000	3.08	214012
sensitive_aa	M0916	6000	1559	1	1	1	0	0.5000	1.0000	1.74	95176
sensitive_aa	M0918	6000	2073	140	64	1	76	0.9846	0.4571	5.44	339776
sensitive_aa	M0919	6000	1868	19	7	1	12	0.8750	0.3684	4.20	155680
sensitive_aa	M0920	6000	1814	39	12	1	27	0.9231	0.3077	2.81	85268
sensitive_aa	M0925	6000	1693	24	1	1	23	0.5000	0.0417	2.46	108632
sensitive_aa	M0931	6000	1963	74	65	1	9	0.9848	0.8784	3.35	120556
sensitive_aa	M0937	6000	2023	32	21	1	11	0.9545	0.6562	2.71	118684
sensitive_aa	M0939	6000	1574	27	8	1	19	0.8889	0.2963	3.54	202624
sensitive_aa	M0940	6000	421	122	9	1	113	0.9000	0.0738	6.20	270652
sensitive_aa	M0947	6000	1454	68	16	1	52	0.9412	0.2353	10.27	265660
sensitive_aa	M0952	6000	1529	89	6	1	83	0.8571	0.0674	4.03	262976
sensitive_aa	M0957	6000	423	223	42	1	181	0.9767	0.1883	5.45	206916
sensitive_aa	M0958	6000	450	243	68	1	175	0.9855	0.2798	3.99	187992
sensitive_aa	M0959	6000	622	178	13	1	165	0.9286	0.0730	5.11	343196
sensitive_aa	M0961	6000	447	155	6	1	149	0.8571	0.0387	7.45	260396
sensitive_aa	M0962	6000	550	147	12	1	135	0.9231	0.0816	6.12	251008
sensitive_aa	M0964	6000	1936	69	8	1	61	0.8889	0.1159	4.94	211248
