query	answer	class	n_substituted	substitutions
M0346	pdb1dci	partial	NA	
M0346	pdb1dub	partial	NA	
M0346	pdb1ef8	partial	NA	
M0346	pdb1ef9	partial	NA	
M0346	pdb1ey3	partial	NA	
M0346	pdb1hzd	partial	NA	
M0346	pdb1jxz	partial	NA	
M0346	pdb1mj3	partial	NA	
M0346	pdb1nzy	partial	NA	
M0346	pdb1q51	partial	NA	
M0346	pdb1q52	partial	NA	
M0346	pdb1rjm	partial	NA	
M0346	pdb1rjn	substituted	2	None>GLN,TYR>ARG
M0346	pdb1uiy	substituted	5	GLY>ALA,None>GLU,ASP>GLU,SER>PHE,TYR>ARG
M0346	pdb2dub	partial	NA	
M0346	pdb2ej5	partial	NA	
M0346	pdb2hw5	partial	NA	
M0346	pdb2iex	partial	NA	
M0346	pdb2j5i	substituted	5	GLY>MET,None>ASP,ASP>GLU,SER>ILE,TYR>ASP
M0346	pdb2pbp	partial	NA	
M0346	pdb2ppy	partial	NA	
M0346	pdb2qq3	partial	NA	
M0346	pdb2uzf	partial	NA	
M0346	pdb2vre	partial	NA	
M0346	pdb2vss	substituted	5	GLY>MET,None>ASP,ASP>GLU,SER>ILE,TYR>ASP
M0346	pdb2vsu	substituted	5	GLY>MET,None>ASP,ASP>GLU,SER>ILE,TYR>ASP
M0346	pdb2vx2	partial	NA	
M0346	pdb2wtb	partial	NA	
M0346	pdb2zqq	partial	NA	
M0346	pdb2zqr	partial	NA	
M0346	pdb3fdu	substituted	6	GLY>HIS,None>ASP,GLY>LYS,ASP>ALA,SER>PRO,TYR>GLU
M0346	pdb3g64	substituted	5	None>LEU,GLY>ALA,ASP>PHE,SER>LEU,TYR>MSE
M0346	pdb3gkb	partial	NA	
M0346	pdb3h02	partial	NA	
M0346	pdb3h81	partial	NA	
M0346	pdb3he2	partial	NA	
M0346	pdb3hrx	partial	NA	
M0346	pdb3i47	substituted	5	GLY>ALA,None>ASN,ASP>GLU,SER>LEU,TYR>ARG
M0346	pdb3kqf	partial	NA	
M0346	pdb3lke	partial	NA	
M0346	pdb3moy	partial	NA	
M0346	pdb3myb	partial	NA	
M0346	pdb3njb	partial	NA	
M0346	pdb3njd	partial	NA	
M0346	pdb3oc7	substituted	5	GLY>ALA,None>ALA,ASP>GLU,SER>VAL,TYR>PHE
M0346	pdb3ome	substituted	5	GLY>HIS,None>TRP,ASP>VAL,SER>ILE,TYR>HIS
M0346	pdb3p5m	partial	NA	
M0346	pdb3p85	partial	NA	
M0346	pdb3pe8	partial	NA	
M0346	pdb3pea	partial	NA	
M0346	pdb3pzk	partial	NA	
M0346	pdb3q0g	partial	NA	
M0346	pdb3q0j	partial	NA	
M0346	pdb3qka	partial	NA	
M0346	pdb3qmj	partial	NA	
M0346	pdb3qre	partial	NA	
M0346	pdb3qxi	partial	NA	
M0346	pdb3qxz	partial	NA	
M0346	pdb3qyr	partial	NA	
M0346	pdb3r0o	partial	NA	
M0346	pdb3r9s	partial	NA	
M0346	pdb3r9t	partial	NA	
M0346	pdb3rsi	partial	NA	
M0346	pdb3sll	substituted	5	GLY>LEU,None>HIS,ASP>GLY,SER>LEU,TYR>LEU
M0346	pdb3t3w	substituted	5	GLY>HIS,None>THR,ASP>VAL,SER>ILE,TYR>HIS
M0346	pdb3t88	substituted	2	None>TYR,ASP>GLY
M0346	pdb3t89	partial	NA	
M0346	pdb3t8a	substituted	1	None>HIS
M0346	pdb3t8b	partial	NA	
M0346	pdb3tlf	substituted	6	GLY>ALA,None>LYS,GLY>ALA,ASP>HIS,SER>LEU,TYR>LEU
M0346	pdb3trr	partial	NA	
M0346	pdb4di1	partial	NA	
M0346	pdb4els	partial	NA	
M0346	pdb4elw	partial	NA	
M0346	pdb4elx	partial	NA	
M0346	pdb4eml	partial	NA	
M0346	pdb4f47	partial	NA	
M0346	pdb4fjw	partial	NA	
M0346	pdb4fzw	substituted	6	GLY>GLN,None>PHE,GLY>ALA,ASP>PHE,SER>LEU,TYR>GLY
M0346	pdb4i42	substituted	2	None>TYR,ASP>GLY
M0346	pdb4i4z	substituted	2	None>TYR,ASP>GLY
M0346	pdb4i52	substituted	2	None>TYR,ASP>GLY
M0346	pdb4jcs	substituted	6	GLY>THR,None>ASP,GLY>ALA,ASP>TYR,SER>LEU,TYR>PHE
M0346	pdb4jfc	substituted	5	None>ARG,GLY>ALA,ASP>TYR,SER>LEU,TYR>LEU
M0346	pdb4jjt	partial	NA	
M0346	pdb4jwv	partial	NA	
M0346	pdb4k29	partial	NA	
M0346	pdb4k2n	partial	NA	
M0346	pdb4k3w	substituted	4	None>SER,ASP>GLU,SER>VAL,TYR>ILE
M0346	pdb4kd6	partial	NA	
M0346	pdb4knp	substituted	5	GLY>ALA,None>GLU,ASP>GLU,SER>VAL,TYR>PHE
M0346	pdb4kpk	substituted	5	GLY>ALA,None>LYS,ASP>GLU,SER>LEU,TYR>ARG
M0346	pdb4lk5	partial	NA	
M0346	pdb4mi2	partial	NA	
M0346	pdb4mou	partial	NA	
M0346	pdb4nek	partial	NA	
M0346	pdb4olq	substituted	5	GLY>ALA,None>ALA,ASP>PRO,SER>LEU,TYR>PHE
M0346	pdb4qfe	partial	NA	
M0346	pdb4qii	substituted	1	None>TYR
M0346	pdb4qij	substituted	1	None>TYR
M0346	pdb4wcz	substituted	5	GLY>ALA,None>ASP,ASP>PRO,SER>LEU,TYR>PHE
M0346	pdb4z0m	partial	NA	
M0346	pdb4zu2	substituted	4	None>ALA,ASP>GLU,SER>ILE,TYR>VAL
M0346	pdb5c9g	substituted	5	GLY>ALA,None>ALA,ASP>PRO,SER>LEU,TYR>PHE
M0346	pdb5dtp	partial	NA	
M0346	pdb5dtw	partial	NA	
M0346	pdb5du4	partial	NA	
M0346	pdb5du6	partial	NA	
M0346	pdb5du8	partial	NA	
M0346	pdb5duc	partial	NA	
M0346	pdb5duf	partial	NA	
M0346	pdb5e0n	partial	NA	
M0346	pdb5jbw	partial	NA	
M0346	pdb5jbx	partial	NA	
M0346	pdb5kjp	partial	NA	
M0346	pdb5ve2	partial	NA	
M0346	pdb5wyb	partial	NA	
M0346	pdb5wyd	partial	NA	
M0346	pdb5xzd	partial	NA	
M0346	pdb5ylo	partial	NA	
M0346	pdb5z7r	partial	NA	
M0346	pdb5zai	partial	NA	
M0346	pdb6ijk	partial	NA	
M0346	pdb6l3o	substituted	5	GLY>MET,None>ASP,ASP>GLU,SER>ILE,TYR>ASP
M0346	pdb6l3p	partial	NA	
M0346	pdb6ldz	partial	NA	
M0346	pdb6lvo	partial	NA	
M0346	pdb6lvp	partial	NA	
M0346	pdb6n92	partial	NA	
M0346	pdb6n93	partial	NA	
M0346	pdb6n94	partial	NA	
M0346	pdb6n95	partial	NA	
M0346	pdb6n96	partial	NA	
M0346	pdb6n97	partial	NA	
M0346	pdb6ojm	substituted	1	None>ARG
M0346	pdb6p5u	substituted	5	GLY>MET,None>ASP,ASP>GLU,SER>ILE,TYR>ASP
M0346	pdb6sl9	partial	NA	
M0346	pdb6sla	partial	NA	
M0346	pdb6slb	partial	NA	
M0346	pdb6wyi	partial	NA	
M0346	pdb7bor	partial	NA	
M0346	pdb7crd	partial	NA	
M0346	pdb7mcm	partial	NA	
M0376	pdb1a4l	exact	0	
M0376	pdb1a4m	exact	0	
M0376	pdb1add	exact	0	
M0376	pdb1fkw	substituted	1	ASP>GLU
M0376	pdb1fkx	exact	0	
M0376	pdb1krm	exact	0	
M0376	pdb1ndv	exact	0	
M0376	pdb1ndw	exact	0	
M0376	pdb1ndy	exact	0	
M0376	pdb1ndz	exact	0	
M0376	pdb1o5r	exact	0	
M0376	pdb1qxl	exact	0	
M0376	pdb1uio	substituted	1	HIS>ALA
M0376	pdb1uip	substituted	1	HIS>GLU
M0376	pdb1uml	exact	0	
M0376	pdb1v79	exact	0	
M0376	pdb1v7a	exact	0	
M0376	pdb1vfl	exact	0	
M0376	pdb1w1i	exact	0	
M0376	pdb1wxy	exact	0	
M0376	pdb1wxz	exact	0	
M0376	pdb2ada	exact	0	
M0376	pdb2amx	exact	0	
M0376	pdb2bgn	exact	0	
M0376	pdb2e1w	exact	0	
M0376	pdb2pgf	exact	0	
M0376	pdb2pgr	exact	0	
M0376	pdb2qvn	exact	0	
M0376	pdb2z7g	exact	0	
M0376	pdb3ewc	exact	0	
M0376	pdb3ewd	exact	0	
M0376	pdb3iar	exact	0	
M0376	pdb3km8	substituted	1	GLU>GLN
M0376	pdb3mvi	exact	0	
M0376	pdb3mvt	exact	0	
M0376	pdb3ou8	exact	0	
M0376	pdb3pan	exact	0	
M0376	pdb3pao	exact	0	
M0376	pdb3pbm	exact	0	
M0376	pdb3rys	exact	0	
M0376	pdb3t1g	exact	0	
M0376	pdb4gxw	exact	0	
M0431	pdb1bs9	exact	0	
M0431	pdb1g66	exact	0	
M0431	pdb1qoz	exact	0	
M0431	pdb2axe	exact	0	
M0243	pdb1ho1	substituted	1	None>THR
M0243	pdb1ho4	substituted	1	None>THR
M0243	pdb1ixn	substituted	1	None>THR
M0243	pdb1ixo	partial	NA	
M0243	pdb1ixp	substituted	1	None>THR
M0243	pdb1ixq	partial	NA	
M0243	pdb1m5w	substituted	1	None>THR
M0243	pdb3f4n	substituted	1	None>THR
M0243	pdb3gk0	substituted	1	None>THR
M0243	pdb3o6c	substituted	1	None>THR
M0243	pdb3o6d	substituted	1	None>THR
M0243	pdb5dlc	substituted	1	None>THR
M0243	pdb6rg0	substituted	1	None>THR
M0243	pdb6w6a	substituted	2	None>SER,HIS>LYS
M0294	pdb1chu	partial	NA	
M0294	pdb1d4c	substituted	2	PHE>MET,LEU>MET
M0294	pdb1d4d	substituted	2	PHE>MET,LEU>MET
M0294	pdb1d4e	substituted	2	PHE>MET,LEU>MET
M0294	pdb1e39	substituted	3	PHE>MET,HIS>ALA,LEU>MET
M0294	pdb1e7p	exact	0	
M0294	pdb1jrx	substituted	3	PHE>MET,LEU>MET,ARG>ALA
M0294	pdb1jry	substituted	3	PHE>MET,LEU>MET,ARG>LYS
M0294	pdb1jrz	substituted	3	PHE>MET,LEU>MET,ARG>TYR
M0294	pdb1kf6	exact	0	
M0294	pdb1kfy	exact	0	
M0294	pdb1knp	substituted	2	PHE>GLU,ARG>LEU
M0294	pdb1knr	substituted	2	PHE>GLU,ARG>LEU
M0294	pdb1kss	substituted	2	PHE>MET,LEU>MET
M0294	pdb1ksu	substituted	2	PHE>MET,LEU>MET
M0294	pdb1l0v	exact	0	
M0294	pdb1lj1	substituted	4	PHE>MET,GLN>PHE,LEU>MET,ARG>ALA
M0294	pdb1m64	substituted	3	PHE>MET,GLN>PHE,LEU>MET
M0294	pdb1nek	exact	0	
M0294	pdb1nen	exact	0	
M0294	pdb1p2e	substituted	2	PHE>MET,LEU>MET
M0294	pdb1p2h	substituted	2	PHE>MET,LEU>MET
M0294	pdb1q9i	substituted	2	PHE>MET,LEU>MET
M0294	pdb1qjd	substituted	2	PHE>MET,LEU>MET
M0294	pdb1qlb	exact	0	
M0294	pdb1qo8	substituted	1	PHE>SER
M0294	pdb1y0p	substituted	2	PHE>MET,LEU>MET
M0294	pdb1yq3	exact	0	
M0294	pdb1yq4	exact	0	
M0294	pdb1zoy	exact	0	
M0294	pdb1zp0	exact	0	
M0294	pdb2acz	exact	0	
M0294	pdb2b76	exact	0	
M0294	pdb2b7r	substituted	3	PHE>MET,LEU>MET,GLU>ASP
M0294	pdb2b7s	substituted	2	PHE>MET,LEU>MET
M0294	pdb2bs2	exact	0	
M0294	pdb2bs3	exact	0	
M0294	pdb2bs4	exact	0	
M0294	pdb2e5v	substituted	1	PHE>GLU
M0294	pdb2fbw	exact	0	
M0294	pdb2h88	exact	0	
M0294	pdb2h89	exact	0	
M0294	pdb2wdq	exact	0	
M0294	pdb2wdr	exact	0	
M0294	pdb2wdv	exact	0	
M0294	pdb2wp9	exact	0	
M0294	pdb2wqy	exact	0	
M0294	pdb2ws3	exact	0	
M0294	pdb2wu2	exact	0	
M0294	pdb2wu5	exact	0	
M0294	pdb3abv	exact	0	
M0294	pdb3ae1	exact	0	
M0294	pdb3ae2	exact	0	
M0294	pdb3ae3	exact	0	
M0294	pdb3ae4	exact	0	
M0294	pdb3ae5	exact	0	
M0294	pdb3ae6	exact	0	
M0294	pdb3ae7	exact	0	
M0294	pdb3ae8	exact	0	
M0294	pdb3ae9	exact	0	
M0294	pdb3aea	exact	0	
M0294	pdb3aeb	exact	0	
M0294	pdb3aec	exact	0	
M0294	pdb3aed	exact	0	
M0294	pdb3aee	exact	0	
M0294	pdb3aef	exact	0	
M0294	pdb3aeg	exact	0	
M0294	pdb3cir	exact	0	
M0294	pdb3p4p	exact	0	
M0294	pdb3p4q	exact	0	
M0294	pdb3p4r	exact	0	
M0294	pdb3p4s	exact	0	
M0294	pdb3sfd	exact	0	
M0294	pdb3sfe	exact	0	
M0294	pdb3vr8	exact	0	
M0294	pdb3vr9	exact	0	
M0294	pdb3vra	exact	0	
M0294	pdb3vrb	exact	0	
M0294	pdb4kx6	exact	0	
M0294	pdb4ysx	exact	0	
M0294	pdb4ysy	exact	0	
M0294	pdb4ysz	exact	0	
M0294	pdb4yt0	exact	0	
M0294	pdb4ytm	exact	0	
M0294	pdb4ytn	exact	0	
M0294	pdb4ytp	exact	0	
M0294	pdb4yxd	exact	0	
M0294	pdb5c2t	exact	0	
M0294	pdb5c3j	exact	0	
M0294	pdb5glg	substituted	1	PHE>LEU
M0294	pdb5kxj	partial	NA	
M0294	pdb5vpn	substituted	1	GLU>GLN
M0294	pdb5xmj	exact	0	
M0294	pdb5zyn	substituted	1	PHE>LEU
M0294	pdb6awf	exact	0	
M0294	pdb6b58	partial	NA	
M0294	pdb6c12	partial	NA	
M0294	pdb6ku6	substituted	2	PHE>LEU,ARG>ALA
M0294	pdb6lum	exact	0	
M0294	pdb6myo	exact	0	
M0294	pdb6myp	exact	0	
M0294	pdb6myq	exact	0	
M0294	pdb6myr	exact	0	
M0294	pdb6mys	exact	0	
M0294	pdb6myt	exact	0	
M0294	pdb6myu	exact	0	
M0294	pdb6n56	partial	NA	
M0294	pdb6t85	substituted	3	HIS>TYR,LEU>ALA,GLU>ALA
M0294	pdb6t86	substituted	3	HIS>TYR,LEU>ALA,GLU>ALA
M0294	pdb6t87	substituted	3	HIS>TYR,LEU>ALA,GLU>ALA
M0294	pdb6t88	substituted	3	HIS>TYR,LEU>ALA,GLU>ALA
M0294	pdb6vax	exact	0	
M0294	pdb6wu6	partial	NA	
M0294	pdb7d6v	exact	0	
M0294	pdb7d6x	exact	0	
M0294	pdb7jz2	partial	NA	
M0895	pdb1aog	substituted	4	HIS>SER,ARG>ILE,SER>ARG,OCS>THR
M0895	pdb1bzl	substituted	4	HIS>SER,ARG>ILE,SER>ARG,OCS>THR
M0895	pdb1d7y	substituted	4	HIS>LEU,ARG>GLN,SER>ARG,OCS>PRO
M0895	pdb1ebd	substituted	4	HIS>PRO,ARG>SER,SER>ASN,OCS>VAL
M0895	pdb1f3p	substituted	4	HIS>LEU,ARG>GLN,SER>ARG,OCS>PRO
M0895	pdb1f8w	substituted	2	ARG>MET,OCS>CSX
M0895	pdb1fea	substituted	4	HIS>SER,ARG>ILE,SER>ARG,OCS>GLU
M0895	pdb1feb	substituted	4	HIS>SER,ARG>ILE,SER>ARG,OCS>GLU
M0895	pdb1fec	substituted	4	HIS>SER,ARG>ILE,SER>ARG,OCS>GLU
M0895	pdb1gxf	substituted	4	HIS>SER,ARG>ILE,SER>ARG,OCS>THR
M0895	pdb1jeh	partial	NA	
M0895	pdb1joa	substituted	1	OCS>CSO
M0895	pdb1lpf	substituted	4	HIS>PRO,ARG>SER,SER>GLY,OCS>VAL
M0895	pdb1lvl	substituted	3	HIS>PRO,ARG>MET,OCS>PRO
M0895	pdb1mo9	substituted	3	HIS>ALA,SER>PHE,OCS>PRO
M0895	pdb1mok	substituted	3	HIS>ALA,SER>PHE,OCS>PRO
M0895	pdb1nda	substituted	4	HIS>SER,ARG>ILE,SER>ARG,OCS>THR
M0895	pdb1nhp	substituted	1	OCS>ALA
M0895	pdb1nhq	substituted	1	OCS>SER
M0895	pdb1nhr	substituted	1	OCS>CYS
M0895	pdb1nhs	substituted	1	SER>CYS
M0895	pdb1npx	exact	0	
M0895	pdb1q1r	substituted	4	HIS>LEU,ARG>LEU,SER>LEU,OCS>PRO
M0895	pdb1q1w	substituted	4	HIS>LEU,ARG>LEU,SER>LEU,OCS>PRO
M0895	pdb1typ	substituted	4	HIS>SER,ARG>ILE,SER>ARG,OCS>GLU
M0895	pdb1tyt	substituted	4	HIS>SER,ARG>ILE,SER>ARG,OCS>GLU
M0895	pdb1v59	partial	NA	
M0895	pdb1xhc	substituted	4	HIS>PRO,ARG>MET,SER>LYS,OCS>PRO
M0895	pdb1yqz	substituted	4	HIS>ALA,ARG>HIS,SER>ASN,OCS>CYS
M0895	pdb1zk7	substituted	4	HIS>GLY,ARG>ALA,SER>VAL,OCS>PRO
M0895	pdb1zx9	substituted	4	HIS>GLY,ARG>ALA,SER>VAL,OCS>PRO
M0895	pdb2bc0	substituted	3	ARG>VAL,SER>GLY,OCS>CSD
M0895	pdb2bc1	substituted	3	ARG>VAL,SER>GLY,OCS>SER
M0895	pdb2bcp	substituted	3	ARG>VAL,SER>GLY,OCS>SER
M0895	pdb2c3c	substituted	3	HIS>ALA,SER>PHE,OCS>PRO
M0895	pdb2c3d	substituted	3	HIS>ALA,SER>PHE,OCS>PRO
M0895	pdb2cdu	substituted	2	ARG>VAL,OCS>CSX
M0895	pdb2eq7	substituted	4	HIS>PRO,ARG>SER,SER>GLY,OCS>VAL
M0895	pdb2gqw	substituted	4	HIS>LEU,ARG>GLN,SER>ARG,OCS>PRO
M0895	pdb2gr0	substituted	4	HIS>LEU,ARG>GLN,SER>ARG,OCS>PRO
M0895	pdb2gr1	substituted	4	HIS>LEU,ARG>GLN,SER>ARG,OCS>PRO
M0895	pdb2gr2	substituted	4	HIS>LEU,ARG>GLN,SER>ARG,OCS>PRO
M0895	pdb2gr3	substituted	4	HIS>LEU,ARG>GLN,SER>ARG,OCS>PRO
M0895	pdb2npx	exact	0	
M0895	pdb2r9z	partial	NA	
M0895	pdb2rab	partial	NA	
M0895	pdb2tpr	substituted	4	HIS>SER,ARG>ILE,SER>ARG,OCS>GLU
M0895	pdb2v3a	substituted	4	HIS>LEU,ARG>MET,SER>LYS,OCS>PRO
M0895	pdb2v3b	substituted	4	HIS>LEU,ARG>MET,SER>LYS,OCS>PRO
M0895	pdb2wba	substituted	4	HIS>SER,ARG>ILE,SER>GLY,OCS>SER
M0895	pdb2woi	substituted	4	HIS>SER,ARG>ILE,SER>GLY,OCS>SER
M0895	pdb2wov	substituted	4	HIS>SER,ARG>ILE,SER>GLY,OCS>SER
M0895	pdb2wow	substituted	4	HIS>SER,ARG>ILE,SER>GLY,OCS>SER
M0895	pdb2wp5	substituted	4	HIS>SER,ARG>ILE,SER>GLY,OCS>SER
M0895	pdb2wp6	substituted	4	HIS>SER,ARG>ILE,SER>GLY,OCS>SER
M0895	pdb2wpc	substituted	4	HIS>SER,ARG>ILE,SER>GLY,OCS>SER
M0895	pdb2wpe	substituted	4	HIS>SER,ARG>ILE,SER>GLY,OCS>SER
M0895	pdb2wpf	substituted	4	HIS>SER,ARG>ILE,SER>GLY,OCS>SER
M0895	pdb2yqu	substituted	4	HIS>PRO,ARG>SER,SER>GLY,OCS>VAL
M0895	pdb2yvf	substituted	4	HIS>LEU,ARG>GLN,SER>ARG,OCS>PRO
M0895	pdb2yvg	substituted	4	HIS>LEU,ARG>GLN,SER>ARG,OCS>PRO
M0895	pdb2yvj	substituted	4	HIS>LEU,ARG>GLN,SER>ARG,OCS>PRO
M0895	pdb3cgb	substituted	4	HIS>ALA,ARG>ASN,SER>GLN,OCS>CYS
M0895	pdb3cgc	substituted	4	HIS>ALA,ARG>ASN,SER>GLN,OCS>CYS
M0895	pdb3cgd	substituted	4	HIS>ALA,ARG>ASN,SER>GLN,OCS>CYS
M0895	pdb3cge	substituted	4	HIS>ALA,ARG>ASN,SER>GLN,OCS>CYS
M0895	pdb3fg2	substituted	3	ARG>THR,SER>ARG,OCS>PRO
M0895	pdb3icr	substituted	4	HIS>ALA,ARG>ASN,SER>ASN,OCS>CYS
M0895	pdb3ics	substituted	4	HIS>ALA,ARG>ASN,SER>ASN,OCS>CYS
M0895	pdb3ict	substituted	4	HIS>ALA,ARG>ASN,SER>ASN,OCS>CYS
M0895	pdb3iwa	partial	NA	
M0895	pdb3kd9	partial	NA	
M0895	pdb3klj	substituted	4	HIS>PRO,ARG>ASN,SER>ARG,OCS>PRO
M0895	pdb3l8k	substituted	4	HIS>GLY,ARG>VAL,SER>LYS,OCS>ILE
M0895	pdb3lb8	substituted	4	HIS>LEU,ARG>LEU,SER>LEU,OCS>PRO
M0895	pdb3lxd	substituted	3	ARG>ASN,SER>ARG,OCS>PRO
M0895	pdb3nt6	substituted	4	HIS>ALA,ARG>ASN,SER>ASN,OCS>SER
M0895	pdb3nta	substituted	4	HIS>ALA,ARG>ASN,SER>ASN,OCS>CYS
M0895	pdb3ntd	substituted	4	HIS>ALA,ARG>ASN,SER>ASN,OCS>CYS
M0895	pdb3o0h	substituted	4	HIS>SER,ARG>ILE,SER>ASP,OCS>PRO
M0895	pdb3oc4	substituted	3	HIS>PHE,ARG>VAL,OCS>GLY
M0895	pdb3q6j	substituted	3	HIS>ALA,SER>PHE,OCS>PRO
M0895	pdb4em3	substituted	4	HIS>ALA,ARG>HIS,SER>ASN,OCS>CYS
M0895	pdb4em4	substituted	4	HIS>ALA,ARG>HIS,SER>ASN,OCS>CYS
M0895	pdb4emw	substituted	4	HIS>ALA,ARG>HIS,SER>ASN,OCS>CYS
M0895	pdb4eqr	substituted	4	HIS>ALA,ARG>HIS,SER>ASN,OCS>CYS
M0895	pdb4eqs	substituted	4	HIS>ALA,ARG>HIS,SER>ASN,OCS>CYS
M0895	pdb4eqw	substituted	4	HIS>ALA,ARG>HIS,SER>ASN,OCS>CYS
M0895	pdb4eqx	substituted	4	HIS>ALA,ARG>HIS,SER>ASN,OCS>SER
M0895	pdb4fx9	substituted	4	HIS>ALA,ARG>ASN,SER>PRO,OCS>CYS
M0895	pdb4h4p	substituted	4	HIS>LEU,ARG>GLN,SER>ARG,OCS>PRO
M0895	pdb4h4q	substituted	4	HIS>LEU,ARG>GLN,SER>ARG,OCS>PRO
M0895	pdb4h4r	substituted	4	HIS>LEU,ARG>GLN,SER>ARG,OCS>PRO
M0895	pdb4h4s	substituted	4	HIS>LEU,ARG>GLN,SER>ARG,OCS>PRO
M0895	pdb4h4t	substituted	4	HIS>LEU,ARG>GLN,SER>ARG,OCS>PRO
M0895	pdb4h4u	substituted	4	HIS>LEU,ARG>GLN,SER>ARG,OCS>PRO
M0895	pdb4h4v	substituted	4	HIS>LEU,ARG>GLN,SER>ARG,OCS>PRO
M0895	pdb4h4w	substituted	4	HIS>LEU,ARG>GLN,SER>ARG,OCS>PRO
M0895	pdb4h4x	substituted	4	HIS>LEU,ARG>GLN,SER>ARG,OCS>PRO
M0895	pdb4h4y	substituted	4	HIS>LEU,ARG>GLN,SER>ARG,OCS>PRO
M0895	pdb4h4z	substituted	4	HIS>LEU,ARG>GLN,SER>ARG,OCS>PRO
M0895	pdb4h50	substituted	4	HIS>LEU,ARG>GLN,SER>ARG,OCS>PRO
M0895	pdb4jdr	substituted	4	HIS>PRO,ARG>VAL,SER>GLU,OCS>PRO
M0895	pdb4jq9	substituted	4	HIS>PRO,ARG>VAL,SER>GLU,OCS>PRO
M0895	pdb4k7z	substituted	4	HIS>GLY,ARG>ALA,SER>VAL,OCS>PRO
M0895	pdb4k8d	substituted	4	HIS>GLY,ARG>ALA,SER>VAL,OCS>PRO
M0895	pdb4nev	substituted	4	HIS>SER,ARG>ILE,SER>GLY,OCS>SER
M0895	pdb4new	substituted	4	HIS>SER,ARG>ILE,SER>ARG,OCS>THR
M0895	pdb4ocg	substituted	4	HIS>ALA,ARG>ASN,SER>ASN,OCS>CYS
M0895	pdb4ylf	partial	NA	
M0895	pdb4yry	partial	NA	
M0895	pdb4ywo	partial	NA	
M0895	pdb5er0	substituted	2	ARG>VAL,OCS>CYS
M0895	pdb5jci	substituted	3	HIS>VAL,SER>ARG,OCS>PRO
M0895	pdb5jck	substituted	3	HIS>VAL,SER>ARG,OCS>PRO
M0895	pdb5jcl	substituted	3	HIS>VAL,SER>ARG,OCS>PRO
M0895	pdb5jcm	substituted	3	HIS>VAL,SER>ARG,OCS>PRO
M0895	pdb5jcn	substituted	3	HIS>VAL,SER>ARG,OCS>PRO
M0895	pdb5l1n	substituted	4	HIS>ALA,ARG>ASN,SER>PRO,OCS>CYS
M0895	pdb5u8u	substituted	4	HIS>PRO,ARG>SER,SER>GLY,OCS>VAL
M0895	pdb5u8v	substituted	4	HIS>PRO,ARG>SER,SER>GLY,OCS>VAL
M0895	pdb5u8w	substituted	4	HIS>PRO,ARG>SER,SER>GLY,OCS>VAL
M0895	pdb5vj7	substituted	4	HIS>PRO,ARG>MET,SER>ILE,OCS>PRO
M0895	pdb5vn0	substituted	2	ARG>VAL,OCS>CYS
M0895	pdb5voh	substituted	2	ARG>VAL,OCS>CSO
M0895	pdb5x1y	substituted	4	HIS>ALA,ARG>ALA,SER>ALA,OCS>GLY
M0895	pdb6btl	substituted	4	HIS>SER,ARG>ILE,SER>GLY,OCS>SER
M0895	pdb6bu7	substituted	4	HIS>SER,ARG>ILE,SER>GLY,OCS>SER
M0895	pdb6oex	substituted	4	HIS>SER,ARG>ILE,SER>GLY,OCS>SER
M0895	pdb6oey	substituted	4	HIS>SER,ARG>ILE,SER>GLY,OCS>SER
M0895	pdb6oez	substituted	4	HIS>SER,ARG>ILE,SER>GLY,OCS>SER
M0104	pdb1c9u	exact	0	
M0104	pdb1cq1	exact	0	
M0104	pdb1cru	exact	0	
M0104	pdb1qbi	exact	0	
M0104	pdb2g8s	partial	NA	
M0104	pdb2ism	partial	NA	
M0104	pdb3a9g	partial	NA	
M0104	pdb3a9h	partial	NA	
M0104	pdb3das	partial	NA	
M0104	pdb5min	exact	0	
M0104	pdb7cdy	partial	NA	
M0104	pdb7cgz	partial	NA	
M0869	pdb1gxy	exact	0	
M0869	pdb1gxz	exact	0	
M0869	pdb1gy0	exact	0	
M0869	pdb1og1	exact	0	
M0869	pdb1og3	substituted	1	GLU>ILE
M0869	pdb1og4	substituted	1	GLU>ALA
M0075	pdb11as	exact	0	
M0075	pdb12as	exact	0	
M0075	pdb4lns	exact	0	
M0134	pdb1dmw	exact	0	
M0134	pdb1j8t	exact	0	
M0134	pdb1j8u	exact	0	
M0134	pdb1kw0	exact	0	
M0134	pdb1lrm	exact	0	
M0134	pdb1ltu	exact	0	
M0134	pdb1ltv	exact	0	
M0134	pdb1ltz	exact	0	
M0134	pdb1mlw	exact	0	
M0134	pdb1mmk	exact	0	
M0134	pdb1mmt	exact	0	
M0134	pdb1pah	exact	0	
M0134	pdb1phz	exact	0	
M0134	pdb1tdw	exact	0	
M0134	pdb1tg2	exact	0	
M0134	pdb1toh	exact	0	
M0134	pdb2pah	exact	0	
M0134	pdb2phm	exact	0	
M0134	pdb2toh	exact	0	
M0134	pdb2v27	exact	0	
M0134	pdb2v28	exact	0	
M0134	pdb2xsn	exact	0	
M0134	pdb3e2t	exact	0	
M0134	pdb3hf6	exact	0	
M0134	pdb3hf8	exact	0	
M0134	pdb3hfb	exact	0	
M0134	pdb3pah	exact	0	
M0134	pdb3tcy	exact	0	
M0134	pdb3tk2	exact	0	
M0134	pdb3tk4	exact	0	
M0134	pdb4anp	exact	0	
M0134	pdb4bpt	exact	0	
M0134	pdb4esm	exact	0	
M0134	pdb4etl	exact	0	
M0134	pdb4jpx	substituted	1	SER>PRO
M0134	pdb4jpy	exact	0	
M0134	pdb4pah	exact	0	
M0134	pdb4q3w	exact	0	
M0134	pdb4q3x	exact	0	
M0134	pdb4q3y	exact	0	
M0134	pdb4q3z	exact	0	
M0134	pdb4v06	exact	0	
M0134	pdb5den	exact	0	
M0134	pdb5egq	exact	0	
M0134	pdb5fgj	exact	0	
M0134	pdb5j6d	exact	0	
M0134	pdb5jk5	exact	0	
M0134	pdb5jk6	exact	0	
M0134	pdb5jk8	exact	0	
M0134	pdb5l01	exact	0	
M0134	pdb5pah	exact	0	
M0134	pdb5tpg	exact	0	
M0134	pdb6hpo	exact	0	
M0134	pdb6hyc	exact	0	
M0134	pdb6n1k	exact	0	
M0134	pdb6pah	exact	0	
M0206	pdb1lvh	substituted	1	ASP>PHD
M0206	pdb1o03	exact	0	
M0206	pdb1o08	exact	0	
M0206	pdb1te2	partial	NA	
M0206	pdb1z4n	exact	0	
M0206	pdb1z4o	exact	0	
M0206	pdb1zol	exact	0	
M0206	pdb2hi0	partial	NA	
M0206	pdb2nyv	partial	NA	
M0206	pdb2wf5	exact	0	
M0206	pdb2wf6	exact	0	
M0206	pdb2wf7	exact	0	
M0206	pdb2wf8	exact	0	
M0206	pdb2wf9	exact	0	
M0206	pdb2wfa	exact	0	
M0206	pdb2whe	exact	0	
M0206	pdb2yy6	partial	NA	
M0206	pdb2zg6	partial	NA	
M0206	pdb3dv9	substituted	6	LEU>MSE,THR>SER,LYS>GLU,SER>THR,ALA>GLY,ASP>ASN
M0206	pdb3e58	substituted	3	LEU>MSE,LYS>ILE,ALA>SER
M0206	pdb3fm9	substituted	1	THR>PRO
M0206	pdb3kbb	substituted	4	LEU>MSE,LYS>MSE,SER>THR,ALA>SER
M0206	pdb3kzx	partial	NA	
M0206	pdb3l5k	partial	NA	
M0206	pdb3nas	partial	NA	
M0206	pdb3qu2	partial	NA	
M0206	pdb3qu4	partial	NA	
M0206	pdb3qu5	partial	NA	
M0206	pdb3qu7	partial	NA	
M0206	pdb3qu9	partial	NA	
M0206	pdb3qub	partial	NA	
M0206	pdb3quc	partial	NA	
M0206	pdb3quq	partial	NA	
M0206	pdb3qut	partial	NA	
M0206	pdb3qx7	partial	NA	
M0206	pdb3qxg	partial	NA	
M0206	pdb3qyp	partial	NA	
M0206	pdb3r9k	partial	NA	
M0206	pdb3s6j	partial	NA	
M0206	pdb3zi4	exact	0	
M0206	pdb4c4r	exact	0	
M0206	pdb4c4s	exact	0	
M0206	pdb4c4t	exact	0	
M0206	pdb4eek	partial	NA	
M0206	pdb4eel	partial	NA	
M0206	pdb4een	partial	NA	
M0206	pdb4g9b	substituted	1	ALA>VAL
M0206	pdb4gib	exact	0	
M0206	pdb4uar	substituted	4	LEU>VAL,LYS>THR,SER>THR,ALA>THR
M0206	pdb4uas	substituted	4	LEU>VAL,LYS>THR,SER>THR,ALA>THR
M0206	pdb4uat	substituted	5	LEU>VAL,ASP>ASN,LYS>THR,SER>THR,ALA>THR
M0206	pdb4uau	substituted	5	LEU>VAL,ASP>ASN,LYS>THR,SER>THR,ALA>THR
M0206	pdb4ygq	partial	NA	
M0206	pdb4ygr	partial	NA	
M0206	pdb4ygs	partial	NA	
M0206	pdb5o6p	substituted	1	ASP>ASN
M0206	pdb5o6r	substituted	1	ASP>ASN
M0206	pdb5ojz	substituted	1	ASP>ASN
M0206	pdb5ok0	substituted	1	ASP>ASN
M0206	pdb5ok1	substituted	1	ASP>ASN
M0206	pdb5ok2	substituted	1	ASP>ASN
M0206	pdb5olw	exact	0	
M0206	pdb5olx	exact	0	
M0206	pdb5oly	exact	0	
M0206	pdb6h8y	substituted	1	THR>ALA
M0206	pdb6h8z	substituted	1	THR>ALA
M0206	pdb6h90	substituted	1	LYS>ALA
M0206	pdb6h94	substituted	1	THR>ALA
M0206	pdb6hdf	substituted	1	ASP>ASN
M0206	pdb6hdg	substituted	1	ASP>ASN
M0206	pdb6hdh	exact	0	
M0206	pdb6hdi	exact	0	
M0206	pdb6hdj	exact	0	
M0206	pdb6hdk	exact	0	
M0206	pdb6hdl	exact	0	
M0206	pdb6hdm	exact	0	
M0206	pdb6i03	substituted	1	ASP>ASN
M0206	pdb6w04	substituted	6	LEU>PHE,ASP>ASN,THR>ASP,LYS>ASN,SER>THR,ALA>SER
M0206	pdb6ydj	exact	0	
M0206	pdb6ydk	exact	0	
M0044	pdb1aja	partial	NA	
M0044	pdb1ajb	substituted	1	ASP>GLY
M0044	pdb1ajc	substituted	1	ASP>GLY
M0044	pdb1ajd	substituted	1	ASP>GLY
M0044	pdb1alh	substituted	1	ASP>ASN
M0044	pdb1ali	substituted	1	HIS>ASN
M0044	pdb1alj	substituted	1	HIS>ASN
M0044	pdb1alk	exact	0	
M0044	pdb1ani	substituted	2	ASP>HIS,LYS>HIS
M0044	pdb1anj	substituted	1	LYS>HIS
M0044	pdb1b8j	exact	0	
M0044	pdb1ed8	exact	0	
M0044	pdb1ed9	exact	0	
M0044	pdb1elx	substituted	1	SER>ALA
M0044	pdb1ely	substituted	1	SER>CYS
M0044	pdb1elz	substituted	1	SER>GLY
M0044	pdb1ew2	substituted	3	ASP>HIS,THR>SER,LYS>HIS
M0044	pdb1ew8	exact	0	
M0044	pdb1ew9	exact	0	
M0044	pdb1hjk	substituted	2	SER>SEP,HIS>GLN
M0044	pdb1hqa	substituted	1	HIS>GLN
M0044	pdb1k7h	substituted	2	ASP>HIS,LYS>HIS
M0044	pdb1kh4	exact	0	
M0044	pdb1kh5	exact	0	
M0044	pdb1kh7	substituted	1	ASP>GLY
M0044	pdb1kh9	exact	0	
M0044	pdb1khj	substituted	1	ASP>HIS
M0044	pdb1khk	substituted	1	ASP>HIS
M0044	pdb1khl	substituted	1	ASP>HIS
M0044	pdb1khn	substituted	1	ASP>HIS
M0044	pdb1shn	substituted	2	ASP>HIS,LYS>HIS
M0044	pdb1shq	substituted	2	ASP>HIS,LYS>HIS
M0044	pdb1ura	substituted	1	ASP>ASN
M0044	pdb1urb	substituted	1	ASP>ASN
M0044	pdb1y6v	exact	0	
M0044	pdb1y7a	substituted	2	ASP>HIS,LYS>TRP
M0044	pdb1zeb	substituted	4	SER>SEP,ASP>HIS,THR>SER,LYS>HIS
M0044	pdb1zed	substituted	3	ASP>HIS,THR>SER,LYS>HIS
M0044	pdb1zef	substituted	4	SER>SEP,ASP>HIS,THR>SER,LYS>HIS
M0044	pdb2anh	substituted	1	ASP>HIS
M0044	pdb2g9y	substituted	1	SER>THR
M0044	pdb2ga3	substituted	1	SER>TPO
M0044	pdb2glq	substituted	4	SER>SEP,ASP>HIS,THR>SER,LYS>HIS
M0044	pdb2iuc	substituted	2	ASP>HIS,LYS>TRP
M0044	pdb2mly	partial	NA	
M0044	pdb2mlz	partial	NA	
M0044	pdb2w5v	substituted	2	SER>SEP,LYS>TRP
M0044	pdb2w5w	substituted	2	SER>SEP,LYS>TRP
M0044	pdb2w5x	substituted	3	SER>SEP,ASP>GLU,LYS>TRP
M0044	pdb2x98	substituted	2	ASP>HIS,LYS>HIS
M0044	pdb3a52	substituted	2	ASP>HIS,LYS>TRP
M0044	pdb3bdf	partial	NA	
M0044	pdb3bdg	partial	NA	
M0044	pdb3bdh	exact	0	
M0044	pdb3cmr	substituted	1	ARG>SER
M0044	pdb3dpc	substituted	1	SER>LEU
M0044	pdb3dyc	substituted	1	GLU>TYR
M0044	pdb3e2d	substituted	2	ASP>HIS,LYS>TRP
M0044	pdb3mk0	substituted	4	SER>SEP,ASP>HIS,THR>SER,LYS>HIS
M0044	pdb3mk1	substituted	4	SER>SEP,ASP>HIS,THR>SER,LYS>HIS
M0044	pdb3mk2	substituted	4	SER>SEP,ASP>HIS,THR>SER,LYS>HIS
M0044	pdb3tg0	exact	0	
M0044	pdb3wbh	substituted	2	ASP>HIS,LYS>TRP
M0044	pdb4kjd	partial	NA	
M0044	pdb4kjg	substituted	3	ASP>HIS,THR>SER,LYS>GLN
M0044	pdb4km4	substituted	2	SER>GLY,ARG>SER
M0044	pdb4yr1	substituted	1	ASP>ALA
M0044	pdb5c66	exact	0	
M0044	pdb5jtl	exact	0	
M0044	pdb5jtn	partial	NA	
M0044	pdb5tpq	substituted	4	ASP>ALA,ARG>SER,GLU>ALA,LYS>ALA
M0044	pdb6psi	exact	0	
M0044	pdb6qsq	substituted	2	ASP>HIS,LYS>TRP
M0044	pdb6t26	substituted	2	ASP>HIS,LYS>TRP
M0044	pdb7kwd	substituted	2	ASP>HIS,LYS>HIS
M0484	pdb1d8d	substituted	1	LYS>ASP
M0484	pdb1d8e	substituted	1	LYS>ASP
M0484	pdb1dce	substituted	1	LYS>ASP
M0484	pdb1fpp	substituted	1	LYS>ASP
M0484	pdb1ft1	substituted	1	LYS>ASP
M0484	pdb1ft2	substituted	1	LYS>ASP
M0484	pdb1jcq	substituted	1	LYS>ASP
M0484	pdb1jcr	substituted	1	LYS>ASP
M0484	pdb1jcs	substituted	1	LYS>ASP
M0484	pdb1kzo	substituted	1	LYS>ASP
M0484	pdb1kzp	substituted	1	LYS>ASP
M0484	pdb1ld7	substituted	1	LYS>ASP
M0484	pdb1ld8	substituted	1	LYS>ASP
M0484	pdb1ltx	substituted	1	LYS>ASP
M0484	pdb1mzc	substituted	1	LYS>ASP
M0484	pdb1n4p	substituted	1	ASP>LYS
M0484	pdb1n4q	substituted	1	ASP>LYS
M0484	pdb1n4r	substituted	1	ASP>LYS
M0484	pdb1n4s	substituted	1	ASP>LYS
M0484	pdb1n94	substituted	1	LYS>ASP
M0484	pdb1n95	substituted	1	LYS>ASP
M0484	pdb1n9a	substituted	1	LYS>ASP
M0484	pdb1ni1	substituted	1	LYS>ASP
M0484	pdb1nl4	substituted	1	LYS>ASP
M0484	pdb1o1r	substituted	1	LYS>ASP
M0484	pdb1o1s	substituted	1	LYS>ASP
M0484	pdb1o1t	substituted	1	LYS>ASP
M0484	pdb1o5m	substituted	1	LYS>ASP
M0484	pdb1qbq	substituted	1	LYS>ASP
M0484	pdb1s63	substituted	1	LYS>ASP
M0484	pdb1s64	substituted	1	ASP>LYS
M0484	pdb1sa4	substituted	1	LYS>ASP
M0484	pdb1sa5	substituted	1	LYS>ASP
M0484	pdb1tn6	substituted	1	LYS>ASP
M0484	pdb1tn7	substituted	1	LYS>ASP
M0484	pdb1tn8	substituted	1	LYS>ASP
M0484	pdb1tnb	substituted	1	ASP>LYS
M0484	pdb1tno	substituted	1	ASP>LYS
M0484	pdb1tnu	substituted	1	ASP>LYS
M0484	pdb1tny	substituted	1	ASP>LYS
M0484	pdb1tnz	substituted	1	ASP>LYS
M0484	pdb1x81	substituted	1	LYS>ASP
M0484	pdb2bed	substituted	1	LYS>ASP
M0484	pdb2f0y	substituted	1	LYS>ASP
M0484	pdb2h6f	substituted	1	LYS>ASP
M0484	pdb2h6g	substituted	1	LYS>ASP
M0484	pdb2h6h	substituted	1	LYS>ASP
M0484	pdb2h6i	substituted	1	LYS>ASP
M0484	pdb2iej	substituted	1	LYS>ASP
M0484	pdb2r2l	substituted	1	LYS>ASP
M0484	pdb2zir	substituted	1	LYS>ASP
M0484	pdb2zis	substituted	1	LYS>ASP
M0484	pdb3c72	substituted	1	LYS>ASP
M0484	pdb3dpy	substituted	1	LYS>ASP
M0484	pdb3dra	partial	NA	
M0484	pdb3dss	substituted	1	LYS>ASP
M0484	pdb3dst	substituted	1	LYS>ASP
M0484	pdb3dsu	substituted	1	LYS>ASP
M0484	pdb3dsv	substituted	1	LYS>ASP
M0484	pdb3dsw	substituted	1	LYS>ASP
M0484	pdb3dsx	substituted	1	LYS>ASP
M0484	pdb3e30	substituted	1	LYS>ASP
M0484	pdb3e32	substituted	1	LYS>ASP
M0484	pdb3e33	substituted	1	LYS>ASP
M0484	pdb3e34	substituted	1	LYS>ASP
M0484	pdb3e37	substituted	1	LYS>ASP
M0484	pdb3eu5	substituted	1	LYS>ASP
M0484	pdb3euv	substituted	1	LYS>ASP
M0484	pdb3hxb	substituted	1	LYS>ASP
M0484	pdb3hxc	substituted	1	LYS>ASP
M0484	pdb3hxd	substituted	1	LYS>ASP
M0484	pdb3hxe	substituted	1	LYS>ASP
M0484	pdb3hxf	substituted	1	LYS>ASP
M0484	pdb3ksl	substituted	1	LYS>ASP
M0484	pdb3ksq	substituted	1	LYS>ASP
M0484	pdb3pz1	substituted	1	LYS>ASP
M0484	pdb3pz2	substituted	1	LYS>ASP
M0484	pdb3pz3	substituted	1	LYS>ASP
M0484	pdb3pz4	substituted	1	LYS>ASP
M0484	pdb3q73	substituted	1	LYS>ASP
M0484	pdb3q75	substituted	1	LYS>ASP
M0484	pdb3q78	substituted	1	LYS>ASP
M0484	pdb3q79	substituted	1	LYS>ASP
M0484	pdb3q7a	substituted	1	LYS>ASP
M0484	pdb3q7f	substituted	1	LYS>ASP
M0484	pdb3sfx	substituted	1	LYS>ASP
M0484	pdb3sfy	substituted	1	LYS>ASP
M0484	pdb4ehm	substituted	1	LYS>ASP
M0484	pdb4gtm	substituted	1	LYS>ASP
M0484	pdb4gto	substituted	1	LYS>ASP
M0484	pdb4gtp	substituted	1	LYS>ASP
M0484	pdb4gtq	substituted	1	LYS>ASP
M0484	pdb4gtr	substituted	1	LYS>ASP
M0484	pdb4gts	substituted	1	LYS>ASP
M0484	pdb4gtt	substituted	1	LYS>ASP
M0484	pdb4gtv	substituted	1	LYS>ASP
M0484	pdb4l9p	substituted	1	LYS>ASP
M0484	pdb4lnb	substituted	1	LYS>ASP
M0484	pdb4lng	substituted	1	LYS>ASP
M0484	pdb4mbg	substituted	1	LYS>ASP
M0484	pdb4yde	substituted	1	LYS>ASP
M0484	pdb4ydo	substituted	1	LYS>ASP
M0334	pdb1bwz	exact	0	
M0334	pdb1gqz	exact	0	
M0334	pdb2gke	exact	0	
M0334	pdb2gkj	exact	0	
M0334	pdb2otn	exact	0	
M0334	pdb2q9h	substituted	1	CYS>SER
M0334	pdb2q9j	substituted	2	CYS>SER,CYS>CSO
M0334	pdb3ejx	exact	0	
M0334	pdb3ekm	exact	0	
M0334	pdb3fve	exact	0	
M0334	pdb4ijz	exact	0	
M0334	pdb4ik0	exact	0	
M0334	pdb5h2g	exact	0	
M0334	pdb5h2y	exact	0	
M0334	pdb5ha4	exact	0	
M0334	pdb5m47	exact	0	
M0334	pdb5ygu	exact	0	
M0334	pdb6d13	exact	0	
M0334	pdb6d1q	exact	0	
M0334	pdb6d1v	exact	0	
M0334	pdb6vck	exact	0	
M0334	pdb6vcl	exact	0	
M0334	pdb6vcm	exact	0	
M0412	pdb1a7u	partial	NA	
M0412	pdb1a8q	partial	NA	
M0412	pdb1a8u	partial	NA	
M0412	pdb1azw	exact	0	
M0412	pdb1bro	partial	NA	
M0412	pdb1brt	partial	NA	
M0412	pdb1iun	partial	NA	
M0412	pdb1iuo	partial	NA	
M0412	pdb1iup	partial	NA	
M0412	pdb1mt3	partial	NA	
M0412	pdb1mtz	partial	NA	
M0412	pdb1mu0	partial	NA	
M0412	pdb1qtr	exact	0	
M0412	pdb1uk6	partial	NA	
M0412	pdb1uk7	partial	NA	
M0412	pdb1uk8	partial	NA	
M0412	pdb1uk9	partial	NA	
M0412	pdb1uka	partial	NA	
M0412	pdb1ukb	partial	NA	
M0412	pdb1wm1	exact	0	
M0412	pdb1x2b	exact	0	
M0412	pdb1x2e	exact	0	
M0412	pdb1xqv	partial	NA	
M0412	pdb1xqw	partial	NA	
M0412	pdb1xqx	partial	NA	
M0412	pdb1xqy	partial	NA	
M0412	pdb1xrl	partial	NA	
M0412	pdb1xrm	partial	NA	
M0412	pdb1xrn	partial	NA	
M0412	pdb1xro	partial	NA	
M0412	pdb1xrp	partial	NA	
M0412	pdb1xrq	partial	NA	
M0412	pdb1xrr	partial	NA	
M0412	pdb2d0d	partial	NA	
M0412	pdb2og1	partial	NA	
M0412	pdb2pu5	partial	NA	
M0412	pdb2pu7	partial	NA	
M0412	pdb2puh	partial	NA	
M0412	pdb2puj	partial	NA	
M0412	pdb2rht	partial	NA	
M0412	pdb2rhw	partial	NA	
M0412	pdb2ri6	partial	NA	
M0412	pdb2vf2	partial	NA	
M0412	pdb2wud	partial	NA	
M0412	pdb2wue	partial	NA	
M0412	pdb2wuf	partial	NA	
M0412	pdb2wug	partial	NA	
M0412	pdb2yys	partial	NA	
M0412	pdb3nwo	partial	NA	
M0412	pdb3oos	partial	NA	
M0412	pdb3v1k	partial	NA	
M0412	pdb3v1l	partial	NA	
M0412	pdb3v1m	partial	NA	
M0412	pdb3v1n	partial	NA	
M0412	pdb3v48	partial	NA	
M0412	pdb3wmr	partial	NA	
M0412	pdb5h3h	substituted	2	TRP>MET,GLY>TRP
M0412	pdb5jz9	partial	NA	
M0412	pdb5jzb	partial	NA	
M0412	pdb5jzs	partial	NA	
M0412	pdb5yhp	partial	NA	
M0931	pdb1ryb	exact	0	
M0931	pdb1rym	substituted	1	ASN>GLU
M0931	pdb1ryn	exact	0	
M0931	pdb2jrc	exact	0	
M0931	pdb2lgj	exact	0	
M0931	pdb2mjl	exact	0	
M0931	pdb2naf	exact	0	
M0931	pdb2pth	exact	0	
M0931	pdb2z2i	exact	0	
M0931	pdb2z2j	exact	0	
M0931	pdb2z2k	exact	0	
M0931	pdb3kjz	exact	0	
M0931	pdb3kk0	exact	0	
M0931	pdb3nea	exact	0	
M0931	pdb3ofv	exact	0	
M0931	pdb3p2j	exact	0	
M0931	pdb3tck	exact	0	
M0931	pdb3tcn	exact	0	
M0931	pdb3td2	exact	0	
M0931	pdb3td6	exact	0	
M0931	pdb3v2i	exact	0	
M0931	pdb3vjr	exact	0	
M0931	pdb3wh4	partial	NA	
M0931	pdb4dhw	exact	0	
M0931	pdb4djj	exact	0	
M0931	pdb4erx	exact	0	
M0931	pdb4fno	exact	0	
M0931	pdb4fop	exact	0	
M0931	pdb4fot	exact	0	
M0931	pdb4fyj	exact	0	
M0931	pdb4hoy	exact	0	
M0931	pdb4iko	exact	0	
M0931	pdb4jc4	exact	0	
M0931	pdb4jwk	exact	0	
M0931	pdb4jx9	exact	0	
M0931	pdb4jy7	exact	0	
M0931	pdb4lwq	exact	0	
M0931	pdb4lwr	partial	NA	
M0931	pdb4olj	exact	0	
M0931	pdb4p7b	exact	0	
M0931	pdb4qaj	exact	0	
M0931	pdb4qbk	exact	0	
M0931	pdb4qd3	exact	0	
M0931	pdb4qt4	exact	0	
M0931	pdb4yly	exact	0	
M0931	pdb4z86	substituted	1	ASN>ASP
M0931	pdb4zxp	exact	0	
M0931	pdb5b6j	substituted	1	HIS>ASN
M0931	pdb5ekt	exact	0	
M0931	pdb5gvz	exact	0	
M0931	pdb5h6f	partial	NA	
M0931	pdb5ike	substituted	1	ASP>ASN
M0931	pdb5imb	exact	0	
M0931	pdb5ivp	exact	0	
M0931	pdb5y98	exact	0	
M0931	pdb5y9a	exact	0	
M0931	pdb5yl8	exact	0	
M0931	pdb5yla	exact	0	
M0931	pdb5yn4	exact	0	
M0931	pdb5zk0	exact	0	
M0931	pdb5zzv	exact	0	
M0931	pdb6a31	exact	0	
M0931	pdb6ivv	exact	0	
M0931	pdb6iye	exact	0	
M0931	pdb6j93	exact	0	
M0931	pdb6jgu	exact	0	
M0931	pdb6jj1	exact	0	
M0931	pdb6jjq	exact	0	
M0931	pdb6jkx	exact	0	
M0931	pdb6jqt	exact	0	
M0931	pdb6kl8	exact	0	
M0931	pdb6lso	exact	0	
M0931	pdb6lsp	exact	0	
M0931	pdb7csn	exact	0	
M0118	pdb1j2g	substituted	1	HIS>THR
M0118	pdb1r4s	exact	0	
M0118	pdb1r4u	exact	0	
M0118	pdb1r51	exact	0	
M0118	pdb1r56	exact	0	
M0118	pdb1vax	substituted	3	ARG>LYS,GLN>ALA,HIS>ASP
M0118	pdb1vay	substituted	3	ARG>LYS,GLN>ALA,HIS>ASP
M0118	pdb1wrr	exact	0	
M0118	pdb1ws2	exact	0	
M0118	pdb1ws3	exact	0	
M0118	pdb1xt4	exact	0	
M0118	pdb1xxj	exact	0	
M0118	pdb1xy3	exact	0	
M0118	pdb2fub	exact	0	
M0118	pdb2fxl	exact	0	
M0118	pdb2iba	exact	0	
M0118	pdb2ic0	exact	0	
M0118	pdb2icq	exact	0	
M0118	pdb2pes	exact	0	
M0118	pdb2yzb	exact	0	
M0118	pdb2yzc	exact	0	
M0118	pdb2yzd	exact	0	
M0118	pdb2yze	exact	0	
M0118	pdb2zka	exact	0	
M0118	pdb2zkb	exact	0	
M0118	pdb3bjp	exact	0	
M0118	pdb3bk8	exact	0	
M0118	pdb3cks	exact	0	
M0118	pdb3cku	exact	0	
M0118	pdb3f2m	exact	0	
M0118	pdb3gko	exact	0	
M0118	pdb3l8w	exact	0	
M0118	pdb3l9g	exact	0	
M0118	pdb3lbg	exact	0	
M0118	pdb3ld4	exact	0	
M0118	pdb3obp	exact	0	
M0118	pdb3p9f	exact	0	
M0118	pdb3p9o	exact	0	
M0118	pdb3pjk	exact	0	
M0118	pdb3pk3	exact	0	
M0118	pdb3pk4	exact	0	
M0118	pdb3pk5	exact	0	
M0118	pdb3pk6	exact	0	
M0118	pdb3pk8	exact	0	
M0118	pdb3pkf	exact	0	
M0118	pdb3pkg	exact	0	
M0118	pdb3pkh	exact	0	
M0118	pdb3pkk	exact	0	
M0118	pdb3pkl	exact	0	
M0118	pdb3pks	exact	0	
M0118	pdb3pkt	exact	0	
M0118	pdb3pku	exact	0	
M0118	pdb3ple	exact	0	
M0118	pdb3plg	exact	0	
M0118	pdb3plh	exact	0	
M0118	pdb3pli	exact	0	
M0118	pdb3plj	exact	0	
M0118	pdb3plm	exact	0	
M0118	pdb3wlv	substituted	1	HIS>THR
M0118	pdb4cw0	exact	0	
M0118	pdb4cw2	exact	0	
M0118	pdb4cw3	exact	0	
M0118	pdb4cw6	exact	0	
M0118	pdb4d12	exact	0	
M0118	pdb4d13	exact	0	
M0118	pdb4d17	exact	0	
M0118	pdb4d19	exact	0	
M0118	pdb4fsk	exact	0	
M0118	pdb4mb8	exact	0	
M0118	pdb4n3m	exact	0	
M0118	pdb4n9m	exact	0	
M0118	pdb4n9s	exact	0	
M0118	pdb4n9v	exact	0	
M0118	pdb4op6	exact	0	
M0118	pdb4op9	exact	0	
M0118	pdb4oqc	exact	0	
M0118	pdb4poe	exact	0	
M0118	pdb4pr8	exact	0	
M0118	pdb4puv	exact	0	
M0118	pdb4r8x	substituted	1	HIS>THR
M0118	pdb4r99	substituted	1	HIS>THR
M0118	pdb4xfp	substituted	1	HIS>THR
M0118	pdb5ayj	substituted	1	HIS>THR
M0118	pdb5frc	exact	0	
M0118	pdb5ll1	exact	0	
M0118	pdb5m98	exact	0	
M0118	pdb5y2p	substituted	1	HIS>THR
M0118	pdb5y52	substituted	1	HIS>THR
M0118	pdb5yj2	substituted	1	HIS>THR
M0118	pdb5yja	substituted	1	HIS>THR
M0118	pdb5z27	substituted	1	HIS>THR
M0118	pdb5z2b	substituted	1	HIS>THR
M0118	pdb6a4m	substituted	1	HIS>THR
M0118	pdb6i9x	exact	0	
M0118	pdb6i9z	exact	0	
M0118	pdb6ia1	exact	0	
M0118	pdb6ia3	exact	0	
M0118	pdb6ia9	partial	NA	
M0118	pdb6ic1	exact	0	
M0118	pdb6oe8	exact	0	
M0118	pdb6rgm	exact	0	
M0118	pdb6rgt	substituted	1	THR>ALA
M0118	pdb7a0l	exact	0	
M0118	pdb7cmn	substituted	1	HIS>THR
M0118	pdb7cmq	substituted	1	HIS>THR
M0118	pdb7cuc	substituted	1	HIS>THR
M0118	pdb7cuf	substituted	1	HIS>THR
M0118	pdb7cug	substituted	1	HIS>THR
M0752	pdb1vie	exact	0	
M0752	pdb1vif	exact	0	
M0752	pdb2gqv	exact	0	
M0752	pdb2p4t	substituted	1	GLN>HIS
M0752	pdb2rh2	exact	0	
M0752	pdb2rk1	exact	0	
M0752	pdb2rk2	exact	0	
M0752	pdb3sfm	exact	0	
M0752	pdb6nxz	exact	0	
M0428	pdb1bqc	exact	0	
M0428	pdb1wky	exact	0	
M0428	pdb2man	exact	0	
M0428	pdb2whj	exact	0	
M0428	pdb2whl	exact	0	
M0428	pdb3jug	exact	0	
M0428	pdb3man	exact	0	
M0428	pdb3wsu	exact	0	
M0428	pdb4fk9	exact	0	
M0428	pdb4y7e	substituted	1	GLU>ALA
M0428	pdb5ecu	exact	0	
M0771	pdb1a7u	partial	NA	
M0771	pdb1a88	partial	NA	
M0771	pdb1a8q	substituted	1	ALA>SER
M0771	pdb1a8s	substituted	1	ALA>SER
M0771	pdb1a8u	partial	NA	
M0771	pdb1azw	partial	NA	
M0771	pdb1bn6	substituted	2	ALA>ASP,ASP>GLY
M0771	pdb1bn7	substituted	2	ALA>ASP,ASP>GLY
M0771	pdb1bro	partial	NA	
M0771	pdb1brt	partial	NA	
M0771	pdb1c4x	substituted	1	ALA>SER
M0771	pdb1cqw	substituted	2	ALA>ASP,ASP>GLY
M0771	pdb1cqz	substituted	1	ALA>ASP
M0771	pdb1cr6	substituted	1	ALA>ASP
M0771	pdb1cv2	partial	NA	
M0771	pdb1d07	partial	NA	
M0771	pdb1ehy	substituted	1	ALA>ASP
M0771	pdb1ek1	substituted	1	ALA>ASP
M0771	pdb1ek2	substituted	1	ALA>ASP
M0771	pdb1g42	partial	NA	
M0771	pdb1g4h	partial	NA	
M0771	pdb1g5f	partial	NA	
M0771	pdb1hkh	substituted	1	ALA>SER
M0771	pdb1hl7	substituted	1	ALA>SER
M0771	pdb1iun	exact	0	
M0771	pdb1iuo	exact	0	
M0771	pdb1iup	exact	0	
M0771	pdb1iz7	partial	NA	
M0771	pdb1iz8	partial	NA	
M0771	pdb1j1i	substituted	1	ALA>SER
M0771	pdb1k5p	partial	NA	
M0771	pdb1k63	partial	NA	
M0771	pdb1k6e	partial	NA	
M0771	pdb1mj5	partial	NA	
M0771	pdb1mt3	substituted	1	ALA>SER
M0771	pdb1mtz	substituted	1	ALA>SER
M0771	pdb1mu0	substituted	1	ALA>SER
M0771	pdb1s8o	substituted	1	ALA>ASP
M0771	pdb1u2e	substituted	1	ALA>SER
M0771	pdb1uk6	exact	0	
M0771	pdb1uk7	exact	0	
M0771	pdb1uk8	exact	0	
M0771	pdb1uk9	exact	0	
M0771	pdb1uka	exact	0	
M0771	pdb1ukb	exact	0	
M0771	pdb1va4	substituted	1	ALA>SER
M0771	pdb1vj5	substituted	1	ALA>ASP
M0771	pdb1xqv	substituted	1	ALA>SER
M0771	pdb1xqw	exact	0	
M0771	pdb1xqx	exact	0	
M0771	pdb1xqy	exact	0	
M0771	pdb1xrl	substituted	1	ALA>SER
M0771	pdb1xrm	substituted	1	ALA>SER
M0771	pdb1xrn	substituted	1	ALA>SER
M0771	pdb1xro	substituted	1	ALA>SER
M0771	pdb1xrp	substituted	1	ALA>SER
M0771	pdb1xrq	substituted	1	ALA>SER
M0771	pdb1xrr	substituted	1	ALA>SER
M0771	pdb1zd2	substituted	1	ALA>GLY
M0771	pdb1zd3	substituted	1	ALA>ASP
M0771	pdb1zd4	substituted	1	ALA>ASP
M0771	pdb1zd5	substituted	1	ALA>ASP
M0771	pdb1zoi	partial	NA	
M0771	pdb2bfn	partial	NA	
M0771	pdb2d0d	substituted	1	ALA>SER
M0771	pdb2e3j	partial	NA	
M0771	pdb2ocg	partial	NA	
M0771	pdb2oci	partial	NA	
M0771	pdb2ock	partial	NA	
M0771	pdb2ocl	partial	NA	
M0771	pdb2og1	substituted	1	ALA>SER
M0771	pdb2pu5	substituted	1	ALA>SER
M0771	pdb2pu7	substituted	1	HIS>ALA
M0771	pdb2puh	exact	0	
M0771	pdb2puj	substituted	1	HIS>ALA
M0771	pdb2r11	substituted	2	ALA>SER,ASP>GLU
M0771	pdb2rht	exact	0	
M0771	pdb2rhw	exact	0	
M0771	pdb2ri6	exact	0	
M0771	pdb2v9z	substituted	2	ALA>ASP,ASP>GLY
M0771	pdb2vf2	substituted	1	ALA>SER
M0771	pdb2wud	exact	0	
M0771	pdb2wue	exact	0	
M0771	pdb2wuf	exact	0	
M0771	pdb2wug	exact	0	
M0771	pdb2xua	substituted	1	ALA>SER
M0771	pdb2zjf	partial	NA	
M0771	pdb3ans	substituted	1	ALA>ASP
M0771	pdb3ant	substituted	1	ALA>ASP
M0771	pdb3bdi	substituted	1	ALA>SER
M0771	pdb3bf7	partial	NA	
M0771	pdb3bf8	partial	NA	
M0771	pdb3fbw	substituted	2	ALA>ASP,ASP>GLY
M0771	pdb3fob	substituted	1	ALA>SER
M0771	pdb3fwh	substituted	2	ALA>ASP,ASP>GLY
M0771	pdb3g9x	substituted	2	ALA>ASP,ASP>GLY
M0771	pdb3hea	substituted	1	ALA>SER
M0771	pdb3hi4	substituted	1	ALA>SER
M0771	pdb3i1y	substituted	1	ALA>ASP
M0771	pdb3i28	substituted	1	ALA>ASP
M0771	pdb3ia2	substituted	1	ALA>SER
M0771	pdb3koo	substituted	1	ALA>ASP
M0771	pdb3nwo	partial	NA	
M0771	pdb3om8	partial	NA	
M0771	pdb3otq	substituted	1	ALA>ASP
M0771	pdb3pdc	substituted	1	ALA>ASP
M0771	pdb3qyj	partial	NA	
M0771	pdb3rk4	substituted	2	ALA>ASP,ASP>GLY
M0771	pdb3sk0	substituted	2	ALA>ASP,ASP>GLY
M0771	pdb3t4u	substituted	1	ALA>SER
M0771	pdb3t52	substituted	1	ALA>SER
M0771	pdb3u1t	partial	NA	
M0771	pdb3v1k	substituted	2	ALA>SER,HIS>GLN
M0771	pdb3v1l	substituted	1	HIS>GLN
M0771	pdb3v1m	substituted	1	HIS>GLN
M0771	pdb3v1n	substituted	2	ALA>SER,HIS>GLN
M0771	pdb3vdx	partial	NA	
M0771	pdb3vxk	partial	NA	
M0771	pdb3w04	partial	NA	
M0771	pdb3w05	partial	NA	
M0771	pdb3wio	partial	NA	
M0771	pdb3wk4	substituted	1	ALA>ASP
M0771	pdb3wk5	substituted	1	ALA>ASP
M0771	pdb3wk6	substituted	1	ALA>ASP
M0771	pdb3wk7	substituted	1	ALA>ASP
M0771	pdb3wk8	substituted	1	ALA>ASP
M0771	pdb3wk9	substituted	1	ALA>ASP
M0771	pdb3wka	substituted	1	ALA>ASP
M0771	pdb3wkb	substituted	1	ALA>ASP
M0771	pdb3wkc	substituted	1	ALA>ASP
M0771	pdb3wkd	substituted	1	ALA>ASP
M0771	pdb3wke	substituted	1	ALA>ASP
M0771	pdb4brz	partial	NA	
M0771	pdb4c4x	substituted	1	ALA>ASP
M0771	pdb4c4y	substituted	1	ALA>ASP
M0771	pdb4c4z	substituted	1	ALA>ASP
M0771	pdb4c6h	partial	NA	
M0771	pdb4ccw	substituted	2	ALA>SER,ASP>GLU
M0771	pdb4ccy	substituted	2	ALA>SER,ASP>GLU
M0771	pdb4d9j	partial	NA	
M0771	pdb4dgq	partial	NA	
M0771	pdb4dnp	partial	NA	
M0771	pdb4dnq	partial	NA	
M0771	pdb4e46	substituted	2	ALA>ASP,ASP>GLY
M0771	pdb4f0j	substituted	1	ALA>SER
M0771	pdb4f5z	substituted	2	ALA>ASP,ASP>GLY
M0771	pdb4f60	substituted	2	ALA>ASP,ASP>GLY
M0771	pdb4fwb	substituted	2	ALA>ASP,ASP>GLY
M0771	pdb4g5x	substituted	2	ALA>SER,ASP>GLU
M0771	pdb4g8b	substituted	2	ALA>GLY,ASP>GLU
M0771	pdb4g8c	substituted	2	ALA>SER,ASP>GLY
M0771	pdb4g8d	substituted	2	ALA>GLY,ASP>GLU
M0771	pdb4g9e	substituted	2	ALA>SER,ASP>GLU
M0771	pdb4g9g	substituted	2	ALA>SER,ASP>GLY
M0771	pdb4h7e	partial	NA	
M0771	pdb4hai	substituted	1	ALA>ASP
M0771	pdb4hzg	substituted	2	ALA>ASP,ASP>GLY
M0771	pdb4i3f	substituted	1	ALA>SER
M0771	pdb4ih4	partial	NA	
M0771	pdb4ih9	partial	NA	
M0771	pdb4iha	partial	NA	
M0771	pdb4inz	partial	NA	
M0771	pdb4io0	partial	NA	
M0771	pdb4iq4	partial	NA	
M0771	pdb4itv	partial	NA	
M0771	pdb4ivj	partial	NA	
M0771	pdb4j03	substituted	1	ALA>ASP
M0771	pdb4jnc	substituted	1	ALA>ASP
M0771	pdb4k2a	partial	NA	
M0771	pdb4kaa	substituted	3	ALA>ASP,ASP>GLY,HIS>PHE
M0771	pdb4kac	substituted	3	ALA>ASP,ASP>GLY,HIS>PHE
M0771	pdb4kaf	partial	NA	
M0771	pdb4kaj	substituted	3	ALA>ASP,ASP>GLY,HIS>ASN
M0771	pdb4kyv	substituted	3	ALA>ASP,ASP>GLY,HIS>PHE
M0771	pdb4lxg	substituted	1	ALA>SER
M0771	pdb4lxh	exact	0	
M0771	pdb4lxi	exact	0	
M0771	pdb4lyd	exact	0	
M0771	pdb4lye	exact	0	
M0771	pdb4ns4	substituted	1	ALA>SER
M0771	pdb4nvr	substituted	2	ALA>ASP,ASP>GLY
M0771	pdb4nzz	partial	NA	
M0771	pdb4o08	partial	NA	
M0771	pdb4ocz	substituted	1	ALA>ASP
M0771	pdb4od0	substituted	1	ALA>ASP
M0771	pdb4opm	partial	NA	
M0771	pdb4psu	substituted	1	ALA>SER
M0771	pdb4q3l	substituted	1	ALA>SER
M0771	pdb4qes	partial	NA	
M0771	pdb4qf0	partial	NA	
M0771	pdb4qff	partial	NA	
M0771	pdb4rnc	substituted	1	ALA>SER
M0771	pdb4uhc	partial	NA	
M0771	pdb4uhd	partial	NA	
M0771	pdb4uhe	partial	NA	
M0771	pdb4uhf	partial	NA	
M0771	pdb4uhh	partial	NA	
M0771	pdb4wcv	substituted	2	ALA>ASP,ASP>GLY
M0771	pdb4wdq	partial	NA	
M0771	pdb4x00	partial	NA	
M0771	pdb4x6x	substituted	1	ALA>ASP
M0771	pdb4x6y	substituted	1	ALA>ASP
M0771	pdb4y2j	substituted	1	ALA>ASP
M0771	pdb4y2p	substituted	1	ALA>ASP
M0771	pdb4y2q	substituted	1	ALA>ASP
M0771	pdb4y2r	substituted	1	ALA>ASP
M0771	pdb4y2s	substituted	1	ALA>ASP
M0771	pdb4y2t	substituted	1	ALA>ASP
M0771	pdb4y2u	substituted	1	ALA>ASP
M0771	pdb4y2v	substituted	1	ALA>ASP
M0771	pdb4y2x	substituted	1	ALA>ASP
M0771	pdb4y2y	substituted	1	ALA>ASP
M0771	pdb5a62	partial	NA	
M0771	pdb5ahx	substituted	1	ALA>ASP
M0771	pdb5ai0	substituted	1	ALA>ASP
M0771	pdb5ai4	substituted	1	ALA>ASP
M0771	pdb5ai5	substituted	1	ALA>ASP
M0771	pdb5ai6	substituted	1	ALA>ASP
M0771	pdb5ai8	substituted	1	ALA>ASP
M0771	pdb5ai9	substituted	1	ALA>ASP
M0771	pdb5aia	substituted	1	ALA>ASP
M0771	pdb5aib	substituted	1	ALA>ASP
M0771	pdb5aic	substituted	1	ALA>ASP
M0771	pdb5ak3	substituted	1	ALA>ASP
M0771	pdb5ak4	substituted	1	ALA>ASP
M0771	pdb5ak5	substituted	1	ALA>ASP
M0771	pdb5ak6	substituted	1	ALA>ASP
M0771	pdb5ake	substituted	1	ALA>ASP
M0771	pdb5akg	substituted	1	ALA>ASP
M0771	pdb5akh	substituted	1	ALA>ASP
M0771	pdb5aki	substituted	1	ALA>ASP
M0771	pdb5akj	substituted	1	ALA>ASP
M0771	pdb5akk	substituted	1	ALA>ASP
M0771	pdb5akl	substituted	1	ALA>ASP
M0771	pdb5akx	substituted	1	ALA>ASP
M0771	pdb5aky	substituted	1	ALA>ASP
M0771	pdb5akz	substituted	1	ALA>ASP
M0771	pdb5ald	substituted	1	ALA>ASP
M0771	pdb5ale	substituted	1	ALA>ASP
M0771	pdb5alf	substituted	1	ALA>ASP
M0771	pdb5alg	substituted	1	ALA>ASP
M0771	pdb5alh	substituted	1	ALA>ASP
M0771	pdb5ali	substituted	1	ALA>ASP
M0771	pdb5alj	substituted	1	ALA>ASP
M0771	pdb5alk	substituted	1	ALA>ASP
M0771	pdb5all	substituted	1	ALA>ASP
M0771	pdb5alm	substituted	1	ALA>ASP
M0771	pdb5aln	substituted	1	ALA>ASP
M0771	pdb5alo	substituted	1	ALA>ASP
M0771	pdb5alp	substituted	1	ALA>ASP
M0771	pdb5alq	substituted	1	ALA>ASP
M0771	pdb5alr	substituted	1	ALA>ASP
M0771	pdb5als	substituted	1	ALA>ASP
M0771	pdb5alt	substituted	1	ALA>ASP
M0771	pdb5alu	substituted	1	ALA>ASP
M0771	pdb5alv	substituted	1	ALA>ASP
M0771	pdb5alw	substituted	1	ALA>ASP
M0771	pdb5alx	substituted	1	ALA>ASP
M0771	pdb5aly	substituted	1	ALA>ASP
M0771	pdb5alz	substituted	1	ALA>ASP
M0771	pdb5am0	substituted	1	ALA>ASP
M0771	pdb5am1	substituted	1	ALA>ASP
M0771	pdb5am2	substituted	1	ALA>ASP
M0771	pdb5am3	substituted	1	ALA>ASP
M0771	pdb5am4	substituted	1	ALA>ASP
M0771	pdb5am5	substituted	1	ALA>ASP
M0771	pdb5bov	partial	NA	
M0771	pdb5cw2	partial	NA	
M0771	pdb5dj5	partial	NA	
M0771	pdb5egn	substituted	1	ALA>SER
M0771	pdb5flk	substituted	2	ALA>ASP,ASP>GLY
M0771	pdb5fp0	substituted	1	ALA>ASP
M0771	pdb5h3h	substituted	1	ALA>SER
M0771	pdb5hzg	partial	NA	
M0771	pdb5jd6	substituted	1	ALA>SER
M0771	pdb5jz9	substituted	1	ALA>SER
M0771	pdb5jzb	substituted	1	ALA>SER
M0771	pdb5jzs	substituted	1	ALA>SER
M0771	pdb5uxz	substituted	3	ALA>ASP,ASP>GLY,HIS>ASN
M0771	pdb5uy1	substituted	3	ALA>ASP,ASP>GLY,HIS>ASN
M0771	pdb5vnp	substituted	3	ALA>ASP,ASP>GLY,HIS>ASN
M0771	pdb5w15	substituted	1	ALA>ASP
M0771	pdb5y2x	substituted	3	ALA>ASP,ASP>GLY,HIS>ASN
M0771	pdb5y2y	substituted	3	ALA>ASP,ASP>GLY,HIS>ASN
M0771	pdb6aum	substituted	1	ALA>ASP
M0658	pdb1fhl	exact	0	
M0658	pdb1fob	exact	0	
M0658	pdb1hjq	exact	0	
M0658	pdb1hjs	exact	0	
M0658	pdb1hju	exact	0	
M0658	pdb1r8l	exact	0	
M0658	pdb1ur0	exact	0	
M0658	pdb1ur4	exact	0	
M0658	pdb2ccr	exact	0	
M0658	pdb2gft	substituted	1	GLU>ALA
M0658	pdb2j74	exact	0	
M0658	pdb4bf7	exact	0	
M0658	pdb6q3r	exact	0	
M0311	pdb1e9i	exact	0	
M0311	pdb1ebg	exact	0	
M0311	pdb1ebh	exact	0	
M0311	pdb1els	exact	0	
M0311	pdb1iyx	exact	0	
M0311	pdb1l8p	substituted	1	SER>ALA
M0311	pdb1nel	exact	0	
M0311	pdb1oep	exact	0	
M0311	pdb1one	exact	0	
M0311	pdb1p43	substituted	1	GLU>GLN
M0311	pdb1p48	substituted	1	GLU>GLN
M0311	pdb1pdy	exact	0	
M0311	pdb1pdz	exact	0	
M0311	pdb1te6	exact	0	
M0311	pdb1w6t	substituted	1	SER>ARG
M0311	pdb2akm	exact	0	
M0311	pdb2akz	exact	0	
M0311	pdb2al1	exact	0	
M0311	pdb2al2	substituted	1	LYS>ALA
M0311	pdb2fym	exact	0	
M0311	pdb2one	exact	0	
M0311	pdb2pa6	exact	0	
M0311	pdb2psn	exact	0	
M0311	pdb2ptw	exact	0	
M0311	pdb2ptx	exact	0	
M0311	pdb2pty	exact	0	
M0311	pdb2ptz	exact	0	
M0311	pdb2pu0	exact	0	
M0311	pdb2pu1	exact	0	
M0311	pdb2xgz	substituted	1	SER>ASN
M0311	pdb2xh0	substituted	1	SER>ASN
M0311	pdb2xh2	substituted	1	SER>ASN
M0311	pdb2xh4	substituted	1	SER>ALA
M0311	pdb2xh7	exact	0	
M0311	pdb2xsx	exact	0	
M0311	pdb3b97	exact	0	
M0311	pdb3enl	exact	0	
M0311	pdb3h8a	exact	0	
M0311	pdb3otr	exact	0	
M0311	pdb3qn3	exact	0	
M0311	pdb3qtp	exact	0	
M0311	pdb3tqp	partial	NA	
M0311	pdb3ucc	exact	0	
M0311	pdb3ucd	exact	0	
M0311	pdb3uj2	substituted	1	SER>VAL
M0311	pdb3uje	exact	0	
M0311	pdb3ujf	exact	0	
M0311	pdb3ujr	exact	0	
M0311	pdb3ujs	exact	0	
M0311	pdb3zlf	exact	0	
M0311	pdb3zlg	exact	0	
M0311	pdb3zlh	exact	0	
M0311	pdb4a3r	exact	0	
M0311	pdb4enl	exact	0	
M0311	pdb4ewj	partial	NA	
M0311	pdb4g7f	partial	NA	
M0311	pdb4mks	partial	NA	
M0311	pdb4rop	exact	0	
M0311	pdb4yws	partial	NA	
M0311	pdb4z17	exact	0	
M0311	pdb4z1y	exact	0	
M0311	pdb4za0	exact	0	
M0311	pdb4zcw	exact	0	
M0311	pdb5boe	exact	0	
M0311	pdb5bof	exact	0	
M0311	pdb5enl	exact	0	
M0311	pdb5eu9	exact	0	
M0311	pdb5idz	exact	0	
M0311	pdb5j04	exact	0	
M0311	pdb5ohg	exact	0	
M0311	pdb5td9	exact	0	
M0311	pdb5tij	exact	0	
M0311	pdb5wro	exact	0	
M0311	pdb6bfy	exact	0	
M0311	pdb6bfz	exact	0	
M0311	pdb6d3q	exact	0	
M0311	pdb6enl	exact	0	
M0311	pdb6j36	exact	0	
M0311	pdb6l7d	substituted	1	SER>ALA
M0311	pdb6nb2	exact	0	
M0311	pdb6nbm	exact	0	
M0311	pdb6npf	exact	0	
M0311	pdb6o4n	exact	0	
M0311	pdb7enl	exact	0	
M0600	pdb1fyz	exact	0	
M0600	pdb1fz0	exact	0	
M0600	pdb1fz1	exact	0	
M0600	pdb1fz2	exact	0	
M0600	pdb1fz3	exact	0	
M0600	pdb1fz4	exact	0	
M0600	pdb1fz5	exact	0	
M0600	pdb1fz6	exact	0	
M0600	pdb1fz7	exact	0	
M0600	pdb1fz8	exact	0	
M0600	pdb1fz9	exact	0	
M0600	pdb1fzh	exact	0	
M0600	pdb1fzi	exact	0	
M0600	pdb1mhy	exact	0	
M0600	pdb1mhz	exact	0	
M0600	pdb1mmo	exact	0	
M0600	pdb1mty	exact	0	
M0600	pdb1t0q	exact	0	
M0600	pdb1t0r	exact	0	
M0600	pdb1t0s	exact	0	
M0600	pdb1xmf	exact	0	
M0600	pdb1xmg	exact	0	
M0600	pdb1xmh	exact	0	
M0600	pdb1xu3	exact	0	
M0600	pdb1xu5	exact	0	
M0600	pdb1xvb	exact	0	
M0600	pdb1xvc	exact	0	
M0600	pdb1xvd	exact	0	
M0600	pdb1xve	exact	0	
M0600	pdb1xvf	exact	0	
M0600	pdb1xvg	exact	0	
M0600	pdb2inc	exact	0	
M0600	pdb2ind	exact	0	
M0600	pdb2inn	exact	0	
M0600	pdb2inp	exact	0	
M0600	pdb2rdb	exact	0	
M0600	pdb3dhg	exact	0	
M0600	pdb3dhh	exact	0	
M0600	pdb3dhi	exact	0	
M0600	pdb3ge3	exact	0	
M0600	pdb3ge8	exact	0	
M0600	pdb3i5j	exact	0	
M0600	pdb3i63	exact	0	
M0600	pdb3n1x	exact	0	
M0600	pdb3n1y	exact	0	
M0600	pdb3n1z	exact	0	
M0600	pdb3n20	exact	0	
M0600	pdb3q14	exact	0	
M0600	pdb3q2a	exact	0	
M0600	pdb3q3m	exact	0	
M0600	pdb3q3n	exact	0	
M0600	pdb3q3o	exact	0	
M0600	pdb3ri7	exact	0	
M0600	pdb3rmk	exact	0	
M0600	pdb3rn9	exact	0	
M0600	pdb3rna	exact	0	
M0600	pdb3rnb	exact	0	
M0600	pdb3rnc	exact	0	
M0600	pdb3rne	exact	0	
M0600	pdb3rnf	exact	0	
M0600	pdb3rng	exact	0	
M0600	pdb3u52	exact	0	
M0600	pdb4gam	exact	0	
M0600	pdb4p1b	exact	0	
M0600	pdb4p1c	exact	0	
M0600	pdb5tds	exact	0	
M0600	pdb5tdt	exact	0	
M0600	pdb5tdu	exact	0	
M0600	pdb5tdv	exact	0	
M0600	pdb6d7k	exact	0	
M0600	pdb6vk4	exact	0	
M0600	pdb6vk5	exact	0	
M0600	pdb6vk6	exact	0	
M0600	pdb6vk7	exact	0	
M0600	pdb6vk8	exact	0	
M0600	pdb6yd0	exact	0	
M0600	pdb6ydi	exact	0	
M0600	pdb6ydu	exact	0	
M0600	pdb6yy3	exact	0	
M0565	pdb1a79	exact	0	
M0565	pdb1r0v	exact	0	
M0565	pdb1r11	exact	0	
M0565	pdb1rlv	exact	0	
M0565	pdb2cv8	exact	0	
M0565	pdb2gjw	exact	0	
M0565	pdb2ohc	exact	0	
M0565	pdb2ohe	exact	0	
M0565	pdb2zyz	exact	0	
M0565	pdb3ajv	substituted	1	HIS>ALA
M0565	pdb3iey	exact	0	
M0565	pdb3p1y	exact	0	
M0565	pdb3p1z	exact	0	
M0565	pdb4fz2	exact	0	
M0085	pdb1b93	exact	0	
M0085	pdb1egh	exact	0	
M0085	pdb1ik4	exact	0	
M0085	pdb1s89	substituted	1	HIS>ASN
M0085	pdb1s8a	substituted	1	HIS>GLN
M0085	pdb1vmd	exact	0	
M0085	pdb1wo8	exact	0	
M0085	pdb2x8w	exact	0	
M0085	pdb2xw6	exact	0	
M0085	pdb5h3l	exact	0	
M0085	pdb6f2c	exact	0	
M0085	pdb6phe	exact	0	
M0488	pdb1d8w	exact	0	
M0488	pdb1de5	exact	0	
M0488	pdb1de6	exact	0	
M0488	pdb3p14	exact	0	
M0488	pdb3uu0	exact	0	
M0488	pdb3uva	exact	0	
M0488	pdb3uxi	exact	0	
M0076	pdb1a26	exact	0	
M0076	pdb1efy	exact	0	
M0076	pdb1gs0	exact	0	
M0076	pdb1pax	exact	0	
M0076	pdb1uk0	exact	0	
M0076	pdb1uk1	exact	0	
M0076	pdb1wok	exact	0	
M0076	pdb2paw	exact	0	
M0076	pdb2pax	exact	0	
M0076	pdb2rcw	exact	0	
M0076	pdb2rd6	exact	0	
M0076	pdb3c49	exact	0	
M0076	pdb3c4h	exact	0	
M0076	pdb3ce0	exact	0	
M0076	pdb3fhb	exact	0	
M0076	pdb3gjw	exact	0	
M0076	pdb3gn7	exact	0	
M0076	pdb3kcz	exact	0	
M0076	pdb3kjd	exact	0	
M0076	pdb3l3l	exact	0	
M0076	pdb3l3m	exact	0	
M0076	pdb3pax	exact	0	
M0076	pdb4dqy	exact	0	
M0076	pdb4gv0	exact	0	
M0076	pdb4gv2	exact	0	
M0076	pdb4gv4	exact	0	
M0076	pdb4gv7	exact	0	
M0076	pdb4hhy	exact	0	
M0076	pdb4hhz	exact	0	
M0076	pdb4l6s	exact	0	
M0076	pdb4l6z	exact	0	
M0076	pdb4l70	exact	0	
M0076	pdb4l7l	exact	0	
M0076	pdb4l7n	exact	0	
M0076	pdb4l7o	exact	0	
M0076	pdb4l7p	exact	0	
M0076	pdb4l7r	exact	0	
M0076	pdb4l7u	exact	0	
M0076	pdb4opx	partial	NA	
M0076	pdb4oqa	partial	NA	
M0076	pdb4oqb	partial	NA	
M0076	pdb4pax	exact	0	
M0076	pdb4pjt	exact	0	
M0076	pdb4pjv	exact	0	
M0076	pdb4r5w	exact	0	
M0076	pdb4r6e	exact	0	
M0076	pdb4rv6	exact	0	
M0076	pdb4tvj	exact	0	
M0076	pdb4und	exact	0	
M0076	pdb4uxb	exact	0	
M0076	pdb4xhu	exact	0	
M0076	pdb4zzx	exact	0	
M0076	pdb4zzy	exact	0	
M0076	pdb4zzz	exact	0	
M0076	pdb5a00	exact	0	
M0076	pdb5ds3	exact	0	
M0076	pdb5dsy	exact	0	
M0076	pdb5ha9	exact	0	
M0076	pdb5kpn	exact	0	
M0076	pdb5kpo	exact	0	
M0076	pdb5kpp	exact	0	
M0076	pdb5kpq	exact	0	
M0076	pdb5wrq	exact	0	
M0076	pdb5wry	exact	0	
M0076	pdb5wrz	exact	0	
M0076	pdb5ws0	exact	0	
M0076	pdb5ws1	exact	0	
M0076	pdb5wtc	exact	0	
M0076	pdb5xsr	exact	0	
M0076	pdb5xst	exact	0	
M0076	pdb5xsu	exact	0	
M0076	pdb6bhv	exact	0	
M0076	pdb6ghk	exact	0	
M0076	pdb6i8m	exact	0	
M0076	pdb6i8t	exact	0	
M0076	pdb6m3i	exact	0	
M0076	pdb6nrf	exact	0	
M0076	pdb6nrg	exact	0	
M0076	pdb6nrh	exact	0	
M0076	pdb6nri	exact	0	
M0076	pdb6nrj	exact	0	
M0076	pdb6ntu	exact	0	
M0076	pdb6tx3	exact	0	
M0076	pdb6usj	partial	NA	
M0076	pdb6vkk	exact	0	
M0076	pdb6vko	exact	0	
M0076	pdb6vkq	exact	0	
M0076	pdb6x0l	exact	0	
M0076	pdb6x0m	exact	0	
M0076	pdb6x0n	exact	0	
M0076	pdb6xvw	exact	0	
M0076	pdb7aaa	exact	0	
M0076	pdb7aab	exact	0	
M0076	pdb7aac	exact	0	
M0076	pdb7aad	exact	0	
M0076	pdb7aeo	exact	0	
M0076	pdb7cmw	exact	0	
M0076	pdb7kk2	exact	0	
M0076	pdb7kk3	exact	0	
M0076	pdb7kk4	exact	0	
M0076	pdb7kk5	exact	0	
M0076	pdb7kk6	exact	0	
M0175	pdb1a30	exact	0	
M0175	pdb1a8g	exact	0	
M0175	pdb1a8k	exact	0	
M0175	pdb1a94	exact	0	
M0175	pdb1a9m	exact	0	
M0175	pdb1aaq	exact	0	
M0175	pdb1aid	exact	0	
M0175	pdb1ajv	exact	0	
M0175	pdb1ajx	exact	0	
M0175	pdb1axa	exact	0	
M0175	pdb1az5	exact	0	
M0175	pdb1b6j	exact	0	
M0175	pdb1b6k	exact	0	
M0175	pdb1b6l	exact	0	
M0175	pdb1b6m	exact	0	
M0175	pdb1b6p	exact	0	
M0175	pdb1bai	exact	0	
M0175	pdb1bdl	exact	0	
M0175	pdb1bdq	exact	0	
M0175	pdb1bdr	exact	0	
M0175	pdb1bv7	exact	0	
M0175	pdb1bv9	exact	0	
M0175	pdb1bve	exact	0	
M0175	pdb1bvg	exact	0	
M0175	pdb1bwa	exact	0	
M0175	pdb1bwb	exact	0	
M0175	pdb1c6x	exact	0	
M0175	pdb1c6y	exact	0	
M0175	pdb1c6z	exact	0	
M0175	pdb1c70	exact	0	
M0175	pdb1cpi	exact	0	
M0175	pdb1d4h	exact	0	
M0175	pdb1d4i	exact	0	
M0175	pdb1d4j	exact	0	
M0175	pdb1d4k	exact	0	
M0175	pdb1d4l	exact	0	
M0175	pdb1d4s	exact	0	
M0175	pdb1d4y	exact	0	
M0175	pdb1daz	exact	0	
M0175	pdb1dif	exact	0	
M0175	pdb1dmp	exact	0	
M0175	pdb1dw6	exact	0	
M0175	pdb1ebk	exact	0	
M0175	pdb1ebw	exact	0	
M0175	pdb1eby	exact	0	
M0175	pdb1ebz	exact	0	
M0175	pdb1ec0	exact	0	
M0175	pdb1ec1	exact	0	
M0175	pdb1ec2	exact	0	
M0175	pdb1ec3	exact	0	
M0175	pdb1f7a	substituted	2	ASP>ASN,ASP>ASN
M0175	pdb1fb7	exact	0	
M0175	pdb1fej	exact	0	
M0175	pdb1ff0	exact	0	
M0175	pdb1fff	exact	0	
M0175	pdb1ffi	exact	0	
M0175	pdb1fg6	exact	0	
M0175	pdb1fg8	exact	0	
M0175	pdb1fgc	exact	0	
M0175	pdb1fqx	exact	0	
M0175	pdb1g2k	exact	0	
M0175	pdb1g35	exact	0	
M0175	pdb1g6l	exact	0	
M0175	pdb1gnm	exact	0	
M0175	pdb1gnn	exact	0	
M0175	pdb1gno	exact	0	
M0175	pdb1hbv	exact	0	
M0175	pdb1hef	exact	0	
M0175	pdb1heg	exact	0	
M0175	pdb1hhp	exact	0	
M0175	pdb1hih	exact	0	
M0175	pdb1hii	exact	0	
M0175	pdb1hiv	exact	0	
M0175	pdb1hos	exact	0	
M0175	pdb1hpo	exact	0	
M0175	pdb1hps	exact	0	
M0175	pdb1hpv	exact	0	
M0175	pdb1hpx	exact	0	
M0175	pdb1hsg	exact	0	
M0175	pdb1hsh	exact	0	
M0175	pdb1hsi	exact	0	
M0175	pdb1hte	exact	0	
M0175	pdb1htf	exact	0	
M0175	pdb1htg	exact	0	
M0175	pdb1hvc	partial	NA	
M0175	pdb1hvh	exact	0	
M0175	pdb1hvi	exact	0	
M0175	pdb1hvj	exact	0	
M0175	pdb1hvk	exact	0	
M0175	pdb1hvl	exact	0	
M0175	pdb1hvr	exact	0	
M0175	pdb1hvs	exact	0	
M0175	pdb1hwr	exact	0	
M0175	pdb1hxb	exact	0	
M0175	pdb1hxw	exact	0	
M0175	pdb1ida	exact	0	
M0175	pdb1idb	exact	0	
M0175	pdb1iiq	exact	0	
M0175	pdb1ivp	exact	0	
M0175	pdb1ivq	exact	0	
M0175	pdb1izh	exact	0	
M0175	pdb1izi	exact	0	
M0175	pdb1jld	exact	0	
M0175	pdb1k1t	exact	0	
M0175	pdb1k1u	exact	0	
M0175	pdb1k2b	exact	0	
M0175	pdb1k2c	exact	0	
M0175	pdb1k6c	exact	0	
M0175	pdb1k6p	exact	0	
M0175	pdb1k6t	exact	0	
M0175	pdb1k6v	exact	0	
M0175	pdb1kj4	substituted	2	ASP>ASN,ASP>ASN
M0175	pdb1kj7	substituted	2	ASP>ASN,ASP>ASN
M0175	pdb1kjf	substituted	2	ASP>ASN,ASP>ASN
M0175	pdb1kjg	substituted	2	ASP>ASN,ASP>ASN
M0175	pdb1kjh	substituted	2	ASP>ASN,ASP>ASN
M0175	pdb1kzk	exact	0	
M0175	pdb1lv1	partial	NA	
M0175	pdb1lzq	exact	0	
M0175	pdb1m0b	exact	0	
M0175	pdb1mer	exact	0	
M0175	pdb1mes	exact	0	
M0175	pdb1met	exact	0	
M0175	pdb1meu	exact	0	
M0175	pdb1mrw	exact	0	
M0175	pdb1mrx	exact	0	
M0175	pdb1msm	exact	0	
M0175	pdb1msn	exact	0	
M0175	pdb1mt7	substituted	2	ASP>ASN,ASP>ASN
M0175	pdb1mt8	substituted	2	ASP>ASN,ASP>ASN
M0175	pdb1mt9	substituted	2	ASP>ASN,ASP>ASN
M0175	pdb1mtb	substituted	2	ASP>ASN,ASP>ASN
M0175	pdb1mtr	exact	0	
M0175	pdb1mui	exact	0	
M0175	pdb1n49	substituted	2	ASP>ASN,ASP>ASN
M0175	pdb1nh0	exact	0	
M0175	pdb1npa	exact	0	
M0175	pdb1npv	exact	0	
M0175	pdb1npw	exact	0	
M0175	pdb1odw	exact	0	
M0175	pdb1odx	exact	0	
M0175	pdb1ody	exact	0	
M0175	pdb1ohr	exact	0	
M0175	pdb1pro	exact	0	
M0175	pdb1q9p	exact	0	
M0175	pdb1qbr	exact	0	
M0175	pdb1qbs	exact	0	
M0175	pdb1qbt	exact	0	
M0175	pdb1qbu	exact	0	
M0175	pdb1rl8	exact	0	
M0175	pdb1rpi	substituted	2	ASP>ASN,ASP>ASN
M0175	pdb1rq9	substituted	2	ASP>ASN,ASP>ASN
M0175	pdb1rv7	substituted	2	ASP>ASN,ASP>ASN
M0175	pdb1sbg	exact	0	
M0175	pdb1sdt	exact	0	
M0175	pdb1sdu	exact	0	
M0175	pdb1sdv	exact	0	
M0175	pdb1sgu	exact	0	
M0175	pdb1sh9	exact	0	
M0175	pdb1sip	exact	0	
M0175	pdb1siv	exact	0	
M0175	pdb1sp5	exact	0	
M0175	pdb1t3r	exact	0	
M0175	pdb1t7i	exact	0	
M0175	pdb1t7j	exact	0	
M0175	pdb1t7k	exact	0	
M0175	pdb1tcw	exact	0	
M0175	pdb1tcx	exact	0	
M0175	pdb1tsq	substituted	2	ASP>ASN,ASP>ASN
M0175	pdb1tsu	substituted	2	ASP>ASN,ASP>ASN
M0175	pdb1tw7	substituted	2	ASP>ASN,ASP>ASN
M0175	pdb1u8g	exact	0	
M0175	pdb1upj	exact	0	
M0175	pdb1vij	exact	0	
M0175	pdb1vik	exact	0	
M0175	pdb1w5v	exact	0	
M0175	pdb1w5w	exact	0	
M0175	pdb1w5x	exact	0	
M0175	pdb1w5y	exact	0	
M0175	pdb1wbk	exact	0	
M0175	pdb1wbm	exact	0	
M0175	pdb1xl2	exact	0	
M0175	pdb1xl5	exact	0	
M0175	pdb1yt9	exact	0	
M0175	pdb1ytg	exact	0	
M0175	pdb1yth	exact	0	
M0175	pdb1yti	exact	0	
M0175	pdb1ytj	exact	0	
M0175	pdb1z1h	exact	0	
M0175	pdb1z1r	exact	0	
M0175	pdb1z8c	exact	0	
M0175	pdb1zbg	exact	0	
M0175	pdb1zj7	exact	0	
M0175	pdb1zlf	exact	0	
M0175	pdb1zp8	exact	0	
M0175	pdb1zpa	exact	0	
M0175	pdb1zpk	exact	0	
M0175	pdb1zsf	exact	0	
M0175	pdb1zsr	exact	0	
M0175	pdb1ztz	exact	0	
M0175	pdb2a1e	exact	0	
M0175	pdb2a4f	exact	0	
M0175	pdb2aid	exact	0	
M0175	pdb2aoc	exact	0	
M0175	pdb2aod	exact	0	
M0175	pdb2aoe	exact	0	
M0175	pdb2aof	exact	0	
M0175	pdb2aog	exact	0	
M0175	pdb2aoh	exact	0	
M0175	pdb2aoi	exact	0	
M0175	pdb2aoj	exact	0	
M0175	pdb2aqu	exact	0	
M0175	pdb2avm	exact	0	
M0175	pdb2avo	exact	0	
M0175	pdb2avq	exact	0	
M0175	pdb2avs	exact	0	
M0175	pdb2avv	exact	0	
M0175	pdb2az8	exact	0	
M0175	pdb2az9	exact	0	
M0175	pdb2azb	exact	0	
M0175	pdb2azc	exact	0	
M0175	pdb2b60	exact	0	
M0175	pdb2b7z	exact	0	
M0175	pdb2bb9	exact	0	
M0175	pdb2bbb	exact	0	
M0175	pdb2bpv	exact	0	
M0175	pdb2bpw	exact	0	
M0175	pdb2bpx	exact	0	
M0175	pdb2bpy	exact	0	
M0175	pdb2bpz	exact	0	
M0175	pdb2bqv	exact	0	
M0175	pdb2cej	exact	0	
M0175	pdb2cem	exact	0	
M0175	pdb2cen	exact	0	
M0175	pdb2f3k	exact	0	
M0175	pdb2f80	exact	0	
M0175	pdb2f81	exact	0	
M0175	pdb2f8g	exact	0	
M0175	pdb2fdd	exact	0	
M0175	pdb2fde	exact	0	
M0175	pdb2fgu	exact	0	
M0175	pdb2fgv	exact	0	
M0175	pdb2fle	exact	0	
M0175	pdb2fns	substituted	2	ASP>ASN,ASP>ASN
M0175	pdb2fnt	substituted	2	ASP>ASN,ASP>ASN
M0175	pdb2fxd	exact	0	
M0175	pdb2fxe	exact	0	
M0175	pdb2g69	exact	0	
M0175	pdb2hah	exact	0	
M0175	pdb2hb2	exact	0	
M0175	pdb2hb3	exact	0	
M0175	pdb2hb4	exact	0	
M0175	pdb2hc0	exact	0	
M0175	pdb2hpe	exact	0	
M0175	pdb2hpf	exact	0	
M0175	pdb2hs1	exact	0	
M0175	pdb2hs2	exact	0	
M0175	pdb2hvp	exact	0	
M0175	pdb2i0a	exact	0	
M0175	pdb2i0d	exact	0	
M0175	pdb2i4d	exact	0	
M0175	pdb2i4u	exact	0	
M0175	pdb2i4v	exact	0	
M0175	pdb2i4w	exact	0	
M0175	pdb2i4x	exact	0	
M0175	pdb2idw	exact	0	
M0175	pdb2ien	exact	0	
M0175	pdb2ieo	exact	0	
M0175	pdb2j9j	exact	0	
M0175	pdb2j9k	exact	0	
M0175	pdb2je4	exact	0	
M0175	pdb2mip	exact	0	
M0175	pdb2nmy	exact	0	
M0175	pdb2nmz	exact	0	
M0175	pdb2nnk	exact	0	
M0175	pdb2nnp	exact	0	
M0175	pdb2nph	exact	0	
M0175	pdb2nxd	substituted	2	ASP>ASN,ASP>ASN
M0175	pdb2nxl	substituted	2	ASP>ASN,ASP>ASN
M0175	pdb2nxm	substituted	2	ASP>ASN,ASP>ASN
M0175	pdb2o40	exact	0	
M0175	pdb2o4k	exact	0	
M0175	pdb2o4l	exact	0	
M0175	pdb2o4n	exact	0	
M0175	pdb2o4p	exact	0	
M0175	pdb2o4s	exact	0	
M0175	pdb2p3a	exact	0	
M0175	pdb2p3b	exact	0	
M0175	pdb2p3c	exact	0	
M0175	pdb2p3d	exact	0	
M0175	pdb2pc0	exact	0	
M0175	pdb2pk5	exact	0	
M0175	pdb2pk6	exact	0	
M0175	pdb2pqz	exact	0	
M0175	pdb2psu	exact	0	
M0175	pdb2psv	exact	0	
M0175	pdb2pwc	exact	0	
M0175	pdb2pwr	exact	0	
M0175	pdb2pym	exact	0	
M0175	pdb2pyn	exact	0	
M0175	pdb2q3k	exact	0	
M0175	pdb2q54	exact	0	
M0175	pdb2q55	exact	0	
M0175	pdb2q5k	exact	0	
M0175	pdb2q63	exact	0	
M0175	pdb2q64	exact	0	
M0175	pdb2qak	exact	0	
M0175	pdb2qci	exact	0	
M0175	pdb2qd6	exact	0	
M0175	pdb2qd7	exact	0	
M0175	pdb2qd8	exact	0	
M0175	pdb2qhc	exact	0	
M0175	pdb2qhy	exact	0	
M0175	pdb2qhz	exact	0	
M0175	pdb2qi0	exact	0	
M0175	pdb2qi1	exact	0	
M0175	pdb2qi3	exact	0	
M0175	pdb2qi4	exact	0	
M0175	pdb2qi5	exact	0	
M0175	pdb2qi6	exact	0	
M0175	pdb2qi7	exact	0	
M0175	pdb2qmp	exact	0	
M0175	pdb2qnn	exact	0	
M0175	pdb2qnp	exact	0	
M0175	pdb2qnq	exact	0	
M0175	pdb2r38	exact	0	
M0175	pdb2r3t	exact	0	
M0175	pdb2r3w	exact	0	
M0175	pdb2r43	exact	0	
M0175	pdb2r5p	exact	0	
M0175	pdb2r5q	exact	0	
M0175	pdb2r8n	exact	0	
M0175	pdb2rkf	exact	0	
M0175	pdb2rkg	exact	0	
M0175	pdb2sam	exact	0	
M0175	pdb2upj	exact	0	
M0175	pdb2uxz	exact	0	
M0175	pdb2uy0	exact	0	
M0175	pdb2whh	exact	0	
M0175	pdb2wkz	exact	0	
M0175	pdb2wl0	exact	0	
M0175	pdb2xye	exact	0	
M0175	pdb2xyf	exact	0	
M0175	pdb2z4o	exact	0	
M0175	pdb2z54	exact	0	
M0175	pdb2zga	exact	0	
M0175	pdb2zye	exact	0	
M0175	pdb3a2o	exact	0	
M0175	pdb3aid	exact	0	
M0175	pdb3b7v	exact	0	
M0175	pdb3b80	exact	0	
M0175	pdb3bc4	exact	0	
M0175	pdb3bgb	exact	0	
M0175	pdb3bgc	exact	0	
M0175	pdb3bhe	exact	0	
M0175	pdb3bva	substituted	2	ASP>ASN,ASP>ASN
M0175	pdb3bvb	substituted	2	ASP>ASN,ASP>ASN
M0175	pdb3bxr	substituted	2	ASP>ASN,ASP>ASN
M0175	pdb3bxs	exact	0	
M0175	pdb3ckt	exact	0	
M0175	pdb3cyw	exact	0	
M0175	pdb3cyx	exact	0	
M0175	pdb3d1x	exact	0	
M0175	pdb3d1y	exact	0	
M0175	pdb3d1z	exact	0	
M0175	pdb3d20	exact	0	
M0175	pdb3d3t	substituted	2	ASP>ASN,ASP>ASN
M0175	pdb3dck	substituted	2	ASP>ASN,ASP>ASN
M0175	pdb3dcr	exact	0	
M0175	pdb3djk	exact	0	
M0175	pdb3dk1	exact	0	
M0175	pdb3dox	exact	0	
M0175	pdb3ebz	exact	0	
M0175	pdb3ec0	exact	0	
M0175	pdb3ecg	exact	0	
M0175	pdb3ekp	exact	0	
M0175	pdb3ekq	exact	0	
M0175	pdb3ekt	exact	0	
M0175	pdb3ekv	exact	0	
M0175	pdb3ekw	exact	0	
M0175	pdb3ekx	exact	0	
M0175	pdb3eky	exact	0	
M0175	pdb3el0	exact	0	
M0175	pdb3el1	exact	0	
M0175	pdb3el4	exact	0	
M0175	pdb3el5	exact	0	
M0175	pdb3el9	exact	0	
M0175	pdb3em3	exact	0	
M0175	pdb3em4	exact	0	
M0175	pdb3em6	exact	0	
M0175	pdb3fsm	exact	0	
M0175	pdb3fx5	exact	0	
M0175	pdb3gga	exact	0	
M0175	pdb3ggu	exact	0	
M0175	pdb3ggv	exact	0	
M0175	pdb3ggx	exact	0	
M0175	pdb3gi0	exact	0	
M0175	pdb3gi4	exact	0	
M0175	pdb3gi5	exact	0	
M0175	pdb3gi6	exact	0	
M0175	pdb3h5b	exact	0	
M0175	pdb3hau	exact	0	
M0175	pdb3haw	exact	0	
M0175	pdb3hbo	exact	0	
M0175	pdb3hdk	exact	0	
M0175	pdb3hlo	exact	0	
M0175	pdb3hvp	exact	0	
M0175	pdb3hzc	exact	0	
M0175	pdb3i2l	exact	0	
M0175	pdb3i6o	exact	0	
M0175	pdb3i7e	exact	0	
M0175	pdb3i8w	exact	0	
M0175	pdb3ia9	substituted	2	ASP>ASN,ASP>ASN
M0175	pdb3iaw	exact	0	
M0175	pdb3ixo	exact	0	
M0175	pdb3jvw	exact	0	
M0175	pdb3jvy	exact	0	
M0175	pdb3jw2	exact	0	
M0175	pdb3k4v	exact	0	
M0175	pdb3ka2	exact	0	
M0175	pdb3kdb	exact	0	
M0175	pdb3kdc	exact	0	
M0175	pdb3kdd	exact	0	
M0175	pdb3kf0	exact	0	
M0175	pdb3kfn	exact	0	
M0175	pdb3kfp	exact	0	
M0175	pdb3kfr	exact	0	
M0175	pdb3kfs	exact	0	
M0175	pdb3kt2	exact	0	
M0175	pdb3kt5	exact	0	
M0175	pdb3lzs	exact	0	
M0175	pdb3lzu	exact	0	
M0175	pdb3lzv	exact	0	
M0175	pdb3m9f	exact	0	
M0175	pdb3mim	partial	NA	
M0175	pdb3mws	exact	0	
M0175	pdb3mxd	exact	0	
M0175	pdb3mxe	exact	0	
M0175	pdb3n3i	exact	0	
M0175	pdb3ndt	exact	0	
M0175	pdb3ndu	exact	0	
M0175	pdb3ndw	exact	0	
M0175	pdb3ndx	exact	0	
M0175	pdb3nls	exact	0	
M0175	pdb3nu3	exact	0	
M0175	pdb3nu4	exact	0	
M0175	pdb3nu5	exact	0	
M0175	pdb3nu6	exact	0	
M0175	pdb3nu9	exact	0	
M0175	pdb3nuj	exact	0	
M0175	pdb3nuo	exact	0	
M0175	pdb3nwq	exact	0	
M0175	pdb3nwx	exact	0	
M0175	pdb3nxe	exact	0	
M0175	pdb3nxn	exact	0	
M0175	pdb3nyg	exact	0	
M0175	pdb3o99	exact	0	
M0175	pdb3o9a	exact	0	
M0175	pdb3o9b	exact	0	
M0175	pdb3o9c	exact	0	
M0175	pdb3o9d	exact	0	
M0175	pdb3o9e	exact	0	
M0175	pdb3o9f	exact	0	
M0175	pdb3o9g	exact	0	
M0175	pdb3o9h	exact	0	
M0175	pdb3o9i	exact	0	
M0175	pdb3ok9	exact	0	
M0175	pdb3oq7	substituted	2	ASP>ASN,ASP>ASN
M0175	pdb3oqa	substituted	2	ASP>ASN,ASP>ASN
M0175	pdb3oqd	substituted	2	ASP>ASN,ASP>ASN
M0175	pdb3ots	substituted	2	ASP>ASN,ASP>ASN
M0175	pdb3oty	substituted	2	ASP>ASN,ASP>ASN
M0175	pdb3ou1	substituted	2	ASP>ASN,ASP>ASN
M0175	pdb3ou3	substituted	2	ASP>ASN,ASP>ASN
M0175	pdb3ou4	substituted	2	ASP>ASN,ASP>ASN
M0175	pdb3oua	substituted	2	ASP>ASN,ASP>ASN
M0175	pdb3oub	substituted	2	ASP>ASN,ASP>ASN
M0175	pdb3ouc	substituted	2	ASP>ASN,ASP>ASN
M0175	pdb3oud	substituted	2	ASP>ASN,ASP>ASN
M0175	pdb3oxc	exact	0	
M0175	pdb3oxv	exact	0	
M0175	pdb3oxw	exact	0	
M0175	pdb3oxx	exact	0	
M0175	pdb3oy4	exact	0	
M0175	pdb3phv	exact	0	
M0175	pdb3pj6	substituted	2	ASP>ASN,ASP>ASN
M0175	pdb3psu	exact	0	
M0175	pdb3pwm	exact	0	
M0175	pdb3pwr	exact	0	
M0175	pdb3qaa	exact	0	
M0175	pdb3qbf	exact	0	
M0175	pdb3qih	exact	0	
M0175	pdb3qn8	exact	0	
M0175	pdb3qp0	exact	0	
M0175	pdb3qpj	exact	0	
M0175	pdb3qrm	exact	0	
M0175	pdb3qro	exact	0	
M0175	pdb3qrs	exact	0	
M0175	pdb3r0w	substituted	2	ASP>ASN,ASP>ASN
M0175	pdb3r0y	substituted	2	ASP>ASN,ASP>ASN
M0175	pdb3r4b	exact	0	
M0175	pdb3s43	exact	0	
M0175	pdb3s45	exact	0	
M0175	pdb3s53	exact	0	
M0175	pdb3s54	exact	0	
M0175	pdb3s56	exact	0	
M0175	pdb3s85	exact	0	
M0175	pdb3sa3	exact	0	
M0175	pdb3sa4	exact	0	
M0175	pdb3sa5	exact	0	
M0175	pdb3sa6	exact	0	
M0175	pdb3sa7	exact	0	
M0175	pdb3sa8	exact	0	
M0175	pdb3sa9	exact	0	
M0175	pdb3saa	exact	0	
M0175	pdb3sab	exact	0	
M0175	pdb3sac	exact	0	
M0175	pdb3so9	substituted	2	ASP>ASN,ASP>ASN
M0175	pdb3spk	substituted	2	ASP>ASN,ASP>ASN
M0175	pdb3st5	exact	0	
M0175	pdb3t11	exact	0	
M0175	pdb3t3c	exact	0	
M0175	pdb3th9	exact	0	
M0175	pdb3tkg	exact	0	
M0175	pdb3tkw	exact	0	
M0175	pdb3tl9	exact	0	
M0175	pdb3tlh	exact	0	
M0175	pdb3tof	exact	0	
M0175	pdb3tog	exact	0	
M0175	pdb3toh	exact	0	
M0175	pdb3ttp	exact	0	
M0175	pdb3u71	exact	0	
M0175	pdb3u7s	exact	0	
M0175	pdb3ucb	exact	0	
M0175	pdb3uf3	exact	0	
M0175	pdb3ufn	exact	0	
M0175	pdb3uhl	exact	0	
M0175	pdb3upj	exact	0	
M0175	pdb3vf5	exact	0	
M0175	pdb3vf7	exact	0	
M0175	pdb3vfa	exact	0	
M0175	pdb3vfb	exact	0	
M0175	pdb3zps	exact	0	
M0175	pdb3zpt	exact	0	
M0175	pdb3zpu	exact	0	
M0175	pdb4a4q	exact	0	
M0175	pdb4a6b	exact	0	
M0175	pdb4a6c	exact	0	
M0175	pdb4coe	exact	0	
M0175	pdb4cp7	exact	0	
M0175	pdb4cpq	exact	0	
M0175	pdb4cpr	exact	0	
M0175	pdb4cps	exact	0	
M0175	pdb4cpt	exact	0	
M0175	pdb4cpu	exact	0	
M0175	pdb4cpw	exact	0	
M0175	pdb4cpx	exact	0	
M0175	pdb4dfg	exact	0	
M0175	pdb4djo	exact	0	
M0175	pdb4djp	exact	0	
M0175	pdb4djq	exact	0	
M0175	pdb4djr	exact	0	
M0175	pdb4dqb	exact	0	
M0175	pdb4dqc	exact	0	
M0175	pdb4dqe	exact	0	
M0175	pdb4dqf	exact	0	
M0175	pdb4dqg	exact	0	
M0175	pdb4dqh	exact	0	
M0175	pdb4e43	exact	0	
M0175	pdb4ej8	exact	0	
M0175	pdb4ejd	exact	0	
M0175	pdb4ejk	exact	0	
M0175	pdb4ejl	exact	0	
M0175	pdb4ep2	substituted	2	ASP>ASN,ASP>ASN
M0175	pdb4ep3	substituted	2	ASP>ASN,ASP>ASN
M0175	pdb4epj	substituted	2	ASP>ASN,ASP>ASN
M0175	pdb4eq0	substituted	2	ASP>ASN,ASP>ASN
M0175	pdb4eqj	substituted	2	ASP>ASN,ASP>ASN
M0175	pdb4eyr	substituted	2	ASP>ASN,ASP>ASN
M0175	pdb4f73	exact	0	
M0175	pdb4f74	exact	0	
M0175	pdb4f75	exact	0	
M0175	pdb4f76	exact	0	
M0175	pdb4fae	substituted	2	ASP>ASN,ASP>ASN
M0175	pdb4faf	substituted	2	ASP>ASN,ASP>ASN
M0175	pdb4fe6	exact	0	
M0175	pdb4fl8	exact	0	
M0175	pdb4flg	exact	0	
M0175	pdb4fm6	exact	0	
M0175	pdb4gb2	exact	0	
M0175	pdb4gye	substituted	2	ASP>ASN,ASP>ASN
M0175	pdb4gzf	substituted	2	ASP>ASN,ASP>ASN
M0175	pdb4hdb	exact	0	
M0175	pdb4hdf	exact	0	
M0175	pdb4hdp	exact	0	
M0175	pdb4he9	exact	0	
M0175	pdb4heg	exact	0	
M0175	pdb4hla	exact	0	
M0175	pdb4hvp	exact	0	
M0175	pdb4i8w	exact	0	
M0175	pdb4i8z	exact	0	
M0175	pdb4j54	exact	0	
M0175	pdb4j55	exact	0	
M0175	pdb4j5j	exact	0	
M0175	pdb4jec	exact	0	
M0175	pdb4k4p	exact	0	
M0175	pdb4k4q	exact	0	
M0175	pdb4k4r	exact	0	
M0175	pdb4kb9	exact	0	
M0175	pdb4l1a	substituted	2	ASP>ASN,ASP>ASN
M0175	pdb4ll3	exact	0	
M0175	pdb4m8x	exact	0	
M0175	pdb4m8y	exact	0	
M0175	pdb4mc1	exact	0	
M0175	pdb4mc2	exact	0	
M0175	pdb4mc6	exact	0	
M0175	pdb4mc9	exact	0	
M0175	pdb4njs	exact	0	
M0175	pdb4njt	exact	0	
M0175	pdb4nju	exact	0	
M0175	pdb4njv	exact	0	
M0175	pdb4nkk	substituted	2	ASP>ASN,ASP>ASN
M0175	pdb4npt	substituted	2	ASP>ASN,ASP>ASN
M0175	pdb4npu	substituted	2	ASP>ASN,ASP>ASN
M0175	pdb4obd	substituted	2	ASP>ASN,ASP>ASN
M0175	pdb4obf	substituted	2	ASP>ASN,ASP>ASN
M0175	pdb4obg	substituted	2	ASP>ASN,ASP>ASN
M0175	pdb4obh	substituted	2	ASP>ASN,ASP>ASN
M0175	pdb4obj	substituted	2	ASP>ASN,ASP>ASN
M0175	pdb4obk	substituted	2	ASP>ASN,ASP>ASN
M0175	pdb4phv	exact	0	
M0175	pdb4q1w	exact	0	
M0175	pdb4q1x	exact	0	
M0175	pdb4q1y	exact	0	
M0175	pdb4q5m	exact	0	
M0175	pdb4qgi	exact	0	
M0175	pdb4qj2	substituted	2	ASP>ASN,ASP>ASN
M0175	pdb4qj6	substituted	2	ASP>ASN,ASP>ASN
M0175	pdb4qj7	substituted	2	ASP>ASN,ASP>ASN
M0175	pdb4qj8	substituted	2	ASP>ASN,ASP>ASN
M0175	pdb4qj9	substituted	2	ASP>ASN,ASP>ASN
M0175	pdb4qja	substituted	2	ASP>ASN,ASP>ASN
M0175	pdb4qlh	exact	0	
M0175	pdb4rvi	exact	0	
M0175	pdb4rvj	exact	0	
M0175	pdb4rvx	exact	0	
M0175	pdb4tvg	exact	0	
M0175	pdb4tvh	exact	0	
M0175	pdb4u7q	exact	0	
M0175	pdb4u7v	exact	0	
M0175	pdb4u8w	exact	0	
M0175	pdb4upj	exact	0	
M0175	pdb4ye3	exact	0	
M0175	pdb4yhq	exact	0	
M0175	pdb4yoa	substituted	2	ASP>ASN,ASP>ASN
M0175	pdb4yob	substituted	2	ASP>ASN,ASP>ASN
M0175	pdb4z4x	substituted	2	ASP>ASN,ASP>ASN
M0175	pdb4z50	substituted	2	ASP>ASN,ASP>ASN
M0175	pdb4zip	exact	0	
M0175	pdb4zls	exact	0	
M0175	pdb5agz	exact	0	
M0175	pdb5ah6	exact	0	
M0175	pdb5ah7	exact	0	
M0175	pdb5ah8	exact	0	
M0175	pdb5ah9	exact	0	
M0175	pdb5aha	exact	0	
M0175	pdb5ahb	exact	0	
M0175	pdb5ahc	exact	0	
M0175	pdb5b18	substituted	2	ASP>ASN,ASP>ASN
M0175	pdb5bry	exact	0	
M0175	pdb5bs4	exact	0	
M0175	pdb5cok	substituted	2	ASP>ASN,ASP>ASN
M0175	pdb5con	substituted	2	ASP>ASN,ASP>ASN
M0175	pdb5coo	substituted	2	ASP>ASN,ASP>ASN
M0175	pdb5cop	substituted	2	ASP>ASN,ASP>ASN
M0175	pdb5dgu	exact	0	
M0175	pdb5dgw	exact	0	
M0175	pdb5e5j	exact	0	
M0175	pdb5e5k	exact	0	
M0175	pdb5hvp	exact	0	
M0175	pdb5ivq	exact	0	
M0175	pdb5ivr	exact	0	
M0175	pdb5ivs	exact	0	
M0175	pdb5ivt	exact	0	
M0175	pdb5jfp	exact	0	
M0175	pdb5jfu	exact	0	
M0175	pdb5jg1	exact	0	
M0175	pdb5kao	exact	0	
M0175	pdb5kqx	substituted	2	ASP>ASN,ASP>ASN
M0175	pdb5kqy	substituted	2	ASP>ASN,ASP>ASN
M0175	pdb5kqz	substituted	2	ASP>ASN,ASP>ASN
M0175	pdb5kr0	substituted	2	ASP>ASN,ASP>ASN
M0175	pdb5kr1	substituted	2	ASP>ASN,ASP>ASN
M0175	pdb5kr2	substituted	2	ASP>ASN,ASP>ASN
M0175	pdb5t2e	exact	0	
M0175	pdb5t2z	exact	0	
M0175	pdb5t84	substituted	2	ASP>ASN,ASP>ASN
M0175	pdb5t8h	exact	0	
M0175	pdb5tyr	exact	0	
M0175	pdb5tys	exact	0	
M0175	pdb5ufz	exact	0	
M0175	pdb5ult	exact	0	
M0175	pdb5uov	exact	0	
M0175	pdb5upj	exact	0	
M0175	pdb5upz	exact	0	
M0175	pdb5v4y	exact	0	
M0175	pdb5vck	exact	0	
M0175	pdb5vea	exact	0	
M0175	pdb5vj3	exact	0	
M0175	pdb5w5w	exact	0	
M0175	pdb5wlo	exact	0	
M0175	pdb5yoj	exact	0	
M0175	pdb5yok	exact	0	
M0175	pdb5yrs	exact	0	
M0175	pdb6b36	exact	0	
M0175	pdb6b38	exact	0	
M0175	pdb6b3c	exact	0	
M0175	pdb6b3f	exact	0	
M0175	pdb6b3g	exact	0	
M0175	pdb6b3h	exact	0	
M0175	pdb6b4n	exact	0	
M0175	pdb6bra	substituted	2	ASP>ASN,ASP>ASN
M0175	pdb6bz2	exact	0	
M0175	pdb6c8x	exact	0	
M0175	pdb6c8y	exact	0	
M0175	pdb6cdj	exact	0	
M0175	pdb6cdl	exact	0	
M0175	pdb6d0d	exact	0	
M0175	pdb6d0e	exact	0	
M0175	pdb6dgx	exact	0	
M0175	pdb6dgy	exact	0	
M0175	pdb6dgz	exact	0	
M0175	pdb6dh0	exact	0	
M0175	pdb6dh1	exact	0	
M0175	pdb6dh2	exact	0	
M0175	pdb6dh3	exact	0	
M0175	pdb6dh4	exact	0	
M0175	pdb6dh5	exact	0	
M0175	pdb6dh6	exact	0	
M0175	pdb6dh7	exact	0	
M0175	pdb6dh8	exact	0	
M0175	pdb6dif	exact	0	
M0175	pdb6dil	exact	0	
M0175	pdb6dj1	exact	0	
M0175	pdb6dj2	exact	0	
M0175	pdb6dj5	exact	0	
M0175	pdb6dj7	exact	0	
M0175	pdb6dv0	exact	0	
M0175	pdb6dv4	exact	0	
M0175	pdb6e7j	exact	0	
M0175	pdb6e9a	exact	0	
M0175	pdb6i45	substituted	2	ASP>ALA,ASP>ALA
M0175	pdb6ixd	exact	0	
M0175	pdb6kmp	exact	0	
M0175	pdb6mcr	exact	0	
M0175	pdb6mcs	exact	0	
M0175	pdb6mk9	exact	0	
M0175	pdb6mkl	exact	0	
M0175	pdb6o48	exact	0	
M0175	pdb6o54	substituted	2	ASP>ASN,ASP>ASN
M0175	pdb6o57	exact	0	
M0175	pdb6o5a	exact	0	
M0175	pdb6o5x	exact	0	
M0175	pdb6ogl	exact	0	
M0175	pdb6ogp	exact	0	
M0175	pdb6ogq	exact	0	
M0175	pdb6ogr	exact	0	
M0175	pdb6ogs	exact	0	
M0175	pdb6ogt	exact	0	
M0175	pdb6ogv	exact	0	
M0175	pdb6oos	exact	0	
M0175	pdb6oot	exact	0	
M0175	pdb6oou	exact	0	
M0175	pdb6ops	exact	0	
M0175	pdb6opt	exact	0	
M0175	pdb6opu	exact	0	
M0175	pdb6opv	exact	0	
M0175	pdb6opw	exact	0	
M0175	pdb6opx	exact	0	
M0175	pdb6opy	exact	0	
M0175	pdb6opz	exact	0	
M0175	pdb6otg	exact	0	
M0175	pdb6oxo	exact	0	
M0175	pdb6oxp	exact	0	
M0175	pdb6oxq	exact	0	
M0175	pdb6oxr	exact	0	
M0175	pdb6oxs	exact	0	
M0175	pdb6oxt	exact	0	
M0175	pdb6oxu	exact	0	
M0175	pdb6oxv	exact	0	
M0175	pdb6oxw	exact	0	
M0175	pdb6oxx	exact	0	
M0175	pdb6oxy	exact	0	
M0175	pdb6oxz	exact	0	
M0175	pdb6oy0	exact	0	
M0175	pdb6oy1	exact	0	
M0175	pdb6oy2	exact	0	
M0175	pdb6oyd	exact	0	
M0175	pdb6oyr	exact	0	
M0175	pdb6p9a	exact	0	
M0175	pdb6p9b	exact	0	
M0175	pdb6pjb	exact	0	
M0175	pdb6pjc	exact	0	
M0175	pdb6pjd	exact	0	
M0175	pdb6pje	exact	0	
M0175	pdb6pjf	exact	0	
M0175	pdb6pjg	exact	0	
M0175	pdb6pjh	exact	0	
M0175	pdb6pji	exact	0	
M0175	pdb6pjk	exact	0	
M0175	pdb6pjl	exact	0	
M0175	pdb6pjm	exact	0	
M0175	pdb6pjn	exact	0	
M0175	pdb6pjo	exact	0	
M0175	pdb6prf	exact	0	
M0175	pdb6ptp	exact	0	
M0175	pdb6pu8	exact	0	
M0175	pdb6u7o	exact	0	
M0175	pdb6u7p	exact	0	
M0175	pdb6upj	exact	0	
M0175	pdb6uwb	exact	0	
M0175	pdb6uwc	exact	0	
M0175	pdb6vce	exact	0	
M0175	pdb6vod	exact	0	
M0175	pdb6voe	exact	0	
M0175	pdb6w6t	exact	0	
M0175	pdb7hvp	exact	0	
M0175	pdb7upj	exact	0	
M0175	pdb8hvp	exact	0	
M0175	pdb9hvp	exact	0	
M0107	pdb1dgj	partial	NA	
M0107	pdb1ffu	substituted	2	ARG>ARO,CYS>CSZ
M0107	pdb1ffv	substituted	2	ARG>ARO,CYS>CSZ
M0107	pdb1fiq	partial	NA	
M0107	pdb1fo4	partial	NA	
M0107	pdb1jro	partial	NA	
M0107	pdb1jrp	partial	NA	
M0107	pdb1n5w	exact	0	
M0107	pdb1n5x	partial	NA	
M0107	pdb1n60	exact	0	
M0107	pdb1n61	exact	0	
M0107	pdb1n62	exact	0	
M0107	pdb1n63	exact	0	
M0107	pdb1rm6	partial	NA	
M0107	pdb1sb3	partial	NA	
M0107	pdb1sij	partial	NA	
M0107	pdb1t3q	partial	NA	
M0107	pdb1v97	partial	NA	
M0107	pdb1vdv	partial	NA	
M0107	pdb1vlb	partial	NA	
M0107	pdb1wyg	partial	NA	
M0107	pdb1zxi	exact	0	
M0107	pdb2ckj	partial	NA	
M0107	pdb2e1q	partial	NA	
M0107	pdb2e3t	partial	NA	
M0107	pdb2w3r	partial	NA	
M0107	pdb2w3s	partial	NA	
M0107	pdb2w54	partial	NA	
M0107	pdb2w55	partial	NA	
M0107	pdb3am9	partial	NA	
M0107	pdb3amz	partial	NA	
M0107	pdb3an1	partial	NA	
M0107	pdb3ax7	partial	NA	
M0107	pdb3ax9	partial	NA	
M0107	pdb3b9j	partial	NA	
M0107	pdb3bdj	partial	NA	
M0107	pdb3etr	partial	NA	
M0107	pdb3eub	partial	NA	
M0107	pdb3fah	partial	NA	
M0107	pdb3fc4	partial	NA	
M0107	pdb3hrd	partial	NA	
M0107	pdb3l4p	partial	NA	
M0107	pdb3nrz	partial	NA	
M0107	pdb3ns1	partial	NA	
M0107	pdb3nvv	partial	NA	
M0107	pdb3nvw	partial	NA	
M0107	pdb3nvy	partial	NA	
M0107	pdb3nvz	partial	NA	
M0107	pdb3sr6	partial	NA	
M0107	pdb3una	partial	NA	
M0107	pdb3unc	partial	NA	
M0107	pdb3uni	partial	NA	
M0107	pdb3zyv	partial	NA	
M0107	pdb4c7y	partial	NA	
M0107	pdb4c7z	partial	NA	
M0107	pdb4c80	partial	NA	
M0107	pdb4uhw	partial	NA	
M0107	pdb4uhx	partial	NA	
M0107	pdb4us8	partial	NA	
M0107	pdb4us9	partial	NA	
M0107	pdb4usa	partial	NA	
M0107	pdb4yrw	partial	NA	
M0107	pdb4ysw	partial	NA	
M0107	pdb4yty	partial	NA	
M0107	pdb4ytz	partial	NA	
M0107	pdb4zoh	partial	NA	
M0107	pdb5epg	partial	NA	
M0107	pdb5g5g	partial	NA	
M0107	pdb5g5h	partial	NA	
M0107	pdb5y6q	partial	NA	
M0107	pdb6a7x	partial	NA	
M0107	pdb6abu	partial	NA	
M0107	pdb6ac1	partial	NA	
M0107	pdb6ac4	partial	NA	
M0107	pdb6ad4	partial	NA	
M0107	pdb6adj	partial	NA	
M0107	pdb6aju	partial	NA	
M0107	pdb6q6q	partial	NA	
M0201	pdb1on3	substituted	1	ALA>SER
M0201	pdb1on9	substituted	1	ALA>SER
M0201	pdb1pix	substituted	2	GLY>ALA,GLY>ALA
M0201	pdb1vrg	exact	0	
M0201	pdb1x0u	exact	0	
M0201	pdb1xnv	exact	0	
M0201	pdb1xnw	exact	0	
M0201	pdb1xny	exact	0	
M0201	pdb1xo6	exact	0	
M0201	pdb2a7s	exact	0	
M0201	pdb2bzr	exact	0	
M0201	pdb2f9i	partial	NA	
M0201	pdb2f9y	partial	NA	
M0201	pdb3gf3	substituted	2	GLY>ALA,GLY>ALA
M0201	pdb3gf7	substituted	2	GLY>ALA,GLY>ALA
M0201	pdb3glm	substituted	2	GLY>ALA,GLY>ALA
M0201	pdb3gma	substituted	2	GLY>ALA,GLY>ALA
M0201	pdb3iav	exact	0	
M0201	pdb3ib9	exact	0	
M0201	pdb3ibb	exact	0	
M0201	pdb3mfm	exact	0	
M0201	pdb3n6r	exact	0	
M0201	pdb3u9r	substituted	4	GLY>ALA,GLY>VAL,GLY>VAL,ALA>LEU
M0201	pdb3u9s	substituted	3	GLY>ALA,GLY>ALA,ALA>GLY
M0201	pdb3u9t	substituted	3	GLY>ALA,GLY>VAL,ALA>LEU
M0201	pdb4fb8	exact	0	
M0201	pdb4g2r	exact	0	
M0201	pdb4l6w	exact	0	
M0201	pdb4q0g	substituted	3	GLY>ALA,GLY>ALA,ALA>GLY
M0201	pdb4rcn	substituted	3	GLY>ALA,GLY>LEU,ALA>GLY
M0201	pdb5fif	substituted	3	GLY>ALA,GLY>LEU,ALA>GLY
M0201	pdb5ikl	substituted	2	GLY>THR,GLY>ALA
M0201	pdb5inf	substituted	1	ALA>GLY
M0201	pdb5ing	substituted	1	ALA>GLY
M0201	pdb5ini	substituted	1	ALA>GLY
M0201	pdb5kdr	partial	NA	
M0201	pdb5vip	partial	NA	
M0201	pdb5vit	partial	NA	
M0201	pdb5vj1	partial	NA	
M0201	pdb6p7u	exact	0	
M0201	pdb6pk2	exact	0	
M0201	pdb6prw	exact	0	
M0201	pdb6tzv	exact	0	
M0201	pdb6ybp	exact	0	
M0201	pdb6ybq	exact	0	
M0383	pdb1a50	substituted	3	TYR>SER,GLU>LYS,ASP>ASN
M0383	pdb1a5a	partial	NA	
M0383	pdb1a5b	partial	NA	
M0383	pdb1a5s	partial	NA	
M0383	pdb1beu	partial	NA	
M0383	pdb1bks	partial	NA	
M0383	pdb1c29	partial	NA	
M0383	pdb1c8v	partial	NA	
M0383	pdb1c9d	partial	NA	
M0383	pdb1cw2	partial	NA	
M0383	pdb1cx9	partial	NA	
M0383	pdb1fuy	partial	NA	
M0383	pdb1geq	partial	NA	
M0383	pdb1k3u	partial	NA	
M0383	pdb1k7e	partial	NA	
M0383	pdb1k7f	partial	NA	
M0383	pdb1k7x	partial	NA	
M0383	pdb1k8x	partial	NA	
M0383	pdb1k8y	partial	NA	
M0383	pdb1k8z	partial	NA	
M0383	pdb1kfb	partial	NA	
M0383	pdb1kfc	partial	NA	
M0383	pdb1kfe	partial	NA	
M0383	pdb1kfj	partial	NA	
M0383	pdb1kfk	partial	NA	
M0383	pdb1qop	partial	NA	
M0383	pdb1qoq	partial	NA	
M0383	pdb1rd5	partial	NA	
M0383	pdb1tjp	partial	NA	
M0383	pdb1tjr	partial	NA	
M0383	pdb1ttp	partial	NA	
M0383	pdb1ttq	partial	NA	
M0383	pdb1ubs	partial	NA	
M0383	pdb1ujp	partial	NA	
M0383	pdb1v7y	partial	NA	
M0383	pdb1v8z	partial	NA	
M0383	pdb1wbj	partial	NA	
M0383	pdb1wdw	partial	NA	
M0383	pdb1wq5	partial	NA	
M0383	pdb1wxj	partial	NA	
M0383	pdb1x1q	partial	NA	
M0383	pdb1xc4	partial	NA	
M0383	pdb1xcf	partial	NA	
M0383	pdb2cle	partial	NA	
M0383	pdb2clf	partial	NA	
M0383	pdb2clh	partial	NA	
M0383	pdb2cli	partial	NA	
M0383	pdb2clk	partial	NA	
M0383	pdb2cll	partial	NA	
M0383	pdb2clm	partial	NA	
M0383	pdb2clo	partial	NA	
M0383	pdb2dh5	partial	NA	
M0383	pdb2dh6	partial	NA	
M0383	pdb2dzp	partial	NA	
M0383	pdb2dzs	partial	NA	
M0383	pdb2dzt	partial	NA	
M0383	pdb2dzu	partial	NA	
M0383	pdb2dzv	partial	NA	
M0383	pdb2dzw	partial	NA	
M0383	pdb2dzx	partial	NA	
M0383	pdb2e09	partial	NA	
M0383	pdb2ekc	partial	NA	
M0383	pdb2j9x	partial	NA	
M0383	pdb2j9y	partial	NA	
M0383	pdb2j9z	partial	NA	
M0383	pdb2o2e	partial	NA	
M0383	pdb2o2j	partial	NA	
M0383	pdb2rh9	partial	NA	
M0383	pdb2rhg	partial	NA	
M0383	pdb2trs	partial	NA	
M0383	pdb2tsy	partial	NA	
M0383	pdb2tys	partial	NA	
M0383	pdb2wsy	partial	NA	
M0383	pdb3cep	partial	NA	
M0383	pdb3nav	partial	NA	
M0383	pdb3pr2	partial	NA	
M0383	pdb3tha	partial	NA	
M0383	pdb3vnd	partial	NA	
M0383	pdb4hn4	partial	NA	
M0383	pdb4hpj	partial	NA	
M0383	pdb4hpx	partial	NA	
M0383	pdb4ht3	partial	NA	
M0383	pdb4kkx	partial	NA	
M0383	pdb4neg	partial	NA	
M0383	pdb4qys	partial	NA	
M0383	pdb4wx2	partial	NA	
M0383	pdb4xug	partial	NA	
M0383	pdb4y6g	partial	NA	
M0383	pdb4zqc	partial	NA	
M0383	pdb5bw6	partial	NA	
M0383	pdb5cgq	partial	NA	
M0383	pdb5dvz	partial	NA	
M0383	pdb5dw0	partial	NA	
M0383	pdb5dw3	partial	NA	
M0383	pdb5e0k	partial	NA	
M0383	pdb5ey5	partial	NA	
M0383	pdb5ixj	partial	NA	
M0383	pdb5k9x	partial	NA	
M0383	pdb5kin	partial	NA	
M0383	pdb5kmy	partial	NA	
M0383	pdb5kzm	partial	NA	
M0383	pdb5ocw	partial	NA	
M0383	pdb5t6m	partial	NA	
M0383	pdb5tcf	partial	NA	
M0383	pdb5tcg	partial	NA	
M0383	pdb5tch	partial	NA	
M0383	pdb5tci	partial	NA	
M0383	pdb5tcj	partial	NA	
M0383	pdb5vm5	partial	NA	
M0383	pdb6am7	partial	NA	
M0383	pdb6am8	partial	NA	
M0383	pdb6am9	partial	NA	
M0383	pdb6c73	partial	NA	
M0383	pdb6d0v	partial	NA	
M0383	pdb6duc	partial	NA	
M0383	pdb6dwe	partial	NA	
M0383	pdb6dz4	partial	NA	
M0383	pdb6dzo	partial	NA	
M0383	pdb6e9p	partial	NA	
M0383	pdb6u6c	partial	NA	
M0383	pdb6uap	partial	NA	
M0383	pdb6ub9	partial	NA	
M0383	pdb6usa	partial	NA	
M0383	pdb6vnt	partial	NA	
M0383	pdb6wdu	partial	NA	
M0383	pdb6wx3	partial	NA	
M0383	pdb6xin	partial	NA	
M0383	pdb6xnc	partial	NA	
M0383	pdb6xoy	partial	NA	
M0383	pdb6xrh	partial	NA	
M0383	pdb6xt0	partial	NA	
M0111	pdb1ea0	substituted	1	PHE>TYR
M0111	pdb1llw	exact	0	
M0111	pdb1llz	exact	0	
M0111	pdb1lm1	exact	0	
M0111	pdb1ofd	exact	0	
M0111	pdb1ofe	exact	0	
M0111	pdb2vdc	substituted	1	PHE>TYR
M0111	pdb6s6s	substituted	1	PHE>TYR
M0111	pdb6s6t	substituted	1	PHE>TYR
M0111	pdb6s6u	substituted	1	PHE>TYR
M0111	pdb6s6x	substituted	1	PHE>TYR
M0634	pdb1f0i	exact	0	
M0634	pdb1v0r	exact	0	
M0634	pdb1v0s	exact	0	
M0634	pdb1v0t	exact	0	
M0634	pdb1v0u	exact	0	
M0634	pdb1v0v	exact	0	
M0634	pdb1v0w	exact	0	
M0634	pdb1v0y	exact	0	
M0634	pdb2ze4	exact	0	
M0634	pdb2ze9	substituted	1	HIS>ALA
M0609	pdb1boq	exact	0	
M0609	pdb1cso	substituted	4	ASP>ALA,GLY>ARG,SER>GLY,HIS>SER
M0609	pdb1ct0	substituted	4	ASP>ALA,GLY>ARG,SER>GLY,HIS>SER
M0609	pdb1ct2	substituted	4	ASP>ALA,GLY>ARG,SER>GLY,HIS>SER
M0609	pdb1ct4	substituted	4	ASP>ALA,GLY>ARG,SER>GLY,HIS>SER
M0609	pdb1ds2	substituted	4	ASP>ALA,GLY>ARG,SER>GLY,HIS>SER
M0609	pdb1gba	exact	0	
M0609	pdb1gbb	exact	0	
M0609	pdb1gbc	exact	0	
M0609	pdb1gbd	exact	0	
M0609	pdb1gbe	exact	0	
M0609	pdb1gbf	exact	0	
M0609	pdb1gbh	exact	0	
M0609	pdb1gbi	exact	0	
M0609	pdb1gbj	exact	0	
M0609	pdb1gbk	exact	0	
M0609	pdb1gbl	exact	0	
M0609	pdb1gbm	exact	0	
M0609	pdb1hpg	exact	0	
M0609	pdb1p01	exact	0	
M0609	pdb1p02	exact	0	
M0609	pdb1p03	exact	0	
M0609	pdb1p04	exact	0	
M0609	pdb1p05	exact	0	
M0609	pdb1p06	exact	0	
M0609	pdb1p09	exact	0	
M0609	pdb1p10	exact	0	
M0609	pdb1p11	exact	0	
M0609	pdb1p12	exact	0	
M0609	pdb1qq4	exact	0	
M0609	pdb1qrw	exact	0	
M0609	pdb1qrx	exact	0	
M0609	pdb1sgc	exact	0	
M0609	pdb1sgd	substituted	3	ASP>ALA,GLY>ARG,HIS>SER
M0609	pdb1sge	substituted	3	ASP>ALA,GLY>ARG,HIS>SER
M0609	pdb1sgn	substituted	3	ASP>ALA,GLY>ARG,HIS>SER
M0609	pdb1sgp	substituted	4	ASP>ALA,GLY>ARG,SER>GLY,HIS>SER
M0609	pdb1sgq	substituted	4	ASP>ALA,GLY>ARG,SER>GLY,HIS>SER
M0609	pdb1sgr	substituted	4	ASP>ALA,GLY>ARG,SER>GLY,HIS>SER
M0609	pdb1sgy	substituted	3	ASP>ALA,GLY>ARG,HIS>SER
M0609	pdb1ssx	exact	0	
M0609	pdb1tal	exact	0	
M0609	pdb2alp	exact	0	
M0609	pdb2ea3	exact	0	
M0609	pdb2gkv	substituted	3	ASP>ALA,GLY>ARG,HIS>SER
M0609	pdb2h5c	exact	0	
M0609	pdb2h5d	exact	0	
M0609	pdb2lpr	exact	0	
M0609	pdb2nu0	substituted	3	ASP>ALA,GLY>ARG,HIS>SER
M0609	pdb2nu1	substituted	3	ASP>ALA,GLY>ARG,HIS>SER
M0609	pdb2nu2	substituted	3	ASP>ALA,GLY>ARG,HIS>SER
M0609	pdb2nu3	substituted	3	ASP>ALA,GLY>ARG,HIS>SER
M0609	pdb2nu4	substituted	3	ASP>ALA,GLY>ARG,HIS>SER
M0609	pdb2oua	exact	0	
M0609	pdb2pfe	exact	0	
M0609	pdb2qa9	substituted	3	ASP>ALA,GLY>ARG,HIS>SER
M0609	pdb2qaa	exact	0	
M0609	pdb2sfa	exact	0	
M0609	pdb2sga	exact	0	
M0609	pdb2sgd	substituted	3	ASP>ALA,GLY>ARG,HIS>SER
M0609	pdb2sge	substituted	3	ASP>ALA,GLY>ARG,HIS>SER
M0609	pdb2sgf	substituted	3	ASP>ALA,GLY>ARG,HIS>SER
M0609	pdb2sgp	substituted	3	ASP>ALA,GLY>ARG,HIS>SER
M0609	pdb2sgq	substituted	3	ASP>ALA,GLY>ARG,HIS>SER
M0609	pdb2ull	exact	0	
M0609	pdb3lpr	exact	0	
M0609	pdb3m7t	exact	0	
M0609	pdb3m7u	exact	0	
M0609	pdb3pro	exact	0	
M0609	pdb3qgj	exact	0	
M0609	pdb3sga	partial	NA	
M0609	pdb3sgb	substituted	4	ASP>ALA,GLY>ARG,SER>GLY,HIS>SER
M0609	pdb3sgq	substituted	3	ASP>ALA,GLY>ARG,HIS>SER
M0609	pdb3urc	exact	0	
M0609	pdb3urd	exact	0	
M0609	pdb3ure	exact	0	
M0609	pdb4pro	exact	0	
M0609	pdb4sga	partial	NA	
M0609	pdb4sgb	partial	NA	
M0609	pdb5lpr	exact	0	
M0609	pdb5sga	partial	NA	
M0609	pdb5wot	exact	0	
M0609	pdb6lpr	exact	0	
M0609	pdb7lpr	exact	0	
M0609	pdb8lpr	exact	0	
M0609	pdb9lpr	exact	0	
M0228	pdb1a9y	substituted	4	THR>ALA,ASP>ALA,GLU>THR,TYR>PHE
M0228	pdb1a9z	substituted	4	THR>ALA,ASP>ALA,GLU>THR,TYR>PHE
M0228	pdb1bxk	exact	0	
M0228	pdb1db3	substituted	1	ASP>SER
M0228	pdb1ek5	substituted	3	THR>SER,ASP>ALA,GLU>THR
M0228	pdb1ek6	substituted	3	THR>SER,ASP>ALA,GLU>THR
M0228	pdb1g1a	exact	0	
M0228	pdb1gy8	substituted	3	THR>SER,ASP>ALA,GLU>ALA
M0228	pdb1hzj	substituted	3	THR>SER,ASP>ALA,GLU>THR
M0228	pdb1i24	substituted	2	THR>ILE,GLU>ILE
M0228	pdb1i2b	substituted	2	THR>ILE,GLU>ILE
M0228	pdb1i2c	substituted	2	THR>ILE,GLU>ILE
M0228	pdb1i3k	substituted	3	THR>SER,ASP>ALA,GLU>THR
M0228	pdb1i3l	substituted	3	THR>SER,ASP>ALA,GLU>THR
M0228	pdb1i3m	substituted	3	THR>SER,ASP>ALA,GLU>THR
M0228	pdb1i3n	substituted	3	THR>SER,ASP>ALA,GLU>THR
M0228	pdb1kep	exact	0	
M0228	pdb1ker	exact	0	
M0228	pdb1ket	exact	0	
M0228	pdb1keu	exact	0	
M0228	pdb1kew	exact	0	
M0228	pdb1kvq	substituted	3	THR>ALA,ASP>ALA,GLU>THR
M0228	pdb1kvr	substituted	3	THR>ALA,ASP>ALA,GLU>THR
M0228	pdb1kvs	substituted	2	ASP>ALA,GLU>THR
M0228	pdb1kvt	substituted	3	THR>VAL,ASP>ALA,GLU>THR
M0228	pdb1kvu	substituted	4	THR>SER,ASP>ALA,GLU>THR,TYR>PHE
M0228	pdb1lrj	substituted	3	THR>SER,ASP>ALA,GLU>THR
M0228	pdb1lrk	substituted	3	THR>SER,ASP>ALA,GLU>THR
M0228	pdb1lrl	substituted	3	THR>SER,ASP>ALA,GLU>THR
M0228	pdb1n7g	substituted	2	THR>SER,ASP>SER
M0228	pdb1n7h	substituted	2	THR>SER,ASP>SER
M0228	pdb1nah	substituted	3	THR>SER,ASP>ALA,GLU>THR
M0228	pdb1nai	substituted	3	THR>SER,ASP>ALA,GLU>THR
M0228	pdb1oc2	exact	0	
M0228	pdb1orr	substituted	2	ASP>ASN,GLU>LYS
M0228	pdb1qrr	substituted	2	THR>ILE,GLU>ILE
M0228	pdb1r66	exact	0	
M0228	pdb1r6d	substituted	2	ASP>ASN,GLU>GLN
M0228	pdb1rkx	substituted	2	ASP>SER,GLU>ASP
M0228	pdb1rpn	substituted	2	ASP>SER,GLU>THR
M0228	pdb1sb8	substituted	3	THR>SER,ASP>SER,GLU>SER
M0228	pdb1sb9	substituted	3	THR>SER,ASP>SER,GLU>SER
M0228	pdb1t2a	substituted	1	ASP>SER
M0228	pdb1uda	substituted	3	THR>SER,ASP>ALA,GLU>THR
M0228	pdb1udb	substituted	3	THR>SER,ASP>ALA,GLU>THR
M0228	pdb1udc	substituted	3	THR>SER,ASP>ALA,GLU>THR
M0228	pdb1wvg	substituted	2	ASP>SER,GLU>ASP
M0228	pdb1xel	substituted	3	THR>SER,ASP>ALA,GLU>THR
M0228	pdb1z45	substituted	3	THR>SER,ASP>ALA,GLU>THR
M0228	pdb2b69	substituted	1	ASP>SER
M0228	pdb2c20	substituted	2	ASP>ALA,GLU>ALA
M0228	pdb2cnb	substituted	3	THR>SER,ASP>ALA,GLU>ALA
M0228	pdb2hun	exact	0	
M0228	pdb2p5u	substituted	2	ASP>GLY,GLU>ALA
M0228	pdb2p5y	substituted	2	ASP>GLY,GLU>ALA
M0228	pdb2pk3	substituted	2	THR>SER,ASP>SER
M0228	pdb2pzj	substituted	3	THR>ALA,ASP>SER,GLU>LEU
M0228	pdb2q1s	substituted	3	THR>ALA,ASP>SER,GLU>LEU
M0228	pdb2q1t	substituted	3	THR>ALA,ASP>SER,GLU>LEU
M0228	pdb2q1u	substituted	3	THR>ALA,ASP>SER,GLU>LEU
M0228	pdb2udp	substituted	3	THR>SER,ASP>ALA,GLU>THR
M0228	pdb2z1m	substituted	1	ASP>SER
M0228	pdb2z95	substituted	1	ASP>SER
M0228	pdb3aw9	substituted	3	THR>SER,ASP>SER,GLU>THR
M0228	pdb3ehe	substituted	2	ASP>SER,GLU>THR
M0228	pdb3enk	substituted	3	THR>SER,ASP>SER,GLU>SER
M0228	pdb3icp	substituted	3	THR>SER,ASP>SER,GLU>THR
M0228	pdb3ko8	substituted	3	THR>SER,ASP>SER,GLU>THR
M0228	pdb3lu1	substituted	3	THR>SER,ASP>SER,GLU>SER
M0228	pdb3m2p	substituted	3	THR>ALA,ASP>SER,GLU>THR
M0228	pdb3ru7	substituted	3	THR>SER,ASP>SER,GLU>SER
M0228	pdb3ru9	substituted	3	THR>SER,ASP>SER,GLU>SER
M0228	pdb3rua	substituted	3	THR>SER,ASP>SER,GLU>SER
M0228	pdb3ruc	substituted	3	THR>SER,ASP>SER,GLU>SER
M0228	pdb3rud	substituted	3	THR>SER,ASP>SER,GLU>SER
M0228	pdb3rue	substituted	3	THR>SER,ASP>SER,GLU>SER
M0228	pdb3ruf	substituted	3	THR>SER,ASP>SER,GLU>SER
M0228	pdb3ruh	substituted	3	THR>SER,ASP>SER,GLU>SER
M0228	pdb3sxp	substituted	4	THR>SER,ASP>ALA,GLU>GLY,LYS>PHE
M0228	pdb3vps	substituted	1	ASP>CYS
M0228	pdb4egb	partial	NA	
M0228	pdb4gll	substituted	1	ASP>SER
M0228	pdb4lis	substituted	3	THR>SER,ASP>ALA,GLU>THR
M0228	pdb4lk3	substituted	2	ASP>SER,TYR>GLU
M0228	pdb4lw8	substituted	3	THR>SER,ASP>ALA,GLU>ASN
M0228	pdb4m55	substituted	4	THR>VAL,GLU>ASN,TYR>GLU,LYS>ILE
M0228	pdb4twr	substituted	3	THR>SER,ASP>CYS,GLU>ALA
M0228	pdb4wok	substituted	3	THR>SER,ASP>CYS,GLU>ALA
M0228	pdb4zrm	substituted	2	ASP>GLY,GLU>ALA
M0228	pdb4zrn	substituted	2	ASP>GLY,GLU>ALA
M0228	pdb5gy7	substituted	3	THR>SER,ASP>ALA,GLU>THR
M0228	pdb5in4	substituted	1	ASP>SER
M0228	pdb5in5	substituted	1	ASP>SER
M0228	pdb5u4q	substituted	5	THR>VAL,ASP>TYR,GLU>GLY,TYR>THR,LYS>ASN
M0228	pdb5uzh	substituted	5	THR>TYR,ASP>THR,GLU>ALA,TYR>LYS,LYS>TYR
M0228	pdb6bi4	exact	0	
M0228	pdb6bwl	substituted	2	ASP>CYS,GLU>MET
M0228	pdb6dnt	substituted	3	THR>SER,ASP>SER,GLU>ALA
M0228	pdb6gpj	substituted	1	ASP>SER
M0228	pdb6gpk	substituted	2	ASP>SER,GLU>GLN
M0228	pdb6gpl	substituted	1	ASP>SER
M0228	pdb6k0g	substituted	3	THR>SER,ASP>ALA,GLU>THR
M0228	pdb6k0h	substituted	3	THR>SER,ASP>ALA,GLU>THR
M0228	pdb6k0i	substituted	3	THR>SER,ASP>ALA,GLU>THR
M0228	pdb6kv9	substituted	3	THR>SER,ASP>SER,GLU>SER
M0228	pdb6kvc	substituted	3	THR>SER,ASP>SER,GLU>SER
M0228	pdb6ltt	partial	NA	
M0228	pdb6pmh	substituted	3	THR>SER,ASP>CME,GLU>GLY
M0228	pdb6pnl	substituted	3	THR>SER,ASP>CME,GLU>GLY
M0228	pdb6q94	exact	0	
M0228	pdb6vlo	exact	0	
M0228	pdb6wj9	substituted	4	THR>ALA,ASP>ALA,GLU>ALA,TYR>PHE
M0228	pdb6wja	substituted	4	THR>ALA,ASP>ALA,GLU>ALA,TYR>PHE
M0228	pdb6wjb	substituted	3	THR>SER,ASP>ALA,GLU>ALA
M0228	pdb6x3b	substituted	3	THR>SER,ASP>GLY,GLU>ASP
M0228	pdb6zl6	substituted	2	ASP>SER,GLU>SER
M0228	pdb6zla	substituted	2	ASP>SER,GLU>SER
M0228	pdb6zld	substituted	2	ASP>SER,GLU>SER
M0228	pdb6zlj	substituted	3	ASP>SER,GLU>SER,TYR>PHE
M0228	pdb6zlk	substituted	2	ASP>SER,GLU>SER
M0228	pdb6zll	substituted	2	ASP>SER,GLU>SER
M0228	pdb7kf3	substituted	1	ASP>SER
M0636	pdb1ox7	exact	0	
M0636	pdb1p6o	exact	0	
M0636	pdb1rb7	exact	0	
M0636	pdb1tiy	partial	NA	
M0636	pdb1uaq	exact	0	
M0636	pdb1wkq	partial	NA	
M0636	pdb1wwr	substituted	1	SER>GLU
M0636	pdb1ysb	exact	0	
M0636	pdb1ysd	exact	0	
M0636	pdb1z3a	partial	NA	
M0636	pdb2a8n	partial	NA	
M0636	pdb2b3j	substituted	2	GLU>ALA,SER>VAL
M0636	pdb2nx8	substituted	1	SER>GLU
M0636	pdb2o3k	exact	0	
M0636	pdb3dh1	partial	NA	
M0636	pdb3ocq	substituted	1	SER>GLU
M0636	pdb5jfy	partial	NA	
M0908	pdb1b2m	substituted	2	HIS>THR,ARG>ASP
M0908	pdb1bir	substituted	1	ARG>ASP
M0908	pdb1bu4	substituted	2	HIS>THR,ARG>ASP
M0908	pdb1bvi	substituted	2	HIS>THR,ARG>ASP
M0908	pdb1ch0	substituted	2	HIS>THR,ARG>ASP
M0908	pdb1det	substituted	3	HIS>THR,GLU>CGA,ARG>ASP
M0908	pdb1fys	substituted	2	HIS>THR,ARG>ASP
M0908	pdb1fzu	substituted	2	HIS>THR,ARG>ASP
M0908	pdb1g02	substituted	2	HIS>THR,ARG>ASP
M0908	pdb1gsp	substituted	2	HIS>THR,ARG>ASP
M0908	pdb1hyf	substituted	2	HIS>THR,ARG>ASP
M0908	pdb1hz1	substituted	2	HIS>THR,ARG>ASP
M0908	pdb1i0v	substituted	2	HIS>THR,ARG>ASP
M0908	pdb1i0x	substituted	2	HIS>THR,ARG>ASP
M0908	pdb1i2e	substituted	2	HIS>THR,ARG>ASP
M0908	pdb1i2f	substituted	2	HIS>THR,ARG>ASP
M0908	pdb1i2g	substituted	2	HIS>THR,ARG>ASP
M0908	pdb1i3f	substituted	2	HIS>THR,ARG>ASP
M0908	pdb1i3i	substituted	2	HIS>THR,ARG>ASP
M0908	pdb1iyy	substituted	2	HIS>THR,ARG>ASP
M0908	pdb1lov	substituted	3	HIS>THR,GLU>ALA,ARG>ASP
M0908	pdb1low	substituted	3	HIS>THR,HIS>ALA,ARG>ASP
M0908	pdb1loy	substituted	4	HIS>THR,HIS>ALA,GLU>ALA,ARG>ASP
M0908	pdb1lra	substituted	3	HIS>THR,GLU>ALA,ARG>ASP
M0908	pdb1q9e	substituted	2	HIS>THR,ARG>ASP
M0908	pdb1rds	substituted	2	HIS>THR,ARG>ASP
M0908	pdb1rga	substituted	2	HIS>THR,ARG>ASP
M0908	pdb1rgc	substituted	2	HIS>THR,ARG>ASP
M0908	pdb1rgk	substituted	2	HIS>THR,ARG>ASP
M0908	pdb1rgl	substituted	2	HIS>THR,ARG>ASP
M0908	pdb1rhl	exact	0	
M0908	pdb1rls	substituted	2	HIS>THR,ARG>ASP
M0908	pdb1rms	substituted	2	HIS>THR,ARG>ASP
M0908	pdb1rn1	substituted	2	HIS>THR,ARG>ASP
M0908	pdb1rn4	substituted	2	HIS>THR,ARG>ASP
M0908	pdb1rnt	substituted	2	HIS>THR,ARG>ASP
M0908	pdb1rtu	exact	0	
M0908	pdb1trp	substituted	2	HIS>THR,ARG>ASP
M0908	pdb1trq	substituted	2	HIS>THR,ARG>ASP
M0908	pdb1tto	substituted	2	HIS>THR,ARG>ASP
M0908	pdb1ygw	substituted	2	HIS>THR,ARG>ASP
M0908	pdb2aad	substituted	3	HIS>THR,HIS>LYS,ARG>ASP
M0908	pdb2aae	substituted	3	HIS>THR,HIS>LYS,ARG>ASP
M0908	pdb2bir	substituted	2	HIS>THR,ARG>ASP
M0908	pdb2bu4	substituted	2	HIS>THR,ARG>ASP
M0908	pdb2gsp	substituted	2	HIS>THR,ARG>ASP
M0908	pdb2hoh	substituted	2	HIS>THR,ARG>ASP
M0908	pdb2rnt	substituted	2	HIS>THR,ARG>ASP
M0908	pdb3agn	exact	0	
M0908	pdb3ago	exact	0	
M0908	pdb3ahs	exact	0	
M0908	pdb3ahw	exact	0	
M0908	pdb3bir	substituted	2	HIS>THR,ARG>ASP
M0908	pdb3bu4	substituted	2	HIS>THR,ARG>ASP
M0908	pdb3gsp	substituted	2	HIS>THR,ARG>ASP
M0908	pdb3hoh	substituted	2	HIS>THR,ARG>ASP
M0908	pdb3rnt	substituted	2	HIS>THR,ARG>ASP
M0908	pdb3syu	substituted	3	HIS>THR,GLU>CGA,ARG>ASP
M0908	pdb3urp	substituted	2	HIS>THR,ARG>ASP
M0908	pdb3who	exact	0	
M0908	pdb3wr2	exact	0	
M0908	pdb4bir	substituted	2	HIS>THR,ARG>ASP
M0908	pdb4bu4	substituted	2	HIS>THR,ARG>ASP
M0908	pdb4gsp	substituted	2	HIS>THR,ARG>ASP
M0908	pdb4hoh	substituted	2	HIS>THR,ARG>ASP
M0908	pdb4rnt	substituted	2	HIS>THR,ARG>ASP
M0908	pdb5bir	substituted	2	HIS>THR,ARG>ASP
M0908	pdb5bu4	substituted	2	HIS>THR,ARG>ASP
M0908	pdb5gsp	substituted	2	HIS>THR,ARG>ASP
M0908	pdb5gy6	exact	0	
M0908	pdb5hoh	substituted	2	HIS>THR,ARG>ASP
M0908	pdb5rnt	substituted	2	HIS>THR,ARG>ASP
M0908	pdb6gsp	substituted	2	HIS>THR,ARG>ASP
M0908	pdb6ls1	exact	0	
M0908	pdb6rnt	substituted	2	HIS>THR,ARG>ASP
M0908	pdb7gsp	substituted	2	HIS>THR,ARG>ASP
M0908	pdb7rnt	substituted	2	HIS>THR,ARG>ASP
M0908	pdb8rnt	substituted	2	HIS>THR,ARG>ASP
M0908	pdb9rnt	substituted	2	HIS>THR,ARG>ASP
M0564	pdb11ba	exact	0	
M0564	pdb11bg	exact	0	
M0564	pdb1a2w	exact	0	
M0564	pdb1a4y	exact	0	
M0564	pdb1a5p	exact	0	
M0564	pdb1a5q	exact	0	
M0564	pdb1afk	exact	0	
M0564	pdb1afl	exact	0	
M0564	pdb1afu	exact	0	
M0564	pdb1agi	exact	0	
M0564	pdb1ang	exact	0	
M0564	pdb1aqp	exact	0	
M0564	pdb1awz	exact	0	
M0564	pdb1b1e	substituted	1	LYS>GLN
M0564	pdb1b1i	exact	0	
M0564	pdb1b1j	substituted	1	HIS>ALA
M0564	pdb1b6v	exact	0	
M0564	pdb1bel	exact	0	
M0564	pdb1bsr	exact	0	
M0564	pdb1bzq	exact	0	
M0564	pdb1c0b	exact	0	
M0564	pdb1c0c	exact	0	
M0564	pdb1c8w	exact	0	
M0564	pdb1c9v	substituted	1	HIS>ALA
M0564	pdb1c9x	substituted	1	HIS>ALA
M0564	pdb1cjq	partial	NA	
M0564	pdb1cjr	partial	NA	
M0564	pdb1d5d	partial	NA	
M0564	pdb1d5e	partial	NA	
M0564	pdb1d5h	partial	NA	
M0564	pdb1dfj	exact	0	
M0564	pdb1dy5	exact	0	
M0564	pdb1dza	exact	0	
M0564	pdb1e21	exact	0	
M0564	pdb1eic	exact	0	
M0564	pdb1eid	exact	0	
M0564	pdb1eie	exact	0	
M0564	pdb1eos	exact	0	
M0564	pdb1eow	exact	0	
M0564	pdb1f0v	exact	0	
M0564	pdb1fev	partial	NA	
M0564	pdb1fs3	exact	0	
M0564	pdb1gio	exact	0	
M0564	pdb1gv7	exact	0	
M0564	pdb1h0d	exact	0	
M0564	pdb1h52	exact	0	
M0564	pdb1h53	exact	0	
M0564	pdb1h8x	exact	0	
M0564	pdb1hby	exact	0	
M0564	pdb1izp	exact	0	
M0564	pdb1izq	exact	0	
M0564	pdb1izr	exact	0	
M0564	pdb1j7z	partial	NA	
M0564	pdb1j80	partial	NA	
M0564	pdb1j81	partial	NA	
M0564	pdb1j82	partial	NA	
M0564	pdb1jn4	exact	0	
M0564	pdb1js0	exact	0	
M0564	pdb1jvt	exact	0	
M0564	pdb1jvu	exact	0	
M0564	pdb1jvv	exact	0	
M0564	pdb1k58	exact	0	
M0564	pdb1k59	exact	0	
M0564	pdb1k5a	exact	0	
M0564	pdb1k5b	exact	0	
M0564	pdb1kf2	exact	0	
M0564	pdb1kf3	exact	0	
M0564	pdb1kf4	exact	0	
M0564	pdb1kf5	exact	0	
M0564	pdb1kf7	exact	0	
M0564	pdb1kf8	exact	0	
M0564	pdb1kh8	exact	0	
M0564	pdb1lsq	exact	0	
M0564	pdb1n1x	exact	0	
M0564	pdb1n3z	exact	0	
M0564	pdb1o0f	exact	0	
M0564	pdb1o0h	exact	0	
M0564	pdb1o0m	exact	0	
M0564	pdb1o0n	exact	0	
M0564	pdb1o0o	exact	0	
M0564	pdb1qhc	exact	0	
M0564	pdb1qwq	exact	0	
M0564	pdb1r3m	exact	0	
M0564	pdb1r5c	exact	0	
M0564	pdb1r5d	exact	0	
M0564	pdb1rar	exact	0	
M0564	pdb1ras	exact	0	
M0564	pdb1rat	exact	0	
M0564	pdb1rbb	exact	0	
M0564	pdb1rbc	partial	NA	
M0564	pdb1rbd	partial	NA	
M0564	pdb1rbe	partial	NA	
M0564	pdb1rbf	partial	NA	
M0564	pdb1rbg	partial	NA	
M0564	pdb1rbh	partial	NA	
M0564	pdb1rbi	partial	NA	
M0564	pdb1rbj	exact	0	
M0564	pdb1rbn	exact	0	
M0564	pdb1rbw	exact	0	
M0564	pdb1rbx	exact	0	
M0564	pdb1rca	exact	0	
M0564	pdb1rcn	exact	0	
M0564	pdb1rha	exact	0	
M0564	pdb1rhb	exact	0	
M0564	pdb1rnc	exact	0	
M0564	pdb1rnd	exact	0	
M0564	pdb1rnf	exact	0	
M0564	pdb1rnm	exact	0	
M0564	pdb1rnn	exact	0	
M0564	pdb1rno	exact	0	
M0564	pdb1rnq	exact	0	
M0564	pdb1rnu	exact	0	
M0564	pdb1rnv	exact	0	
M0564	pdb1rnw	exact	0	
M0564	pdb1rnx	exact	0	
M0564	pdb1rny	exact	0	
M0564	pdb1rnz	exact	0	
M0564	pdb1rob	exact	0	
M0564	pdb1rpf	exact	0	
M0564	pdb1rpg	exact	0	
M0564	pdb1rph	exact	0	
M0564	pdb1rra	exact	0	
M0564	pdb1rsm	exact	0	
M0564	pdb1rta	exact	0	
M0564	pdb1rtb	exact	0	
M0564	pdb1ruv	exact	0	
M0564	pdb1srn	partial	NA	
M0564	pdb1ssa	partial	NA	
M0564	pdb1ssb	partial	NA	
M0564	pdb1ssc	partial	NA	
M0564	pdb1tq9	exact	0	
M0564	pdb1u1b	exact	0	
M0564	pdb1un3	exact	0	
M0564	pdb1un4	exact	0	
M0564	pdb1un5	exact	0	
M0564	pdb1w4o	exact	0	
M0564	pdb1w4p	exact	0	
M0564	pdb1w4q	exact	0	
M0564	pdb1wbu	exact	0	
M0564	pdb1xps	exact	0	
M0564	pdb1xpt	exact	0	
M0564	pdb1y92	exact	0	
M0564	pdb1y94	exact	0	
M0564	pdb1ymn	exact	0	
M0564	pdb1ymr	exact	0	
M0564	pdb1ymw	exact	0	
M0564	pdb1z3l	partial	NA	
M0564	pdb1z3m	partial	NA	
M0564	pdb1z3p	partial	NA	
M0564	pdb1z6d	exact	0	
M0564	pdb1z6s	exact	0	
M0564	pdb1z7x	substituted	3	HIS>PHE,HIS>MET,LYS>PRO
M0564	pdb2aas	exact	0	
M0564	pdb2ang	exact	0	
M0564	pdb2apq	substituted	1	HIS>ALA
M0564	pdb2blp	exact	0	
M0564	pdb2blz	exact	0	
M0564	pdb2bwk	exact	0	
M0564	pdb2bwl	exact	0	
M0564	pdb2e0j	exact	0	
M0564	pdb2e0l	exact	0	
M0564	pdb2e0m	exact	0	
M0564	pdb2e0o	exact	0	
M0564	pdb2e33	exact	0	
M0564	pdb2e3w	exact	0	
M0564	pdb2g4w	exact	0	
M0564	pdb2g4x	exact	0	
M0564	pdb2g8q	exact	0	
M0564	pdb2g8r	exact	0	
M0564	pdb2hky	partial	NA	
M0564	pdb2j4t	exact	0	
M0564	pdb2k11	exact	0	
M0564	pdb2kb6	partial	NA	
M0564	pdb2lfj	exact	0	
M0564	pdb2nui	exact	0	
M0564	pdb2op2	exact	0	
M0564	pdb2oqf	exact	0	
M0564	pdb2p42	exact	0	
M0564	pdb2p43	exact	0	
M0564	pdb2p44	exact	0	
M0564	pdb2p45	exact	0	
M0564	pdb2p46	exact	0	
M0564	pdb2p47	exact	0	
M0564	pdb2p48	exact	0	
M0564	pdb2p49	exact	0	
M0564	pdb2p4a	exact	0	
M0564	pdb2q4g	substituted	3	HIS>PHE,HIS>MET,LYS>PRO
M0564	pdb2qca	exact	0	
M0564	pdb2rat	exact	0	
M0564	pdb2rln	partial	NA	
M0564	pdb2rnf	exact	0	
M0564	pdb2rns	exact	0	
M0564	pdb2vq8	partial	NA	
M0564	pdb2vq9	exact	0	
M0564	pdb2w5g	exact	0	
M0564	pdb2w5i	exact	0	
M0564	pdb2w5k	exact	0	
M0564	pdb2w5l	exact	0	
M0564	pdb2w5m	exact	0	
M0564	pdb2xog	exact	0	
M0564	pdb2xoi	exact	0	
M0564	pdb2zpo	exact	0	
M0564	pdb3a1r	exact	0	
M0564	pdb3bcm	exact	0	
M0564	pdb3bco	exact	0	
M0564	pdb3bcp	exact	0	
M0564	pdb3d6o	exact	0	
M0564	pdb3d6p	exact	0	
M0564	pdb3d6q	exact	0	
M0564	pdb3d7b	exact	0	
M0564	pdb3d8y	exact	0	
M0564	pdb3d8z	exact	0	
M0564	pdb3dh5	exact	0	
M0564	pdb3dh6	exact	0	
M0564	pdb3di7	exact	0	
M0564	pdb3di8	exact	0	
M0564	pdb3di9	exact	0	
M0564	pdb3dib	exact	0	
M0564	pdb3dic	exact	0	
M0564	pdb3djo	exact	0	
M0564	pdb3djp	exact	0	
M0564	pdb3djq	exact	0	
M0564	pdb3djv	exact	0	
M0564	pdb3djx	exact	0	
M0564	pdb3dxg	exact	0	
M0564	pdb3dxh	exact	0	
M0564	pdb3eux	exact	0	
M0564	pdb3euy	exact	0	
M0564	pdb3euz	exact	0	
M0564	pdb3ev0	exact	0	
M0564	pdb3ev1	exact	0	
M0564	pdb3ev2	exact	0	
M0564	pdb3ev3	exact	0	
M0564	pdb3ev4	exact	0	
M0564	pdb3ev5	exact	0	
M0564	pdb3ev6	exact	0	
M0564	pdb3f8g	exact	0	
M0564	pdb3fd7	partial	NA	
M0564	pdb3fkz	exact	0	
M0564	pdb3fl0	exact	0	
M0564	pdb3fl1	exact	0	
M0564	pdb3fl3	exact	0	
M0564	pdb3i67	exact	0	
M0564	pdb3i6f	exact	0	
M0564	pdb3i6h	exact	0	
M0564	pdb3i6j	exact	0	
M0564	pdb3i7w	exact	0	
M0564	pdb3i7x	exact	0	
M0564	pdb3i7y	exact	0	
M0564	pdb3jw1	exact	0	
M0564	pdb3ljd	exact	0	
M0564	pdb3lje	exact	0	
M0564	pdb3ln8	exact	0	
M0564	pdb3lxo	exact	0	
M0564	pdb3mwq	exact	0	
M0564	pdb3mwr	exact	0	
M0564	pdb3mx8	exact	0	
M0564	pdb3mzq	exact	0	
M0564	pdb3mzr	exact	0	
M0564	pdb3oqy	partial	NA	
M0564	pdb3oqz	partial	NA	
M0564	pdb3or0	partial	NA	
M0564	pdb3ql1	exact	0	
M0564	pdb3ql2	exact	0	
M0564	pdb3qsk	exact	0	
M0564	pdb3rat	exact	0	
M0564	pdb3rh1	exact	0	
M0564	pdb3rid	exact	0	
M0564	pdb3rn3	exact	0	
M0564	pdb3rsd	exact	0	
M0564	pdb3rsk	exact	0	
M0564	pdb3rsp	exact	0	
M0564	pdb3srn	partial	NA	
M0564	pdb3tsr	exact	0	
M0564	pdb3zbv	exact	0	
M0564	pdb3zbw	exact	0	
M0564	pdb4ahd	exact	0	
M0564	pdb4ahe	exact	0	
M0564	pdb4ahf	exact	0	
M0564	pdb4ahg	exact	0	
M0564	pdb4ahh	exact	0	
M0564	pdb4ahi	substituted	1	LYS>ILE
M0564	pdb4ahj	exact	0	
M0564	pdb4ahk	exact	0	
M0564	pdb4ahl	exact	0	
M0564	pdb4ahm	exact	0	
M0564	pdb4ahn	exact	0	
M0564	pdb4ao1	exact	0	
M0564	pdb4aoh	exact	0	
M0564	pdb4b36	exact	0	
M0564	pdb4g8v	exact	0	
M0564	pdb4g8y	exact	0	
M0564	pdb4g90	exact	0	
M0564	pdb4j5z	exact	0	
M0564	pdb4j60	exact	0	
M0564	pdb4j61	exact	0	
M0564	pdb4j62	exact	0	
M0564	pdb4j63	exact	0	
M0564	pdb4j64	exact	0	
M0564	pdb4j65	exact	0	
M0564	pdb4j66	exact	0	
M0564	pdb4j67	exact	0	
M0564	pdb4j68	exact	0	
M0564	pdb4j69	exact	0	
M0564	pdb4j6a	exact	0	
M0564	pdb4k7l	partial	NA	
M0564	pdb4k7m	exact	0	
M0564	pdb4kxh	exact	0	
M0564	pdb4l55	exact	0	
M0564	pdb4mxf	exact	0	
M0564	pdb4n4c	exact	0	
M0564	pdb4o36	partial	NA	
M0564	pdb4o37	partial	NA	
M0564	pdb4okf	partial	NA	
M0564	pdb4ooh	exact	0	
M0564	pdb4ot4	exact	0	
M0564	pdb4peq	exact	0	
M0564	pdb4per	exact	0	
M0564	pdb4pou	exact	0	
M0564	pdb4qfi	exact	0	
M0564	pdb4qfj	exact	0	
M0564	pdb4qh3	exact	0	
M0564	pdb4rat	exact	0	
M0564	pdb4rsd	exact	0	
M0564	pdb4rsk	exact	0	
M0564	pdb4rte	exact	0	
M0564	pdb4s0q	exact	0	
M0564	pdb4s18	exact	0	
M0564	pdb4srn	partial	NA	
M0564	pdb4wyn	exact	0	
M0564	pdb4wyp	exact	0	
M0564	pdb4wyz	exact	0	
M0564	pdb4x09	partial	NA	
M0564	pdb4ygw	partial	NA	
M0564	pdb4zz4	exact	0	
M0564	pdb5ar6	exact	0	
M0564	pdb5arj	exact	0	
M0564	pdb5ark	exact	0	
M0564	pdb5arl	exact	0	
M0564	pdb5d6u	exact	0	
M0564	pdb5d97	exact	0	
M0564	pdb5e5e	exact	0	
M0564	pdb5e5f	exact	0	
M0564	pdb5eop	exact	0	
M0564	pdb5epz	exact	0	
M0564	pdb5eqo	exact	0	
M0564	pdb5et4	exact	0	
M0564	pdb5jlg	exact	0	
M0564	pdb5jmg	exact	0	
M0564	pdb5jml	exact	0	
M0564	pdb5m9a	substituted	1	HIS>ARG
M0564	pdb5m9c	substituted	1	LYS>ARG
M0564	pdb5m9g	exact	0	
M0564	pdb5m9j	exact	0	
M0564	pdb5m9m	exact	0	
M0564	pdb5m9p	exact	0	
M0564	pdb5m9q	exact	0	
M0564	pdb5m9r	exact	0	
M0564	pdb5m9s	exact	0	
M0564	pdb5m9t	substituted	1	HIS>ARG
M0564	pdb5m9v	exact	0	
M0564	pdb5na9	exact	0	
M0564	pdb5nj7	exact	0	
M0564	pdb5obc	exact	0	
M0564	pdb5obd	exact	0	
M0564	pdb5obe	exact	0	
M0564	pdb5ogh	exact	0	
M0564	pdb5old	exact	0	
M0564	pdb5rat	exact	0	
M0564	pdb5rsa	exact	0	
M0564	pdb6etk	exact	0	
M0564	pdb6etl	exact	0	
M0564	pdb6etm	exact	0	
M0564	pdb6etn	exact	0	
M0564	pdb6eto	exact	0	
M0564	pdb6etp	exact	0	
M0564	pdb6etq	exact	0	
M0564	pdb6etr	exact	0	
M0564	pdb6f60	exact	0	
M0564	pdb6gok	exact	0	
M0564	pdb6pvu	exact	0	
M0564	pdb6pvv	exact	0	
M0564	pdb6pvw	exact	0	
M0564	pdb6pvx	exact	0	
M0564	pdb6qe9	exact	0	
M0564	pdb6rat	exact	0	
M0564	pdb6rsa	exact	0	
M0564	pdb6xhc	exact	0	
M0564	pdb6xhd	exact	0	
M0564	pdb6xhe	exact	0	
M0564	pdb6xhf	exact	0	
M0564	pdb6xvx	partial	NA	
M0564	pdb6xw0	partial	NA	
M0564	pdb6yo1	exact	0	
M0564	pdb7rat	exact	0	
M0564	pdb7rsa	exact	0	
M0564	pdb8rat	exact	0	
M0564	pdb8rsa	exact	0	
M0564	pdb9rat	exact	0	
M0564	pdb9rsa	exact	0	
M0616	pdb1fcq	exact	0	
M0616	pdb1fcu	exact	0	
M0616	pdb1fcv	exact	0	
M0616	pdb2atm	exact	0	
M0616	pdb2j88	exact	0	
M0616	pdb2pe4	exact	0	
M0453	pdb1evq	substituted	2	TYR>SER,TYR>HIS
M0453	pdb1jji	substituted	2	TYR>VAL,TYR>ALA
M0453	pdb1jkm	exact	0	
M0453	pdb1lzk	substituted	2	TYR>GLU,TYR>LEU
M0453	pdb1lzl	substituted	2	TYR>GLU,TYR>LEU
M0453	pdb1qz3	substituted	2	TYR>SER,TYR>HIS
M0453	pdb1u4n	substituted	2	TYR>SER,TYR>HIS
M0453	pdb2c7b	substituted	2	TYR>VAL,TYR>VAL
M0453	pdb2hm7	substituted	3	GLY>SER,TYR>SER,TYR>HIS
M0453	pdb2o7r	substituted	2	TYR>GLY,TYR>LYS
M0453	pdb2o7v	substituted	2	TYR>GLY,TYR>LYS
M0453	pdb2yh2	substituted	2	TYR>ALA,TYR>SER
M0453	pdb2zsh	partial	NA	
M0453	pdb2zsi	partial	NA	
M0453	pdb3aik	substituted	2	TYR>ALA,TYR>LEU
M0453	pdb3ail	substituted	2	TYR>ALA,TYR>LEU
M0453	pdb3aim	substituted	2	TYR>ALA,TYR>LEU
M0453	pdb3ain	substituted	2	TYR>ALA,TYR>LEU
M0453	pdb3aio	substituted	2	TYR>ALA,TYR>LEU
M0453	pdb3dnm	substituted	3	TYR>PHE,TYR>THR,ASP>GLU
M0453	pdb3fak	substituted	3	TYR>TRP,TYR>CYS,ASP>GLU
M0453	pdb3g9t	substituted	3	TYR>TRP,TYR>CYS,ASP>GLU
M0453	pdb3g9u	substituted	3	TYR>TRP,TYR>CYS,ASP>GLU
M0453	pdb3g9z	substituted	3	TYR>TRP,TYR>CYS,ASP>GLU
M0453	pdb3h17	substituted	3	TYR>TRP,TYR>CYS,ASP>GLU
M0453	pdb3h18	substituted	3	TYR>TRP,TYR>CYS,ASP>GLU
M0453	pdb3h19	substituted	3	TYR>TRP,TYR>CYS,ASP>GLU
M0453	pdb3h1a	substituted	3	TYR>TRP,TYR>CYS,ASP>GLU
M0453	pdb3h1b	substituted	3	TYR>TRP,TYR>CYS,ASP>GLU
M0453	pdb3k6k	substituted	3	TYR>PHE,TYR>THR,ASP>GLU
M0453	pdb3l1h	substituted	3	TYR>TRP,TYR>CYS,ASP>GLU
M0453	pdb3l1i	substituted	3	TYR>TRP,TYR>CYS,ASP>GLU
M0453	pdb3l1j	substituted	3	TYR>TRP,TYR>CYS,ASP>GLU
M0453	pdb3qh4	partial	NA	
M0453	pdb3v9a	substituted	3	TYR>TRP,TYR>CYS,ASP>GLU
M0453	pdb3wj1	substituted	2	TYR>ALA,TYR>SER
M0453	pdb3wj2	substituted	2	TYR>SER,TYR>ASN
M0453	pdb3zwq	substituted	2	TYR>ALA,TYR>SER
M0453	pdb4j7a	exact	0	
M0453	pdb4ob6	substituted	3	SER>ALA,TYR>VAL,TYR>PHE
M0453	pdb4ob7	substituted	2	TYR>VAL,TYR>PHE
M0453	pdb4ob8	substituted	2	TYR>VAL,TYR>PHE
M0453	pdb4ou4	substituted	3	SER>ALA,TYR>VAL,TYR>PHE
M0453	pdb4ou5	substituted	3	SER>ALA,TYR>VAL,TYR>PHE
M0453	pdb4p9n	substituted	2	TYR>ALA,TYR>SER
M0453	pdb4v2i	substituted	3	GLY>ALA,TYR>VAL,TYR>PHE
M0453	pdb4wy5	substituted	2	TYR>ALA,TYR>ALA
M0453	pdb4wy8	substituted	2	TYR>VAL,TYR>PHE
M0453	pdb4xvc	substituted	7	GLY>ALA,GLY>ALA,SER>LEU,TYR>VAL,TYR>VAL,ASP>ALA,HIS>GLY
M0453	pdb4ypv	partial	NA	
M0453	pdb5gmr	substituted	3	TYR>TRP,TYR>ALA,ASP>GLU
M0453	pdb5gms	substituted	3	TYR>TRP,TYR>ALA,ASP>GLU
M0453	pdb5hc0	substituted	1	TYR>TRP
M0453	pdb5hc2	substituted	2	SER>ALA,TYR>TRP
M0453	pdb5hc3	substituted	1	TYR>TRP
M0453	pdb5hc4	substituted	1	TYR>TRP
M0453	pdb5hc5	substituted	2	SER>ALA,TYR>TRP
M0453	pdb5iq0	exact	0	
M0453	pdb5iq2	exact	0	
M0453	pdb5iq3	exact	0	
M0453	pdb5jd4	substituted	7	GLY>SER,GLY>ARG,SER>PRO,TYR>LYS,TYR>TRP,ASP>THR,HIS>ALA
M0453	pdb5jd5	substituted	3	SER>OAS,TYR>ALA,TYR>TRP
M0453	pdb5l2p	substituted	3	GLY>ALA,TYR>PHE,TYR>LEU
M0453	pdb5lk6	substituted	2	TYR>ALA,TYR>SER
M0453	pdb5mif	substituted	2	TYR>ALA,TYR>CYS
M0453	pdb5mii	substituted	3	SER>SEB,TYR>ALA,TYR>CYS
M0510	pdb1ako	exact	0	
M0510	pdb1bix	exact	0	
M0510	pdb1de8	substituted	4	TYR>SER,ASP>VAL,ASP>GLY,HIS>TRP
M0510	pdb1de9	substituted	4	TYR>SER,ASP>VAL,ASP>GLY,HIS>TRP
M0510	pdb1dew	substituted	4	TYR>GLY,ASP>TYR,ASP>LEU,HIS>MET
M0510	pdb1e9n	exact	0	
M0510	pdb1hd7	exact	0	
M0510	pdb2isi	exact	0	
M0510	pdb2j63	exact	0	
M0510	pdb2jc4	exact	0	
M0510	pdb2jc5	exact	0	
M0510	pdb2myi	substituted	2	TYR>LEU,ASP>SER
M0510	pdb2o3c	exact	0	
M0510	pdb2o3h	exact	0	
M0510	pdb2voa	exact	0	
M0510	pdb3fzi	exact	0	
M0510	pdb3g00	substituted	1	ASP>ASN
M0510	pdb3g0a	exact	0	
M0510	pdb3g0r	substituted	1	ASP>ASN
M0510	pdb3g1k	exact	0	
M0510	pdb3g2c	exact	0	
M0510	pdb3g2d	substituted	1	ASP>ASN
M0510	pdb3g38	substituted	1	ASP>ASN
M0510	pdb3g3c	exact	0	
M0510	pdb3g3y	exact	0	
M0510	pdb3g4t	exact	0	
M0510	pdb3g8v	substituted	1	ASP>ASN
M0510	pdb3g91	exact	0	
M0510	pdb3ga6	substituted	1	ASP>ASN
M0510	pdb3u8u	exact	0	
M0510	pdb3w2x	exact	0	
M0510	pdb3w2y	exact	0	
M0510	pdb4b5f	exact	0	
M0510	pdb4b5g	exact	0	
M0510	pdb4b5h	substituted	1	ASP>ASN
M0510	pdb4b5i	exact	0	
M0510	pdb4b5j	exact	0	
M0510	pdb4b5m	exact	0	
M0510	pdb4f1r	substituted	2	TYR>LEU,ASP>SER
M0510	pdb4iem	exact	0	
M0510	pdb4jg3	substituted	2	TYR>LEU,ASP>SER
M0510	pdb4lnd	exact	0	
M0510	pdb4qh9	exact	0	
M0510	pdb4qhd	exact	0	
M0510	pdb4qhe	exact	0	
M0510	pdb5cfe	exact	0	
M0510	pdb5cfg	exact	0	
M0510	pdb5dff	exact	0	
M0510	pdb5dfh	exact	0	
M0510	pdb5dfi	exact	0	
M0510	pdb5dfj	substituted	1	ASP>ASN
M0510	pdb5dg0	exact	0	
M0510	pdb5ewt	substituted	1	TYR>ALA
M0510	pdb5j8n	exact	0	
M0510	pdb6bos	exact	0	
M0510	pdb6mk3	exact	0	
M0510	pdb6mkk	exact	0	
M0510	pdb6mkm	exact	0	
M0510	pdb6mko	exact	0	
M0510	pdb6o1k	substituted	2	TYR>LEU,ASP>SER
M0510	pdb6o1l	substituted	2	TYR>LEU,ASP>SER
M0510	pdb6o1m	substituted	2	TYR>LEU,ASP>SER
M0510	pdb6w3l	exact	0	
M0216	pdb12ca	exact	0	
M0216	pdb1a42	exact	0	
M0216	pdb1am6	exact	0	
M0216	pdb1avn	exact	0	
M0216	pdb1azm	exact	0	
M0216	pdb1bcd	exact	0	
M0216	pdb1bic	exact	0	
M0216	pdb1bn1	exact	0	
M0216	pdb1bn3	exact	0	
M0216	pdb1bn4	exact	0	
M0216	pdb1bnm	exact	0	
M0216	pdb1bnn	exact	0	
M0216	pdb1bnq	exact	0	
M0216	pdb1bnt	exact	0	
M0216	pdb1bnu	exact	0	
M0216	pdb1bnv	exact	0	
M0216	pdb1bnw	exact	0	
M0216	pdb1bv3	exact	0	
M0216	pdb1bzm	exact	0	
M0216	pdb1ca2	exact	0	
M0216	pdb1ca3	exact	0	
M0216	pdb1cah	exact	0	
M0216	pdb1cai	substituted	1	GLU>ALA
M0216	pdb1caj	substituted	1	GLU>ASP
M0216	pdb1cak	substituted	1	GLU>GLN
M0216	pdb1cal	substituted	1	THR>ALA
M0216	pdb1cam	substituted	1	THR>ALA
M0216	pdb1can	exact	0	
M0216	pdb1cao	exact	0	
M0216	pdb1cay	exact	0	
M0216	pdb1caz	substituted	1	GLU>GLN
M0216	pdb1ccs	substituted	1	THR>ASP
M0216	pdb1cct	substituted	1	THR>GLU
M0216	pdb1ccu	substituted	1	THR>HIS
M0216	pdb1cil	exact	0	
M0216	pdb1cim	exact	0	
M0216	pdb1cin	exact	0	
M0216	pdb1cnb	substituted	1	HIS>CYS
M0216	pdb1cnc	substituted	1	HIS>CYS
M0216	pdb1cng	exact	0	
M0216	pdb1cnh	exact	0	
M0216	pdb1cni	exact	0	
M0216	pdb1cnj	exact	0	
M0216	pdb1cnk	exact	0	
M0216	pdb1cnw	exact	0	
M0216	pdb1cnx	exact	0	
M0216	pdb1cny	exact	0	
M0216	pdb1cra	exact	0	
M0216	pdb1crm	exact	0	
M0216	pdb1cva	substituted	1	THR>VAL
M0216	pdb1cvb	substituted	1	THR>VAL
M0216	pdb1cvc	substituted	1	HIS>ASP
M0216	pdb1cvd	substituted	1	HIS>CYS
M0216	pdb1cve	substituted	1	HIS>ASP
M0216	pdb1cvf	substituted	1	HIS>ALA
M0216	pdb1cvh	substituted	1	HIS>CYS
M0216	pdb1czm	exact	0	
M0216	pdb1dca	substituted	1	THR>CYS
M0216	pdb1dcb	substituted	1	THR>CYS
M0216	pdb1dmx	substituted	1	HIS>TYR
M0216	pdb1dmy	substituted	1	HIS>TYR
M0216	pdb1eou	exact	0	
M0216	pdb1f2w	exact	0	
M0216	pdb1flj	substituted	1	HIS>LYS
M0216	pdb1fql	exact	0	
M0216	pdb1fqm	exact	0	
M0216	pdb1fqn	exact	0	
M0216	pdb1fqr	exact	0	
M0216	pdb1fr4	exact	0	
M0216	pdb1fr7	exact	0	
M0216	pdb1fsn	exact	0	
M0216	pdb1fsq	exact	0	
M0216	pdb1fsr	exact	0	
M0216	pdb1g0e	substituted	1	HIS>ALA
M0216	pdb1g0f	substituted	1	HIS>ALA
M0216	pdb1g1d	exact	0	
M0216	pdb1g3z	exact	0	
M0216	pdb1g45	exact	0	
M0216	pdb1g46	exact	0	
M0216	pdb1g48	exact	0	
M0216	pdb1g4j	exact	0	
M0216	pdb1g4o	exact	0	
M0216	pdb1g52	exact	0	
M0216	pdb1g53	exact	0	
M0216	pdb1g54	exact	0	
M0216	pdb1g6v	exact	0	
M0216	pdb1h4n	substituted	1	HIS>ASN
M0216	pdb1h9n	substituted	1	HIS>ASN
M0216	pdb1h9q	substituted	1	HIS>GLN
M0216	pdb1hca	exact	0	
M0216	pdb1hcb	exact	0	
M0216	pdb1hea	exact	0	
M0216	pdb1heb	exact	0	
M0216	pdb1hec	exact	0	
M0216	pdb1hed	exact	0	
M0216	pdb1hug	exact	0	
M0216	pdb1huh	exact	0	
M0216	pdb1hva	substituted	1	HIS>CYS
M0216	pdb1i8z	exact	0	
M0216	pdb1i90	exact	0	
M0216	pdb1i91	exact	0	
M0216	pdb1i9l	exact	0	
M0216	pdb1i9m	exact	0	
M0216	pdb1i9n	exact	0	
M0216	pdb1i9o	exact	0	
M0216	pdb1i9p	exact	0	
M0216	pdb1i9q	exact	0	
M0216	pdb1if4	exact	0	
M0216	pdb1if5	exact	0	
M0216	pdb1if6	exact	0	
M0216	pdb1if7	exact	0	
M0216	pdb1if8	exact	0	
M0216	pdb1if9	exact	0	
M0216	pdb1j9w	exact	0	
M0216	pdb1jcz	exact	0	
M0216	pdb1jd0	exact	0	
M0216	pdb1jv0	exact	0	
M0216	pdb1keq	substituted	1	HIS>TYR
M0216	pdb1kop	exact	0	
M0216	pdb1koq	exact	0	
M0216	pdb1kwq	exact	0	
M0216	pdb1kwr	exact	0	
M0216	pdb1lg5	substituted	1	THR>PRO
M0216	pdb1lg6	substituted	1	THR>PRO
M0216	pdb1lgd	substituted	1	THR>PRO
M0216	pdb1lug	exact	0	
M0216	pdb1lzv	exact	0	
M0216	pdb1moo	substituted	1	HIS>ALA
M0216	pdb1mua	exact	0	
M0216	pdb1okl	exact	0	
M0216	pdb1okm	exact	0	
M0216	pdb1okn	exact	0	
M0216	pdb1oq5	exact	0	
M0216	pdb1ray	exact	0	
M0216	pdb1raz	exact	0	
M0216	pdb1rj5	exact	0	
M0216	pdb1rj6	exact	0	
M0216	pdb1rza	exact	0	
M0216	pdb1rzb	exact	0	
M0216	pdb1rzc	exact	0	
M0216	pdb1rzd	exact	0	
M0216	pdb1rze	exact	0	
M0216	pdb1t9n	exact	0	
M0216	pdb1tb0	substituted	1	THR>LEU
M0216	pdb1tbt	substituted	1	THR>LEU
M0216	pdb1te3	substituted	1	THR>LEU
M0216	pdb1teq	substituted	1	THR>LEU
M0216	pdb1teu	substituted	1	THR>LEU
M0216	pdb1tg3	exact	0	
M0216	pdb1tg9	exact	0	
M0216	pdb1th9	exact	0	
M0216	pdb1thk	exact	0	
M0216	pdb1ttm	exact	0	
M0216	pdb1uga	exact	0	
M0216	pdb1ugb	exact	0	
M0216	pdb1ugc	exact	0	
M0216	pdb1ugd	exact	0	
M0216	pdb1uge	exact	0	
M0216	pdb1ugf	exact	0	
M0216	pdb1ugg	exact	0	
M0216	pdb1urt	exact	0	
M0216	pdb1v9e	exact	0	
M0216	pdb1v9i	exact	0	
M0216	pdb1xeg	exact	0	
M0216	pdb1xev	exact	0	
M0216	pdb1xpz	exact	0	
M0216	pdb1xq0	exact	0	
M0216	pdb1y7w	substituted	5	GLU>VAL,HIS>GLN,HIS>THR,HIS>TYR,HIS>LEU
M0216	pdb1yda	exact	0	
M0216	pdb1ydb	exact	0	
M0216	pdb1ydc	exact	0	
M0216	pdb1ydd	exact	0	
M0216	pdb1yo0	substituted	1	HIS>ALA
M0216	pdb1yo1	substituted	1	HIS>ALA
M0216	pdb1yo2	substituted	1	HIS>ALA
M0216	pdb1z93	substituted	1	HIS>LYS
M0216	pdb1z97	substituted	1	HIS>LYS
M0216	pdb1z9y	exact	0	
M0216	pdb1ze8	exact	0	
M0216	pdb1zfk	exact	0	
M0216	pdb1zfq	exact	0	
M0216	pdb1zge	exact	0	
M0216	pdb1zgf	exact	0	
M0216	pdb1zh9	exact	0	
M0216	pdb1znc	exact	0	
M0216	pdb1zsa	exact	0	
M0216	pdb1zsb	exact	0	
M0216	pdb1zsc	exact	0	
M0216	pdb2abe	exact	0	
M0216	pdb2aw1	exact	0	
M0216	pdb2ax2	exact	0	
M0216	pdb2ca2	exact	0	
M0216	pdb2cab	exact	0	
M0216	pdb2cba	exact	0	
M0216	pdb2cbb	exact	0	
M0216	pdb2cbc	exact	0	
M0216	pdb2cbd	exact	0	
M0216	pdb2cbe	exact	0	
M0216	pdb2eu2	exact	0	
M0216	pdb2eu3	exact	0	
M0216	pdb2ez7	exact	0	
M0216	pdb2f14	exact	0	
M0216	pdb2fmg	exact	0	
M0216	pdb2fmz	exact	0	
M0216	pdb2fnk	substituted	1	HIS>TRP
M0216	pdb2fnm	substituted	1	HIS>TRP
M0216	pdb2fnn	substituted	1	HIS>TRP
M0216	pdb2foq	exact	0	
M0216	pdb2fos	exact	0	
M0216	pdb2fou	exact	0	
M0216	pdb2fov	exact	0	
M0216	pdb2foy	exact	0	
M0216	pdb2fw4	exact	0	
M0216	pdb2gd8	exact	0	
M0216	pdb2geh	exact	0	
M0216	pdb2h15	exact	0	
M0216	pdb2h4n	substituted	1	HIS>ASN
M0216	pdb2hd6	exact	0	
M0216	pdb2hfw	exact	0	
M0216	pdb2hkk	exact	0	
M0216	pdb2hl4	exact	0	
M0216	pdb2hnc	exact	0	
M0216	pdb2hoc	exact	0	
M0216	pdb2ili	exact	0	
M0216	pdb2it4	exact	0	
M0216	pdb2nmx	exact	0	
M0216	pdb2nn1	exact	0	
M0216	pdb2nn7	exact	0	
M0216	pdb2nng	exact	0	
M0216	pdb2nno	exact	0	
M0216	pdb2nns	exact	0	
M0216	pdb2nnv	exact	0	
M0216	pdb2nwo	exact	0	
M0216	pdb2nwp	exact	0	
M0216	pdb2nwy	exact	0	
M0216	pdb2nwz	exact	0	
M0216	pdb2nxr	exact	0	
M0216	pdb2nxs	exact	0	
M0216	pdb2nxt	exact	0	
M0216	pdb2o4z	exact	0	
M0216	pdb2osf	exact	0	
M0216	pdb2osm	exact	0	
M0216	pdb2pou	exact	0	
M0216	pdb2pov	exact	0	
M0216	pdb2pow	exact	0	
M0216	pdb2q1b	exact	0	
M0216	pdb2q1q	exact	0	
M0216	pdb2q38	exact	0	
M0216	pdb2qo8	exact	0	
M0216	pdb2qoa	exact	0	
M0216	pdb2qp6	exact	0	
M0216	pdb2vva	substituted	1	THR>LEU
M0216	pdb2vvb	substituted	1	THR>LEU
M0216	pdb2w2j	substituted	1	HIS>ARG
M0216	pdb2wd2	exact	0	
M0216	pdb2wd3	exact	0	
M0216	pdb2weg	exact	0	
M0216	pdb2weh	exact	0	
M0216	pdb2wej	exact	0	
M0216	pdb2weo	exact	0	
M0216	pdb2x7s	exact	0	
M0216	pdb2x7t	exact	0	
M0216	pdb2x7u	exact	0	
M0216	pdb2znc	exact	0	
M0216	pdb3b1b	partial	NA	
M0216	pdb3b4f	exact	0	
M0216	pdb3bet	exact	0	
M0216	pdb3bl0	exact	0	
M0216	pdb3bl1	exact	0	
M0216	pdb3c7p	exact	0	
M0216	pdb3ca2	exact	0	
M0216	pdb3caj	exact	0	
M0216	pdb3cyu	exact	0	
M0216	pdb3czv	exact	0	
M0216	pdb3d0n	exact	0	
M0216	pdb3d8w	exact	0	
M0216	pdb3d92	exact	0	
M0216	pdb3d93	exact	0	
M0216	pdb3d9z	exact	0	
M0216	pdb3da2	exact	0	
M0216	pdb3daz	exact	0	
M0216	pdb3dbu	exact	0	
M0216	pdb3dc3	exact	0	
M0216	pdb3dc9	exact	0	
M0216	pdb3dcc	exact	0	
M0216	pdb3dcs	exact	0	
M0216	pdb3dcw	exact	0	
M0216	pdb3dd0	exact	0	
M0216	pdb3dd8	exact	0	
M0216	pdb3dv7	exact	0	
M0216	pdb3dvb	exact	0	
M0216	pdb3dvc	exact	0	
M0216	pdb3dvd	exact	0	
M0216	pdb3efi	substituted	1	THR>LEU
M0216	pdb3eft	exact	0	
M0216	pdb3f4x	exact	0	
M0216	pdb3f7b	exact	0	
M0216	pdb3f7u	exact	0	
M0216	pdb3f8e	exact	0	
M0216	pdb3fe4	exact	0	
M0216	pdb3ffp	substituted	1	THR>LEU
M0216	pdb3fw3	exact	0	
M0216	pdb3gz0	exact	0	
M0216	pdb3hfp	exact	0	
M0216	pdb3hkn	exact	0	
M0216	pdb3hkq	exact	0	
M0216	pdb3hkt	exact	0	
M0216	pdb3hku	exact	0	
M0216	pdb3hlj	exact	0	
M0216	pdb3hs4	exact	0	
M0216	pdb3iai	exact	0	
M0216	pdb3ibi	exact	0	
M0216	pdb3ibl	exact	0	
M0216	pdb3ibn	exact	0	
M0216	pdb3ibu	exact	0	
M0216	pdb3ieo	exact	0	
M0216	pdb3igp	exact	0	
M0216	pdb3jxf	substituted	3	HIS>GLN,HIS>LYS,HIS>THR
M0216	pdb3jxg	substituted	3	HIS>GLN,HIS>LYS,HIS>GLU
M0216	pdb3jxh	substituted	6	GLU>PHE,HIS>THR,THR>ILE,HIS>GLY,HIS>ARG,HIS>GLY
M0216	pdb3k2f	exact	0	
M0216	pdb3k34	exact	0	
M0216	pdb3k7k	exact	0	
M0216	pdb3kig	substituted	1	HIS>CYS
M0216	pdb3kkx	exact	0	
M0216	pdb3kld	substituted	3	HIS>GLN,HIS>LYS,HIS>GLU
M0216	pdb3kne	substituted	1	HIS>CYS
M0216	pdb3koi	exact	0	
M0216	pdb3kok	exact	0	
M0216	pdb3kon	exact	0	
M0216	pdb3ks3	exact	0	
M0216	pdb3kwa	exact	0	
M0216	pdb3l14	exact	0	
M0216	pdb3lxe	exact	0	
M0216	pdb3m04	exact	0	
M0216	pdb3m14	exact	0	
M0216	pdb3m1j	exact	0	
M0216	pdb3m1k	exact	0	
M0216	pdb3m1q	substituted	1	HIS>CYS
M0216	pdb3m1w	substituted	1	HIS>CYS
M0216	pdb3m2n	exact	0	
M0216	pdb3m2x	exact	0	
M0216	pdb3m2y	exact	0	
M0216	pdb3m2z	substituted	1	HIS>CYS
M0216	pdb3m3x	exact	0	
M0216	pdb3m40	exact	0	
M0216	pdb3m5e	exact	0	
M0216	pdb3m5s	substituted	1	HIS>CYS
M0216	pdb3m5t	substituted	1	HIS>CYS
M0216	pdb3m67	exact	0	
M0216	pdb3m96	exact	0	
M0216	pdb3m98	exact	0	
M0216	pdb3mdz	exact	0	
M0216	pdb3mhc	exact	0	
M0216	pdb3mhi	exact	0	
M0216	pdb3mhl	exact	0	
M0216	pdb3mhm	exact	0	
M0216	pdb3mho	exact	0	
M0216	pdb3ml2	exact	0	
M0216	pdb3ml5	exact	0	
M0216	pdb3mmf	exact	0	
M0216	pdb3mna	exact	0	
M0216	pdb3mnh	exact	0	
M0216	pdb3mni	exact	0	
M0216	pdb3mnj	exact	0	
M0216	pdb3mnk	exact	0	
M0216	pdb3mnu	exact	0	
M0216	pdb3mwo	exact	0	
M0216	pdb3myq	exact	0	
M0216	pdb3mzc	exact	0	
M0216	pdb3n0n	exact	0	
M0216	pdb3n2p	exact	0	
M0216	pdb3n3j	exact	0	
M0216	pdb3n4b	exact	0	
M0216	pdb3nb5	exact	0	
M0216	pdb3ni5	exact	0	
M0216	pdb3nj9	exact	0	
M0216	pdb3oik	exact	0	
M0216	pdb3oil	exact	0	
M0216	pdb3oim	exact	0	
M0216	pdb3oku	exact	0	
M0216	pdb3okv	exact	0	
M0216	pdb3oy0	exact	0	
M0216	pdb3oyq	exact	0	
M0216	pdb3oys	exact	0	
M0216	pdb3p3h	exact	0	
M0216	pdb3p3j	exact	0	
M0216	pdb3p44	exact	0	
M0216	pdb3p4v	exact	0	
M0216	pdb3p55	exact	0	
M0216	pdb3p58	exact	0	
M0216	pdb3p5a	exact	0	
M0216	pdb3p5l	exact	0	
M0216	pdb3pjj	exact	0	
M0216	pdb3po6	exact	0	
M0216	pdb3pyk	exact	0	
M0216	pdb3q31	substituted	1	HIS>PHE
M0216	pdb3qyk	exact	0	
M0216	pdb3r16	exact	0	
M0216	pdb3r17	substituted	6	GLU>GLN,HIS>ALA,THR>PRO,HIS>ASN,HIS>ILE,HIS>PHE
M0216	pdb3rg3	exact	0	
M0216	pdb3rg4	exact	0	
M0216	pdb3rge	exact	0	
M0216	pdb3rj7	exact	0	
M0216	pdb3rld	exact	0	
M0216	pdb3ryj	exact	0	
M0216	pdb3ryv	substituted	6	GLU>SER,HIS>LEU,THR>SER,HIS>GLY,HIS>PHE,HIS>PHE
M0216	pdb3ryx	exact	0	
M0216	pdb3ryy	exact	0	
M0216	pdb3ryz	exact	0	
M0216	pdb3rz0	exact	0	
M0216	pdb3rz1	exact	0	
M0216	pdb3rz5	exact	0	
M0216	pdb3rz7	exact	0	
M0216	pdb3rz8	exact	0	
M0216	pdb3s71	substituted	5	GLU>GLY,HIS>GLU,THR>GLY,HIS>ASN,HIS>GLN
M0216	pdb3s72	substituted	5	GLU>GLY,HIS>GLU,THR>GLY,HIS>ASN,HIS>GLN
M0216	pdb3s73	substituted	5	GLU>GLY,HIS>GLU,THR>GLY,HIS>ASN,HIS>GLN
M0216	pdb3s74	substituted	5	GLU>GLY,HIS>GLU,THR>GLY,HIS>ASN,HIS>GLN
M0216	pdb3s75	substituted	5	GLU>GLY,HIS>GLU,THR>GLY,HIS>ASN,HIS>GLN
M0216	pdb3s76	exact	0	
M0216	pdb3s77	substituted	5	GLU>GLY,HIS>GLU,THR>GLY,HIS>ASN,HIS>GLN
M0216	pdb3s78	substituted	5	GLU>GLY,HIS>GLU,THR>GLY,HIS>ASN,HIS>GLN
M0216	pdb3s8x	exact	0	
M0216	pdb3s97	substituted	3	HIS>GLN,HIS>LYS,HIS>THR
M0216	pdb3s9t	exact	0	
M0216	pdb3sap	exact	0	
M0216	pdb3sax	exact	0	
M0216	pdb3sbh	exact	0	
M0216	pdb3sbi	exact	0	
M0216	pdb3t5u	exact	0	
M0216	pdb3t5z	exact	0	
M0216	pdb3t82	exact	0	
M0216	pdb3t83	exact	0	
M0216	pdb3t84	exact	0	
M0216	pdb3t85	exact	0	
M0216	pdb3tmj	exact	0	
M0216	pdb3tvn	substituted	5	GLU>GLY,HIS>GLU,THR>GLY,HIS>ASN,HIS>GLN
M0216	pdb3tvo	substituted	5	GLU>GLY,HIS>GLU,THR>GLY,HIS>ASN,HIS>GLN
M0216	pdb3u3a	substituted	1	THR>LEU
M0216	pdb3u45	substituted	1	THR>LEU
M0216	pdb3u47	exact	0	
M0216	pdb3u7c	exact	0	
M0216	pdb3uyn	substituted	1	HIS>LYS
M0216	pdb3uyq	exact	0	
M0216	pdb3v2j	exact	0	
M0216	pdb3v2m	exact	0	
M0216	pdb3v3f	exact	0	
M0216	pdb3v3g	substituted	1	THR>LEU
M0216	pdb3v3h	substituted	1	THR>LEU
M0216	pdb3v3i	substituted	1	THR>LEU
M0216	pdb3v3j	exact	0	
M0216	pdb3v5g	exact	0	
M0216	pdb3v7x	exact	0	
M0216	pdb3vbd	exact	0	
M0216	pdb3w6h	exact	0	
M0216	pdb3w6i	exact	0	
M0216	pdb3znc	exact	0	
M0216	pdb3zp9	exact	0	
M0216	pdb4bcw	exact	0	
M0216	pdb4bf1	exact	0	
M0216	pdb4bf6	exact	0	
M0216	pdb4c3t	exact	0	
M0216	pdb4ca2	exact	0	
M0216	pdb4cac	exact	0	
M0216	pdb4cnr	exact	0	
M0216	pdb4cnv	exact	0	
M0216	pdb4cnw	exact	0	
M0216	pdb4cnx	exact	0	
M0216	pdb4coq	exact	0	
M0216	pdb4cq0	exact	0	
M0216	pdb4dz7	exact	0	
M0216	pdb4dz9	exact	0	
M0216	pdb4e3d	exact	0	
M0216	pdb4e3f	exact	0	
M0216	pdb4e3g	exact	0	
M0216	pdb4e3h	exact	0	
M0216	pdb4e49	exact	0	
M0216	pdb4e4a	exact	0	
M0216	pdb4e5q	exact	0	
M0216	pdb4e9o	substituted	4	GLU>ASN,HIS>ASN,HIS>LYS,HIS>TYR
M0216	pdb4etq	substituted	4	GLU>ASN,HIS>ASN,HIS>LYS,HIS>TYR
M0216	pdb4fik	substituted	1	HIS>ALA
M0216	pdb4fl7	exact	0	
M0216	pdb4fpt	exact	0	
M0216	pdb4frc	exact	0	
M0216	pdb4fu5	exact	0	
M0216	pdb4fvn	exact	0	
M0216	pdb4fvo	exact	0	
M0216	pdb4g0c	exact	0	
M0216	pdb4g7a	exact	0	
M0216	pdb4gl1	substituted	2	THR>LEU,HIS>ALA
M0216	pdb4hba	exact	0	
M0216	pdb4hew	substituted	1	HIS>ALA
M0216	pdb4hey	substituted	1	HIS>ALA
M0216	pdb4hez	substituted	1	HIS>ALA
M0216	pdb4hf3	substituted	1	HIS>ALA
M0216	pdb4ht0	exact	0	
M0216	pdb4ht2	exact	0	
M0216	pdb4hu1	exact	0	
M0216	pdb4idr	substituted	5	GLU>GLY,HIS>GLU,THR>GLY,HIS>ASN,HIS>GLN
M0216	pdb4ilx	exact	0	
M0216	pdb4ito	exact	0	
M0216	pdb4itp	exact	0	
M0216	pdb4iwz	exact	0	
M0216	pdb4js6	substituted	1	HIS>ASP
M0216	pdb4jsa	substituted	1	HIS>ASP
M0216	pdb4jss	substituted	1	HIS>ASP
M0216	pdb4jsw	substituted	1	HIS>CYS
M0216	pdb4jsz	substituted	1	HIS>CYS
M0216	pdb4k0s	exact	0	
M0216	pdb4k0t	exact	0	
M0216	pdb4k0z	exact	0	
M0216	pdb4k13	exact	0	
M0216	pdb4k1q	exact	0	
M0216	pdb4kap	exact	0	
M0216	pdb4kni	exact	0	
M0216	pdb4knj	exact	0	
M0216	pdb4knm	exact	0	
M0216	pdb4knn	exact	0	
M0216	pdb4kp5	exact	0	
M0216	pdb4kp8	exact	0	
M0216	pdb4kuv	exact	0	
M0216	pdb4kuw	exact	0	
M0216	pdb4kuy	exact	0	
M0216	pdb4kv0	exact	0	
M0216	pdb4l5u	exact	0	
M0216	pdb4l5v	exact	0	
M0216	pdb4l5w	exact	0	
M0216	pdb4lhi	exact	0	
M0216	pdb4lp6	exact	0	
M0216	pdb4lu3	exact	0	
M0216	pdb4m2r	exact	0	
M0216	pdb4m2u	exact	0	
M0216	pdb4m2v	exact	0	
M0216	pdb4m2w	exact	0	
M0216	pdb4mdg	exact	0	
M0216	pdb4mdl	exact	0	
M0216	pdb4mdm	exact	0	
M0216	pdb4mlt	exact	0	
M0216	pdb4mlx	exact	0	
M0216	pdb4mo8	exact	0	
M0216	pdb4mty	exact	0	
M0216	pdb4n0x	substituted	1	THR>LEU
M0216	pdb4n16	exact	0	
M0216	pdb4pq7	exact	0	
M0216	pdb4pxx	exact	0	
M0216	pdb4pyx	exact	0	
M0216	pdb4pyy	exact	0	
M0216	pdb4pzh	exact	0	
M0216	pdb4q06	exact	0	
M0216	pdb4q07	exact	0	
M0216	pdb4q08	exact	0	
M0216	pdb4q09	exact	0	
M0216	pdb4q0l	exact	0	
M0216	pdb4q49	exact	0	
M0216	pdb4q6d	exact	0	
M0216	pdb4q6e	exact	0	
M0216	pdb4q78	exact	0	
M0216	pdb4q7p	exact	0	
M0216	pdb4q7s	exact	0	
M0216	pdb4q7v	exact	0	
M0216	pdb4q7w	exact	0	
M0216	pdb4q81	exact	0	
M0216	pdb4q83	exact	0	
M0216	pdb4q87	exact	0	
M0216	pdb4q8x	exact	0	
M0216	pdb4q8y	exact	0	
M0216	pdb4q8z	exact	0	
M0216	pdb4q90	exact	0	
M0216	pdb4q99	exact	0	
M0216	pdb4q9y	exact	0	
M0216	pdb4qef	exact	0	
M0216	pdb4qiy	exact	0	
M0216	pdb4qiz	exact	0	
M0216	pdb4qj0	exact	0	
M0216	pdb4qjm	exact	0	
M0216	pdb4qjo	exact	0	
M0216	pdb4qjp	exact	0	
M0216	pdb4qjw	exact	0	
M0216	pdb4qjx	exact	0	
M0216	pdb4qk1	exact	0	
M0216	pdb4qk2	exact	0	
M0216	pdb4qk3	exact	0	
M0216	pdb4qsa	exact	0	
M0216	pdb4qsb	exact	0	
M0216	pdb4qsi	exact	0	
M0216	pdb4qsj	exact	0	
M0216	pdb4qtl	exact	0	
M0216	pdb4qy3	exact	0	
M0216	pdb4r59	exact	0	
M0216	pdb4r5a	exact	0	
M0216	pdb4r5b	exact	0	
M0216	pdb4rfc	exact	0	
M0216	pdb4rfd	exact	0	
M0216	pdb4rh2	exact	0	
M0216	pdb4riu	exact	0	
M0216	pdb4riv	exact	0	
M0216	pdb4rn4	exact	0	
M0216	pdb4rux	exact	0	
M0216	pdb4ruy	exact	0	
M0216	pdb4ruz	exact	0	
M0216	pdb4twl	substituted	1	HIS>GLN
M0216	pdb4twm	substituted	1	HIS>GLN
M0216	pdb4uov	exact	0	
M0216	pdb4wl4	exact	0	
M0216	pdb4wr7	exact	0	
M0216	pdb4wup	exact	0	
M0216	pdb4wuq	exact	0	
M0216	pdb4ww6	exact	0	
M0216	pdb4ww8	exact	0	
M0216	pdb4x5s	exact	0	
M0216	pdb4xe1	exact	0	
M0216	pdb4xfw	exact	0	
M0216	pdb4xiw	exact	0	
M0216	pdb4xix	exact	0	
M0216	pdb4xz5	exact	0	
M0216	pdb4y0j	exact	0	
M0216	pdb4ygf	exact	0	
M0216	pdb4ygj	exact	0	
M0216	pdb4ygk	exact	0	
M0216	pdb4ygl	exact	0	
M0216	pdb4ygn	exact	0	
M0216	pdb4yha	exact	0	
M0216	pdb4yvy	exact	0	
M0216	pdb4ywp	exact	0	
M0216	pdb4yx4	exact	0	
M0216	pdb4yxi	exact	0	
M0216	pdb4yxo	exact	0	
M0216	pdb4yxu	exact	0	
M0216	pdb4yyt	exact	0	
M0216	pdb4z0q	exact	0	
M0216	pdb4z1e	exact	0	
M0216	pdb4z1j	exact	0	
M0216	pdb4z1k	exact	0	
M0216	pdb4z1n	exact	0	
M0216	pdb4zao	exact	0	
M0216	pdb4zwi	exact	0	
M0216	pdb4zwx	exact	0	
M0216	pdb4zwy	exact	0	
M0216	pdb4zwz	exact	0	
M0216	pdb4zx0	exact	0	
M0216	pdb4zx1	exact	0	
M0216	pdb5a25	exact	0	
M0216	pdb5a6h	exact	0	
M0216	pdb5amd	exact	0	
M0216	pdb5amg	exact	0	
M0216	pdb5aml	exact	0	
M0216	pdb5bnl	exact	0	
M0216	pdb5bru	exact	0	
M0216	pdb5brv	exact	0	
M0216	pdb5brw	exact	0	
M0216	pdb5byi	exact	0	
M0216	pdb5c8i	exact	0	
M0216	pdb5ca2	exact	0	
M0216	pdb5cac	exact	0	
M0216	pdb5cjf	exact	0	
M0216	pdb5cjl	partial	NA	
M0216	pdb5clu	exact	0	
M0216	pdb5dog	exact	0	
M0216	pdb5doh	exact	0	
M0216	pdb5drs	exact	0	
M0216	pdb5dsi	partial	NA	
M0216	pdb5dsj	partial	NA	
M0216	pdb5dsk	exact	0	
M0216	pdb5dsl	exact	0	
M0216	pdb5dsm	exact	0	
M0216	pdb5dsn	partial	NA	
M0216	pdb5dso	exact	0	
M0216	pdb5dsp	exact	0	
M0216	pdb5dsq	exact	0	
M0216	pdb5dsr	exact	0	
M0216	pdb5dvx	exact	0	
M0216	pdb5e28	exact	0	
M0216	pdb5e2k	exact	0	
M0216	pdb5e2m	exact	0	
M0216	pdb5e2n	exact	0	
M0216	pdb5e2r	exact	0	
M0216	pdb5e2s	exact	0	
M0216	pdb5e5r	substituted	3	HIS>GLN,HIS>LYS,HIS>GLU
M0216	pdb5e5u	substituted	3	HIS>GLN,HIS>LYS,HIS>GLU
M0216	pdb5eh5	exact	0	
M0216	pdb5eh7	exact	0	
M0216	pdb5eh8	exact	0	
M0216	pdb5ehe	exact	0	
M0216	pdb5ehv	exact	0	
M0216	pdb5ehw	exact	0	
M0216	pdb5eij	exact	0	
M0216	pdb5ekh	exact	0	
M0216	pdb5ekj	exact	0	
M0216	pdb5ekm	exact	0	
M0216	pdb5eoi	exact	0	
M0216	pdb5ezt	substituted	5	GLU>GLY,HIS>GLU,THR>SER,HIS>ASN,HIS>GLN
M0216	pdb5fdc	exact	0	
M0216	pdb5fdi	exact	0	
M0216	pdb5fl4	exact	0	
M0216	pdb5fl5	exact	0	
M0216	pdb5fl6	exact	0	
M0216	pdb5flo	exact	0	
M0216	pdb5flp	exact	0	
M0216	pdb5flq	exact	0	
M0216	pdb5flr	exact	0	
M0216	pdb5fls	exact	0	
M0216	pdb5flt	exact	0	
M0216	pdb5fng	exact	0	
M0216	pdb5fnh	exact	0	
M0216	pdb5fni	exact	0	
M0216	pdb5fnj	exact	0	
M0216	pdb5fnk	exact	0	
M0216	pdb5fnl	exact	0	
M0216	pdb5fnm	exact	0	
M0216	pdb5g01	exact	0	
M0216	pdb5g03	exact	0	
M0216	pdb5g0b	exact	0	
M0216	pdb5g0c	exact	0	
M0216	pdb5gmm	exact	0	
M0216	pdb5gmn	exact	0	
M0216	pdb5hpj	exact	0	
M0216	pdb5ipz	exact	0	
M0216	pdb5j8z	exact	0	
M0216	pdb5jdv	substituted	5	GLU>GLY,HIS>GLU,THR>SER,HIS>ASN,HIS>GLN
M0216	pdb5je7	substituted	6	GLU>GLN,HIS>ALA,THR>GLY,HIS>ASN,HIS>ILE,HIS>PHE
M0216	pdb5jeg	substituted	6	GLU>SER,HIS>LEU,THR>LEU,HIS>GLY,HIS>PHE,HIS>PHE
M0216	pdb5jeh	substituted	6	GLU>SER,HIS>LEU,THR>ALA,HIS>GLY,HIS>PHE,HIS>PHE
M0216	pdb5jep	substituted	5	GLU>GLY,HIS>GLU,THR>SER,HIS>ASN,HIS>GLN
M0216	pdb5jes	substituted	5	GLU>GLY,HIS>GLU,THR>GLY,HIS>ASN,HIS>GLN
M0216	pdb5jg3	substituted	6	GLU>SER,HIS>LEU,THR>LEU,HIS>GLY,HIS>PHE,HIS>PHE
M0216	pdb5jg5	substituted	6	GLU>SER,HIS>LEU,THR>LEU,HIS>GLY,HIS>PHE,HIS>PHE
M0216	pdb5jgs	substituted	6	GLU>GLN,HIS>ALA,THR>GLY,HIS>ASN,HIS>ILE,HIS>PHE
M0216	pdb5jgt	substituted	6	GLU>SER,HIS>LEU,THR>ALA,HIS>GLY,HIS>PHE,HIS>PHE
M0216	pdb5jmz	exact	0	
M0216	pdb5jn1	partial	NA	
M0216	pdb5jn3	exact	0	
M0216	pdb5jn7	exact	0	
M0216	pdb5jn8	exact	0	
M0216	pdb5jn9	exact	0	
M0216	pdb5jna	exact	0	
M0216	pdb5jnc	exact	0	
M0216	pdb5jq0	exact	0	
M0216	pdb5jqt	exact	0	
M0216	pdb5ku6	exact	0	
M0216	pdb5l3o	partial	NA	
M0216	pdb5l6k	partial	NA	
M0216	pdb5l6t	partial	NA	
M0216	pdb5l70	partial	NA	
M0216	pdb5l9e	partial	NA	
M0216	pdb5ljq	exact	0	
M0216	pdb5ljt	exact	0	
M0216	pdb5ll4	exact	0	
M0216	pdb5ll5	exact	0	
M0216	pdb5ll8	exact	0	
M0216	pdb5ll9	exact	0	
M0216	pdb5lla	exact	0	
M0216	pdb5llc	exact	0	
M0216	pdb5lle	exact	0	
M0216	pdb5llg	exact	0	
M0216	pdb5llh	exact	0	
M0216	pdb5lln	exact	0	
M0216	pdb5llo	exact	0	
M0216	pdb5llp	exact	0	
M0216	pdb5lmd	exact	0	
M0216	pdb5lvs	partial	NA	
M0216	pdb5m78	exact	0	
M0216	pdb5mjn	exact	0	
M0216	pdb5msa	exact	0	
M0216	pdb5msb	exact	0	
M0216	pdb5n0d	exact	0	
M0216	pdb5n0e	exact	0	
M0216	pdb5n1r	exact	0	
M0216	pdb5n1s	exact	0	
M0216	pdb5n24	exact	0	
M0216	pdb5n25	exact	0	
M0216	pdb5nea	exact	0	
M0216	pdb5nee	exact	0	
M0216	pdb5nxg	exact	0	
M0216	pdb5nxi	exact	0	
M0216	pdb5nxm	exact	0	
M0216	pdb5nxo	exact	0	
M0216	pdb5nxp	exact	0	
M0216	pdb5nxv	exact	0	
M0216	pdb5nxw	exact	0	
M0216	pdb5ny1	exact	0	
M0216	pdb5ny3	exact	0	
M0216	pdb5ny6	exact	0	
M0216	pdb5nya	exact	0	
M0216	pdb5o07	exact	0	
M0216	pdb5ogj	exact	0	
M0216	pdb5ogn	exact	0	
M0216	pdb5ogo	exact	0	
M0216	pdb5ogp	exact	0	
M0216	pdb5ohh	exact	0	
M0216	pdb5sz0	exact	0	
M0216	pdb5sz1	exact	0	
M0216	pdb5sz2	exact	0	
M0216	pdb5sz3	exact	0	
M0216	pdb5sz4	exact	0	
M0216	pdb5sz5	exact	0	
M0216	pdb5sz6	exact	0	
M0216	pdb5sz7	exact	0	
M0216	pdb5t71	exact	0	
M0216	pdb5t72	exact	0	
M0216	pdb5t74	exact	0	
M0216	pdb5t75	exact	0	
M0216	pdb5tfx	exact	0	
M0216	pdb5th4	exact	0	
M0216	pdb5thi	exact	0	
M0216	pdb5thj	exact	0	
M0216	pdb5thn	exact	0	
M0216	pdb5ti0	exact	0	
M0216	pdb5tt3	exact	0	
M0216	pdb5tt8	exact	0	
M0216	pdb5tuo	exact	0	
M0216	pdb5tv3	exact	0	
M0216	pdb5txy	exact	0	
M0216	pdb5ty1	exact	0	
M0216	pdb5ty8	exact	0	
M0216	pdb5ty9	exact	0	
M0216	pdb5tya	exact	0	
M0216	pdb5u0d	exact	0	
M0216	pdb5u0e	exact	0	
M0216	pdb5u0f	exact	0	
M0216	pdb5u0g	exact	0	
M0216	pdb5uln	exact	0	
M0216	pdb5umc	exact	0	
M0216	pdb5ush	substituted	4	GLU>ASN,HIS>ASN,HIS>LYS,HIS>TYR
M0216	pdb5usl	substituted	4	GLU>ASN,HIS>ASN,HIS>LYS,HIS>TYR
M0216	pdb5vgy	exact	0	
M0216	pdb5w8b	exact	0	
M0216	pdb5wex	exact	0	
M0216	pdb5wg7	exact	0	
M0216	pdb5wgp	exact	0	
M0216	pdb5wlr	exact	0	
M0216	pdb5wlt	exact	0	
M0216	pdb5wlu	exact	0	
M0216	pdb5wlv	exact	0	
M0216	pdb5y2r	exact	0	
M0216	pdb5y2s	exact	0	
M0216	pdb5yui	exact	0	
M0216	pdb5yuj	exact	0	
M0216	pdb5yuk	exact	0	
M0216	pdb5zxw	exact	0	
M0216	pdb6b00	exact	0	
M0216	pdb6b4d	exact	0	
M0216	pdb6b59	exact	0	
M0216	pdb6b5a	exact	0	
M0216	pdb6b9j	substituted	4	GLU>ASN,HIS>ASN,HIS>LYS,HIS>TYR
M0216	pdb6bbs	exact	0	
M0216	pdb6bc9	exact	0	
M0216	pdb6bcc	exact	0	
M0216	pdb6c7w	exact	0	
M0216	pdb6c7x	exact	0	
M0216	pdb6ca2	exact	0	
M0216	pdb6ceh	exact	0	
M0216	pdb6cjv	exact	0	
M0216	pdb6d1l	exact	0	
M0216	pdb6d1m	exact	0	
M0216	pdb6e8p	exact	0	
M0216	pdb6e8x	exact	0	
M0216	pdb6e91	exact	0	
M0216	pdb6e92	exact	0	
M0216	pdb6ebe	exact	0	
M0216	pdb6ecz	exact	0	
M0216	pdb6eda	exact	0	
M0216	pdb6eea	exact	0	
M0216	pdb6eeh	exact	0	
M0216	pdb6eeo	exact	0	
M0216	pdb6eki	substituted	4	GLU>VAL,HIS>ILE,HIS>ILE,HIS>ASN
M0216	pdb6equ	exact	0	
M0216	pdb6evr	exact	0	
M0216	pdb6ex1	exact	0	
M0216	pdb6f3b	exact	0	
M0216	pdb6faf	exact	0	
M0216	pdb6fag	exact	0	
M0216	pdb6fe0	exact	0	
M0216	pdb6fe1	exact	0	
M0216	pdb6fe2	exact	0	
M0216	pdb6fji	exact	0	
M0216	pdb6fjj	exact	0	
M0216	pdb6g3q	exact	0	
M0216	pdb6g3v	exact	0	
M0216	pdb6g4t	exact	0	
M0216	pdb6g5l	exact	0	
M0216	pdb6g5u	exact	0	
M0216	pdb6g6t	exact	0	
M0216	pdb6g7a	exact	0	
M0216	pdb6g98	exact	0	
M0216	pdb6g9u	exact	0	
M0216	pdb6gcy	exact	0	
M0216	pdb6gdc	exact	0	
M0216	pdb6gm9	exact	0	
M0216	pdb6got	exact	0	
M0216	pdb6gxb	exact	0	
M0216	pdb6gxe	exact	0	
M0216	pdb6h29	exact	0	
M0216	pdb6h2z	exact	0	
M0216	pdb6h33	exact	0	
M0216	pdb6h34	exact	0	
M0216	pdb6h36	exact	0	
M0216	pdb6h37	exact	0	
M0216	pdb6h38	exact	0	
M0216	pdb6h3q	exact	0	
M0216	pdb6h6s	exact	0	
M0216	pdb6hd2	exact	0	
M0216	pdb6hqx	exact	0	
M0216	pdb6hr3	exact	0	
M0216	pdb6hwz	exact	0	
M0216	pdb6hx5	exact	0	
M0216	pdb6hxd	exact	0	
M0216	pdb6hzx	partial	NA	
M0216	pdb6i0j	exact	0	
M0216	pdb6i0l	exact	0	
M0216	pdb6i0w	exact	0	
M0216	pdb6i1u	exact	0	
M0216	pdb6i2f	exact	0	
M0216	pdb6i3e	exact	0	
M0216	pdb6ic2	exact	0	
M0216	pdb6im0	exact	0	
M0216	pdb6im1	exact	0	
M0216	pdb6im3	exact	0	
M0216	pdb6klz	exact	0	
M0216	pdb6km0	exact	0	
M0216	pdb6km1	exact	0	
M0216	pdb6km2	exact	0	
M0216	pdb6km3	exact	0	
M0216	pdb6km4	exact	0	
M0216	pdb6km5	exact	0	
M0216	pdb6km6	exact	0	
M0216	pdb6luu	exact	0	
M0216	pdb6luv	exact	0	
M0216	pdb6luw	exact	0	
M0216	pdb6lux	exact	0	
M0216	pdb6luy	exact	0	
M0216	pdb6luz	exact	0	
M0216	pdb6lv1	exact	0	
M0216	pdb6lv2	exact	0	
M0216	pdb6lv3	exact	0	
M0216	pdb6lv4	exact	0	
M0216	pdb6lv5	exact	0	
M0216	pdb6lv6	exact	0	
M0216	pdb6lv7	exact	0	
M0216	pdb6lv8	exact	0	
M0216	pdb6lv9	exact	0	
M0216	pdb6lva	exact	0	
M0216	pdb6mbv	exact	0	
M0216	pdb6mby	exact	0	
M0216	pdb6nj2	exact	0	
M0216	pdb6nj3	exact	0	
M0216	pdb6nj4	exact	0	
M0216	pdb6nj5	exact	0	
M0216	pdb6nj6	exact	0	
M0216	pdb6nlv	exact	0	
M0216	pdb6nm0	exact	0	
M0216	pdb6odz	exact	0	
M0216	pdb6oe0	exact	0	
M0216	pdb6oe1	exact	0	
M0216	pdb6oti	exact	0	
M0216	pdb6otk	exact	0	
M0216	pdb6otm	exact	0	
M0216	pdb6oto	exact	0	
M0216	pdb6otp	exact	0	
M0216	pdb6otq	exact	0	
M0216	pdb6oub	exact	0	
M0216	pdb6oud	exact	0	
M0216	pdb6oue	exact	0	
M0216	pdb6ouf	exact	0	
M0216	pdb6ouh	exact	0	
M0216	pdb6oui	exact	0	
M0216	pdb6ouj	exact	0	
M0216	pdb6ouk	exact	0	
M0216	pdb6oum	exact	0	
M0216	pdb6pdv	exact	0	
M0216	pdb6pea	exact	0	
M0216	pdb6pgx	exact	0	
M0216	pdb6q3o	partial	NA	
M0216	pdb6q9t	partial	NA	
M0216	pdb6qeb	exact	0	
M0216	pdb6qfu	exact	0	
M0216	pdb6qfv	exact	0	
M0216	pdb6qfw	exact	0	
M0216	pdb6qfx	exact	0	
M0216	pdb6ql1	exact	0	
M0216	pdb6ql2	exact	0	
M0216	pdb6ql3	exact	0	
M0216	pdb6qn0	exact	0	
M0216	pdb6qn2	exact	0	
M0216	pdb6qn5	exact	0	
M0216	pdb6qn6	exact	0	
M0216	pdb6qng	exact	0	
M0216	pdb6qnl	exact	0	
M0216	pdb6qqm	exact	0	
M0216	pdb6qut	exact	0	
M0216	pdb6r6f	exact	0	
M0216	pdb6r6j	exact	0	
M0216	pdb6r6y	exact	0	
M0216	pdb6r71	exact	0	
M0216	pdb6rfh	exact	0	
M0216	pdb6rg3	exact	0	
M0216	pdb6rg4	exact	0	
M0216	pdb6rg5	exact	0	
M0216	pdb6rh4	exact	0	
M0216	pdb6rhj	exact	0	
M0216	pdb6rhk	exact	0	
M0216	pdb6rig	exact	0	
M0216	pdb6rit	exact	0	
M0216	pdb6rjj	exact	0	
M0216	pdb6rkn	exact	0	
M0216	pdb6rl9	exact	0	
M0216	pdb6rm1	exact	0	
M0216	pdb6rmp	exact	0	
M0216	pdb6rmx	exact	0	
M0216	pdb6rmy	exact	0	
M0216	pdb6rnp	exact	0	
M0216	pdb6rob	exact	0	
M0216	pdb6roe	exact	0	
M0216	pdb6rof	exact	0	
M0216	pdb6rps	exact	0	
M0216	pdb6rqi	exact	0	
M0216	pdb6rqn	exact	0	
M0216	pdb6rqq	exact	0	
M0216	pdb6rqu	exact	0	
M0216	pdb6rqw	exact	0	
M0216	pdb6rrg	exact	0	
M0216	pdb6rri	exact	0	
M0216	pdb6rs5	exact	0	
M0216	pdb6rsz	exact	0	
M0216	pdb6rvf	exact	0	
M0216	pdb6rvk	exact	0	
M0216	pdb6rvl	exact	0	
M0216	pdb6rw1	exact	0	
M0216	pdb6rzx	exact	0	
M0216	pdb6s03	exact	0	
M0216	pdb6s9g	exact	0	
M0216	pdb6s9z	exact	0	
M0216	pdb6sac	exact	0	
M0216	pdb6sas	exact	0	
M0216	pdb6say	exact	0	
M0216	pdb6sb7	exact	0	
M0216	pdb6sbh	exact	0	
M0216	pdb6sbl	exact	0	
M0216	pdb6sbm	exact	0	
M0216	pdb6sd7	exact	0	
M0216	pdb6sdh	exact	0	
M0216	pdb6sdi	exact	0	
M0216	pdb6sdj	exact	0	
M0216	pdb6sdl	exact	0	
M0216	pdb6sds	exact	0	
M0216	pdb6sdt	exact	0	
M0216	pdb6sey	exact	0	
M0216	pdb6sfq	exact	0	
M0216	pdb6sfu	exact	0	
M0216	pdb6sg0	exact	0	
M0216	pdb6sg6	exact	0	
M0216	pdb6sks	exact	0	
M0216	pdb6skt	exact	0	
M0216	pdb6skv	exact	0	
M0216	pdb6swm	exact	0	
M0216	pdb6sx9	exact	0	
M0216	pdb6syb	exact	0	
M0216	pdb6sys	exact	0	
M0216	pdb6t4n	exact	0	
M0216	pdb6t4o	exact	0	
M0216	pdb6t4p	exact	0	
M0216	pdb6t5c	exact	0	
M0216	pdb6t5p	exact	0	
M0216	pdb6t5q	exact	0	
M0216	pdb6t7u	exact	0	
M0216	pdb6t81	exact	0	
M0216	pdb6t9z	exact	0	
M0216	pdb6tl5	exact	0	
M0216	pdb6tl6	exact	0	
M0216	pdb6u4q	exact	0	
M0216	pdb6u4t	exact	0	
M0216	pdb6ufb	exact	0	
M0216	pdb6ufc	exact	0	
M0216	pdb6ufd	exact	0	
M0216	pdb6ugn	exact	0	
M0216	pdb6ugo	exact	0	
M0216	pdb6ugp	exact	0	
M0216	pdb6ugq	exact	0	
M0216	pdb6ugr	exact	0	
M0216	pdb6ugz	exact	0	
M0216	pdb6uh0	exact	0	
M0216	pdb6ux1	exact	0	
M0216	pdb6uzu	exact	0	
M0216	pdb6vj3	exact	0	
M0216	pdb6vkg	exact	0	
M0216	pdb6wka	exact	0	
M0216	pdb6wq4	exact	0	
M0216	pdb6wq5	exact	0	
M0216	pdb6wq7	exact	0	
M0216	pdb6wq8	exact	0	
M0216	pdb6wq9	exact	0	
M0216	pdb6xvh	exact	0	
M0216	pdb6xwz	partial	NA	
M0216	pdb6xxt	exact	0	
M0216	pdb6xze	exact	0	
M0216	pdb6xzo	exact	0	
M0216	pdb6xzs	exact	0	
M0216	pdb6xzx	exact	0	
M0216	pdb6xzy	exact	0	
M0216	pdb6y00	exact	0	
M0216	pdb6y74	exact	0	
M0216	pdb6yh4	exact	0	
M0216	pdb6yh5	exact	0	
M0216	pdb6yh6	exact	0	
M0216	pdb6yh7	exact	0	
M0216	pdb6yh8	exact	0	
M0216	pdb6yh9	exact	0	
M0216	pdb6yha	exact	0	
M0216	pdb6yhb	exact	0	
M0216	pdb6yhc	exact	0	
M0216	pdb6yj3	exact	0	
M0216	pdb6ykc	exact	0	
M0216	pdb6ykh	exact	0	
M0216	pdb6yma	exact	0	
M0216	pdb6ymb	exact	0	
M0216	pdb6yo2	exact	0	
M0216	pdb6yo4	exact	0	
M0216	pdb6yo7	exact	0	
M0216	pdb6yoi	exact	0	
M0216	pdb6yok	exact	0	
M0216	pdb6yol	exact	0	
M0216	pdb6ypw	exact	0	
M0216	pdb6yqt	exact	0	
M0216	pdb6yqu	exact	0	
M0216	pdb6yri	exact	0	
M0216	pdb6yzj	exact	0	
M0216	pdb6yzk	exact	0	
M0216	pdb6yzl	exact	0	
M0216	pdb6yzm	exact	0	
M0216	pdb6yzn	exact	0	
M0216	pdb6yzo	exact	0	
M0216	pdb6yzp	exact	0	
M0216	pdb6yzq	exact	0	
M0216	pdb6yzr	exact	0	
M0216	pdb6yzs	exact	0	
M0216	pdb6yzt	exact	0	
M0216	pdb6yzu	exact	0	
M0216	pdb6yzv	exact	0	
M0216	pdb6yzw	exact	0	
M0216	pdb6yzx	exact	0	
M0216	pdb6z04	exact	0	
M0216	pdb6zr8	exact	0	
M0216	pdb6zr9	exact	0	
M0216	pdb7bi5	exact	0	
M0216	pdb7ca2	exact	0	
M0216	pdb7jnr	exact	0	
M0216	pdb7jnv	exact	0	
M0216	pdb7jnw	exact	0	
M0216	pdb7jnx	exact	0	
M0216	pdb7jnz	exact	0	
M0216	pdb7jo0	exact	0	
M0216	pdb7jo1	exact	0	
M0216	pdb7jo2	exact	0	
M0216	pdb7jo3	exact	0	
M0216	pdb7job	exact	0	
M0216	pdb7joc	exact	0	
M0216	pdb7k6i	exact	0	
M0216	pdb7k6j	exact	0	
M0216	pdb7k6k	exact	0	
M0216	pdb7k6l	exact	0	
M0216	pdb7k6t	exact	0	
M0216	pdb7k6u	exact	0	
M0216	pdb7k6x	exact	0	
M0216	pdb7k6z	exact	0	
M0216	pdb8ca2	exact	0	
M0216	pdb9ca2	exact	0	
M0448	pdb1chk	exact	0	
M0448	pdb4ily	exact	0	
M0448	pdb4olt	exact	0	
M0448	pdb4qwp	substituted	1	ASP>ALA
M0448	pdb6lwu	substituted	1	GLU>ALA
M0448	pdb6x2q	substituted	1	GLU>ALA
M0448	pdb7c6c	exact	0	
M0448	pdb7c6d	substituted	1	GLU>ALA
M0732	pdb1ogh	substituted	1	ARG>TRP
M0732	pdb1pkh	substituted	1	ARG>TRP
M0732	pdb1pkj	substituted	1	ARG>TRP
M0732	pdb1pkk	substituted	1	ARG>TRP
M0732	pdb1xs1	exact	0	
M0732	pdb1xs4	substituted	1	GLU>ALA
M0732	pdb1xs6	substituted	1	GLU>ALA
M0732	pdb2hxb	substituted	1	ARG>TRP
M0732	pdb2hxd	substituted	2	ARG>TRP,GLU>ALA
M0732	pdb2j4h	exact	0	
M0732	pdb2j4q	substituted	1	GLU>ALA
M0732	pdb2qlp	substituted	1	ARG>PHE
M0732	pdb2qxx	substituted	1	ARG>PHE
M0732	pdb2r9q	substituted	2	ARG>LYS,GLU>LEU
M0732	pdb2v9x	substituted	1	GLU>ASP
M0732	pdb3gf0	substituted	2	ARG>TRP,GLU>GLN
M0732	pdb3km3	partial	NA	
M0732	pdb4a6a	substituted	2	ALA>VAL,ARG>PHE
M0732	pdb4dhk	substituted	2	ALA>PRO,ARG>PRO
M0732	pdb4xjc	substituted	1	ARG>TRP
M0734	pdb2hi7	exact	0	
M0734	pdb2k73	substituted	2	CYS>SER,CYS>SER
M0734	pdb2k74	substituted	2	CYS>SER,CYS>SER
M0734	pdb2l0l	partial	NA	
M0734	pdb2l0m	partial	NA	
M0734	pdb2leg	exact	0	
M0734	pdb2ltq	substituted	1	CYS>SER
M0734	pdb2zup	exact	0	
M0734	pdb2zuq	substituted	1	CYS>SER
M0734	pdb3e9j	exact	0	
M0456	pdb1d5r	exact	0	
M0456	pdb1lar	exact	0	
M0456	pdb2fh7	exact	0	
M0456	pdb3awe	exact	0	
M0456	pdb3awf	exact	0	
M0456	pdb3awg	exact	0	
M0456	pdb3n0a	substituted	2	ARG>ALA,ASP>ILE
M0456	pdb3v0d	substituted	1	CYS>SER
M0456	pdb3v0e	substituted	1	CYS>SER
M0456	pdb3v0f	substituted	1	CYS>SER
M0456	pdb3v0g	substituted	1	CYS>SER
M0456	pdb3v0h	substituted	1	CYS>SER
M0456	pdb3v0i	exact	0	
M0456	pdb3v0j	substituted	1	CYS>SER
M0456	pdb4bpc	substituted	1	CYS>CSO
M0456	pdb5bug	exact	0	
M0456	pdb5bzx	exact	0	
M0456	pdb5bzz	exact	0	
M0278	pdb1aac	partial	NA	
M0278	pdb1aaj	partial	NA	
M0278	pdb1aan	partial	NA	
M0278	pdb1ag6	exact	0	
M0278	pdb1b3i	exact	0	
M0278	pdb1baw	exact	0	
M0278	pdb1bqk	exact	0	
M0278	pdb1bqr	exact	0	
M0278	pdb1bxa	partial	NA	
M0278	pdb1bxu	exact	0	
M0278	pdb1bxv	exact	0	
M0278	pdb1byo	exact	0	
M0278	pdb1byp	exact	0	
M0278	pdb1fa4	exact	0	
M0278	pdb1id2	partial	NA	
M0278	pdb1iuz	exact	0	
M0278	pdb1j5c	exact	0	
M0278	pdb1j5d	exact	0	
M0278	pdb1jxd	exact	0	
M0278	pdb1jxf	exact	0	
M0278	pdb1jxg	exact	0	
M0278	pdb1kdi	exact	0	
M0278	pdb1kdj	exact	0	
M0278	pdb1m9w	exact	0	
M0278	pdb1mda	partial	NA	
M0278	pdb1mg2	partial	NA	
M0278	pdb1mg3	partial	NA	
M0278	pdb1nin	exact	0	
M0278	pdb1oow	exact	0	
M0278	pdb1pcs	exact	0	
M0278	pdb1pla	exact	0	
M0278	pdb1plb	exact	0	
M0278	pdb1plc	exact	0	
M0278	pdb1pnc	exact	0	
M0278	pdb1pnd	exact	0	
M0278	pdb1t5k	partial	NA	
M0278	pdb1tef	exact	0	
M0278	pdb1teg	exact	0	
M0278	pdb1tkw	exact	0	
M0278	pdb1tu2	exact	0	
M0278	pdb1ylb	exact	0	
M0278	pdb1zia	exact	0	
M0278	pdb1zib	exact	0	
M0278	pdb2b3i	exact	0	
M0278	pdb2bz7	exact	0	
M0278	pdb2bzc	exact	0	
M0278	pdb2cj3	exact	0	
M0278	pdb2gc4	partial	NA	
M0278	pdb2gc7	partial	NA	
M0278	pdb2gim	exact	0	
M0278	pdb2idq	partial	NA	
M0278	pdb2ids	partial	NA	
M0278	pdb2idt	partial	NA	
M0278	pdb2idu	partial	NA	
M0278	pdb2j55	partial	NA	
M0278	pdb2j56	partial	NA	
M0278	pdb2j57	partial	NA	
M0278	pdb2jkw	exact	0	
M0278	pdb2jxm	exact	0	
M0278	pdb2mta	partial	NA	
M0278	pdb2ov0	partial	NA	
M0278	pdb2pcf	exact	0	
M0278	pdb2pcy	exact	0	
M0278	pdb2plt	exact	0	
M0278	pdb2q5b	exact	0	
M0278	pdb2qdv	partial	NA	
M0278	pdb2qdw	partial	NA	
M0278	pdb2rac	partial	NA	
M0278	pdb2w88	exact	0	
M0278	pdb2w8c	exact	0	
M0278	pdb3bqv	exact	0	
M0278	pdb3c75	partial	NA	
M0278	pdb3cvb	exact	0	
M0278	pdb3cvc	exact	0	
M0278	pdb3cvd	exact	0	
M0278	pdb3ie9	partial	NA	
M0278	pdb3iea	partial	NA	
M0278	pdb3l45	partial	NA	
M0278	pdb3pcy	exact	0	
M0278	pdb3ply	substituted	1	HIS>THR
M0278	pdb3rym	partial	NA	
M0278	pdb3tu6	exact	0	
M0278	pdb4dp0	exact	0	
M0278	pdb4dp1	exact	0	
M0278	pdb4dp2	exact	0	
M0278	pdb4dp4	exact	0	
M0278	pdb4dp5	exact	0	
M0278	pdb4dp6	exact	0	
M0278	pdb4dp7	exact	0	
M0278	pdb4dp8	exact	0	
M0278	pdb4dp9	exact	0	
M0278	pdb4dpa	exact	0	
M0278	pdb4dpb	exact	0	
M0278	pdb4dpc	exact	0	
M0278	pdb4p5r	partial	NA	
M0278	pdb4p5s	partial	NA	
M0278	pdb4pcy	exact	0	
M0278	pdb4r0o	exact	0	
M0278	pdb4yl4	exact	0	
M0278	pdb5pcy	exact	0	
M0278	pdb6pcy	exact	0	
M0278	pdb6yez	exact	0	
M0278	pdb6zoo	exact	0	
M0278	pdb7pcy	exact	0	
M0278	pdb9pcy	exact	0	
M0682	pdb1aec	exact	0	
M0682	pdb1aim	exact	0	
M0682	pdb1atk	exact	0	
M0682	pdb1au0	exact	0	
M0682	pdb1au2	exact	0	
M0682	pdb1au3	exact	0	
M0682	pdb1au4	exact	0	
M0682	pdb1ayu	exact	0	
M0682	pdb1ayv	exact	0	
M0682	pdb1ayw	exact	0	
M0682	pdb1bgo	exact	0	
M0682	pdb1bp4	exact	0	
M0682	pdb1bqi	exact	0	
M0682	pdb1by8	exact	0	
M0682	pdb1cjl	substituted	2	GLN>HIS,CYS>MET
M0682	pdb1cpj	exact	0	
M0682	pdb1cqd	exact	0	
M0682	pdb1cs8	substituted	2	GLN>HIS,CYS>MET
M0682	pdb1csb	partial	NA	
M0682	pdb1cte	exact	0	
M0682	pdb1cvz	exact	0	
M0682	pdb1deu	exact	0	
M0682	pdb1ef7	exact	0	
M0682	pdb1ewl	exact	0	
M0682	pdb1ewm	exact	0	
M0682	pdb1ewo	exact	0	
M0682	pdb1ewp	exact	0	
M0682	pdb1f29	exact	0	
M0682	pdb1f2a	exact	0	
M0682	pdb1f2b	exact	0	
M0682	pdb1f2c	exact	0	
M0682	pdb1fh0	exact	0	
M0682	pdb1gec	exact	0	
M0682	pdb1glo	substituted	1	CYS>SER
M0682	pdb1gmy	exact	0	
M0682	pdb1huc	partial	NA	
M0682	pdb1icf	exact	0	
M0682	pdb1ito	exact	0	
M0682	pdb1iwd	exact	0	
M0682	pdb1jqp	exact	0	
M0682	pdb1k3b	partial	NA	
M0682	pdb1khp	exact	0	
M0682	pdb1khq	exact	0	
M0682	pdb1m6d	exact	0	
M0682	pdb1me3	exact	0	
M0682	pdb1me4	exact	0	
M0682	pdb1meg	exact	0	
M0682	pdb1mem	exact	0	
M0682	pdb1mhw	substituted	1	CYS>CSD
M0682	pdb1mir	substituted	2	GLN>THR,CYS>ASN
M0682	pdb1ms6	exact	0	
M0682	pdb1nb3	exact	0	
M0682	pdb1nb5	exact	0	
M0682	pdb1nl6	exact	0	
M0682	pdb1nlj	exact	0	
M0682	pdb1npz	exact	0	
M0682	pdb1nqc	exact	0	
M0682	pdb1o0e	exact	0	
M0682	pdb1pad	exact	0	
M0682	pdb1pbh	substituted	2	GLN>THR,CYS>ASN
M0682	pdb1pci	substituted	3	HIS>GLY,GLN>ILE,CYS>TRP
M0682	pdb1pe6	exact	0	
M0682	pdb1pip	exact	0	
M0682	pdb1pop	exact	0	
M0682	pdb1ppd	exact	0	
M0682	pdb1ppn	exact	0	
M0682	pdb1ppo	exact	0	
M0682	pdb1ppp	exact	0	
M0682	pdb1q6k	exact	0	
M0682	pdb1qdq	exact	0	
M0682	pdb1s4v	exact	0	
M0682	pdb1snk	exact	0	
M0682	pdb1sp4	partial	NA	
M0682	pdb1stf	substituted	1	CYS>CCS
M0682	pdb1the	exact	0	
M0682	pdb1tu6	exact	0	
M0682	pdb1u9q	substituted	1	HIS>LEU
M0682	pdb1u9v	exact	0	
M0682	pdb1u9w	exact	0	
M0682	pdb1u9x	exact	0	
M0682	pdb1vsn	exact	0	
M0682	pdb1xkg	substituted	1	CYS>ALA
M0682	pdb1yal	substituted	1	CYS>SCH
M0682	pdb1yk7	exact	0	
M0682	pdb1yk8	exact	0	
M0682	pdb1yt7	exact	0	
M0682	pdb1yvb	exact	0	
M0682	pdb2act	substituted	1	CYS>CSD
M0682	pdb2aim	exact	0	
M0682	pdb2as8	exact	0	
M0682	pdb2ato	exact	0	
M0682	pdb2aux	exact	0	
M0682	pdb2auz	exact	0	
M0682	pdb2b1m	substituted	1	CYS>GLY
M0682	pdb2b1n	substituted	1	CYS>GLY
M0682	pdb2bdl	exact	0	
M0682	pdb2bdz	exact	0	
M0682	pdb2c0y	substituted	1	CYS>ALA
M0682	pdb2cio	substituted	1	CYS>OCS
M0682	pdb2dc6	exact	0	
M0682	pdb2dc7	exact	0	
M0682	pdb2dc8	exact	0	
M0682	pdb2dc9	exact	0	
M0682	pdb2dca	exact	0	
M0682	pdb2dcb	exact	0	
M0682	pdb2dcc	exact	0	
M0682	pdb2dcd	exact	0	
M0682	pdb2djf	partial	NA	
M0682	pdb2djg	partial	NA	
M0682	pdb2f1g	exact	0	
M0682	pdb2f7d	exact	0	
M0682	pdb2fo5	exact	0	
M0682	pdb2fq9	exact	0	
M0682	pdb2fra	exact	0	
M0682	pdb2frq	exact	0	
M0682	pdb2ft2	exact	0	
M0682	pdb2ftd	exact	0	
M0682	pdb2fud	exact	0	
M0682	pdb2fye	exact	0	
M0682	pdb2g6d	exact	0	
M0682	pdb2g7y	exact	0	
M0682	pdb2ghu	exact	0	
M0682	pdb2h7j	exact	0	
M0682	pdb2hh5	exact	0	
M0682	pdb2hhn	exact	0	
M0682	pdb2hxz	exact	0	
M0682	pdb2ipp	partial	NA	
M0682	pdb2nqd	substituted	1	CYS>ALA
M0682	pdb2o6x	substituted	1	CYS>GLY
M0682	pdb2op3	exact	0	
M0682	pdb2oul	exact	0	
M0682	pdb2oz2	exact	0	
M0682	pdb2p7u	exact	0	
M0682	pdb2p86	exact	0	
M0682	pdb2pad	exact	0	
M0682	pdb2pbh	substituted	2	GLN>THR,CYS>ASN
M0682	pdb2pns	exact	0	
M0682	pdb2pre	exact	0	
M0682	pdb2r6n	exact	0	
M0682	pdb2r9m	exact	0	
M0682	pdb2r9n	exact	0	
M0682	pdb2r9o	exact	0	
M0682	pdb2vhs	substituted	1	CYS>SER
M0682	pdb2wbf	partial	NA	
M0682	pdb2xu1	exact	0	
M0682	pdb2xu3	exact	0	
M0682	pdb2xu4	exact	0	
M0682	pdb2xu5	exact	0	
M0682	pdb2yj2	exact	0	
M0682	pdb2yj8	exact	0	
M0682	pdb2yj9	exact	0	
M0682	pdb2yjb	exact	0	
M0682	pdb2yjc	exact	0	
M0682	pdb3ai8	exact	0	
M0682	pdb3bc3	substituted	1	CYS>CSD
M0682	pdb3bcn	exact	0	
M0682	pdb3bpf	exact	0	
M0682	pdb3bpm	exact	0	
M0682	pdb3bwk	exact	0	
M0682	pdb3c9e	exact	0	
M0682	pdb3cbj	substituted	1	CYS>ALA
M0682	pdb3cbk	substituted	1	CYS>ALA
M0682	pdb3ch2	partial	NA	
M0682	pdb3ch3	partial	NA	
M0682	pdb3d6s	partial	NA	
M0682	pdb3e1z	exact	0	
M0682	pdb3f5v	substituted	1	CYS>CSD
M0682	pdb3f75	exact	0	
M0682	pdb3h6s	partial	NA	
M0682	pdb3h7d	exact	0	
M0682	pdb3h89	exact	0	
M0682	pdb3h8b	exact	0	
M0682	pdb3h8c	substituted	1	CYS>CSD
M0682	pdb3hd3	exact	0	
M0682	pdb3hha	exact	0	
M0682	pdb3hhi	exact	0	
M0682	pdb3hwn	exact	0	
M0682	pdb3i06	exact	0	
M0682	pdb3iej	substituted	1	CYS>SER
M0682	pdb3ima	substituted	1	CYS>OCS
M0682	pdb3ioq	exact	0	
M0682	pdb3iut	exact	0	
M0682	pdb3iv2	substituted	1	CYS>ALA
M0682	pdb3k24	substituted	1	CYS>ALA
M0682	pdb3k9m	exact	0	
M0682	pdb3kfq	substituted	1	CYS>SCH
M0682	pdb3kku	exact	0	
M0682	pdb3kse	substituted	1	CYS>SCH
M0682	pdb3kw9	exact	0	
M0682	pdb3kwb	partial	NA	
M0682	pdb3kwn	partial	NA	
M0682	pdb3kwz	exact	0	
M0682	pdb3kx1	exact	0	
M0682	pdb3lfy	substituted	1	CYS>OCS
M0682	pdb3lxs	exact	0	
M0682	pdb3mor	exact	0	
M0682	pdb3mpe	partial	NA	
M0682	pdb3mpf	partial	NA	
M0682	pdb3n3g	exact	0	
M0682	pdb3n4c	exact	0	
M0682	pdb3o0u	exact	0	
M0682	pdb3o1g	exact	0	
M0682	pdb3of8	exact	0	
M0682	pdb3of9	exact	0	
M0682	pdb3ovx	exact	0	
M0682	pdb3ovz	exact	0	
M0682	pdb3p5u	substituted	1	CYS>CSD
M0682	pdb3p5v	substituted	1	CYS>CSO
M0682	pdb3p5w	exact	0	
M0682	pdb3p5x	substituted	1	CYS>CSO
M0682	pdb3pbh	substituted	2	GLN>THR,CYS>ASN
M0682	pdb3pdf	exact	0	
M0682	pdb3pnr	substituted	1	CYS>ALA
M0682	pdb3qj3	substituted	1	CYS>SER
M0682	pdb3qsd	exact	0	
M0682	pdb3qt4	substituted	1	CYS>SER
M0682	pdb3rvv	partial	NA	
M0682	pdb3rvw	partial	NA	
M0682	pdb3rvx	partial	NA	
M0682	pdb3s3q	exact	0	
M0682	pdb3s3r	exact	0	
M0682	pdb3tnx	substituted	1	CYS>ALA
M0682	pdb3u8e	exact	0	
M0682	pdb3usv	substituted	1	CYS>ALA
M0682	pdb4axl	exact	0	
M0682	pdb4axm	exact	0	
M0682	pdb4bpv	exact	0	
M0682	pdb4bqv	exact	0	
M0682	pdb4bs5	exact	0	
M0682	pdb4bs6	exact	0	
M0682	pdb4bsq	exact	0	
M0682	pdb4cdc	partial	NA	
M0682	pdb4cdd	partial	NA	
M0682	pdb4cde	partial	NA	
M0682	pdb4cdf	partial	NA	
M0682	pdb4dmx	exact	0	
M0682	pdb4dmy	exact	0	
M0682	pdb4hwy	exact	0	
M0682	pdb4i04	substituted	1	CYS>SER
M0682	pdb4i05	substituted	1	CYS>CSO
M0682	pdb4i07	substituted	1	CYS>CSD
M0682	pdb4klb	exact	0	
M0682	pdb4kp9	partial	NA	
M0682	pdb4mzo	exact	0	
M0682	pdb4mzs	exact	0	
M0682	pdb4n4z	exact	0	
M0682	pdb4n79	exact	0	
M0682	pdb4n8w	exact	0	
M0682	pdb4oel	partial	NA	
M0682	pdb4oem	partial	NA	
M0682	pdb4p6e	exact	0	
M0682	pdb4p6g	exact	0	
M0682	pdb4pad	exact	0	
M0682	pdb4pi3	exact	0	
M0682	pdb4pp1	partial	NA	
M0682	pdb4pp2	partial	NA	
M0682	pdb4qh6	exact	0	
M0682	pdb4qrg	substituted	1	CYS>ALA
M0682	pdb4qrv	substituted	1	CYS>ALA
M0682	pdb4qrx	substituted	1	CYS>ALA
M0682	pdb4w5b	substituted	1	CYS>SER
M0682	pdb4w5c	substituted	1	CYS>SER
M0682	pdb4x6h	exact	0	
M0682	pdb4x6i	exact	0	
M0682	pdb4x6j	exact	0	
M0682	pdb4xui	exact	0	
M0682	pdb4yv8	exact	0	
M0682	pdb4yva	exact	0	
M0682	pdb4yyq	substituted	1	CYS>SCH
M0682	pdb4yyr	substituted	1	CYS>SCH
M0682	pdb4yys	substituted	1	CYS>SCH
M0682	pdb4yyu	substituted	1	CYS>SCH
M0682	pdb4yyv	substituted	1	CYS>SCH
M0682	pdb4yyw	substituted	1	CYS>SCH
M0682	pdb5a24	exact	0	
M0682	pdb5ef4	exact	0	
M0682	pdb5egw	exact	0	
M0682	pdb5f02	exact	0	
M0682	pdb5fpw	substituted	2	HIS>THR,CYS>SER
M0682	pdb5i4h	partial	NA	
M0682	pdb5j94	substituted	1	CYS>SER
M0682	pdb5ja7	substituted	1	CYS>SER
M0682	pdb5jh3	substituted	1	CYS>SER
M0682	pdb5jt8	substituted	1	CYS>CSO
M0682	pdb5mae	exact	0	
M0682	pdb5maj	exact	0	
M0682	pdb5mbl	substituted	1	CYS>SCH
M0682	pdb5mbm	substituted	1	CYS>SCH
M0682	pdb5mqy	exact	0	
M0682	pdb5ogq	exact	0	
M0682	pdb5ogr	exact	0	
M0682	pdb5pad	exact	0	
M0682	pdb5t6u	exact	0	
M0682	pdb5tdi	exact	0	
M0682	pdb5tun	exact	0	
M0682	pdb5vcn	exact	0	
M0682	pdb5vco	exact	0	
M0682	pdb5vpg	exact	0	
M0682	pdb5vph	exact	0	
M0682	pdb5vpk	exact	0	
M0682	pdb5vpl	exact	0	
M0682	pdb6ash	exact	0	
M0682	pdb6exo	substituted	1	CYS>CSX
M0682	pdb6exq	exact	0	
M0682	pdb6ezp	exact	0	
M0682	pdb6ezx	exact	0	
M0682	pdb6f06	exact	0	
M0682	pdb6h8t	exact	0	
M0682	pdb6hgy	exact	0	
M0682	pdb6ic5	partial	NA	
M0682	pdb6ic6	partial	NA	
M0682	pdb6ic7	partial	NA	
M0682	pdb6n3s	exact	0	
M0682	pdb6o2x	substituted	1	CYS>SCH
M0682	pdb6pad	exact	0	
M0682	pdb6pxf	exact	0	
M0682	pdb6qbs	exact	0	
M0682	pdb6ql8	exact	0	
M0682	pdb6rn6	partial	NA	
M0682	pdb6rn7	partial	NA	
M0682	pdb6rn9	partial	NA	
M0682	pdb6rne	partial	NA	
M0682	pdb6rni	partial	NA	
M0682	pdb6tcx	partial	NA	
M0682	pdb6ux6	exact	0	
M0682	pdb6yi7	exact	0	
M0682	pdb7pck	substituted	2	GLN>ARG,CYS>LYS
M0682	pdb8pch	exact	0	
M0682	pdb9pap	substituted	1	CYS>OCS
M0381	pdb1cl0	exact	0	
M0381	pdb1f6m	substituted	1	CYS>SER
M0381	pdb1f8w	substituted	3	CYS>LYS,CYS>GLN,ASP>LYS
M0381	pdb1fl2	exact	0	
M0381	pdb1joa	substituted	3	CYS>LYS,CYS>GLN,ASP>LYS
M0381	pdb1nhp	substituted	3	CYS>LYS,CYS>GLN,ASP>LYS
M0381	pdb1nhq	substituted	3	CYS>LYS,CYS>GLN,ASP>LYS
M0381	pdb1nhr	substituted	3	CYS>LYS,CYS>GLN,ASP>LYS
M0381	pdb1nhs	substituted	3	CYS>LYS,CYS>GLN,ASP>LYS
M0381	pdb1npx	substituted	3	CYS>LYS,CYS>GLN,ASP>LYS
M0381	pdb1tde	exact	0	
M0381	pdb1tdf	substituted	1	CYS>SER
M0381	pdb1trb	substituted	1	CYS>SER
M0381	pdb1vdc	exact	0	
M0381	pdb1yqz	substituted	2	CYS>THR,CYS>ILE
M0381	pdb2a87	exact	0	
M0381	pdb2npx	substituted	3	CYS>LYS,CYS>GLN,ASP>LYS
M0381	pdb2q0k	exact	0	
M0381	pdb2q0l	exact	0	
M0381	pdb2q7v	exact	0	
M0381	pdb2whd	exact	0	
M0381	pdb2zbw	partial	NA	
M0381	pdb3ab1	partial	NA	
M0381	pdb3cty	exact	0	
M0381	pdb3d8x	exact	0	
M0381	pdb3f8d	substituted	1	CYS>ALA
M0381	pdb3f8p	exact	0	
M0381	pdb3f8r	exact	0	
M0381	pdb3ish	exact	0	
M0381	pdb3itj	exact	0	
M0381	pdb3lzw	partial	NA	
M0381	pdb3lzx	partial	NA	
M0381	pdb3r9u	exact	0	
M0381	pdb4a5l	exact	0	
M0381	pdb4a65	exact	0	
M0381	pdb4cbq	exact	0	
M0381	pdb4ccq	exact	0	
M0381	pdb4ccr	exact	0	
M0381	pdb4em3	substituted	2	CYS>THR,CYS>ILE
M0381	pdb4em4	substituted	2	CYS>THR,CYS>ILE
M0381	pdb4emw	substituted	2	CYS>THR,CYS>ILE
M0381	pdb4eqr	substituted	2	CYS>THR,CYS>ILE
M0381	pdb4eqs	substituted	2	CYS>THR,CYS>ILE
M0381	pdb4eqw	substituted	2	CYS>THR,CYS>ILE
M0381	pdb4eqx	substituted	2	CYS>THR,CYS>ILE
M0381	pdb4gcm	exact	0	
M0381	pdb4jnq	exact	0	
M0381	pdb4o5q	exact	0	
M0381	pdb4o5u	exact	0	
M0381	pdb4up3	substituted	1	CYS>SER
M0381	pdb4xvg	exact	0	
M0381	pdb4ykf	exact	0	
M0381	pdb4ykg	substituted	1	CYS>CSD
M0381	pdb4ylf	substituted	2	CYS>VAL,CYS>TYR
M0381	pdb4yry	substituted	2	CYS>VAL,CYS>TYR
M0381	pdb4zn0	exact	0	
M0381	pdb5j60	exact	0	
M0381	pdb5m5j	exact	0	
M0381	pdb5mh4	exact	0	
M0381	pdb5mip	exact	0	
M0381	pdb5miq	exact	0	
M0381	pdb5mir	exact	0	
M0381	pdb5mis	exact	0	
M0381	pdb5mit	exact	0	
M0381	pdb5mjk	exact	0	
M0381	pdb5n0j	exact	0	
M0381	pdb5ode	exact	0	
M0381	pdb5twb	partial	NA	
M0381	pdb5twc	partial	NA	
M0381	pdb5u63	exact	0	
M0381	pdb5usx	exact	0	
M0381	pdb5uth	exact	0	
M0381	pdb5utx	exact	0	
M0381	pdb5uwy	substituted	2	CYS>ALA,ASP>PHE
M0381	pdb5vt3	exact	0	
M0381	pdb6a4j	partial	NA	
M0759	pdb1cl1	exact	0	
M0759	pdb1cl2	substituted	1	LLP>LYS
M0759	pdb1cs1	exact	0	
M0759	pdb1e5e	substituted	1	LLP>LYS
M0759	pdb1e5f	substituted	1	LLP>LYS
M0759	pdb1gc0	partial	NA	
M0759	pdb1gc2	partial	NA	
M0759	pdb1i41	substituted	1	LLP>LYS
M0759	pdb1i43	substituted	1	LLP>LYS
M0759	pdb1i48	substituted	1	LLP>LYS
M0759	pdb1ibj	substituted	1	LLP>LYS
M0759	pdb1n8p	substituted	1	LLP>LYS
M0759	pdb1pff	partial	NA	
M0759	pdb1pg8	substituted	1	LLP>LYS
M0759	pdb1qgn	substituted	1	LLP>LYS
M0759	pdb1ukj	exact	0	
M0759	pdb1y4i	exact	0	
M0759	pdb2cb1	substituted	2	TYR>PHE,LLP>LYS
M0759	pdb2ctz	substituted	1	LLP>LYS
M0759	pdb2fq6	substituted	1	LLP>LYS
M0759	pdb2gqn	substituted	1	LLP>LYS
M0759	pdb2nmp	substituted	1	LLP>LYS
M0759	pdb2o7c	exact	0	
M0759	pdb2rfv	exact	0	
M0759	pdb3acz	exact	0	
M0759	pdb3aej	exact	0	
M0759	pdb3ael	substituted	1	LLP>LYS
M0759	pdb3aem	exact	0	
M0759	pdb3aen	exact	0	
M0759	pdb3aeo	substituted	1	LLP>LYS
M0759	pdb3aep	substituted	1	LLP>LYS
M0759	pdb3cog	substituted	1	LLP>LYS
M0759	pdb3e6g	substituted	2	LLP>LYS,ARG>ASN
M0759	pdb3elp	substituted	2	LLP>LYS,ARG>THR
M0759	pdb3jw9	exact	0	
M0759	pdb3jwa	exact	0	
M0759	pdb3jwb	exact	0	
M0759	pdb3mkj	partial	NA	
M0759	pdb3ndn	substituted	1	TYR>PHE
M0759	pdb3qhx	exact	0	
M0759	pdb3qi6	exact	0	
M0759	pdb3ri6	substituted	3	TYR>PHE,LLP>LYS,ARG>LEU
M0759	pdb3vk2	exact	0	
M0759	pdb3vk3	exact	0	
M0759	pdb3vk4	exact	0	
M0759	pdb4hf8	substituted	1	LLP>LYS
M0759	pdb4itg	exact	0	
M0759	pdb4itx	substituted	1	LLP>LYS
M0759	pdb4ixs	exact	0	
M0759	pdb4ixz	exact	0	
M0759	pdb4iy7	substituted	1	LLP>LYS
M0759	pdb4iyo	exact	0	
M0759	pdb4kam	substituted	1	LLP>LYS
M0759	pdb4l0o	substituted	1	LLP>LYS
M0759	pdb4mkj	exact	0	
M0759	pdb4mkk	exact	0	
M0759	pdb4oc9	exact	0	
M0759	pdb4oma	substituted	1	LLP>LYS
M0759	pdb4p7y	substituted	4	TYR>ILE,ASP>VAL,LLP>THR,ARG>THR
M0759	pdb4q31	exact	0	
M0759	pdb4u1t	exact	0	
M0759	pdb4u2h	substituted	1	LLP>LYS
M0759	pdb4xq2	exact	0	
M0759	pdb5d5s	partial	NA	
M0759	pdb5dx5	substituted	1	LLP>LYS
M0759	pdb5e4z	substituted	1	LLP>LYS
M0759	pdb5eig	exact	0	
M0759	pdb5ijg	substituted	1	LLP>LYS
M0759	pdb5k30	substituted	1	LLP>LYS
M0759	pdb5m3z	substituted	1	LLP>LYS
M0759	pdb5tsu	exact	0	
M0759	pdb5tt2	partial	NA	
M0759	pdb5x2v	exact	0	
M0759	pdb5x2w	substituted	1	LLP>LYS
M0759	pdb5x2x	substituted	1	LLP>LYS
M0759	pdb5x2y	exact	0	
M0759	pdb5x2z	substituted	1	LLP>LYS
M0759	pdb5x30	exact	0	
M0759	pdb5x5h	substituted	1	LLP>LYS
M0759	pdb6s0c	substituted	1	LLP>LYS
M0916	pdb4z71	partial	NA	
M0122	pdb1ff3	substituted	2	CYS>LEU,CYS>CAS
M0122	pdb1fva	exact	0	
M0122	pdb1fvg	partial	NA	
M0122	pdb1nwa	substituted	1	CYS>LEU
M0122	pdb2gt3	substituted	1	CYS>LEU
M0122	pdb2iem	substituted	1	CYS>LEU
M0122	pdb2j89	substituted	2	CYS>MET,CYS>ASP
M0122	pdb2l90	exact	0	
M0122	pdb3bqe	substituted	1	CYS>GLU
M0122	pdb3bqf	substituted	2	CYS>GLU,CYS>SER
M0122	pdb3bqg	substituted	3	CYS>SER,CYS>GLU,CYS>CSO
M0122	pdb3bqh	substituted	1	CYS>GLU
M0122	pdb3e0m	substituted	1	CYS>LYS
M0122	pdb3pil	partial	NA	
M0122	pdb3pim	partial	NA	
M0122	pdb3pin	partial	NA	
M0122	pdb4d7l	exact	0	
M0122	pdb4gwb	substituted	1	CYS>LEU
M0122	pdb4lwj	substituted	4	ASP>THR,CYS>LEU,CYS>ASN,CYS>CSO
M0122	pdb4lwk	substituted	4	ASP>THR,CYS>LEU,CYS>ASN,CYS>SER
M0122	pdb4lwl	substituted	5	GLU>ALA,ASP>THR,CYS>LEU,CYS>ASN,CYS>CSO
M0122	pdb4lwm	substituted	4	GLU>ASP,ASP>THR,CYS>LEU,CYS>ASN
M0122	pdb4u66	substituted	3	ASP>THR,CYS>LEU,CYS>ASN
M0122	pdb4w8c	partial	NA	
M0122	pdb5fa9	partial	NA	
M0122	pdb6agv	partial	NA	
M0122	pdb6yev	substituted	3	CYS>ALA,CYS>LEU,CYS>ALA
M0122	pdb7c13	substituted	3	ASP>THR,CYS>LEU,CYS>ASN
M0122	pdb7e43	substituted	2	CYS>GLU,CYS>SER
M0435	pdb1a9x	partial	NA	
M0435	pdb1bnc	partial	NA	
M0435	pdb1bxr	substituted	2	CYS>ARG,HIS>GLY
M0435	pdb1c30	partial	NA	
M0435	pdb1c3o	partial	NA	
M0435	pdb1ce8	partial	NA	
M0435	pdb1cs0	partial	NA	
M0435	pdb1dv1	partial	NA	
M0435	pdb1dv2	partial	NA	
M0435	pdb1eyz	partial	NA	
M0435	pdb1ez1	partial	NA	
M0435	pdb1jdb	partial	NA	
M0435	pdb1kee	partial	NA	
M0435	pdb1kj8	partial	NA	
M0435	pdb1kj9	partial	NA	
M0435	pdb1kji	partial	NA	
M0435	pdb1kjj	partial	NA	
M0435	pdb1kjq	partial	NA	
M0435	pdb1m6v	partial	NA	
M0435	pdb1qdl	partial	NA	
M0435	pdb1t36	partial	NA	
M0435	pdb1ulz	partial	NA	
M0435	pdb1wl8	partial	NA	
M0435	pdb2a9v	partial	NA	
M0435	pdb2c00	partial	NA	
M0435	pdb2cqy	partial	NA	
M0435	pdb2d7j	partial	NA	
M0435	pdb2dzd	partial	NA	
M0435	pdb2gps	partial	NA	
M0435	pdb2gpw	partial	NA	
M0435	pdb2j9g	partial	NA	
M0435	pdb2lxn	partial	NA	
M0435	pdb2qf7	partial	NA	
M0435	pdb2v58	partial	NA	
M0435	pdb2v59	partial	NA	
M0435	pdb2v5a	partial	NA	
M0435	pdb2vpq	partial	NA	
M0435	pdb2vqd	partial	NA	
M0435	pdb2vr1	partial	NA	
M0435	pdb2w6m	partial	NA	
M0435	pdb2w6n	partial	NA	
M0435	pdb2w6o	partial	NA	
M0435	pdb2w6p	partial	NA	
M0435	pdb2w6q	partial	NA	
M0435	pdb2w6z	partial	NA	
M0435	pdb2w70	partial	NA	
M0435	pdb2w71	partial	NA	
M0435	pdb3bg5	substituted	16	ARG>LYS,ARG>LYS,LYS>SER,GLU>HIS,HIS>ARG,ASN>THR,GLN>GLU,ARG>ILE,GLY>SER,GLY>MET,GLU>THR,GLN>SER,GLU>VAL,ARG>GLN,CYS>GLN,HIS>MET
M0435	pdb3g8c	partial	NA	
M0435	pdb3g8d	partial	NA	
M0435	pdb3hb9	substituted	16	ARG>LYS,ARG>LYS,LYS>SER,GLU>HIS,HIS>ARG,ASN>THR,GLN>GLU,ARG>ILE,GLY>SER,GLY>MET,GLU>THR,GLN>SER,GLU>VAL,ARG>GLN,CYS>GLN,HIS>MET
M0435	pdb3hbl	substituted	16	ARG>LYS,ARG>LYS,LYS>SER,GLU>HIS,HIS>ARG,ASN>THR,GLN>GLU,ARG>ILE,GLY>SER,GLY>MET,GLU>THR,GLN>SER,GLU>VAL,ARG>GLN,CYS>GLN,HIS>MET
M0435	pdb3ho8	partial	NA	
M0435	pdb3jzf	partial	NA	
M0435	pdb3jzi	partial	NA	
M0435	pdb3n6r	partial	NA	
M0435	pdb3ouu	partial	NA	
M0435	pdb3ouz	partial	NA	
M0435	pdb3rup	partial	NA	
M0435	pdb3rv3	partial	NA	
M0435	pdb3rv4	partial	NA	
M0435	pdb3tw6	partial	NA	
M0435	pdb3tw7	partial	NA	
M0435	pdb3va7	partial	NA	
M0435	pdb4hnt	substituted	16	ARG>LYS,ARG>LYS,LYS>SER,GLU>HIS,HIS>ARG,ASN>THR,GLN>GLU,ARG>ILE,GLY>SER,GLY>MET,GLU>THR,GLN>SER,GLU>VAL,ARG>GLN,CYS>GLN,HIS>MET
M0435	pdb4hnu	substituted	16	ARG>LYS,ARG>LYS,LYS>SER,GLU>HIS,HIS>ARG,ASN>THR,GLN>GLU,ARG>ILE,GLY>SER,GLY>MET,GLU>THR,GLN>SER,GLU>VAL,ARG>GLN,CYS>GLN,HIS>MET
M0435	pdb4hnv	substituted	15	ARG>LYS,ARG>LYS,GLU>HIS,HIS>ARG,ASN>THR,GLN>GLU,ARG>ILE,GLY>SER,GLY>MET,GLU>THR,GLN>SER,GLU>VAL,ARG>GLN,CYS>GLN,HIS>MET
M0435	pdb4hr7	partial	NA	
M0435	pdb4mv1	partial	NA	
M0435	pdb4mv3	partial	NA	
M0435	pdb4mv4	partial	NA	
M0435	pdb4mv6	partial	NA	
M0435	pdb4mv7	partial	NA	
M0435	pdb4mv8	partial	NA	
M0435	pdb4mv9	partial	NA	
M0435	pdb4qsh	partial	NA	
M0435	pdb4qsk	partial	NA	
M0435	pdb4qsl	partial	NA	
M0435	pdb4rzq	partial	NA	
M0435	pdb5dot	partial	NA	
M0435	pdb5dou	substituted	14	ARG>GLU,ARG>ASN,LYS>ASN,ASN>GLN,GLN>HIS,ASN>ARG,ARG>GLU,GLY>ASN,GLY>PRO,GLN>ARG,GLU>ARG,ASN>GLN,CYS>ARG,HIS>PRO
M0435	pdb5h80	partial	NA	
M0435	pdb5i8i	partial	NA	
M0435	pdb5vyw	partial	NA	
M0435	pdb5vyz	substituted	18	ARG>ASP,LYS>ILE,GLU>ASP,HIS>ALA,ASN>ASP,GLN>PHE,ASN>THR,ARG>THR,ARG>ALA,GLY>PRO,GLY>SER,GLU>PHE,GLN>ALA,GLU>ASP,ASN>TYR,ARG>GLU,CYS>GLU,HIS>SER
M0435	pdb5vz0	partial	NA	
M0435	pdb6oi8	partial	NA	
M0435	pdb6ojh	partial	NA	
M0519	pdb1cvl	exact	0	
M0519	pdb1ex9	substituted	3	LEU>MET,VAL>LEU,GLN>HIS
M0519	pdb1hqd	exact	0	
M0519	pdb1oil	exact	0	
M0519	pdb1qge	partial	NA	
M0519	pdb1tah	exact	0	
M0519	pdb1ys1	exact	0	
M0519	pdb1ys2	exact	0	
M0519	pdb2es4	exact	0	
M0519	pdb2lip	exact	0	
M0519	pdb2nw6	exact	0	
M0519	pdb3lip	exact	0	
M0519	pdb3w9u	substituted	1	VAL>LEU
M0519	pdb4gw3	substituted	1	VAL>LEU
M0519	pdb4gxn	substituted	1	VAL>LEU
M0519	pdb4hs9	substituted	1	VAL>LEU
M0519	pdb4lip	exact	0	
M0519	pdb5h6b	partial	NA	
M0519	pdb5h6g	partial	NA	
M0519	pdb5lip	exact	0	
M0506	pdb1amo	substituted	2	GLU>ASP,TYR>TRP
M0506	pdb1b2r	substituted	1	GLU>ALA
M0506	pdb1bjk	exact	0	
M0506	pdb1bqe	exact	0	
M0506	pdb1bx0	substituted	1	GLU>LEU
M0506	pdb1bx1	substituted	1	GLU>GLN
M0506	pdb1ddg	substituted	1	GLU>ASP
M0506	pdb1ddi	substituted	1	GLU>ASP
M0506	pdb1e62	exact	0	
M0506	pdb1e63	exact	0	
M0506	pdb1e64	exact	0	
M0506	pdb1ewy	exact	0	
M0506	pdb1f20	substituted	2	GLU>ASP,TYR>PHE
M0506	pdb1fnb	exact	0	
M0506	pdb1fnc	exact	0	
M0506	pdb1fnd	exact	0	
M0506	pdb1frn	substituted	1	SER>VAL
M0506	pdb1frq	substituted	1	GLU>ALA
M0506	pdb1gaq	exact	0	
M0506	pdb1gaw	exact	0	
M0506	pdb1gjr	exact	0	
M0506	pdb1go2	exact	0	
M0506	pdb1gr1	exact	0	
M0506	pdb1h42	exact	0	
M0506	pdb1h85	exact	0	
M0506	pdb1j9z	substituted	2	GLU>ASP,TYR>GLY
M0506	pdb1ja0	partial	NA	
M0506	pdb1ja1	substituted	4	CYS>ALA,GLU>ASN,TYR>TRP,SER>ALA
M0506	pdb1jb9	exact	0	
M0506	pdb1ogi	exact	0	
M0506	pdb1ogj	exact	0	
M0506	pdb1qfy	substituted	1	TYR>SER
M0506	pdb1qfz	substituted	1	TYR>SER
M0506	pdb1qg0	exact	0	
M0506	pdb1qga	substituted	1	TYR>TRP
M0506	pdb1qgy	exact	0	
M0506	pdb1qgz	exact	0	
M0506	pdb1qh0	exact	0	
M0506	pdb1que	exact	0	
M0506	pdb1quf	exact	0	
M0506	pdb1sm4	exact	0	
M0506	pdb1tll	partial	NA	
M0506	pdb1w34	substituted	1	TYR>SER
M0506	pdb1w35	substituted	1	TYR>TRP
M0506	pdb1w87	substituted	1	TYR>TRP
M0506	pdb2b5o	exact	0	
M0506	pdb2bf4	substituted	2	GLU>ASP,TYR>TRP
M0506	pdb2bmw	exact	0	
M0506	pdb2bn4	substituted	2	GLU>ASP,TYR>TRP
M0506	pdb2bpo	substituted	2	GLU>ASP,TYR>TRP
M0506	pdb2bsa	substituted	1	TYR>SER
M0506	pdb2ok7	exact	0	
M0506	pdb2ok8	exact	0	
M0506	pdb2qtl	substituted	2	GLU>ASP,TYR>TRP
M0506	pdb2qtz	substituted	2	GLU>ASP,TYR>TRP
M0506	pdb2r6h	partial	NA	
M0506	pdb2rc5	exact	0	
M0506	pdb2rc6	exact	0	
M0506	pdb2vyq	substituted	1	TYR>SER
M0506	pdb2vzl	substituted	1	TYR>SER
M0506	pdb2x3u	substituted	1	TYR>PHE
M0506	pdb2xnc	exact	0	
M0506	pdb2xnj	exact	0	
M0506	pdb3es9	substituted	2	GLU>ASP,TYR>TRP
M0506	pdb3fjo	substituted	2	GLU>ASP,TYR>TRP
M0506	pdb3jqp	exact	0	
M0506	pdb3jqq	exact	0	
M0506	pdb3jqr	exact	0	
M0506	pdb3lo8	exact	0	
M0506	pdb3lvb	exact	0	
M0506	pdb3mhp	exact	0	
M0506	pdb3ojw	substituted	2	GLU>ASP,TYR>TRP
M0506	pdb3ojx	substituted	2	GLU>ASP,TYR>TRP
M0506	pdb3qe2	substituted	2	GLU>ASP,TYR>TRP
M0506	pdb3qfc	substituted	2	GLU>ASP,TYR>TRP
M0506	pdb3qfr	substituted	2	GLU>ASP,TYR>TRP
M0506	pdb3qfs	substituted	2	GLU>ASP,TYR>TRP
M0506	pdb3qft	substituted	2	GLU>ASP,TYR>TRP
M0506	pdb3vo1	exact	0	
M0506	pdb3vo2	exact	0	
M0506	pdb3w5u	exact	0	
M0506	pdb3w5v	exact	0	
M0506	pdb3wkt	substituted	2	GLU>ASP,TYR>TRP
M0506	pdb3zbt	exact	0	
M0506	pdb3zbu	substituted	1	SER>ALA
M0506	pdb3zc3	substituted	1	SER>ALA
M0506	pdb4af6	exact	0	
M0506	pdb4af7	substituted	1	CYS>MET
M0506	pdb4bpr	substituted	1	TYR>PHE
M0506	pdb4c43	exact	0	
M0506	pdb4dqk	substituted	2	GLU>ASP,TYR>TRP
M0506	pdb4dql	substituted	2	GLU>ASP,TYR>TRP
M0506	pdb4y7c	substituted	2	GLU>ASP,TYR>TRP
M0506	pdb4y9r	substituted	2	GLU>ASP,TYR>TRP
M0506	pdb4y9u	substituted	2	GLU>ASP,TYR>TRP
M0506	pdb4yaf	substituted	2	GLU>ASP,TYR>TRP
M0506	pdb4yal	substituted	2	GLU>ASP,TYR>TRP
M0506	pdb4yao	substituted	2	GLU>ASP,TYR>TRP
M0506	pdb4yau	substituted	2	GLU>ASP,TYR>TRP
M0506	pdb4yaw	substituted	2	GLU>ASP,TYR>TRP
M0506	pdb5emn	substituted	2	GLU>ASP,TYR>TRP
M0506	pdb5fa6	substituted	2	GLU>ASP,TYR>TRP
M0506	pdb5gxu	substituted	2	GLU>ASP,TYR>TRP
M0506	pdb5h59	exact	0	
M0506	pdb5h5j	exact	0	
M0506	pdb5urd	substituted	2	GLU>ASP,TYR>TRP
M0506	pdb5ure	substituted	2	GLU>ASP,TYR>TRP
M0506	pdb5vw2	substituted	1	TYR>SER
M0506	pdb5vw3	substituted	1	TYR>SER
M0506	pdb5vw4	substituted	1	TYR>SER
M0506	pdb5vw5	substituted	1	TYR>ALA
M0506	pdb5vw6	substituted	1	TYR>ALA
M0506	pdb5vw7	substituted	1	TYR>ALA
M0506	pdb5vw8	substituted	1	TYR>SER
M0506	pdb5vw9	substituted	1	TYR>SER
M0506	pdb5vwa	substituted	1	TYR>PHE
M0506	pdb5vwb	substituted	1	TYR>PHE
M0357	pdb2thi	exact	0	
M0357	pdb3thi	exact	0	
M0357	pdb4hcw	exact	0	
M0357	pdb4hcy	exact	0	
M0357	pdb4kys	substituted	3	CYS>TYR,GLU>SER,ASP>ILE
M0357	pdb4thi	exact	0	
M0414	pdb1b2m	exact	0	
M0414	pdb1bir	substituted	1	PHE>ALA
M0414	pdb1bu4	exact	0	
M0414	pdb1bvi	exact	0	
M0414	pdb1ch0	exact	0	
M0414	pdb1det	substituted	1	GLU>CGA
M0414	pdb1fus	exact	0	
M0414	pdb1fut	exact	0	
M0414	pdb1fys	exact	0	
M0414	pdb1fzu	exact	0	
M0414	pdb1g02	exact	0	
M0414	pdb1gsp	exact	0	
M0414	pdb1hyf	exact	0	
M0414	pdb1hz1	exact	0	
M0414	pdb1i0v	exact	0	
M0414	pdb1i0x	exact	0	
M0414	pdb1i2e	exact	0	
M0414	pdb1i2f	exact	0	
M0414	pdb1i2g	exact	0	
M0414	pdb1i3f	exact	0	
M0414	pdb1i3i	exact	0	
M0414	pdb1iyy	exact	0	
M0414	pdb1lov	substituted	1	GLU>ALA
M0414	pdb1low	substituted	1	HIS>ALA
M0414	pdb1loy	substituted	2	HIS>ALA,GLU>ALA
M0414	pdb1lra	substituted	1	GLU>ALA
M0414	pdb1q9e	exact	0	
M0414	pdb1rck	exact	0	
M0414	pdb1rcl	exact	0	
M0414	pdb1rds	exact	0	
M0414	pdb1rga	exact	0	
M0414	pdb1rgc	exact	0	
M0414	pdb1rgk	exact	0	
M0414	pdb1rgl	exact	0	
M0414	pdb1rhl	exact	0	
M0414	pdb1rls	exact	0	
M0414	pdb1rms	exact	0	
M0414	pdb1rn1	exact	0	
M0414	pdb1rn4	substituted	1	HIS>ALA
M0414	pdb1rnt	exact	0	
M0414	pdb1rtu	exact	0	
M0414	pdb1trp	exact	0	
M0414	pdb1trq	exact	0	
M0414	pdb1tto	exact	0	
M0414	pdb1ygw	exact	0	
M0414	pdb2aad	substituted	1	HIS>LYS
M0414	pdb2aae	substituted	1	HIS>LYS
M0414	pdb2bir	exact	0	
M0414	pdb2bu4	exact	0	
M0414	pdb2gsp	exact	0	
M0414	pdb2hoh	exact	0	
M0414	pdb2rnt	exact	0	
M0414	pdb3agn	exact	0	
M0414	pdb3ago	exact	0	
M0414	pdb3ahs	exact	0	
M0414	pdb3ahw	exact	0	
M0414	pdb3bir	substituted	1	HIS>ASN
M0414	pdb3bu4	exact	0	
M0414	pdb3gsp	exact	0	
M0414	pdb3hoh	exact	0	
M0414	pdb3rnt	exact	0	
M0414	pdb3syu	substituted	1	GLU>CGA
M0414	pdb3urp	exact	0	
M0414	pdb3who	exact	0	
M0414	pdb3wr2	exact	0	
M0414	pdb4bir	substituted	1	HIS>GLN
M0414	pdb4bu4	exact	0	
M0414	pdb4gsp	exact	0	
M0414	pdb4hoh	exact	0	
M0414	pdb4rnt	substituted	1	HIS>ALA
M0414	pdb5bir	substituted	1	HIS>GLN
M0414	pdb5bu4	exact	0	
M0414	pdb5gsp	exact	0	
M0414	pdb5gy6	exact	0	
M0414	pdb5hoh	exact	0	
M0414	pdb5rnt	exact	0	
M0414	pdb6gsp	exact	0	
M0414	pdb6ls1	exact	0	
M0414	pdb6rnt	exact	0	
M0414	pdb7gsp	exact	0	
M0414	pdb7rnt	exact	0	
M0414	pdb8rnt	exact	0	
M0414	pdb9rnt	exact	0	
M0096	pdb1chm	exact	0	
M0096	pdb1kp0	exact	0	
M0096	pdb1pv9	substituted	1	GLU>THR
M0096	pdb1wn1	substituted	1	GLU>THR
M0096	pdb1wy2	substituted	1	GLU>THR
M0096	pdb2how	substituted	1	GLU>THR
M0096	pdb2zsg	substituted	2	GLU>THR,GLU>VAL
M0096	pdb3mr1	substituted	1	GLU>SER
M0096	pdb3q6d	substituted	1	GLU>THR
M0096	pdb4ege	substituted	2	GLU>THR,GLU>ALA
M0096	pdb4r60	substituted	1	GLU>THR
M0096	pdb4zng	substituted	1	GLU>THR
M0096	pdb5cde	substituted	1	GLU>THR
M0096	pdb5cdl	substituted	1	GLU>THR
M0096	pdb5cdv	substituted	1	GLU>THR
M0096	pdb5cik	substituted	1	GLU>THR
M0096	pdb5cnx	substituted	1	GLU>THR
M0096	pdb5fcf	substituted	1	GLU>THR
M0096	pdb5fch	substituted	1	GLU>THR
M0096	pdb5giq	substituted	1	GLU>THR
M0096	pdb5giu	substituted	1	GLU>THR
M0096	pdb6xmr	substituted	1	GLU>THR
M0096	pdb7k3u	substituted	1	GLU>THR
M0096	pdb7n02	substituted	1	GLU>THR
M0885	pdb2cim	exact	0	
M0885	pdb2cj9	substituted	10	CYS>LYS,ARG>ILE,GLU>TRP,ARG>LYS,GLU>ARG,ASP>VAL,GLU>GLN,ASN>ASP,CYS>PRO,ARG>PHE
M0885	pdb2cja	exact	0	
M0885	pdb2cjb	exact	0	
M0885	pdb3g1l	partial	NA	
M0885	pdb3mey	substituted	3	ASP>LYS,GLU>ALA,ASN>SER
M0885	pdb3mf1	substituted	3	ASP>LYS,GLU>ALA,ASN>SER
M0885	pdb3mf2	substituted	3	ASP>LYS,GLU>ALA,ASN>SER
M0885	pdb3pzc	substituted	3	ASP>LYS,GLU>ALA,ASN>SER
M0885	pdb3w3s	substituted	3	ASP>GLU,GLU>SER,ASN>SER
M0885	pdb4h2s	substituted	3	ASP>LYS,GLU>ALA,ASN>SER
M0885	pdb4h2t	substituted	3	ASP>LYS,GLU>ALA,ASN>SER
M0885	pdb4h2u	substituted	3	ASP>LYS,GLU>ALA,ASN>SER
M0885	pdb4h2v	substituted	3	ASP>LYS,GLU>ALA,ASN>SER
M0885	pdb4h2w	substituted	3	ASP>LYS,GLU>ALA,ASN>SER
M0885	pdb4h2x	substituted	3	ASP>LYS,GLU>ALA,ASN>SER
M0885	pdb4h2y	substituted	3	ASP>LYS,GLU>ALA,ASN>SER
M0738	pdb1ejj	exact	0	
M0738	pdb1eqj	exact	0	
M0738	pdb1o98	exact	0	
M0738	pdb1o99	substituted	1	SER>ALA
M0738	pdb2ify	exact	0	
M0738	pdb3igy	exact	0	
M0738	pdb3igz	exact	0	
M0738	pdb3nvl	exact	0	
M0738	pdb4my4	exact	0	
M0738	pdb4nwj	exact	0	
M0738	pdb4nwx	exact	0	
M0738	pdb4qax	exact	0	
M0738	pdb5kgl	exact	0	
M0738	pdb5kgm	exact	0	
M0738	pdb5kgn	exact	0	
M0738	pdb5vpu	exact	0	
M0545	pdb1f2d	exact	0	
M0545	pdb1j0a	exact	0	
M0545	pdb1j0b	exact	0	
M0545	pdb1rqx	exact	0	
M0545	pdb1tyz	exact	0	
M0545	pdb1tz2	exact	0	
M0545	pdb1tzj	exact	0	
M0545	pdb1tzk	exact	0	
M0545	pdb1tzm	exact	0	
M0545	pdb4d8t	substituted	1	LYS>LLP
M0545	pdb4d8u	substituted	1	LYS>LLP
M0545	pdb4d8w	substituted	1	LYS>LLP
M0545	pdb4d92	substituted	1	LYS>LLP
M0545	pdb4d96	exact	0	
M0545	pdb4d97	substituted	1	LYS>LLP
M0545	pdb4d99	substituted	1	LYS>LLP
M0545	pdb4d9b	exact	0	
M0545	pdb4d9c	exact	0	
M0545	pdb4d9e	exact	0	
M0545	pdb4d9f	exact	0	
M0815	pdb1bmq	exact	0	
M0815	pdb1cp3	exact	0	
M0815	pdb1f1j	exact	0	
M0815	pdb1f9e	exact	0	
M0815	pdb1gfw	exact	0	
M0815	pdb1gqf	substituted	1	CYS>ALA
M0815	pdb1i3o	substituted	1	CYS>ALA
M0815	pdb1i4e	exact	0	
M0815	pdb1i4o	exact	0	
M0815	pdb1i51	exact	0	
M0815	pdb1ibc	exact	0	
M0815	pdb1ice	exact	0	
M0815	pdb1jxq	exact	0	
M0815	pdb1k86	exact	0	
M0815	pdb1k88	substituted	1	CYS>ALA
M0815	pdb1kmc	substituted	1	CYS>ALA
M0815	pdb1m72	exact	0	
M0815	pdb1nme	exact	0	
M0815	pdb1nmq	exact	0	
M0815	pdb1nms	exact	0	
M0815	pdb1nw9	exact	0	
M0815	pdb1pau	exact	0	
M0815	pdb1pyo	exact	0	
M0815	pdb1qdu	exact	0	
M0815	pdb1qtn	exact	0	
M0815	pdb1qx3	exact	0	
M0815	pdb1re1	exact	0	
M0815	pdb1rhj	exact	0	
M0815	pdb1rhk	exact	0	
M0815	pdb1rhm	exact	0	
M0815	pdb1rhq	exact	0	
M0815	pdb1rhr	exact	0	
M0815	pdb1rhu	exact	0	
M0815	pdb1rwk	exact	0	
M0815	pdb1rwm	exact	0	
M0815	pdb1rwn	exact	0	
M0815	pdb1rwo	exact	0	
M0815	pdb1rwp	exact	0	
M0815	pdb1rwv	exact	0	
M0815	pdb1rww	exact	0	
M0815	pdb1rwx	exact	0	
M0815	pdb1sc1	partial	NA	
M0815	pdb1sc3	partial	NA	
M0815	pdb1sc4	partial	NA	
M0815	pdb1shj	exact	0	
M0815	pdb1shl	exact	0	
M0815	pdb2ar9	substituted	1	CYS>SER
M0815	pdb2c1e	exact	0	
M0815	pdb2c2k	exact	0	
M0815	pdb2c2m	exact	0	
M0815	pdb2c2o	exact	0	
M0815	pdb2c2z	exact	0	
M0815	pdb2cdr	exact	0	
M0815	pdb2cjx	exact	0	
M0815	pdb2cjy	exact	0	
M0815	pdb2cnk	exact	0	
M0815	pdb2cnl	exact	0	
M0815	pdb2cnn	exact	0	
M0815	pdb2cno	exact	0	
M0815	pdb2dko	exact	0	
M0815	pdb2fp3	partial	NA	
M0815	pdb2fqq	partial	NA	
M0815	pdb2fun	exact	0	
M0815	pdb2h48	exact	0	
M0815	pdb2h4w	exact	0	
M0815	pdb2h4y	exact	0	
M0815	pdb2h51	exact	0	
M0815	pdb2h54	exact	0	
M0815	pdb2h5i	exact	0	
M0815	pdb2h5j	exact	0	
M0815	pdb2h65	exact	0	
M0815	pdb2hbq	exact	0	
M0815	pdb2hbr	partial	NA	
M0815	pdb2hby	exact	0	
M0815	pdb2hbz	partial	NA	
M0815	pdb2j30	exact	0	
M0815	pdb2j31	exact	0	
M0815	pdb2j32	exact	0	
M0815	pdb2j33	exact	0	
M0815	pdb2k7z	substituted	1	CYS>ALA
M0815	pdb2nn3	substituted	1	HIS>ALA
M0815	pdb2p2c	exact	0	
M0815	pdb2ql5	exact	0	
M0815	pdb2ql7	exact	0	
M0815	pdb2ql9	exact	0	
M0815	pdb2qlb	exact	0	
M0815	pdb2qlf	exact	0	
M0815	pdb2qlj	exact	0	
M0815	pdb2wdp	exact	0	
M0815	pdb2xyg	exact	0	
M0815	pdb2xyh	exact	0	
M0815	pdb2xyp	exact	0	
M0815	pdb2xzd	substituted	1	CYS>CSO
M0815	pdb2xzt	substituted	1	CYS>CSO
M0815	pdb2y0b	substituted	1	CYS>CSO
M0815	pdb2y1l	exact	0	
M0815	pdb3d6f	exact	0	
M0815	pdb3d6h	partial	NA	
M0815	pdb3d6m	exact	0	
M0815	pdb3deh	substituted	1	CYS>OCS
M0815	pdb3dei	substituted	1	CYS>OCS
M0815	pdb3dej	substituted	1	CYS>OCS
M0815	pdb3dek	substituted	1	CYS>OCS
M0815	pdb3e4c	partial	NA	
M0815	pdb3edq	exact	0	
M0815	pdb3edr	exact	0	
M0815	pdb3gjq	exact	0	
M0815	pdb3gjr	exact	0	
M0815	pdb3gjs	exact	0	
M0815	pdb3gjt	exact	0	
M0815	pdb3h0e	exact	0	
M0815	pdb3h11	exact	0	
M0815	pdb3h13	substituted	2	HIS>ARG,CYS>SER
M0815	pdb3h1p	exact	0	
M0815	pdb3ibc	exact	0	
M0815	pdb3ibf	exact	0	
M0815	pdb3itn	exact	0	
M0815	pdb3j9k	partial	NA	
M0815	pdb3k7e	exact	0	
M0815	pdb3kjf	exact	0	
M0815	pdb3kjn	exact	0	
M0815	pdb3kjq	exact	0	
M0815	pdb3nkf	exact	0	
M0815	pdb3nr2	substituted	1	CYS>ALA
M0815	pdb3ns7	exact	0	
M0815	pdb3od5	exact	0	
M0815	pdb3p45	exact	0	
M0815	pdb3p4u	exact	0	
M0815	pdb3pcx	exact	0	
M0815	pdb3pd0	exact	0	
M0815	pdb3pd1	exact	0	
M0815	pdb3qnw	exact	0	
M0815	pdb3r5j	exact	0	
M0815	pdb3r5k	exact	0	
M0815	pdb3r6g	exact	0	
M0815	pdb3r6l	exact	0	
M0815	pdb3r7b	exact	0	
M0815	pdb3r7n	exact	0	
M0815	pdb3r7s	exact	0	
M0815	pdb3rjm	exact	0	
M0815	pdb3s70	exact	0	
M0815	pdb3s8e	exact	0	
M0815	pdb3sip	exact	0	
M0815	pdb3sir	exact	0	
M0815	pdb3v3k	exact	0	
M0815	pdb3v6l	exact	0	
M0815	pdb3v6m	exact	0	
M0815	pdb4dcj	exact	0	
M0815	pdb4dco	exact	0	
M0815	pdb4dcp	exact	0	
M0815	pdb4eha	exact	0	
M0815	pdb4ehd	exact	0	
M0815	pdb4ehf	exact	0	
M0815	pdb4ehh	exact	0	
M0815	pdb4ehk	exact	0	
M0815	pdb4ehl	exact	0	
M0815	pdb4ehn	exact	0	
M0815	pdb4ejf	substituted	1	CYS>ALA
M0815	pdb4fdl	exact	0	
M0815	pdb4fea	exact	0	
M0815	pdb4fxo	exact	0	
M0815	pdb4hq0	exact	0	
M0815	pdb4hqr	exact	0	
M0815	pdb4hva	exact	0	
M0815	pdb4iyr	substituted	1	HIS>ALA
M0815	pdb4jb8	exact	0	
M0815	pdb4jj7	exact	0	
M0815	pdb4jj8	exact	0	
M0815	pdb4jje	exact	0	
M0815	pdb4jqy	substituted	1	CYS>ALA
M0815	pdb4jqz	substituted	3	HIS>LEU,GLY>THR,CYS>PRO
M0815	pdb4jr0	exact	0	
M0815	pdb4jr1	exact	0	
M0815	pdb4jr2	exact	0	
M0815	pdb4lsz	exact	0	
M0815	pdb4m9r	substituted	1	CYS>SER
M0815	pdb4n5d	substituted	1	CYS>ALA
M0815	pdb4n6g	substituted	1	CYS>ALA
M0815	pdb4n7j	substituted	1	CYS>ALA
M0815	pdb4n7m	substituted	1	CYS>ALA
M0815	pdb4nbk	substituted	1	CYS>ALA
M0815	pdb4nbl	substituted	1	CYS>ALA
M0815	pdb4nbn	substituted	1	CYS>ALA
M0815	pdb4pry	exact	0	
M0815	pdb4prz	exact	0	
M0815	pdb4ps0	exact	0	
M0815	pdb4ps1	exact	0	
M0815	pdb4qtx	exact	0	
M0815	pdb4qty	exact	0	
M0815	pdb4qu0	exact	0	
M0815	pdb4qu5	exact	0	
M0815	pdb4qu8	exact	0	
M0815	pdb4qu9	exact	0	
M0815	pdb4qua	exact	0	
M0815	pdb4qub	exact	0	
M0815	pdb4qud	exact	0	
M0815	pdb4que	exact	0	
M0815	pdb4qug	exact	0	
M0815	pdb4quh	exact	0	
M0815	pdb4qui	exact	0	
M0815	pdb4quj	exact	0	
M0815	pdb4qul	exact	0	
M0815	pdb4zvo	exact	0	
M0815	pdb4zvp	exact	0	
M0815	pdb4zvq	exact	0	
M0815	pdb4zvr	exact	0	
M0815	pdb4zvs	exact	0	
M0815	pdb4zvt	exact	0	
M0815	pdb4zvu	exact	0	
M0815	pdb5i9b	exact	0	
M0815	pdb5i9t	exact	0	
M0815	pdb5iab	exact	0	
M0815	pdb5iae	exact	0	
M0815	pdb5iag	exact	0	
M0815	pdb5iaj	exact	0	
M0815	pdb5iak	exact	0	
M0815	pdb5ian	exact	0	
M0815	pdb5iar	exact	0	
M0815	pdb5ias	exact	0	
M0815	pdb5ibc	exact	0	
M0815	pdb5ibp	exact	0	
M0815	pdb5ibr	exact	0	
M0815	pdb5ic4	exact	0	
M0815	pdb5ic6	exact	0	
M0815	pdb5jft	exact	0	
M0815	pdb5k20	exact	0	
M0815	pdb5mmv	exact	0	
M0815	pdb5mtk	exact	0	
M0815	pdb5v6u	exact	0	
M0815	pdb5v6z	exact	0	
M0815	pdb6bfj	exact	0	
M0815	pdb6bfk	exact	0	
M0815	pdb6bfo	exact	0	
M0815	pdb6bz9	exact	0	
M0815	pdb6ckz	exact	0	
M0815	pdb6cl0	exact	0	
M0815	pdb6cl1	exact	0	
M0815	pdb6cl2	exact	0	
M0815	pdb6pzp	exact	0	
M0815	pdb6x8i	exact	0	
M0815	pdb6x8j	exact	0	
M0815	pdb6x8k	exact	0	
M0815	pdb6x8l	exact	0	
M0077	pdb1afw	exact	0	
M0077	pdb1dlu	exact	0	
M0077	pdb1dlv	exact	0	
M0077	pdb1dm3	substituted	1	CYS>SCY
M0077	pdb1m1o	substituted	1	CYS>ALA
M0077	pdb1m1t	exact	0	
M0077	pdb1m3k	substituted	1	CYS>ALA
M0077	pdb1m3z	substituted	1	CYS>ALA
M0077	pdb1m4s	substituted	1	CYS>SCY
M0077	pdb1m4t	substituted	1	CYS>CY4
M0077	pdb1nl7	substituted	1	CYS>SCY
M0077	pdb1ou6	substituted	1	CYS>CSO
M0077	pdb1pxt	exact	0	
M0077	pdb1qfl	substituted	1	CYS>SCY
M0077	pdb1ulq	exact	0	
M0077	pdb1wdk	exact	0	
M0077	pdb1wdl	exact	0	
M0077	pdb1wdm	exact	0	
M0077	pdb1wl4	substituted	1	CYS>CSO
M0077	pdb1wl5	substituted	1	CYS>CSO
M0077	pdb2c7y	exact	0	
M0077	pdb2c7z	exact	0	
M0077	pdb2d3t	exact	0	
M0077	pdb2f2s	substituted	1	CYS>SCY
M0077	pdb2ib7	exact	0	
M0077	pdb2ib8	exact	0	
M0077	pdb2ib9	exact	0	
M0077	pdb2ibu	substituted	1	CYS>CSO
M0077	pdb2ibw	substituted	1	CYS>CSO
M0077	pdb2iby	substituted	1	CYS>CSO
M0077	pdb2iik	exact	0	
M0077	pdb2vtz	substituted	1	CYS>ALA
M0077	pdb2vu0	substituted	1	CYS>CSO
M0077	pdb2vu1	substituted	1	CYS>CSO
M0077	pdb2vu2	exact	0	
M0077	pdb2wkt	exact	0	
M0077	pdb2wku	exact	0	
M0077	pdb2wkv	exact	0	
M0077	pdb2wl4	substituted	1	HIS>ALA
M0077	pdb2wl5	substituted	1	HIS>ASN
M0077	pdb2wl6	substituted	1	HIS>ASN
M0077	pdb2wu9	exact	0	
M0077	pdb2wua	exact	0	
M0077	pdb3goa	exact	0	
M0077	pdb3ss6	substituted	1	CYS>CSO
M0077	pdb3svk	substituted	1	CYS>LEU
M0077	pdb3zbg	partial	NA	
M0077	pdb3zbk	partial	NA	
M0077	pdb3zbl	partial	NA	
M0077	pdb3zbn	partial	NA	
M0077	pdb4b3h	exact	0	
M0077	pdb4b3i	exact	0	
M0077	pdb4b3j	exact	0	
M0077	pdb4c2j	substituted	1	CYS>CSO
M0077	pdb4c2k	exact	0	
M0077	pdb4dd5	exact	0	
M0077	pdb4e1l	exact	0	
M0077	pdb4n44	exact	0	
M0077	pdb4n45	substituted	1	CYS>SER
M0077	pdb4nzs	exact	0	
M0077	pdb4o99	exact	0	
M0077	pdb4o9a	substituted	1	CYS>SER
M0077	pdb4o9c	substituted	1	CYS>SER
M0077	pdb4ubt	substituted	1	CYS>SER
M0077	pdb4ubu	substituted	1	CYS>OAS
M0077	pdb4ubv	exact	0	
M0077	pdb4ubw	exact	0	
M0077	pdb4w61	exact	0	
M0077	pdb4wyr	exact	0	
M0077	pdb4wys	exact	0	
M0077	pdb4xl2	exact	0	
M0077	pdb4xl3	substituted	1	CYS>SER
M0077	pdb4xl4	substituted	1	CYS>SER
M0077	pdb4zrc	exact	0	
M0077	pdb5byv	exact	0	
M0077	pdb5bz4	exact	0	
M0077	pdb5cbq	exact	0	
M0077	pdb5f0v	exact	0	
M0077	pdb5f38	substituted	1	CYS>CSX
M0077	pdb5lnq	partial	NA	
M0077	pdb5lot	partial	NA	
M0077	pdb5lp7	exact	0	
M0077	pdb5onc	exact	0	
M0077	pdb5xyj	substituted	1	CYS>ALA
M0077	pdb5xz5	exact	0	
M0077	pdb5zqz	substituted	1	GLY>ALA
M0077	pdb5zrv	substituted	1	GLY>ALA
M0077	pdb6aqp	substituted	1	CYS>SCY
M0077	pdb6are	exact	0	
M0077	pdb6arf	exact	0	
M0077	pdb6arg	exact	0	
M0077	pdb6arl	exact	0	
M0077	pdb6arr	exact	0	
M0077	pdb6art	exact	0	
M0077	pdb6bj9	exact	0	
M0077	pdb6bja	substituted	1	CYS>CSO
M0077	pdb6bjb	substituted	1	CYS>SER
M0077	pdb6bn2	substituted	1	CYS>SCY
M0077	pdb6dv2	substituted	1	GLY>ALA
M0077	pdb6l2c	substituted	1	CYS>CSO
M0077	pdb6l2g	substituted	1	CYS>SCY
M0077	pdb6pca	exact	0	
M0077	pdb6pcb	substituted	2	HIS>ALA,CYS>CSO
M0077	pdb6pcc	substituted	2	HIS>ALA,CYS>CSO
M0077	pdb6pcd	substituted	2	CYS>SER,HIS>ALA
M0077	pdb7cw4	exact	0	
M0077	pdb7cw5	exact	0	
M0077	pdb7n7z	exact	0	
M0851	pdb1gp1	exact	0	
M0851	pdb2f8a	substituted	1	SE7>GLY
M0851	pdb2gs3	substituted	1	SE7>GLY
M0851	pdb2he3	substituted	1	SE7>CYS
M0851	pdb2i3y	substituted	1	SE7>CYS
M0851	pdb2obi	substituted	1	SE7>CYS
M0851	pdb2p31	substituted	1	SE7>CYS
M0851	pdb2p5q	substituted	2	SE7>CYS,GLN>GLU
M0851	pdb2p5r	substituted	2	SE7>CYS,GLN>GLU
M0851	pdb2r37	substituted	1	SE7>GLY
M0851	pdb2rm5	substituted	1	SE7>CYS
M0851	pdb2rm6	substituted	1	SE7>CYS
M0851	pdb2v1m	substituted	1	SE7>OCS
M0851	pdb2vup	substituted	1	SE7>CYS
M0851	pdb2wgr	substituted	1	SE7>SER
M0851	pdb3cmi	partial	NA	
M0851	pdb3cyn	substituted	2	SE7>CYS,GLN>SER
M0851	pdb3dwv	substituted	1	SE7>CYS
M0851	pdb3e0u	substituted	2	SE7>CYS,GLN>VAL
M0851	pdb3kij	substituted	2	SE7>CYS,GLN>SER
M0851	pdb5h5q	substituted	1	SE7>OCS
M0851	pdb5h5r	substituted	1	SE7>OCS
M0851	pdb5h5s	substituted	1	SE7>CSD
M0851	pdb5l71	substituted	1	SE7>CYS
M0862	pdb1cne	substituted	1	CYS>SER
M0862	pdb1cnf	exact	0	
M0862	pdb1i7p	exact	0	
M0862	pdb1ib0	exact	0	
M0862	pdb1krh	partial	NA	
M0862	pdb1ndh	exact	0	
M0862	pdb1qx4	exact	0	
M0862	pdb1tvc	partial	NA	
M0862	pdb1umk	exact	0	
M0862	pdb2bmw	partial	NA	
M0862	pdb2cnd	exact	0	
M0862	pdb2eix	exact	0	
M0862	pdb2xnj	substituted	2	HIS>PHE,THR>SER
M0862	pdb3w2e	exact	0	
M0862	pdb3w2f	exact	0	
M0862	pdb3w2g	exact	0	
M0862	pdb3w2h	exact	0	
M0862	pdb3w2i	exact	0	
M0862	pdb3w5h	exact	0	
M0862	pdb5gv7	exact	0	
M0862	pdb5gv8	exact	0	
M0736	pdb1tzb	exact	0	
M0736	pdb1tzc	exact	0	
M0736	pdb1x9h	exact	0	
M0736	pdb1x9i	exact	0	
M0819	pdb1cns	exact	0	
M0819	pdb1dxj	exact	0	
M0819	pdb1wvu	exact	0	
M0819	pdb1wvv	substituted	1	GLU>GLN
M0819	pdb2baa	exact	0	
M0819	pdb2cjl	exact	0	
M0819	pdb2dbt	exact	0	
M0819	pdb2dkv	exact	0	
M0819	pdb2z37	exact	0	
M0819	pdb2z38	exact	0	
M0819	pdb2z39	substituted	1	GLU>ALA
M0819	pdb3cql	exact	0	
M0819	pdb3hbd	exact	0	
M0819	pdb3hbe	substituted	3	GLU>ALA,GLU>TYR,ASN>VAL
M0819	pdb3hbh	exact	0	
M0819	pdb3iwr	exact	0	
M0819	pdb3w3e	exact	0	
M0819	pdb3wh1	substituted	1	GLU>ALA
M0819	pdb4dwx	exact	0	
M0819	pdb4dyg	exact	0	
M0819	pdb4ij4	substituted	1	GLU>ALA
M0819	pdb4j0l	substituted	1	GLU>GLN
M0819	pdb4mck	substituted	1	GLU>GLN
M0819	pdb4mst	substituted	1	GLU>ALA
M0819	pdb4tx7	exact	0	
M0819	pdb5h7t	exact	0	
M0822	pdb1i19	exact	0	
M0822	pdb2i0k	substituted	1	HIS>ALA
M0822	pdb3js8	exact	0	
M0136	pdb1afr	exact	0	
M0136	pdb1oq4	exact	0	
M0136	pdb1oq7	exact	0	
M0136	pdb1oq9	exact	0	
M0136	pdb1oqb	exact	0	
M0136	pdb1za0	partial	NA	
M0136	pdb2j2f	substituted	1	THR>ASP
M0136	pdb2uw1	substituted	7	GLU>ASP,HIS>GLY,GLU>GLY,THR>ILE,ASP>LYS,GLU>LEU,TRP>SER
M0136	pdb2xz0	exact	0	
M0136	pdb2xz1	exact	0	
M0136	pdb4v0j	exact	0	
M0054	pdb1gqn	exact	0	
M0054	pdb1l9w	exact	0	
M0054	pdb1qfe	exact	0	
M0054	pdb1sfj	substituted	1	GLU>GLN
M0054	pdb1sfl	substituted	1	GLU>GLN
M0054	pdb2egz	exact	0	
M0054	pdb2gpt	exact	0	
M0054	pdb2o7q	exact	0	
M0054	pdb2o7s	exact	0	
M0054	pdb2ocz	exact	0	
M0054	pdb2ox1	substituted	1	GLU>ASP
M0054	pdb2yr1	exact	0	
M0054	pdb2ysw	exact	0	
M0054	pdb3js3	exact	0	
M0054	pdb3l2i	exact	0	
M0054	pdb3l9c	exact	0	
M0054	pdb3lb0	exact	0	
M0054	pdb3m7w	exact	0	
M0054	pdb3nnt	substituted	1	LYS>MET
M0054	pdb3o1n	exact	0	
M0054	pdb3oex	exact	0	
M0054	pdb3s42	exact	0	
M0054	pdb4clm	exact	0	
M0054	pdb4cnn	exact	0	
M0054	pdb4cno	exact	0	
M0054	pdb4cnp	exact	0	
M0054	pdb4gfs	exact	0	
M0054	pdb4guf	substituted	1	GLU>ALA
M0054	pdb4gug	substituted	1	GLU>VAL
M0054	pdb4guh	substituted	1	GLU>ALA
M0054	pdb4gui	exact	0	
M0054	pdb4guj	exact	0	
M0054	pdb4h3d	exact	0	
M0054	pdb4iuo	substituted	1	LYS>MET
M0054	pdb4ph6	exact	0	
M0054	pdb4uio	exact	0	
M0054	pdb5swv	partial	NA	
M0054	pdb6bmb	exact	0	
M0054	pdb6bmq	exact	0	
M0054	pdb6h5c	exact	0	
M0054	pdb6h5d	exact	0	
M0054	pdb6h5g	exact	0	
M0054	pdb6h5j	exact	0	
M0054	pdb6sfe	exact	0	
M0054	pdb6sfg	exact	0	
M0054	pdb6sfh	substituted	1	GLU>GLN
M0612	pdb1dil	exact	0	
M0612	pdb1dim	exact	0	
M0612	pdb1eur	exact	0	
M0612	pdb1eus	exact	0	
M0612	pdb1eut	exact	0	
M0612	pdb1euu	exact	0	
M0612	pdb1sli	exact	0	
M0612	pdb1sll	exact	0	
M0612	pdb1w8n	partial	NA	
M0612	pdb1w8o	partial	NA	
M0612	pdb1wcq	substituted	1	TYR>PHE
M0612	pdb2ber	partial	NA	
M0612	pdb2bf6	exact	0	
M0612	pdb2bzd	substituted	1	GLU>ALA
M0612	pdb2jkb	exact	0	
M0612	pdb2sil	exact	0	
M0612	pdb2sim	exact	0	
M0612	pdb2sli	exact	0	
M0612	pdb2vk5	exact	0	
M0612	pdb2vk6	exact	0	
M0612	pdb2vk7	exact	0	
M0612	pdb2vvz	exact	0	
M0612	pdb2vw0	exact	0	
M0612	pdb2vw1	exact	0	
M0612	pdb2vw2	exact	0	
M0612	pdb2w20	exact	0	
M0612	pdb2ya4	exact	0	
M0612	pdb2ya5	exact	0	
M0612	pdb2ya6	exact	0	
M0612	pdb2ya7	exact	0	
M0612	pdb2ya8	exact	0	
M0612	pdb3h71	exact	0	
M0612	pdb3h72	exact	0	
M0612	pdb3h73	exact	0	
M0612	pdb3sil	exact	0	
M0612	pdb3sli	exact	0	
M0612	pdb4bbw	exact	0	
M0612	pdb4fj6	exact	0	
M0612	pdb4foq	exact	0	
M0612	pdb4fov	exact	0	
M0612	pdb4fow	exact	0	
M0612	pdb4foy	exact	0	
M0612	pdb4fp2	exact	0	
M0612	pdb4fp3	exact	0	
M0612	pdb4fpc	exact	0	
M0612	pdb4fpe	exact	0	
M0612	pdb4fpf	exact	0	
M0612	pdb4fpg	exact	0	
M0612	pdb4fph	exact	0	
M0612	pdb4fpj	exact	0	
M0612	pdb4fpk	exact	0	
M0612	pdb4fpl	exact	0	
M0612	pdb4fpo	exact	0	
M0612	pdb4fpy	exact	0	
M0612	pdb4fq4	exact	0	
M0612	pdb4j9t	partial	NA	
M0612	pdb4q6k	exact	0	
M0612	pdb4sli	exact	0	
M0612	pdb4x47	partial	NA	
M0612	pdb4x49	partial	NA	
M0612	pdb4x4a	partial	NA	
M0612	pdb4x6k	partial	NA	
M0612	pdb4xe9	exact	0	
M0612	pdb4xhb	exact	0	
M0612	pdb4xhx	exact	0	
M0612	pdb4xik	exact	0	
M0612	pdb4xil	exact	0	
M0612	pdb4xio	exact	0	
M0612	pdb4xj8	exact	0	
M0612	pdb4xj9	exact	0	
M0612	pdb4xja	exact	0	
M0612	pdb4xju	exact	0	
M0612	pdb4xjw	exact	0	
M0612	pdb4xjz	exact	0	
M0612	pdb4xma	exact	0	
M0612	pdb4xmi	exact	0	
M0612	pdb4xog	exact	0	
M0612	pdb4xyx	exact	0	
M0612	pdb4yw1	exact	0	
M0612	pdb4yw2	exact	0	
M0612	pdb4yw3	exact	0	
M0612	pdb4yw4	exact	0	
M0612	pdb4yw5	exact	0	
M0612	pdb4yz1	exact	0	
M0612	pdb4yz2	exact	0	
M0612	pdb4yz3	exact	0	
M0612	pdb4yz4	exact	0	
M0612	pdb4yz5	exact	0	
M0612	pdb5f9t	exact	0	
M0612	pdb5kky	exact	0	
M0612	pdb5tsp	exact	0	
M0612	pdb7aey	partial	NA	
M0010	pdb1mka	exact	0	
M0010	pdb1mkb	exact	0	
M0010	pdb2cf2	partial	NA	
M0010	pdb3q62	exact	0	
M0010	pdb4b0b	exact	0	
M0010	pdb4b0c	exact	0	
M0010	pdb4b0i	substituted	1	HIS>ASN
M0010	pdb4b0j	exact	0	
M0010	pdb4b8u	exact	0	
M0010	pdb4cl6	exact	0	
M0010	pdb4fq9	exact	0	
M0010	pdb4keh	exact	0	
M0010	pdb5f6r	exact	0	
M0010	pdb5hd6	exact	0	
M0010	pdb6b7j	exact	0	
M0709	pdb1a2f	substituted	1	ALA>ARG
M0709	pdb1a2g	substituted	1	ALA>ARG
M0709	pdb1aa4	substituted	2	TRP>GLY,ALA>ARG
M0709	pdb1ac4	substituted	2	TRP>GLY,ALA>ARG
M0709	pdb1ac8	substituted	2	TRP>GLY,ALA>ARG
M0709	pdb1aeb	substituted	2	TRP>GLY,ALA>ARG
M0709	pdb1aed	substituted	2	TRP>GLY,ALA>ARG
M0709	pdb1aee	substituted	2	TRP>GLY,ALA>ARG
M0709	pdb1aef	substituted	2	TRP>GLY,ALA>ARG
M0709	pdb1aeg	substituted	2	TRP>GLY,ALA>ARG
M0709	pdb1aeh	substituted	2	TRP>GLY,ALA>ARG
M0709	pdb1aej	substituted	2	TRP>GLY,ALA>ARG
M0709	pdb1aek	substituted	2	TRP>GLY,ALA>ARG
M0709	pdb1aem	substituted	2	TRP>GLY,ALA>ARG
M0709	pdb1aen	substituted	2	TRP>GLY,ALA>ARG
M0709	pdb1aeo	substituted	2	TRP>GLY,ALA>ARG
M0709	pdb1aeq	substituted	2	TRP>GLY,ALA>ARG
M0709	pdb1aes	substituted	2	TRP>GLY,ALA>ARG
M0709	pdb1aet	substituted	2	TRP>GLY,ALA>ARG
M0709	pdb1aeu	substituted	2	TRP>GLY,ALA>ARG
M0709	pdb1aev	substituted	2	TRP>GLY,ALA>ARG
M0709	pdb1apx	substituted	1	ALA>ARG
M0709	pdb1bej	substituted	2	TRP>GLY,ALA>ARG
M0709	pdb1bek	substituted	1	ALA>ARG
M0709	pdb1bem	substituted	2	TRP>GLN,ALA>ARG
M0709	pdb1bep	substituted	1	ALA>ARG
M0709	pdb1beq	substituted	2	TRP>TYR,ALA>ARG
M0709	pdb1bes	substituted	2	TRP>TYR,ALA>ARG
M0709	pdb1bj9	substituted	1	ALA>ARG
M0709	pdb1bva	substituted	1	ALA>ARG
M0709	pdb1cca	substituted	1	ALA>ARG
M0709	pdb1ccb	substituted	1	ALA>ARG
M0709	pdb1ccc	substituted	1	ALA>ARG
M0709	pdb1cce	substituted	1	ALA>ARG
M0709	pdb1ccg	substituted	1	ALA>ARG
M0709	pdb1cci	substituted	1	ALA>ARG
M0709	pdb1ccj	substituted	1	ALA>ARG
M0709	pdb1cck	substituted	1	ALA>ARG
M0709	pdb1ccl	substituted	1	ALA>ARG
M0709	pdb1ccp	substituted	1	ALA>ARG
M0709	pdb1cmp	substituted	2	TRP>GLY,ALA>ARG
M0709	pdb1cmq	substituted	2	TRP>GLY,ALA>ARG
M0709	pdb1cmt	substituted	2	TRP>GLY,ALA>ARG
M0709	pdb1cmu	substituted	2	TRP>GLY,ALA>ARG
M0709	pdb1cpd	substituted	2	TRP>GLY,ALA>ARG
M0709	pdb1cpe	substituted	2	TRP>GLY,ALA>ARG
M0709	pdb1cpf	substituted	2	TRP>GLY,ALA>ARG
M0709	pdb1cpg	substituted	2	TRP>GLN,ALA>ARG
M0709	pdb1cyf	substituted	1	ALA>ARG
M0709	pdb1dcc	substituted	2	TRP>PHE,ALA>ARG
M0709	pdb1dj1	exact	0	
M0709	pdb1dj5	exact	0	
M0709	pdb1ds4	substituted	1	ALA>ARG
M0709	pdb1dse	substituted	1	ALA>ARG
M0709	pdb1dsg	substituted	1	ALA>ARG
M0709	pdb1dso	substituted	1	ALA>ARG
M0709	pdb1dsp	substituted	1	ALA>ARG
M0709	pdb1ebe	substituted	1	ALA>ARG
M0709	pdb1itk	substituted	1	ALA>ARG
M0709	pdb1iyn	substituted	1	ALA>ARG
M0709	pdb1jci	substituted	1	ALA>ARG
M0709	pdb1jdr	substituted	1	ALA>ARG
M0709	pdb1kok	substituted	1	ALA>ARG
M0709	pdb1krj	substituted	1	ALA>ARG
M0709	pdb1kxm	partial	NA	
M0709	pdb1kxn	partial	NA	
M0709	pdb1mk8	substituted	2	ALA>ARG,HIS>TYR
M0709	pdb1mkq	substituted	2	ALA>ARG,HIS>TYR
M0709	pdb1mkr	substituted	2	ALA>ARG,HIS>TYR
M0709	pdb1ml2	substituted	2	ALA>ARG,HIS>TYR
M0709	pdb1oaf	substituted	1	ALA>ARG
M0709	pdb1oag	substituted	1	ALA>ARG
M0709	pdb1ryc	substituted	2	TRP>GLY,ALA>ARG
M0709	pdb1s6v	substituted	1	ALA>ARG
M0709	pdb1s73	substituted	1	ALA>ARG
M0709	pdb1sbm	substituted	1	ALA>ARG
M0709	pdb1sdq	substituted	1	ALA>ARG
M0709	pdb1sj2	substituted	1	ALA>ARG
M0709	pdb1sog	substituted	1	ALA>ARG
M0709	pdb1stq	substituted	1	ALA>ARG
M0709	pdb1u2j	substituted	3	TRP>PHE,ALA>SER,HIS>ALA
M0709	pdb1u2k	substituted	3	TRP>PHE,ALA>SER,HIS>ALA
M0709	pdb1u2l	substituted	3	TRP>PHE,ALA>SER,HIS>ALA
M0709	pdb1u74	substituted	1	ALA>ARG
M0709	pdb1u75	substituted	1	ALA>ARG
M0709	pdb1ub2	substituted	1	ALA>ARG
M0709	pdb1v0h	substituted	3	TRP>TYR,ALA>LYS,HIS>THR
M0709	pdb1z53	substituted	1	ALA>ARG
M0709	pdb1zby	substituted	1	ALA>ARG
M0709	pdb1zbz	substituted	1	ALA>ARG
M0709	pdb2anz	substituted	2	TRP>GLY,ALA>ARG
M0709	pdb2aqd	substituted	2	TRP>GLY,ALA>ARG
M0709	pdb2as1	substituted	2	TRP>GLY,ALA>ARG
M0709	pdb2as2	substituted	2	TRP>GLY,ALA>ARG
M0709	pdb2as3	substituted	2	TRP>GLY,ALA>ARG
M0709	pdb2as4	substituted	2	TRP>GLY,ALA>ARG
M0709	pdb2as6	substituted	2	TRP>GLY,ALA>ARG
M0709	pdb2b0z	substituted	1	ALA>ARG
M0709	pdb2b10	substituted	1	ALA>ARG
M0709	pdb2b11	substituted	1	ALA>ARG
M0709	pdb2b12	substituted	1	ALA>ARG
M0709	pdb2bcn	substituted	1	ALA>ARG
M0709	pdb2cca	substituted	1	ALA>ARG
M0709	pdb2ccd	substituted	1	ALA>ARG
M0709	pdb2ccp	substituted	1	ALA>ARG
M0709	pdb2cep	substituted	1	ALA>ARG
M0709	pdb2cl4	substituted	3	TRP>TYR,ALA>LYS,HIS>THR
M0709	pdb2cyp	substituted	1	ALA>ARG
M0709	pdb2eun	substituted	2	TRP>GLY,ALA>ARG
M0709	pdb2euo	substituted	2	TRP>GLY,ALA>ARG
M0709	pdb2eup	substituted	2	TRP>GLY,ALA>ARG
M0709	pdb2euq	substituted	2	TRP>GLY,ALA>ARG
M0709	pdb2eur	substituted	2	TRP>GLY,ALA>ARG
M0709	pdb2eus	substituted	2	TRP>GLY,ALA>ARG
M0709	pdb2eut	substituted	2	TRP>GLY,ALA>ARG
M0709	pdb2euu	substituted	2	TRP>GLY,ALA>ARG
M0709	pdb2gb8	substituted	1	ALA>ARG
M0709	pdb2ggn	substituted	3	TRP>TYR,ALA>LYS,HIS>THR
M0709	pdb2ghc	substituted	3	TRP>TYR,ALA>LYS,HIS>THR
M0709	pdb2ghd	substituted	3	TRP>TYR,ALA>LYS,HIS>THR
M0709	pdb2ghe	substituted	3	TRP>TYR,ALA>LYS,HIS>THR
M0709	pdb2ghh	substituted	3	TRP>TYR,ALA>LYS,HIS>THR
M0709	pdb2ghk	substituted	3	TRP>TYR,ALA>LYS,HIS>THR
M0709	pdb2ia8	substituted	1	ALA>ARG
M0709	pdb2icv	substituted	1	ALA>ARG
M0709	pdb2jti	substituted	1	ALA>ARG
M0709	pdb2n18	substituted	1	ALA>ARG
M0709	pdb2pcb	substituted	1	ALA>ARG
M0709	pdb2pcc	substituted	1	ALA>ARG
M0709	pdb2rbt	substituted	3	TRP>GLY,ALA>LEU,HIS>ALA
M0709	pdb2rbu	substituted	3	TRP>GLY,ALA>LEU,HIS>ALA
M0709	pdb2rbv	substituted	3	TRP>GLY,ALA>LEU,HIS>ALA
M0709	pdb2rbw	substituted	3	TRP>GLY,ALA>LEU,HIS>ALA
M0709	pdb2rbx	substituted	3	TRP>GLY,ALA>LEU,HIS>ALA
M0709	pdb2rby	substituted	3	TRP>GLY,ALA>LEU,HIS>ALA
M0709	pdb2rbz	substituted	3	TRP>GLY,ALA>LEU,HIS>ALA
M0709	pdb2rc0	substituted	3	TRP>GLY,ALA>LEU,HIS>ALA
M0709	pdb2rc1	substituted	3	TRP>GLY,ALA>LEU,HIS>ALA
M0709	pdb2rc2	substituted	3	TRP>GLY,ALA>LEU,HIS>ALA
M0709	pdb2v23	substituted	1	ALA>ARG
M0709	pdb2v2e	substituted	1	ALA>ARG
M0709	pdb2vcf	substituted	3	TRP>TYR,ALA>LYS,HIS>THR
M0709	pdb2vcn	substituted	1	ALA>ARG
M0709	pdb2vcs	substituted	2	ALA>ARG,HIS>ALA
M0709	pdb2vka	partial	NA	
M0709	pdb2vnx	substituted	3	TRP>TYR,ALA>LYS,HIS>THR
M0709	pdb2vnz	substituted	3	TRP>TYR,ALA>LYS,HIS>THR
M0709	pdb2vo2	substituted	3	TRP>TYR,ALA>LYS,HIS>THR
M0709	pdb2wd4	substituted	1	ALA>ARG
M0709	pdb2x07	substituted	2	TRP>PHE,ALA>ARG
M0709	pdb2x08	substituted	2	TRP>PHE,ALA>ARG
M0709	pdb2xi6	substituted	1	ALA>ARG
M0709	pdb2xif	substituted	1	ALA>ARG
M0709	pdb2xih	substituted	1	ALA>ARG
M0709	pdb2xil	substituted	1	ALA>ARG
M0709	pdb2xj5	substituted	1	ALA>ARG
M0709	pdb2xj6	substituted	1	ALA>ARG
M0709	pdb2xj8	substituted	1	ALA>ARG
M0709	pdb2y5a	substituted	2	TRP>GLY,ALA>ARG
M0709	pdb2y6a	exact	0	
M0709	pdb2y6b	substituted	1	ALA>LYS
M0709	pdb2ycg	substituted	1	ALA>ARG
M0709	pdb3ccp	substituted	2	TRP>PHE,ALA>ARG
M0709	pdb3ccx	substituted	1	ALA>ARG
M0709	pdb3e2n	substituted	2	TRP>PHE,ALA>ARG
M0709	pdb3e2o	substituted	1	ALA>ARG
M0709	pdb3exb	partial	NA	
M0709	pdb3fm6	partial	NA	
M0709	pdb3fmu	partial	NA	
M0709	pdb3m23	substituted	1	ALA>ARG
M0709	pdb3m25	substituted	1	ALA>ARG
M0709	pdb3m26	substituted	1	ALA>ARG
M0709	pdb3m27	substituted	1	ALA>ARG
M0709	pdb3m28	substituted	1	ALA>ARG
M0709	pdb3m29	substituted	1	ALA>ARG
M0709	pdb3m2a	substituted	1	ALA>ARG
M0709	pdb3m2b	substituted	1	ALA>ARG
M0709	pdb3m2c	substituted	1	ALA>ARG
M0709	pdb3m2d	substituted	1	ALA>ARG
M0709	pdb3m2e	substituted	1	ALA>ARG
M0709	pdb3m2f	substituted	1	ALA>ARG
M0709	pdb3m2g	substituted	1	ALA>ARG
M0709	pdb3m2h	substituted	1	ALA>ARG
M0709	pdb3m2i	substituted	1	ALA>ARG
M0709	pdb3r98	substituted	1	ALA>ARG
M0709	pdb3r99	substituted	1	ALA>ARG
M0709	pdb3riv	substituted	1	ALA>ARG
M0709	pdb3riw	substituted	1	ALA>ARG
M0709	pdb3ut2	substituted	1	ALA>ARG
M0709	pdb3uw8	substituted	1	ALA>ARG
M0709	pdb3vlh	substituted	1	ALA>ARG
M0709	pdb3vli	substituted	1	ALA>ARG
M0709	pdb3vlj	substituted	1	ALA>ARG
M0709	pdb3vlk	substituted	1	ALA>ARG
M0709	pdb3vll	substituted	1	ALA>ARG
M0709	pdb3vlm	substituted	1	ALA>ARG
M0709	pdb3wnu	substituted	1	ALA>ARG
M0709	pdb3wxo	substituted	1	ALA>ARG
M0709	pdb3x16	substituted	1	ALA>ARG
M0709	pdb3zcg	substituted	2	ALA>ARG,HIS>CYS
M0709	pdb3zch	substituted	2	ALA>ARG,HIS>MET
M0709	pdb3zcy	substituted	2	ALA>ARG,HIS>TYR
M0709	pdb4a6z	substituted	1	ALA>ARG
M0709	pdb4a71	substituted	1	ALA>ARG
M0709	pdb4a78	substituted	1	ALA>ARG
M0709	pdb4a7m	substituted	1	ALA>ARG
M0709	pdb4c50	substituted	1	ALA>ARG
M0709	pdb4c51	substituted	1	ALA>ARG
M0709	pdb4ccp	substituted	1	ALA>ARG
M0709	pdb4ccx	substituted	1	ALA>ARG
M0709	pdb4cvi	substituted	1	ALA>ARG
M0709	pdb4cvj	substituted	1	ALA>ARG
M0709	pdb4ged	substituted	1	ALA>ARG
M0709	pdb4jb4	substituted	1	ALA>ARG
M0709	pdb4jm5	partial	NA	
M0709	pdb4jm6	partial	NA	
M0709	pdb4jm8	partial	NA	
M0709	pdb4jm9	partial	NA	
M0709	pdb4jma	partial	NA	
M0709	pdb4jmb	partial	NA	
M0709	pdb4jms	partial	NA	
M0709	pdb4jmt	partial	NA	
M0709	pdb4jmv	partial	NA	
M0709	pdb4jmw	partial	NA	
M0709	pdb4jmz	partial	NA	
M0709	pdb4jn0	partial	NA	
M0709	pdb4jpl	partial	NA	
M0709	pdb4jpt	partial	NA	
M0709	pdb4jpu	partial	NA	
M0709	pdb4jqj	partial	NA	
M0709	pdb4jqk	partial	NA	
M0709	pdb4jqm	partial	NA	
M0709	pdb4jqn	partial	NA	
M0709	pdb4nfg	substituted	1	ALA>ARG
M0709	pdb4nva	partial	NA	
M0709	pdb4nvb	partial	NA	
M0709	pdb4nvc	partial	NA	
M0709	pdb4nvd	partial	NA	
M0709	pdb4nve	partial	NA	
M0709	pdb4nvf	partial	NA	
M0709	pdb4nvg	partial	NA	
M0709	pdb4nvh	partial	NA	
M0709	pdb4nvi	partial	NA	
M0709	pdb4nvj	partial	NA	
M0709	pdb4nvk	partial	NA	
M0709	pdb4nvl	partial	NA	
M0709	pdb4nvm	partial	NA	
M0709	pdb4nvn	partial	NA	
M0709	pdb4nvo	partial	NA	
M0709	pdb4oq7	partial	NA	
M0709	pdb4p4q	substituted	2	TRP>PHE,ALA>ARG
M0709	pdb4pae	substituted	1	ALA>ARG
M0709	pdb4xv4	partial	NA	
M0709	pdb4xv5	partial	NA	
M0709	pdb4xv6	partial	NA	
M0709	pdb4xv7	partial	NA	
M0709	pdb4xv8	partial	NA	
M0709	pdb4xva	substituted	1	ALA>ARG
M0709	pdb5abn	partial	NA	
M0709	pdb5abo	partial	NA	
M0709	pdb5abq	partial	NA	
M0709	pdb5al9	substituted	1	ALA>ARG
M0709	pdb5ala	substituted	1	ALA>ARG
M0709	pdb5amm	substituted	1	ALA>ARG
M0709	pdb5ccp	substituted	2	ALA>ARG,HIS>LEU
M0709	pdb5cib	substituted	2	TRP>GLY,ALA>ARG
M0709	pdb5cic	substituted	2	TRP>GLY,ALA>ARG
M0709	pdb5cid	substituted	2	TRP>GLY,ALA>ARG
M0709	pdb5cie	substituted	2	TRP>GLY,ALA>ARG
M0709	pdb5cif	substituted	2	TRP>PHE,ALA>ARG
M0709	pdb5cig	substituted	2	TRP>GLY,ALA>ARG
M0709	pdb5cih	substituted	2	TRP>TYR,ALA>ARG
M0709	pdb5cjh	substituted	1	ALA>ARG
M0709	pdb5d6m	substituted	1	ALA>ARG
M0709	pdb5ejt	substituted	1	ALA>ARG
M0709	pdb5ejx	substituted	1	ALA>ARG
M0709	pdb5fnb	partial	NA	
M0709	pdb5jhx	substituted	1	ALA>ARG
M0709	pdb5jhy	substituted	1	ALA>ARG
M0709	pdb5jhz	substituted	1	ALA>ARG
M0709	pdb5jpr	substituted	1	ALA>ARG
M0709	pdb5jqr	substituted	1	ALA>ARG
M0709	pdb5kq0	substituted	1	ALA>ARG
M0709	pdb5kq2	substituted	1	ALA>ARG
M0709	pdb5kq3	substituted	1	ALA>ARG
M0709	pdb5kq6	substituted	1	ALA>ARG
M0709	pdb5kqh	substituted	1	ALA>ARG
M0709	pdb5kqi	substituted	1	ALA>ARG
M0709	pdb5kqk	substituted	1	ALA>ARG
M0709	pdb5kqn	substituted	1	ALA>ARG
M0709	pdb5kqq	substituted	1	ALA>ARG
M0709	pdb5ksf	substituted	1	ALA>ARG
M0709	pdb5ksg	substituted	1	ALA>ARG
M0709	pdb5ksk	substituted	1	ALA>ARG
M0709	pdb5ksn	substituted	1	ALA>ARG
M0709	pdb5kt8	substituted	1	ALA>ARG
M0709	pdb5kt9	substituted	1	ALA>ARG
M0709	pdb5l02	substituted	1	ALA>ARG
M0709	pdb5l05	substituted	1	ALA>ARG
M0709	pdb5l86	substituted	1	ALA>ARG
M0709	pdb5sw4	substituted	1	ALA>ARG
M0709	pdb5sw5	substituted	1	ALA>ARG
M0709	pdb5sw6	substituted	1	ALA>ARG
M0709	pdb5sx0	substituted	1	ALA>ARG
M0709	pdb5sx1	substituted	1	ALA>ARG
M0709	pdb5sx2	substituted	1	ALA>ARG
M0709	pdb5sx3	substituted	1	ALA>ARG
M0709	pdb5sx6	substituted	1	ALA>ARG
M0709	pdb5sx7	substituted	1	ALA>ARG
M0709	pdb5sxq	substituted	1	ALA>ARG
M0709	pdb5sxr	substituted	1	ALA>ARG
M0709	pdb5sxs	substituted	1	ALA>ARG
M0709	pdb5sxt	substituted	1	ALA>ARG
M0709	pdb5sxw	substituted	1	ALA>ARG
M0709	pdb5sxx	substituted	1	ALA>ARG
M0709	pdb5syh	substituted	1	ALA>ARG
M0709	pdb5syi	substituted	1	ALA>ARG
M0709	pdb5syj	substituted	1	ALA>ARG
M0709	pdb5syk	substituted	1	ALA>ARG
M0709	pdb5syl	substituted	1	ALA>ARG
M0709	pdb5syu	substituted	1	ALA>ARG
M0709	pdb5syv	substituted	1	ALA>ARG
M0709	pdb5syw	substituted	1	ALA>ARG
M0709	pdb5syx	substituted	1	ALA>ARG
M0709	pdb5syy	substituted	1	ALA>ARG
M0709	pdb5txq	substituted	1	ALA>ARG
M0709	pdb5u5u	partial	NA	
M0709	pdb5u5v	partial	NA	
M0709	pdb5u5w	partial	NA	
M0709	pdb5u5x	partial	NA	
M0709	pdb5u5y	partial	NA	
M0709	pdb5u5z	partial	NA	
M0709	pdb5u60	partial	NA	
M0709	pdb5u61	partial	NA	
M0709	pdb5ug2	partial	NA	
M0709	pdb5v4o	substituted	1	ALA>ARG
M0709	pdb5v53	substituted	1	ALA>ARG
M0709	pdb5via	partial	NA	
M0709	pdb6b9b	substituted	1	ALA>ARG
M0709	pdb6ccp	substituted	1	ALA>LYS
M0709	pdb6mpy	substituted	1	ALA>ARG
M0709	pdb6mq0	substituted	1	ALA>ARG
M0709	pdb6mq1	substituted	1	ALA>ARG
M0709	pdb6p43	substituted	1	ALA>ARG
M0709	pdb6tae	substituted	1	ALA>ARG
M0709	pdb6xv4	substituted	1	ALA>ARG
M0709	pdb6zji	partial	NA	
M0709	pdb7ag8	substituted	1	ALA>ARG
M0709	pdb7bi1	substituted	1	ALA>ARG
M0709	pdb7biu	substituted	1	ALA>ARG
M0709	pdb7ccp	substituted	1	ALA>LEU
M0940	pdb1bkh	substituted	1	TRP>LEU
M0940	pdb1f9c	substituted	1	TRP>LEU
M0940	pdb1jpd	partial	NA	
M0940	pdb1jpm	substituted	1	TRP>PHE
M0940	pdb1muc	substituted	1	TRP>LEU
M0940	pdb1nu5	substituted	1	TRP>LEU
M0940	pdb1r0m	substituted	1	TRP>THR
M0940	pdb1sja	substituted	1	TRP>THR
M0940	pdb1sjb	substituted	1	TRP>THR
M0940	pdb1sjc	substituted	1	TRP>THR
M0940	pdb1sjd	substituted	1	TRP>THR
M0940	pdb1tkk	substituted	1	TRP>PHE
M0940	pdb1wue	substituted	1	TRP>ILE
M0940	pdb1wuf	substituted	1	TRP>ILE
M0940	pdb1xpy	substituted	1	TRP>THR
M0940	pdb1xs2	substituted	1	TRP>THR
M0940	pdb2chr	substituted	1	TRP>LEU
M0940	pdb2fkp	substituted	1	TRP>THR
M0940	pdb2gdq	partial	NA	
M0940	pdb2gge	partial	NA	
M0940	pdb2ggg	substituted	1	TRP>THR
M0940	pdb2ggh	substituted	1	TRP>THR
M0940	pdb2ggi	substituted	1	TRP>THR
M0940	pdb2ggj	substituted	1	TRP>THR
M0940	pdb2muc	substituted	1	TRP>LEU
M0940	pdb2nql	partial	NA	
M0940	pdb2oqh	substituted	3	ASP>ASN,LYS>ASP,TRP>ILE
M0940	pdb2ovl	substituted	4	GLU>ILE,ASP>ILE,LYS>ASP,TRP>TYR
M0940	pdb2p88	substituted	1	TRP>LEU
M0940	pdb2p8b	substituted	1	TRP>LEU
M0940	pdb2p8c	substituted	1	TRP>LEU
M0940	pdb2pce	substituted	1	TRP>LEU
M0940	pdb2pgw	substituted	2	LYS>GLY,TRP>ILE
M0940	pdb2pmq	exact	0	
M0940	pdb2poz	substituted	4	LYS>ARG,ASP>GLY,LYS>ASP,TRP>ASP
M0940	pdb2ppg	partial	NA	
M0940	pdb2ps2	substituted	1	TRP>LEU
M0940	pdb2qdd	exact	0	
M0940	pdb2qde	substituted	1	TRP>ASN
M0940	pdb2qjj	partial	NA	
M0940	pdb2qjm	partial	NA	
M0940	pdb2qjn	partial	NA	
M0940	pdb2rdx	substituted	1	TRP>THR
M0940	pdb2zad	substituted	1	TRP>LEU
M0940	pdb2zc8	substituted	1	TRP>VAL
M0940	pdb3bjs	substituted	4	LYS>ARG,ASP>GLY,LYS>ASP,TRP>CYS
M0940	pdb3ck5	substituted	4	GLU>ILE,ASP>ILE,LYS>ASP,TRP>TYR
M0940	pdb3ct2	substituted	1	TRP>LEU
M0940	pdb3deq	substituted	1	TRP>LEU
M0940	pdb3der	substituted	1	TRP>LEU
M0940	pdb3des	substituted	1	TRP>LEU
M0940	pdb3dfy	substituted	1	TRP>LEU
M0940	pdb3dg3	substituted	1	TRP>LEU
M0940	pdb3dg6	substituted	1	TRP>LEU
M0940	pdb3dg7	substituted	1	TRP>LEU
M0940	pdb3dgb	substituted	1	TRP>LEU
M0940	pdb3eez	exact	0	
M0940	pdb3fcp	substituted	1	TRP>MET
M0940	pdb3fj4	substituted	1	TRP>LEU
M0940	pdb3fv9	substituted	1	TRP>LEU
M0940	pdb3fvd	exact	0	
M0940	pdb3h12	substituted	3	ASP>GLY,LYS>ASP,TRP>ILE
M0940	pdb3i4k	substituted	1	TRP>LEU
M0940	pdb3i6e	substituted	1	TRP>PHE
M0940	pdb3i6t	substituted	1	TRP>PHE
M0940	pdb3iji	substituted	1	TRP>LEU
M0940	pdb3ijl	substituted	1	TRP>LEU
M0940	pdb3ijq	substituted	1	TRP>LEU
M0940	pdb3ik4	substituted	1	TRP>LEU
M0940	pdb3jva	substituted	1	TRP>LEU
M0940	pdb3jw7	substituted	1	TRP>LEU
M0940	pdb3jzu	substituted	1	TRP>LEU
M0940	pdb3k1g	substituted	1	TRP>LEU
M0940	pdb3kum	substituted	1	TRP>LEU
M0940	pdb3mkc	partial	NA	
M0940	pdb3mqt	substituted	4	GLU>ILE,ASP>ARG,LYS>SER,TRP>GLU
M0940	pdb3muc	substituted	1	TRP>LEU
M0940	pdb3my9	substituted	1	TRP>PHE
M0940	pdb3n4e	substituted	4	LYS>ARG,ASP>GLY,LYS>ASP,TRP>LEU
M0940	pdb3nzg	partial	NA	
M0940	pdb3op2	substituted	3	ASP>GLY,LYS>ASP,TRP>ILE
M0940	pdb3ozm	substituted	3	ASP>GLY,LYS>ASP,TRP>ILE
M0940	pdb3ozy	substituted	3	ASP>GLY,LYS>ASP,TRP>ILE
M0940	pdb3q45	substituted	1	TRP>PHE
M0940	pdb3q4d	substituted	1	TRP>PHE
M0940	pdb3qld	substituted	1	TRP>LEU
M0940	pdb3rit	substituted	1	TRP>LEU
M0940	pdb3ro6	substituted	1	TRP>LEU
M0940	pdb3s5s	substituted	1	TRP>LEU
M0940	pdb3sjn	substituted	4	LYS>GLY,ASP>ILE,LYS>ASP,TRP>GLN
M0940	pdb3t4w	substituted	5	LYS>ARG,ASP>PHE,ASP>GLY,LYS>ALA,TRP>CYS
M0940	pdb3t9p	substituted	4	LYS>ARG,ASP>GLY,LYS>ASP,TRP>TYR
M0940	pdb3tcs	substituted	3	LYS>ARG,LYS>ASP,TRP>ILE
M0940	pdb3tj4	partial	NA	
M0940	pdb3u4f	substituted	4	LYS>ARG,GLU>PHE,LYS>ASP,TRP>ILE
M0940	pdb3ugv	partial	NA	
M0940	pdb3va8	substituted	6	LYS>GLY,ASP>GLU,GLU>THR,ASP>LEU,LYS>LEU,TRP>GLY
M0940	pdb3vc5	substituted	3	ASP>ASN,LYS>ASP,TRP>ASP
M0940	pdb3vc6	substituted	3	ASP>ASN,LYS>ASP,TRP>ASP
M0940	pdb4a6g	substituted	1	TRP>THR
M0940	pdb4dhg	substituted	3	ASP>ASN,LYS>ASP,TRP>ASP
M0940	pdb4dwd	substituted	4	LYS>ARG,ASP>GLY,LYS>ASP,TRP>LEU
M0940	pdb4dye	substituted	3	ASP>ASN,LYS>ASP,TRP>ILE
M0940	pdb4e8g	exact	0	
M0940	pdb4gfi	partial	NA	
M0940	pdb4ggb	substituted	3	ASP>GLY,LYS>ASP,TRP>PHE
M0940	pdb4h19	partial	NA	
M0940	pdb4h2h	exact	0	
M0940	pdb4hpn	substituted	3	ASP>GLY,LYS>ASP,TRP>PHE
M0940	pdb4izg	exact	0	
M0940	pdb4j1o	exact	0	
M0940	pdb4jhm	substituted	3	ASP>SER,LYS>ASP,TRP>GLU
M0940	pdb4m0x	substituted	1	TRP>LEU
M0940	pdb4mgg	substituted	1	TRP>THR
M0940	pdb5fjo	substituted	1	TRP>THR
M0940	pdb5fjp	substituted	1	TRP>THR
M0940	pdb5fjr	substituted	1	TRP>THR
M0940	pdb5fjt	substituted	1	TRP>THR
M0940	pdb5fju	substituted	1	TRP>THR
M0940	pdb5xd7	partial	NA	
M0940	pdb5xd8	partial	NA	
M0940	pdb5xd9	partial	NA	
M0172	pdb1onw	exact	0	
M0172	pdb1onx	exact	0	
M0172	pdb1po9	exact	0	
M0172	pdb1poj	exact	0	
M0172	pdb1pok	exact	0	
M0172	pdb1xrf	partial	NA	
M0172	pdb1xrt	partial	NA	
M0172	pdb1ybq	substituted	1	ASP>ASN
M0172	pdb2aqo	exact	0	
M0172	pdb2aqv	exact	0	
M0172	pdb3d6n	partial	NA	
M0172	pdb3mpg	partial	NA	
M0172	pdb3ooq	partial	NA	
M0172	pdb4bjh	partial	NA	
M0172	pdb4yiw	partial	NA	
M0172	pdb5lp3	exact	0	
M0172	pdb5xgw	substituted	1	KCX>GLU
M0172	pdb5xgx	substituted	1	KCX>GLU
M0172	pdb7cdh	substituted	1	KCX>GLU
M0172	pdb7cf6	substituted	1	KCX>GLU
M0693	pdb11ba	exact	0	
M0693	pdb11bg	exact	0	
M0693	pdb1a2w	exact	0	
M0693	pdb1a4y	exact	0	
M0693	pdb1a5p	exact	0	
M0693	pdb1a5q	exact	0	
M0693	pdb1afk	exact	0	
M0693	pdb1afl	exact	0	
M0693	pdb1afu	exact	0	
M0693	pdb1agi	exact	0	
M0693	pdb1ang	exact	0	
M0693	pdb1aqp	exact	0	
M0693	pdb1awz	exact	0	
M0693	pdb1b1e	substituted	1	LYS>GLN
M0693	pdb1b1i	exact	0	
M0693	pdb1b1j	substituted	1	HIS>ALA
M0693	pdb1b6v	exact	0	
M0693	pdb1bel	exact	0	
M0693	pdb1bsr	exact	0	
M0693	pdb1bzq	exact	0	
M0693	pdb1c0b	exact	0	
M0693	pdb1c0c	exact	0	
M0693	pdb1c8w	exact	0	
M0693	pdb1c9v	substituted	1	HIS>ALA
M0693	pdb1c9x	substituted	1	HIS>ALA
M0693	pdb1cjq	partial	NA	
M0693	pdb1cjr	partial	NA	
M0693	pdb1d5d	partial	NA	
M0693	pdb1d5e	partial	NA	
M0693	pdb1d5h	partial	NA	
M0693	pdb1dfj	exact	0	
M0693	pdb1dy5	exact	0	
M0693	pdb1dyt	partial	NA	
M0693	pdb1dza	exact	0	
M0693	pdb1e21	exact	0	
M0693	pdb1eic	exact	0	
M0693	pdb1eid	exact	0	
M0693	pdb1eie	exact	0	
M0693	pdb1eos	exact	0	
M0693	pdb1eow	exact	0	
M0693	pdb1f0v	exact	0	
M0693	pdb1fev	partial	NA	
M0693	pdb1fs3	exact	0	
M0693	pdb1gio	exact	0	
M0693	pdb1gv7	exact	0	
M0693	pdb1h0d	exact	0	
M0693	pdb1h1h	partial	NA	
M0693	pdb1h52	exact	0	
M0693	pdb1h53	exact	0	
M0693	pdb1h8x	exact	0	
M0693	pdb1hby	exact	0	
M0693	pdb1izp	exact	0	
M0693	pdb1izq	exact	0	
M0693	pdb1izr	exact	0	
M0693	pdb1j7z	partial	NA	
M0693	pdb1j80	partial	NA	
M0693	pdb1j81	partial	NA	
M0693	pdb1j82	partial	NA	
M0693	pdb1jn4	exact	0	
M0693	pdb1js0	exact	0	
M0693	pdb1jvt	exact	0	
M0693	pdb1jvu	exact	0	
M0693	pdb1jvv	exact	0	
M0693	pdb1k58	exact	0	
M0693	pdb1k59	exact	0	
M0693	pdb1k5a	exact	0	
M0693	pdb1k5b	exact	0	
M0693	pdb1kf2	exact	0	
M0693	pdb1kf3	exact	0	
M0693	pdb1kf4	exact	0	
M0693	pdb1kf5	exact	0	
M0693	pdb1kf7	exact	0	
M0693	pdb1kf8	exact	0	
M0693	pdb1kh8	exact	0	
M0693	pdb1lsq	exact	0	
M0693	pdb1n1x	exact	0	
M0693	pdb1n3z	exact	0	
M0693	pdb1o0f	exact	0	
M0693	pdb1o0h	exact	0	
M0693	pdb1o0m	exact	0	
M0693	pdb1o0n	exact	0	
M0693	pdb1o0o	exact	0	
M0693	pdb1qhc	exact	0	
M0693	pdb1qmt	partial	NA	
M0693	pdb1qwq	exact	0	
M0693	pdb1r3m	exact	0	
M0693	pdb1r5c	exact	0	
M0693	pdb1r5d	exact	0	
M0693	pdb1rar	exact	0	
M0693	pdb1ras	exact	0	
M0693	pdb1rat	exact	0	
M0693	pdb1rbb	exact	0	
M0693	pdb1rbc	partial	NA	
M0693	pdb1rbd	partial	NA	
M0693	pdb1rbe	partial	NA	
M0693	pdb1rbf	partial	NA	
M0693	pdb1rbg	partial	NA	
M0693	pdb1rbh	partial	NA	
M0693	pdb1rbi	partial	NA	
M0693	pdb1rbj	exact	0	
M0693	pdb1rbn	exact	0	
M0693	pdb1rbw	exact	0	
M0693	pdb1rbx	exact	0	
M0693	pdb1rca	exact	0	
M0693	pdb1rcn	exact	0	
M0693	pdb1rha	exact	0	
M0693	pdb1rhb	exact	0	
M0693	pdb1rnc	exact	0	
M0693	pdb1rnd	exact	0	
M0693	pdb1rnf	exact	0	
M0693	pdb1rnm	exact	0	
M0693	pdb1rnn	exact	0	
M0693	pdb1rno	exact	0	
M0693	pdb1rnq	exact	0	
M0693	pdb1rnu	exact	0	
M0693	pdb1rnv	exact	0	
M0693	pdb1rnw	exact	0	
M0693	pdb1rnx	exact	0	
M0693	pdb1rny	exact	0	
M0693	pdb1rnz	exact	0	
M0693	pdb1rob	exact	0	
M0693	pdb1rpf	exact	0	
M0693	pdb1rpg	exact	0	
M0693	pdb1rph	exact	0	
M0693	pdb1rra	exact	0	
M0693	pdb1rsm	exact	0	
M0693	pdb1rta	exact	0	
M0693	pdb1rtb	exact	0	
M0693	pdb1ruv	exact	0	
M0693	pdb1srn	partial	NA	
M0693	pdb1ssa	partial	NA	
M0693	pdb1ssb	partial	NA	
M0693	pdb1ssc	partial	NA	
M0693	pdb1tq9	exact	0	
M0693	pdb1u1b	exact	0	
M0693	pdb1un3	exact	0	
M0693	pdb1un4	exact	0	
M0693	pdb1un5	exact	0	
M0693	pdb1w4o	exact	0	
M0693	pdb1w4p	exact	0	
M0693	pdb1w4q	exact	0	
M0693	pdb1wbu	exact	0	
M0693	pdb1xps	exact	0	
M0693	pdb1xpt	exact	0	
M0693	pdb1y92	exact	0	
M0693	pdb1y94	exact	0	
M0693	pdb1ymn	exact	0	
M0693	pdb1ymr	exact	0	
M0693	pdb1ymw	exact	0	
M0693	pdb1z3l	partial	NA	
M0693	pdb1z3m	partial	NA	
M0693	pdb1z3p	partial	NA	
M0693	pdb1z6d	exact	0	
M0693	pdb1z6s	exact	0	
M0693	pdb1z7x	substituted	3	HIS>PHE,HIS>MET,LYS>PRO
M0693	pdb2aas	exact	0	
M0693	pdb2ang	exact	0	
M0693	pdb2apq	substituted	1	HIS>ALA
M0693	pdb2blp	exact	0	
M0693	pdb2blz	exact	0	
M0693	pdb2bwk	exact	0	
M0693	pdb2bwl	exact	0	
M0693	pdb2e0j	exact	0	
M0693	pdb2e0l	exact	0	
M0693	pdb2e0m	exact	0	
M0693	pdb2e0o	exact	0	
M0693	pdb2e33	exact	0	
M0693	pdb2e3w	exact	0	
M0693	pdb2g4w	exact	0	
M0693	pdb2g4x	exact	0	
M0693	pdb2g8q	exact	0	
M0693	pdb2g8r	exact	0	
M0693	pdb2hky	exact	0	
M0693	pdb2j4t	exact	0	
M0693	pdb2k11	exact	0	
M0693	pdb2kb5	partial	NA	
M0693	pdb2lfj	exact	0	
M0693	pdb2lvz	partial	NA	
M0693	pdb2nui	exact	0	
M0693	pdb2op2	exact	0	
M0693	pdb2oqf	exact	0	
M0693	pdb2p42	exact	0	
M0693	pdb2p43	exact	0	
M0693	pdb2p44	exact	0	
M0693	pdb2p45	exact	0	
M0693	pdb2p46	exact	0	
M0693	pdb2p47	exact	0	
M0693	pdb2p48	exact	0	
M0693	pdb2p49	exact	0	
M0693	pdb2p4a	exact	0	
M0693	pdb2q4g	substituted	3	HIS>PHE,HIS>MET,LYS>PRO
M0693	pdb2qca	exact	0	
M0693	pdb2rat	exact	0	
M0693	pdb2rln	partial	NA	
M0693	pdb2rnf	exact	0	
M0693	pdb2rns	exact	0	
M0693	pdb2vq8	partial	NA	
M0693	pdb2vq9	exact	0	
M0693	pdb2w5g	exact	0	
M0693	pdb2w5i	exact	0	
M0693	pdb2w5k	exact	0	
M0693	pdb2w5l	exact	0	
M0693	pdb2w5m	exact	0	
M0693	pdb2xog	exact	0	
M0693	pdb2xoi	exact	0	
M0693	pdb2zpo	exact	0	
M0693	pdb3a1r	exact	0	
M0693	pdb3bcm	exact	0	
M0693	pdb3bco	exact	0	
M0693	pdb3bcp	exact	0	
M0693	pdb3d6o	exact	0	
M0693	pdb3d6p	exact	0	
M0693	pdb3d6q	exact	0	
M0693	pdb3d7b	exact	0	
M0693	pdb3d8y	exact	0	
M0693	pdb3d8z	exact	0	
M0693	pdb3dh5	exact	0	
M0693	pdb3dh6	exact	0	
M0693	pdb3di7	exact	0	
M0693	pdb3di8	exact	0	
M0693	pdb3di9	exact	0	
M0693	pdb3dib	exact	0	
M0693	pdb3dic	exact	0	
M0693	pdb3djo	exact	0	
M0693	pdb3djp	exact	0	
M0693	pdb3djq	exact	0	
M0693	pdb3djv	exact	0	
M0693	pdb3djx	exact	0	
M0693	pdb3dxg	exact	0	
M0693	pdb3dxh	exact	0	
M0693	pdb3eux	exact	0	
M0693	pdb3euy	exact	0	
M0693	pdb3euz	exact	0	
M0693	pdb3ev0	exact	0	
M0693	pdb3ev1	exact	0	
M0693	pdb3ev2	exact	0	
M0693	pdb3ev3	exact	0	
M0693	pdb3ev4	exact	0	
M0693	pdb3ev5	exact	0	
M0693	pdb3ev6	exact	0	
M0693	pdb3f8g	exact	0	
M0693	pdb3fkz	exact	0	
M0693	pdb3fl0	exact	0	
M0693	pdb3fl1	exact	0	
M0693	pdb3fl3	exact	0	
M0693	pdb3i67	exact	0	
M0693	pdb3i6f	exact	0	
M0693	pdb3i6h	exact	0	
M0693	pdb3i6j	exact	0	
M0693	pdb3i7w	exact	0	
M0693	pdb3i7x	exact	0	
M0693	pdb3i7y	exact	0	
M0693	pdb3jw1	exact	0	
M0693	pdb3ljd	exact	0	
M0693	pdb3lje	exact	0	
M0693	pdb3ln8	exact	0	
M0693	pdb3lxo	exact	0	
M0693	pdb3mwq	exact	0	
M0693	pdb3mwr	exact	0	
M0693	pdb3mx8	exact	0	
M0693	pdb3mzq	exact	0	
M0693	pdb3mzr	exact	0	
M0693	pdb3oqy	partial	NA	
M0693	pdb3oqz	partial	NA	
M0693	pdb3or0	partial	NA	
M0693	pdb3ql1	exact	0	
M0693	pdb3ql2	exact	0	
M0693	pdb3qsk	exact	0	
M0693	pdb3rat	exact	0	
M0693	pdb3rh1	exact	0	
M0693	pdb3rid	exact	0	
M0693	pdb3rn3	exact	0	
M0693	pdb3rsd	exact	0	
M0693	pdb3rsk	exact	0	
M0693	pdb3rsp	exact	0	
M0693	pdb3srn	partial	NA	
M0693	pdb3tsr	exact	0	
M0693	pdb3zbv	exact	0	
M0693	pdb3zbw	exact	0	
M0693	pdb4a2o	partial	NA	
M0693	pdb4a2y	partial	NA	
M0693	pdb4ahd	exact	0	
M0693	pdb4ahe	exact	0	
M0693	pdb4ahf	exact	0	
M0693	pdb4ahg	exact	0	
M0693	pdb4ahh	exact	0	
M0693	pdb4ahi	substituted	1	LYS>ILE
M0693	pdb4ahj	exact	0	
M0693	pdb4ahk	exact	0	
M0693	pdb4ahl	exact	0	
M0693	pdb4ahm	exact	0	
M0693	pdb4ahn	exact	0	
M0693	pdb4ao1	exact	0	
M0693	pdb4aoh	exact	0	
M0693	pdb4b36	exact	0	
M0693	pdb4g8v	exact	0	
M0693	pdb4g8y	exact	0	
M0693	pdb4g90	exact	0	
M0693	pdb4j5z	exact	0	
M0693	pdb4j60	exact	0	
M0693	pdb4j61	exact	0	
M0693	pdb4j62	exact	0	
M0693	pdb4j63	exact	0	
M0693	pdb4j64	exact	0	
M0693	pdb4j65	exact	0	
M0693	pdb4j66	exact	0	
M0693	pdb4j67	exact	0	
M0693	pdb4j68	exact	0	
M0693	pdb4j69	exact	0	
M0693	pdb4j6a	exact	0	
M0693	pdb4k7l	partial	NA	
M0693	pdb4k7m	exact	0	
M0693	pdb4kxh	exact	0	
M0693	pdb4l55	exact	0	
M0693	pdb4mxf	exact	0	
M0693	pdb4n4c	exact	0	
M0693	pdb4o36	partial	NA	
M0693	pdb4o37	partial	NA	
M0693	pdb4okf	partial	NA	
M0693	pdb4ooh	exact	0	
M0693	pdb4ot4	exact	0	
M0693	pdb4owz	partial	NA	
M0693	pdb4oxb	partial	NA	
M0693	pdb4oxf	partial	NA	
M0693	pdb4peq	exact	0	
M0693	pdb4per	exact	0	
M0693	pdb4pou	exact	0	
M0693	pdb4qfi	exact	0	
M0693	pdb4qfj	exact	0	
M0693	pdb4qh3	exact	0	
M0693	pdb4rat	exact	0	
M0693	pdb4rsd	exact	0	
M0693	pdb4rsk	exact	0	
M0693	pdb4rte	exact	0	
M0693	pdb4s0q	exact	0	
M0693	pdb4s18	exact	0	
M0693	pdb4srn	partial	NA	
M0693	pdb4wyn	exact	0	
M0693	pdb4wyp	exact	0	
M0693	pdb4wyz	exact	0	
M0693	pdb4x08	partial	NA	
M0693	pdb4x09	exact	0	
M0693	pdb4ygw	partial	NA	
M0693	pdb4zz4	exact	0	
M0693	pdb5ar6	exact	0	
M0693	pdb5arj	exact	0	
M0693	pdb5ark	exact	0	
M0693	pdb5arl	exact	0	
M0693	pdb5d6u	exact	0	
M0693	pdb5d97	exact	0	
M0693	pdb5e5e	exact	0	
M0693	pdb5e5f	exact	0	
M0693	pdb5eop	exact	0	
M0693	pdb5epz	exact	0	
M0693	pdb5eqo	exact	0	
M0693	pdb5et4	exact	0	
M0693	pdb5jlg	exact	0	
M0693	pdb5jmg	exact	0	
M0693	pdb5jml	exact	0	
M0693	pdb5m9a	substituted	1	HIS>ARG
M0693	pdb5m9c	substituted	1	LYS>ARG
M0693	pdb5m9g	exact	0	
M0693	pdb5m9j	exact	0	
M0693	pdb5m9m	exact	0	
M0693	pdb5m9p	exact	0	
M0693	pdb5m9q	exact	0	
M0693	pdb5m9r	exact	0	
M0693	pdb5m9s	exact	0	
M0693	pdb5m9t	substituted	1	HIS>ARG
M0693	pdb5m9v	exact	0	
M0693	pdb5na9	exact	0	
M0693	pdb5nj7	exact	0	
M0693	pdb5oab	exact	0	
M0693	pdb5obc	exact	0	
M0693	pdb5obd	exact	0	
M0693	pdb5obe	exact	0	
M0693	pdb5ogh	exact	0	
M0693	pdb5old	exact	0	
M0693	pdb5rat	exact	0	
M0693	pdb5rsa	exact	0	
M0693	pdb6enp	exact	0	
M0693	pdb6etk	exact	0	
M0693	pdb6etl	exact	0	
M0693	pdb6etm	exact	0	
M0693	pdb6etn	exact	0	
M0693	pdb6eto	exact	0	
M0693	pdb6etp	exact	0	
M0693	pdb6etq	exact	0	
M0693	pdb6etr	exact	0	
M0693	pdb6f60	exact	0	
M0693	pdb6gok	exact	0	
M0693	pdb6mv7	exact	0	
M0693	pdb6pvu	exact	0	
M0693	pdb6pvv	exact	0	
M0693	pdb6pvw	exact	0	
M0693	pdb6pvx	exact	0	
M0693	pdb6qe9	exact	0	
M0693	pdb6rat	exact	0	
M0693	pdb6rsa	exact	0	
M0693	pdb6xhc	exact	0	
M0693	pdb6xhd	exact	0	
M0693	pdb6xhe	exact	0	
M0693	pdb6xhf	exact	0	
M0693	pdb6xvx	partial	NA	
M0693	pdb6xw0	partial	NA	
M0693	pdb6yo1	exact	0	
M0693	pdb7rat	exact	0	
M0693	pdb7rsa	exact	0	
M0693	pdb8rat	exact	0	
M0693	pdb8rsa	exact	0	
M0693	pdb9rat	exact	0	
M0693	pdb9rsa	exact	0	
M0159	pdb1bf6	substituted	3	LYS>GLU,ASP>LEU,HIS>THR
M0159	pdb1dpm	exact	0	
M0159	pdb1eyw	substituted	1	LYS>KCX
M0159	pdb1ez2	substituted	1	LYS>KCX
M0159	pdb1hzy	exact	0	
M0159	pdb1i0b	exact	0	
M0159	pdb1i0d	exact	0	
M0159	pdb1jgm	substituted	1	LYS>KCX
M0159	pdb1p6b	substituted	2	LYS>KCX,HIS>GLY
M0159	pdb1p6c	substituted	2	LYS>KCX,HIS>GLY
M0159	pdb1psc	exact	0	
M0159	pdb1pta	exact	0	
M0159	pdb1qw7	substituted	2	LYS>KCX,HIS>ARG
M0159	pdb2d2g	substituted	2	LYS>KCX,HIS>ARG
M0159	pdb2d2h	substituted	2	LYS>KCX,HIS>ARG
M0159	pdb2d2j	substituted	2	LYS>KCX,HIS>ARG
M0159	pdb2o4m	substituted	1	LYS>KCX
M0159	pdb2o4q	substituted	1	LYS>KCX
M0159	pdb2ob3	substituted	1	LYS>KCX
M0159	pdb2oql	substituted	2	LYS>KCX,HIS>GLN
M0159	pdb2r1k	substituted	2	LYS>KCX,HIS>ARG
M0159	pdb2r1l	substituted	2	LYS>KCX,HIS>ARG
M0159	pdb2r1m	substituted	2	LYS>KCX,HIS>ARG
M0159	pdb2r1n	substituted	2	LYS>KCX,HIS>ARG
M0159	pdb2r1p	substituted	2	LYS>KCX,HIS>ARG
M0159	pdb2vc5	substituted	2	LYS>KCX,HIS>ARG
M0159	pdb2vc7	substituted	2	LYS>KCX,HIS>ARG
M0159	pdb2zc1	substituted	3	LYS>KCX,ASP>GLY,HIS>ARG
M0159	pdb3a3w	substituted	2	LYS>KCX,HIS>ARG
M0159	pdb3a3x	substituted	2	LYS>KCX,HIS>ARG
M0159	pdb3a4j	substituted	2	LYS>KCX,HIS>ARG
M0159	pdb3c86	substituted	2	LYS>KCX,HIS>ARG
M0159	pdb3cak	substituted	1	LYS>KCX
M0159	pdb3cs2	substituted	1	LYS>KCX
M0159	pdb3e3h	substituted	2	LYS>KCX,HIS>ARG
M0159	pdb3f4c	substituted	3	LYS>KCX,ASP>GLY,HIS>ARG
M0159	pdb3f4d	substituted	3	LYS>KCX,ASP>GLY,HIS>ARG
M0159	pdb3fdk	substituted	3	LYS>KCX,ASP>GLY,HIS>ARG
M0159	pdb3gtf	substituted	3	LYS>KCX,ASP>GLY,HIS>ARG
M0159	pdb3gth	substituted	3	LYS>KCX,ASP>GLY,HIS>ARG
M0159	pdb3gti	substituted	3	LYS>KCX,ASP>GLY,HIS>ARG
M0159	pdb3gtx	substituted	3	LYS>KCX,ASP>GLY,HIS>ARG
M0159	pdb3gu1	substituted	3	LYS>KCX,ASP>GLY,HIS>ARG
M0159	pdb3gu2	substituted	3	LYS>KCX,ASP>GLY,HIS>ARG
M0159	pdb3gu9	substituted	3	LYS>KCX,ASP>GLY,HIS>ALA
M0159	pdb3htw	substituted	3	LYS>KCX,ASP>GLY,HIS>ARG
M0159	pdb3k2g	substituted	3	LYS>GLY,ASP>PRO,HIS>MSE
M0159	pdb3msr	substituted	2	ASP>LYS,HIS>GLY
M0159	pdb3ojg	substituted	4	LYS>KCX,ASP>GLY,HIS>ARG,ASP>ASN
M0159	pdb3ood	substituted	2	LYS>KCX,HIS>ARG
M0159	pdb3oqe	substituted	2	LYS>KCX,HIS>ARG
M0159	pdb3orw	substituted	3	LYS>KCX,ASP>GLY,HIS>ARG
M0159	pdb3ovg	substituted	3	LYS>KCX,ASP>LYS,HIS>GLY
M0159	pdb3pnz	substituted	3	LYS>KCX,ASP>ARG,HIS>GLY
M0159	pdb3rhg	substituted	3	LYS>GLY,ASP>PRO,HIS>MET
M0159	pdb3so7	substituted	2	LYS>KCX,HIS>ARG
M0159	pdb3tn3	substituted	3	LYS>KCX,ASP>GLY,HIS>ARG
M0159	pdb3tn4	substituted	2	LYS>KCX,HIS>ARG
M0159	pdb3tn5	substituted	3	LYS>KCX,ASP>GLY,HIS>ARG
M0159	pdb3tn6	substituted	2	LYS>KCX,ASP>GLY
M0159	pdb3tnb	substituted	1	LYS>KCX
M0159	pdb3uf9	substituted	2	LYS>KCX,HIS>ARG
M0159	pdb3upm	substituted	2	LYS>KCX,HIS>GLN
M0159	pdb3ur2	substituted	2	LYS>KCX,HIS>GLY
M0159	pdb3ur5	substituted	1	LYS>KCX
M0159	pdb3ura	substituted	2	LYS>KCX,HIS>GLY
M0159	pdb3urb	substituted	2	LYS>KCX,HIS>GLY
M0159	pdb3urn	substituted	2	LYS>KCX,HIS>GLY
M0159	pdb3urq	substituted	2	LYS>KCX,HIS>GLY
M0159	pdb3wml	substituted	2	LYS>KCX,HIS>ARG
M0159	pdb4e3t	substituted	2	ASP>GLU,HIS>ARG
M0159	pdb4g2d	substituted	2	LYS>KCX,HIS>ARG
M0159	pdb4gy0	substituted	2	ASP>GLU,HIS>ARG
M0159	pdb4gy1	substituted	3	LYS>KCX,ASP>GLU,HIS>ARG
M0159	pdb4h9t	substituted	4	LYS>KCX,ASP>GLY,HIS>ARG,ASP>ASN
M0159	pdb4h9u	substituted	3	LYS>KCX,ASP>GLY,HIS>ARG
M0159	pdb4h9v	substituted	3	LYS>KCX,ASP>GLY,HIS>CYS
M0159	pdb4h9x	substituted	4	LYS>KCX,ASP>GLY,HIS>CYS,ASP>ASN
M0159	pdb4h9y	substituted	3	LYS>KCX,ASP>GLY,HIS>ARG
M0159	pdb4h9z	substituted	3	LYS>KCX,ASP>GLY,HIS>ARG
M0159	pdb4ha0	substituted	3	LYS>KCX,ASP>GLY,HIS>ASP
M0159	pdb4if2	substituted	2	LYS>KCX,HIS>ARG
M0159	pdb4j2m	substituted	3	LYS>KCX,ASP>GLY,HIS>ARG
M0159	pdb4j35	substituted	3	LYS>KCX,ASP>GLY,HIS>ARG
M0159	pdb4j5n	substituted	3	LYS>KCX,ASP>GLY,HIS>ARG
M0159	pdb4ker	substituted	2	LYS>KCX,HIS>ARG
M0159	pdb4kes	substituted	2	LYS>KCX,HIS>ARG
M0159	pdb4ket	substituted	2	LYS>KCX,HIS>ARG
M0159	pdb4keu	substituted	2	LYS>KCX,HIS>ARG
M0159	pdb4kev	substituted	2	LYS>KCX,HIS>ARG
M0159	pdb4kez	substituted	2	LYS>KCX,HIS>ARG
M0159	pdb4kf1	substituted	2	LYS>KCX,HIS>ARG
M0159	pdb4lef	substituted	3	LYS>GLU,ASP>LEU,HIS>THR
M0159	pdb4np7	substituted	2	LYS>KCX,HIS>ARG
M0159	pdb4pbe	substituted	3	LYS>KCX,ASP>GLU,HIS>ARG
M0159	pdb4pbf	substituted	3	LYS>KCX,ASP>GLU,HIS>ARG
M0159	pdb4pcn	substituted	3	LYS>KCX,ASP>GLU,HIS>ARG
M0159	pdb4pcp	substituted	1	LYS>KCX
M0159	pdb4qsf	substituted	3	LYS>GLY,ASP>PRO,HIS>MET
M0159	pdb4rdy	substituted	2	LYS>KCX,HIS>ARG
M0159	pdb4rdz	substituted	2	LYS>KCX,HIS>ARG
M0159	pdb4re0	substituted	2	LYS>KCX,HIS>ARG
M0159	pdb4wvx	substituted	3	LYS>KCX,ASP>GLY,HIS>ARG
M0159	pdb4xaf	substituted	2	LYS>KCX,HIS>ARG
M0159	pdb4xag	substituted	3	LYS>KCX,ASP>GLU,HIS>ARG
M0159	pdb4xay	substituted	3	LYS>KCX,ASP>GLU,HIS>ARG
M0159	pdb4xaz	substituted	3	LYS>KCX,ASP>GLU,HIS>ARG
M0159	pdb4xd3	substituted	3	LYS>KCX,ASP>GLU,HIS>ARG
M0159	pdb4xd4	substituted	2	LYS>KCX,HIS>ARG
M0159	pdb4xd5	substituted	3	LYS>KCX,ASP>GLU,HIS>ARG
M0159	pdb4xd6	substituted	2	LYS>KCX,ASP>GLU
M0159	pdb4zst	substituted	2	LYS>KCX,HIS>GLN
M0159	pdb4zsu	substituted	2	LYS>KCX,HIS>GLN
M0159	pdb5ch9	substituted	3	LYS>KCX,ASP>GLY,HIS>ARG
M0159	pdb5vej	substituted	2	LYS>KCX,HIS>ARG
M0159	pdb5vri	substituted	2	LYS>KCX,HIS>ARG
M0159	pdb5vrk	substituted	2	LYS>KCX,HIS>ARG
M0159	pdb5vsa	substituted	2	LYS>KCX,HIS>ARG
M0159	pdb5w3u	substituted	2	LYS>KCX,HIS>ARG
M0159	pdb5w3w	substituted	2	LYS>KCX,HIS>ARG
M0159	pdb5w3z	substituted	2	LYS>KCX,HIS>ARG
M0159	pdb5w6b	substituted	2	LYS>KCX,HIS>SER
M0159	pdb5w7h	substituted	2	LYS>KCX,HIS>ARG
M0159	pdb5wcp	substituted	3	LYS>KCX,ASP>ALA,HIS>SER
M0159	pdb5wcq	substituted	2	LYS>KCX,HIS>SER
M0159	pdb5wcr	substituted	1	LYS>KCX
M0159	pdb5wcw	substituted	3	LYS>KCX,ASP>ALA,HIS>SER
M0159	pdb5wiz	substituted	3	LYS>KCX,ASP>ALA,HIS>SER
M0159	pdb5wj0	substituted	3	LYS>KCX,ASP>ALA,HIS>ARG
M0159	pdb5wms	substituted	3	LYS>KCX,ASP>ALA,HIS>SER
M0159	pdb6aml	substituted	3	LYS>KCX,ASP>ALA,HIS>SER
M0159	pdb6b2f	substituted	3	LYS>KCX,ASP>ALA,HIS>SER
M0159	pdb6bh7	substituted	3	LYS>KCX,ASP>GLU,HIS>SER
M0159	pdb6bhk	substituted	3	LYS>KCX,ASP>GLU,HIS>ARG
M0159	pdb6bhl	substituted	3	LYS>KCX,ASP>ALA,HIS>SER
M0159	pdb6fee	partial	NA	
M0159	pdb6fef	partial	NA	
M0159	pdb6fei	partial	NA	
M0159	pdb6fev	partial	NA	
M0159	pdb6ffw	substituted	1	HIS>GLY
M0159	pdb6for	partial	NA	
M0159	pdb6fqe	substituted	1	HIS>GLY
M0159	pdb6frz	substituted	1	HIS>GLY
M0159	pdb6fs3	substituted	1	HIS>GLY
M0159	pdb6fu0	partial	NA	
M0159	pdb6fu6	substituted	1	HIS>GLY
M0159	pdb6fvk	partial	NA	
M0159	pdb6fvp	partial	NA	
M0159	pdb6fw1	partial	NA	
M0159	pdb6fwe	substituted	1	HIS>GLY
M0159	pdb6g0m	partial	NA	
M0159	pdb6g1j	substituted	1	HIS>GLY
M0159	pdb6g23	partial	NA	
M0159	pdb6g3l	partial	NA	
M0159	pdb6g3m	substituted	1	HIS>GLY
M0159	pdb6gbj	substituted	1	HIS>ARG
M0159	pdb6gbk	substituted	1	HIS>GLY
M0159	pdb6gbl	substituted	1	HIS>GLY
M0159	pdb6jss	substituted	3	LYS>KCX,ASP>GLY,HIS>ARG
M0159	pdb6jst	substituted	4	LYS>KCX,ASP>GLY,HIS>ARG,ASP>ASN
M0159	pdb6jsu	substituted	4	LYS>KCX,ASP>GLY,HIS>ARG,ASP>ASN
M0835	pdb1dil	partial	NA	
M0835	pdb1dim	partial	NA	
M0835	pdb1eur	exact	0	
M0835	pdb1eus	exact	0	
M0835	pdb1eut	exact	0	
M0835	pdb1euu	exact	0	
M0835	pdb1sli	partial	NA	
M0835	pdb1sll	partial	NA	
M0835	pdb1snt	partial	NA	
M0835	pdb1so7	partial	NA	
M0835	pdb1vcu	partial	NA	
M0835	pdb1w8n	substituted	1	ASP>GLY
M0835	pdb1w8o	substituted	1	ASP>GLY
M0835	pdb1wcq	substituted	1	TYR>PHE
M0835	pdb2ber	substituted	1	TYR>GLY
M0835	pdb2bf6	partial	NA	
M0835	pdb2bzd	substituted	1	GLU>ALA
M0835	pdb2f0z	partial	NA	
M0835	pdb2f10	partial	NA	
M0835	pdb2f11	partial	NA	
M0835	pdb2f12	partial	NA	
M0835	pdb2f13	partial	NA	
M0835	pdb2f24	partial	NA	
M0835	pdb2f25	partial	NA	
M0835	pdb2f26	partial	NA	
M0835	pdb2f27	partial	NA	
M0835	pdb2f28	partial	NA	
M0835	pdb2f29	partial	NA	
M0835	pdb2sil	partial	NA	
M0835	pdb2sim	partial	NA	
M0835	pdb2sli	partial	NA	
M0835	pdb2v5d	partial	NA	
M0835	pdb2vk5	partial	NA	
M0835	pdb2vk6	partial	NA	
M0835	pdb2vk7	partial	NA	
M0835	pdb2vvz	partial	NA	
M0835	pdb2w20	partial	NA	
M0835	pdb2ya4	partial	NA	
M0835	pdb2ya5	partial	NA	
M0835	pdb2ya6	partial	NA	
M0835	pdb2ya7	partial	NA	
M0835	pdb2ya8	partial	NA	
M0835	pdb3h71	partial	NA	
M0835	pdb3h72	partial	NA	
M0835	pdb3h73	partial	NA	
M0835	pdb3sil	partial	NA	
M0835	pdb3sli	partial	NA	
M0835	pdb4bbw	partial	NA	
M0835	pdb4fj6	partial	NA	
M0835	pdb4j9t	substituted	2	GLU>HIS,ASP>ALA
M0835	pdb4m4u	partial	NA	
M0835	pdb4m4v	partial	NA	
M0835	pdb4nc5	partial	NA	
M0835	pdb4ncs	partial	NA	
M0835	pdb4q6k	partial	NA	
M0835	pdb4sli	partial	NA	
M0835	pdb4x47	partial	NA	
M0835	pdb4x49	partial	NA	
M0835	pdb4x4a	partial	NA	
M0835	pdb4x6k	partial	NA	
M0835	pdb5kky	partial	NA	
M0835	pdb5tsp	partial	NA	
M0810	pdb1bif	substituted	1	ALA>HIS
M0810	pdb1c7z	substituted	1	ALA>HIS
M0810	pdb1c80	substituted	1	ALA>HIS
M0810	pdb1c81	substituted	1	ALA>HIS
M0810	pdb1ebb	substituted	1	ALA>HIS
M0810	pdb1fbt	substituted	1	ALA>HIS
M0810	pdb1h2e	substituted	1	ALA>HIS
M0810	pdb1h2f	substituted	1	ALA>HIS
M0810	pdb1k6m	substituted	1	ALA>HIS
M0810	pdb1tip	substituted	1	ALA>NEP
M0810	pdb2axn	substituted	2	ALA>HIS,ARG>SER
M0810	pdb2bif	exact	0	
M0810	pdb2dwo	substituted	2	ALA>HIS,ARG>SER
M0810	pdb2dwp	substituted	2	ALA>HIS,ARG>SER
M0810	pdb2i1v	substituted	6	ARG>HIS,ALA>GLY,ASN>LEU,ARG>THR,GLU>ILE,HIS>GLN
M0810	pdb3bif	substituted	1	ALA>HIS
M0810	pdb3qpu	substituted	2	ALA>HIS,ARG>SER
M0810	pdb3qpv	substituted	2	ALA>HIS,ARG>SER
M0810	pdb3qpw	substituted	2	ALA>HIS,ARG>SER
M0810	pdb4d4j	substituted	2	ALA>HIS,ARG>SER
M0810	pdb4d4k	substituted	2	ALA>HIS,ARG>SER
M0810	pdb4d4l	substituted	2	ALA>HIS,ARG>SER
M0810	pdb4d4m	substituted	2	ALA>HIS,ARG>SER
M0810	pdb4ij5	substituted	1	ALA>HIS
M0810	pdb4ij6	exact	0	
M0810	pdb4ma4	substituted	2	ALA>HIS,ARG>SER
M0810	pdb5ajv	substituted	6	ARG>HIS,ALA>GLY,ASN>LEU,ARG>THR,GLU>ILE,HIS>GLN
M0810	pdb5ajw	substituted	2	ALA>HIS,ARG>SER
M0810	pdb5ajx	substituted	2	ALA>HIS,ARG>SER
M0810	pdb5ajy	substituted	2	ALA>HIS,ARG>SER
M0810	pdb5ajz	substituted	2	ALA>HIS,ARG>SER
M0810	pdb5ak0	substituted	2	ALA>HIS,ARG>SER
M0810	pdb5hr5	substituted	1	ALA>NEP
M0810	pdb5htk	substituted	1	ALA>NEP
M0810	pdb6etj	substituted	2	ALA>NEP,ARG>SER
M0810	pdb6hvh	substituted	2	ALA>HIS,ARG>SER
M0810	pdb6hvi	substituted	2	ALA>HIS,ARG>SER
M0810	pdb6hvj	substituted	2	ALA>HIS,ARG>SER
M0434	pdb1bwd	exact	0	
M0434	pdb1jdw	exact	0	
M0434	pdb1jdx	exact	0	
M0434	pdb2jdw	exact	0	
M0434	pdb2jdx	exact	0	
M0434	pdb3jdw	exact	0	
M0434	pdb4jdw	substituted	1	CYS>ALA
M0434	pdb5jdw	exact	0	
M0434	pdb5wpi	exact	0	
M0434	pdb6jdw	exact	0	
M0434	pdb7jdw	exact	0	
M0434	pdb8jdw	exact	0	
M0434	pdb9jdw	exact	0	
M0653	pdb1kzh	exact	0	
M0653	pdb1mto	substituted	2	ARG>CYS,LYS>GLY
M0653	pdb1pfk	substituted	2	ARG>PHE,LYS>GLY
M0653	pdb1zxx	substituted	2	ARG>TYR,LYS>GLY
M0653	pdb2f48	exact	0	
M0653	pdb2hig	substituted	1	ARG>GLY
M0653	pdb2pfk	substituted	2	ARG>PHE,LYS>GLY
M0653	pdb3f5m	substituted	1	ARG>GLY
M0653	pdb3hno	partial	NA	
M0653	pdb3k2q	partial	NA	
M0653	pdb3o8o	partial	NA	
M0653	pdb3pfk	substituted	2	ARG>CYS,LYS>GLY
M0653	pdb3u39	substituted	2	ARG>CYS,LYS>GLY
M0653	pdb4a3s	substituted	2	ARG>CYS,LYS>GLY
M0653	pdb4i36	substituted	2	ARG>CYS,LYS>GLY
M0653	pdb4i4i	substituted	2	ARG>CYS,LYS>GLY
M0653	pdb4i7e	substituted	2	ARG>CYS,LYS>GLY
M0653	pdb4pfk	substituted	2	ARG>CYS,LYS>GLY
M0653	pdb4rh3	partial	NA	
M0653	pdb4u1r	partial	NA	
M0653	pdb4wl0	partial	NA	
M0653	pdb4xyj	partial	NA	
M0653	pdb4xyk	partial	NA	
M0653	pdb4xz2	partial	NA	
M0653	pdb6pfk	substituted	2	ARG>CYS,LYS>GLY
M0653	pdb6sy7	substituted	1	ARG>GLY
M0205	pdb1a8i	substituted	1	LYS>LLP
M0205	pdb1abb	exact	0	
M0205	pdb1ahp	exact	0	
M0205	pdb1axr	exact	0	
M0205	pdb1b4d	exact	0	
M0205	pdb1bx3	exact	0	
M0205	pdb1c50	exact	0	
M0205	pdb1c8k	exact	0	
M0205	pdb1c8l	exact	0	
M0205	pdb1e1y	exact	0	
M0205	pdb1e4o	exact	0	
M0205	pdb1em6	exact	0	
M0205	pdb1exv	exact	0	
M0205	pdb1fa9	exact	0	
M0205	pdb1fc0	exact	0	
M0205	pdb1fs4	exact	0	
M0205	pdb1ftq	exact	0	
M0205	pdb1ftw	exact	0	
M0205	pdb1fty	exact	0	
M0205	pdb1fu4	exact	0	
M0205	pdb1fu7	exact	0	
M0205	pdb1fu8	exact	0	
M0205	pdb1gfz	exact	0	
M0205	pdb1gg8	exact	0	
M0205	pdb1ggn	exact	0	
M0205	pdb1gpa	exact	0	
M0205	pdb1gpb	exact	0	
M0205	pdb1gpy	exact	0	
M0205	pdb1h5u	exact	0	
M0205	pdb1hlf	exact	0	
M0205	pdb1k06	exact	0	
M0205	pdb1k08	exact	0	
M0205	pdb1kti	exact	0	
M0205	pdb1l5q	exact	0	
M0205	pdb1l5r	exact	0	
M0205	pdb1l5s	exact	0	
M0205	pdb1l5v	exact	0	
M0205	pdb1l5w	exact	0	
M0205	pdb1l6i	exact	0	
M0205	pdb1l7x	exact	0	
M0205	pdb1lwn	exact	0	
M0205	pdb1lwo	exact	0	
M0205	pdb1noi	exact	0	
M0205	pdb1noj	exact	0	
M0205	pdb1nok	exact	0	
M0205	pdb1p29	exact	0	
M0205	pdb1p2b	exact	0	
M0205	pdb1p2d	exact	0	
M0205	pdb1p2g	exact	0	
M0205	pdb1p4g	exact	0	
M0205	pdb1p4h	exact	0	
M0205	pdb1p4j	exact	0	
M0205	pdb1pyg	exact	0	
M0205	pdb1qm5	exact	0	
M0205	pdb1uzu	exact	0	
M0205	pdb1wut	substituted	1	LYS>LLP
M0205	pdb1wuy	exact	0	
M0205	pdb1wv0	exact	0	
M0205	pdb1wv1	exact	0	
M0205	pdb1ww2	exact	0	
M0205	pdb1ww3	exact	0	
M0205	pdb1xc7	exact	0	
M0205	pdb1xkx	exact	0	
M0205	pdb1xl0	exact	0	
M0205	pdb1xl1	exact	0	
M0205	pdb1xoi	exact	0	
M0205	pdb1ygp	exact	0	
M0205	pdb1z62	exact	0	
M0205	pdb1z6p	substituted	1	LYS>LLP
M0205	pdb1z6q	substituted	1	LYS>LLP
M0205	pdb1z8d	substituted	1	LYS>LLP
M0205	pdb2amv	exact	0	
M0205	pdb2asv	exact	0	
M0205	pdb2ati	exact	0	
M0205	pdb2av6	exact	0	
M0205	pdb2aw3	exact	0	
M0205	pdb2azd	exact	0	
M0205	pdb2c4m	exact	0	
M0205	pdb2ecp	exact	0	
M0205	pdb2f3p	exact	0	
M0205	pdb2f3q	exact	0	
M0205	pdb2f3s	exact	0	
M0205	pdb2f3u	exact	0	
M0205	pdb2fet	exact	0	
M0205	pdb2ff5	exact	0	
M0205	pdb2ffr	exact	0	
M0205	pdb2g9q	substituted	1	LYS>LLP
M0205	pdb2g9r	substituted	1	LYS>LLP
M0205	pdb2g9u	substituted	1	LYS>LLP
M0205	pdb2g9v	substituted	1	LYS>LLP
M0205	pdb2gj4	exact	0	
M0205	pdb2gm9	exact	0	
M0205	pdb2gpa	exact	0	
M0205	pdb2gpb	exact	0	
M0205	pdb2gpn	substituted	1	LYS>LLP
M0205	pdb2ieg	exact	0	
M0205	pdb2iei	exact	0	
M0205	pdb2off	substituted	1	LYS>LLP
M0205	pdb2pri	exact	0	
M0205	pdb2prj	exact	0	
M0205	pdb2pyd	substituted	1	LYS>LLP
M0205	pdb2pyi	substituted	1	LYS>LLP
M0205	pdb2qll	exact	0	
M0205	pdb2qlm	substituted	1	LYS>LLP
M0205	pdb2qln	substituted	1	LYS>LLP
M0205	pdb2qn1	substituted	1	LYS>LLP
M0205	pdb2qn2	substituted	1	LYS>LLP
M0205	pdb2qn3	substituted	1	LYS>LLP
M0205	pdb2qn7	exact	0	
M0205	pdb2qn8	exact	0	
M0205	pdb2qn9	exact	0	
M0205	pdb2qnb	substituted	1	LYS>LLP
M0205	pdb2qrg	substituted	1	LYS>LLP
M0205	pdb2qrh	substituted	1	LYS>LLP
M0205	pdb2qrm	substituted	1	LYS>LLP
M0205	pdb2qrp	substituted	1	LYS>LLP
M0205	pdb2qrq	substituted	1	LYS>LLP
M0205	pdb2skc	exact	0	
M0205	pdb2skd	exact	0	
M0205	pdb2ske	exact	0	
M0205	pdb2zb2	exact	0	
M0205	pdb3amv	exact	0	
M0205	pdb3bcr	partial	NA	
M0205	pdb3bcs	substituted	1	LYS>LLP
M0205	pdb3bcu	substituted	1	LYS>LLP
M0205	pdb3bd6	substituted	1	LYS>LLP
M0205	pdb3bd7	exact	0	
M0205	pdb3bd8	exact	0	
M0205	pdb3bda	substituted	1	LYS>LLP
M0205	pdb3ceh	exact	0	
M0205	pdb3cej	exact	0	
M0205	pdb3cem	exact	0	
M0205	pdb3cut	substituted	1	LYS>LLP
M0205	pdb3cuu	substituted	1	LYS>LLP
M0205	pdb3cuv	substituted	1	LYS>LLP
M0205	pdb3cuw	substituted	1	LYS>LLP
M0205	pdb3dd1	exact	0	
M0205	pdb3dds	exact	0	
M0205	pdb3ddw	exact	0	
M0205	pdb3e3l	substituted	1	LYS>LLP
M0205	pdb3e3n	substituted	1	LYS>LLP
M0205	pdb3e3o	substituted	1	LYS>LLP
M0205	pdb3ebo	substituted	1	LYS>LLP
M0205	pdb3ebp	substituted	1	LYS>LLP
M0205	pdb3g2h	substituted	1	LYS>LLP
M0205	pdb3g2i	substituted	1	LYS>LLP
M0205	pdb3g2j	substituted	1	LYS>LLP
M0205	pdb3g2k	substituted	1	LYS>LLP
M0205	pdb3g2l	substituted	1	LYS>LLP
M0205	pdb3g2n	substituted	1	LYS>LLP
M0205	pdb3gpb	exact	0	
M0205	pdb3l79	substituted	1	LYS>LLP
M0205	pdb3l7a	substituted	1	LYS>LLP
M0205	pdb3l7b	substituted	1	LYS>LLP
M0205	pdb3l7c	substituted	1	LYS>LLP
M0205	pdb3l7d	substituted	1	LYS>LLP
M0205	pdb3mqf	substituted	1	LYS>LLP
M0205	pdb3mrt	substituted	1	LYS>LLP
M0205	pdb3mrv	substituted	1	LYS>LLP
M0205	pdb3mrx	substituted	1	LYS>LLP
M0205	pdb3ms2	substituted	1	LYS>LLP
M0205	pdb3ms4	substituted	1	LYS>LLP
M0205	pdb3ms7	substituted	1	LYS>LLP
M0205	pdb3msc	substituted	1	LYS>LLP
M0205	pdb3mt7	substituted	1	LYS>LLP
M0205	pdb3mt8	substituted	1	LYS>LLP
M0205	pdb3mt9	substituted	1	LYS>LLP
M0205	pdb3mta	substituted	1	LYS>LLP
M0205	pdb3mtb	substituted	1	LYS>LLP
M0205	pdb3mtd	substituted	1	LYS>LLP
M0205	pdb3nc4	substituted	1	LYS>LLP
M0205	pdb3np7	substituted	1	LYS>LLP
M0205	pdb3np9	substituted	1	LYS>LLP
M0205	pdb3npa	substituted	1	LYS>LLP
M0205	pdb3s0j	substituted	1	LYS>LLP
M0205	pdb3sym	substituted	1	LYS>LLP
M0205	pdb3syr	substituted	1	LYS>LLP
M0205	pdb3t3d	substituted	1	LYS>LLP
M0205	pdb3t3e	substituted	1	LYS>LLP
M0205	pdb3t3g	substituted	1	LYS>LLP
M0205	pdb3t3h	substituted	1	LYS>LLP
M0205	pdb3t3i	substituted	1	LYS>LLP
M0205	pdb3zcp	exact	0	
M0205	pdb3zcq	exact	0	
M0205	pdb3zcr	exact	0	
M0205	pdb3zcs	exact	0	
M0205	pdb3zct	exact	0	
M0205	pdb3zcu	exact	0	
M0205	pdb3zcv	exact	0	
M0205	pdb4bqe	exact	0	
M0205	pdb4bqf	exact	0	
M0205	pdb4bqi	exact	0	
M0205	pdb4ctm	exact	0	
M0205	pdb4ctn	exact	0	
M0205	pdb4cto	exact	0	
M0205	pdb4ej2	substituted	1	LYS>LLP
M0205	pdb4eke	substituted	1	LYS>LLP
M0205	pdb4eky	substituted	1	LYS>LLP
M0205	pdb4el0	substituted	1	LYS>LLP
M0205	pdb4el5	substituted	1	LYS>LLP
M0205	pdb4gpb	exact	0	
M0205	pdb4l22	exact	0	
M0205	pdb4mho	substituted	1	LYS>LLP
M0205	pdb4mhs	substituted	1	LYS>LLP
M0205	pdb4mi3	substituted	1	LYS>LLP
M0205	pdb4mi6	substituted	1	LYS>LLP
M0205	pdb4mi9	substituted	1	LYS>LLP
M0205	pdb4mic	substituted	1	LYS>LLP
M0205	pdb4mra	substituted	1	LYS>LLP
M0205	pdb4yi3	exact	0	
M0205	pdb4yi5	exact	0	
M0205	pdb4yua	exact	0	
M0205	pdb4z5x	exact	0	
M0205	pdb5gpb	exact	0	
M0205	pdb5iko	exact	0	
M0205	pdb5ikp	exact	0	
M0205	pdb5jtt	exact	0	
M0205	pdb5jtu	exact	0	
M0205	pdb5lr8	exact	0	
M0205	pdb5lra	exact	0	
M0205	pdb5lrb	exact	0	
M0205	pdb5lrc	exact	0	
M0205	pdb5lrd	exact	0	
M0205	pdb5lre	exact	0	
M0205	pdb5lrf	exact	0	
M0205	pdb5mcb	exact	0	
M0205	pdb5mem	exact	0	
M0205	pdb5o50	exact	0	
M0205	pdb5o52	exact	0	
M0205	pdb5o54	exact	0	
M0205	pdb5o56	exact	0	
M0205	pdb5owy	exact	0	
M0205	pdb5owz	exact	0	
M0205	pdb5ox0	exact	0	
M0205	pdb5ox1	exact	0	
M0205	pdb5ox3	exact	0	
M0205	pdb5ox4	exact	0	
M0205	pdb6f3j	exact	0	
M0205	pdb6f3l	exact	0	
M0205	pdb6f3r	exact	0	
M0205	pdb6f3s	exact	0	
M0205	pdb6f3u	exact	0	
M0205	pdb6gpb	exact	0	
M0205	pdb6qa6	exact	0	
M0205	pdb6qa7	exact	0	
M0205	pdb6qa8	exact	0	
M0205	pdb6r0h	exact	0	
M0205	pdb6r0i	exact	0	
M0205	pdb6s4h	exact	0	
M0205	pdb6s4k	exact	0	
M0205	pdb6s4o	exact	0	
M0205	pdb6s4p	exact	0	
M0205	pdb6s4r	exact	0	
M0205	pdb6s51	exact	0	
M0205	pdb6s52	exact	0	
M0205	pdb6y55	substituted	1	LYS>LLP
M0205	pdb6y5c	substituted	1	LYS>LLP
M0205	pdb6y5o	substituted	1	LYS>LLP
M0205	pdb6yve	partial	NA	
M0205	pdb7gpb	exact	0	
M0205	pdb7o8e	partial	NA	
M0205	pdb8gpb	exact	0	
M0205	pdb9gpb	substituted	1	LYS>LLP
M0939	pdb1r4m	partial	NA	
M0939	pdb1r4n	partial	NA	
M0939	pdb1tt5	partial	NA	
M0939	pdb1y8q	partial	NA	
M0939	pdb1y8r	partial	NA	
M0939	pdb1yov	partial	NA	
M0939	pdb1z7l	substituted	2	ARG>LYS,ASN>SER
M0939	pdb2nvu	partial	NA	
M0939	pdb3cmm	exact	0	
M0939	pdb3dbh	partial	NA	
M0939	pdb3dbl	partial	NA	
M0939	pdb3dbr	partial	NA	
M0939	pdb3gzn	partial	NA	
M0939	pdb3kyc	partial	NA	
M0939	pdb3kyd	partial	NA	
M0939	pdb4ii2	substituted	3	ARG>LYS,ASN>PHE,ASP>ALA
M0939	pdb4ii3	substituted	3	ARG>LYS,ASN>PHE,ASP>ALA
M0939	pdb4nnj	exact	0	
M0939	pdb5knl	substituted	3	ARG>LYS,ASN>PHE,ASP>ALA
M0939	pdb5l6h	exact	0	
M0939	pdb5l6i	exact	0	
M0939	pdb5l6j	exact	0	
M0939	pdb5tr4	exact	0	
M0939	pdb5um6	substituted	4	CYS>ALA,ARG>LYS,ASN>PRO,ASP>PHE
M0939	pdb6o82	substituted	3	ARG>LYS,ASN>PHE,ASP>ALA
M0939	pdb6o83	substituted	3	ARG>LYS,ASN>PHE,ASP>ALA
M0939	pdb6zqh	exact	0	
M0918	pdb1av8	partial	NA	
M0918	pdb1biq	partial	NA	
M0918	pdb1h0n	partial	NA	
M0918	pdb1h0o	partial	NA	
M0918	pdb1jk0	partial	NA	
M0918	pdb1jpr	partial	NA	
M0918	pdb1jqc	partial	NA	
M0918	pdb1kgn	partial	NA	
M0918	pdb1kgo	partial	NA	
M0918	pdb1kgp	partial	NA	
M0918	pdb1mrr	partial	NA	
M0918	pdb1mxr	partial	NA	
M0918	pdb1oqu	partial	NA	
M0918	pdb1pfr	partial	NA	
M0918	pdb1pim	partial	NA	
M0918	pdb1piu	partial	NA	
M0918	pdb1piy	partial	NA	
M0918	pdb1piz	partial	NA	
M0918	pdb1pj0	partial	NA	
M0918	pdb1pj1	partial	NA	
M0918	pdb1pm2	partial	NA	
M0918	pdb1r1r	substituted	3	TYR>PHE,TYR>CYS,ASP>CYS
M0918	pdb1r65	partial	NA	
M0918	pdb1rib	partial	NA	
M0918	pdb1rlr	substituted	2	TYR>CYS,ASP>CYS
M0918	pdb1rnr	partial	NA	
M0918	pdb1rsr	partial	NA	
M0918	pdb1rsv	partial	NA	
M0918	pdb1smq	partial	NA	
M0918	pdb1syy	partial	NA	
M0918	pdb1uzr	partial	NA	
M0918	pdb1w68	partial	NA	
M0918	pdb1w69	partial	NA	
M0918	pdb1xik	partial	NA	
M0918	pdb1xje	substituted	4	TYR>THR,TYR>VAL,TYR>CYS,ASP>CYS
M0918	pdb1xjf	substituted	4	TYR>THR,TYR>VAL,TYR>CYS,ASP>CYS
M0918	pdb1xjg	substituted	4	TYR>THR,TYR>VAL,TYR>CYS,ASP>CYS
M0918	pdb1xjj	substituted	4	TYR>THR,TYR>VAL,TYR>CYS,ASP>CYS
M0918	pdb1xjk	substituted	4	TYR>THR,TYR>VAL,TYR>CYS,ASP>CYS
M0918	pdb1xjm	substituted	4	TYR>THR,TYR>VAL,TYR>CYS,ASP>CYS
M0918	pdb1xjn	substituted	4	TYR>THR,TYR>VAL,TYR>CYS,ASP>CYS
M0918	pdb1xsm	partial	NA	
M0918	pdb1yfd	partial	NA	
M0918	pdb1zyz	substituted	2	TYR>CYS,ASP>CYS
M0918	pdb1zzd	substituted	2	TYR>CYS,ASP>CYS
M0918	pdb2alx	partial	NA	
M0918	pdb2ani	partial	NA	
M0918	pdb2av8	partial	NA	
M0918	pdb2cvs	substituted	2	TYR>CYS,ASP>CYS
M0918	pdb2cvt	substituted	2	TYR>CYS,ASP>CYS
M0918	pdb2cvu	substituted	2	TYR>CYS,ASP>CYS
M0918	pdb2cvv	substituted	2	TYR>CYS,ASP>CYS
M0918	pdb2cvw	substituted	2	TYR>CYS,ASP>CYS
M0918	pdb2cvx	substituted	2	TYR>CYS,ASP>CYS
M0918	pdb2cvy	substituted	2	TYR>CYS,ASP>CYS
M0918	pdb2eud	substituted	2	TYR>CYS,ASP>CYS
M0918	pdb2o1z	partial	NA	
M0918	pdb2p1i	partial	NA	
M0918	pdb2r1r	substituted	2	TYR>CYS,ASP>CYS
M0918	pdb2rcc	partial	NA	
M0918	pdb2uw2	partial	NA	
M0918	pdb2vux	partial	NA	
M0918	pdb2wgh	substituted	2	TYR>CYS,ASP>CYS
M0918	pdb2x0x	substituted	2	TYR>CYS,ASP>CYS
M0918	pdb2xak	substituted	3	TYR>NIY,TYR>CYS,ASP>CYS
M0918	pdb2xap	substituted	3	TYR>NIY,TYR>CYS,ASP>CYS
M0918	pdb2xav	substituted	4	TYR>PHE,TYR>NIY,TYR>CYS,ASP>CYS
M0918	pdb2xaw	substituted	4	TYR>NIY,TYR>PHE,TYR>CYS,ASP>CYS
M0918	pdb2xax	substituted	4	TYR>NIY,TYR>ALA,TYR>CYS,ASP>CYS
M0918	pdb2xay	substituted	4	CYS>ALA,TYR>NIY,TYR>ALA,ASP>CYS
M0918	pdb2xaz	substituted	4	CYS>SER,TYR>NIY,TYR>SER,ASP>CYS
M0918	pdb2xo4	substituted	3	TYR>TY2,TYR>CYS,ASP>CYS
M0918	pdb2xo5	substituted	3	TYR>TY2,TYR>CYS,ASP>CYS
M0918	pdb2xof	partial	NA	
M0918	pdb2zlf	substituted	2	TYR>CYS,ASP>CYS
M0918	pdb2zlg	substituted	2	TYR>CYS,ASP>CYS
M0918	pdb3dhz	partial	NA	
M0918	pdb3hf1	partial	NA	
M0918	pdb3hnc	substituted	2	TYR>CYS,ASP>CYS
M0918	pdb3hnd	substituted	2	TYR>CYS,ASP>CYS
M0918	pdb3hne	substituted	2	TYR>CYS,ASP>CYS
M0918	pdb3hnf	substituted	2	TYR>CYS,ASP>CYS
M0918	pdb3k8t	substituted	2	TYR>CYS,ASP>CYS
M0918	pdb3mjo	partial	NA	
M0918	pdb3n37	partial	NA	
M0918	pdb3n38	partial	NA	
M0918	pdb3n39	partial	NA	
M0918	pdb3n3a	partial	NA	
M0918	pdb3n3b	partial	NA	
M0918	pdb3o0n	substituted	4	TYR>THR,TYR>VAL,TYR>CYS,ASP>CYS
M0918	pdb3o0o	substituted	4	TYR>THR,TYR>VAL,TYR>CYS,ASP>CYS
M0918	pdb3o0q	substituted	4	TYR>THR,TYR>VAL,TYR>CYS,ASP>CYS
M0918	pdb3olj	partial	NA	
M0918	pdb3paw	substituted	2	TYR>CYS,ASP>CYS
M0918	pdb3r1r	substituted	2	TYR>CYS,ASP>CYS
M0918	pdb3rsr	substituted	2	TYR>CYS,ASP>CYS
M0918	pdb3s87	substituted	2	TYR>CYS,ASP>CYS
M0918	pdb3s8a	substituted	2	TYR>CYS,ASP>CYS
M0918	pdb3s8b	substituted	2	TYR>CYS,ASP>CYS
M0918	pdb3s8c	substituted	2	TYR>CYS,ASP>CYS
M0918	pdb3tb9	substituted	2	TYR>CYS,ASP>CYS
M0918	pdb3tba	substituted	2	TYR>CYS,ASP>CYS
M0918	pdb3uus	substituted	2	TYR>CYS,ASP>CYS
M0918	pdb3vpm	partial	NA	
M0918	pdb3vpn	partial	NA	
M0918	pdb3vpo	partial	NA	
M0918	pdb4bmo	partial	NA	
M0918	pdb4bmp	partial	NA	
M0918	pdb4bmq	partial	NA	
M0918	pdb4bmr	partial	NA	
M0918	pdb4bmt	partial	NA	
M0918	pdb4bmu	partial	NA	
M0918	pdb4d8f	partial	NA	
M0918	pdb4d8g	partial	NA	
M0918	pdb4djn	partial	NA	
M0918	pdb4dr0	partial	NA	
M0918	pdb4erm	substituted	2	TYR>CYS,ASP>CYS
M0918	pdb4erp	substituted	2	TYR>CYS,ASP>CYS
M0918	pdb4m1f	partial	NA	
M0918	pdb4m1h	partial	NA	
M0918	pdb4m1i	partial	NA	
M0918	pdb4n83	partial	NA	
M0918	pdb4r1r	substituted	2	TYR>CYS,ASP>CYS
M0918	pdb4x3v	substituted	2	TYR>CYS,ASP>CYS
M0918	pdb5ci0	partial	NA	
M0918	pdb5ci1	partial	NA	
M0918	pdb5ci2	partial	NA	
M0918	pdb5ci3	partial	NA	
M0918	pdb5ci4	partial	NA	
M0918	pdb5cns	substituted	2	TYR>CYS,ASP>CYS
M0918	pdb5cnt	substituted	2	TYR>CYS,ASP>CYS
M0918	pdb5cnu	substituted	2	TYR>CYS,ASP>CYS
M0918	pdb5cnv	substituted	2	TYR>CYS,ASP>CYS
M0918	pdb5d1y	substituted	2	TYR>CYS,ASP>CYS
M0918	pdb5im3	substituted	2	TYR>CYS,ASP>CYS
M0918	pdb5r1r	substituted	3	GLU>ALA,TYR>CYS,ASP>CYS
M0918	pdb5tus	substituted	2	TYR>CYS,ASP>CYS
M0918	pdb6aui	substituted	2	TYR>CYS,ASP>CYS
M0918	pdb6r1r	substituted	3	GLU>ASP,TYR>CYS,ASP>CYS
M0918	pdb7r1r	substituted	3	GLU>GLN,TYR>CYS,ASP>CYS
M0858	pdb1a80	exact	0	
M0858	pdb1abn	exact	0	
M0858	pdb1ads	exact	0	
M0858	pdb1ae4	exact	0	
M0858	pdb1afs	exact	0	
M0858	pdb1ah0	exact	0	
M0858	pdb1ah3	exact	0	
M0858	pdb1ah4	exact	0	
M0858	pdb1az1	exact	0	
M0858	pdb1az2	exact	0	
M0858	pdb1c9w	exact	0	
M0858	pdb1cwn	exact	0	
M0858	pdb1dla	exact	0	
M0858	pdb1ef3	exact	0	
M0858	pdb1eko	exact	0	
M0858	pdb1el3	exact	0	
M0858	pdb1frb	exact	0	
M0858	pdb1hqt	substituted	1	TYR>PHE
M0858	pdb1hw6	exact	0	
M0858	pdb1iei	exact	0	
M0858	pdb1ihi	exact	0	
M0858	pdb1j96	exact	0	
M0858	pdb1jez	exact	0	
M0858	pdb1k8c	exact	0	
M0858	pdb1lwi	exact	0	
M0858	pdb1m9h	exact	0	
M0858	pdb1mar	exact	0	
M0858	pdb1mi3	exact	0	
M0858	pdb1mrq	exact	0	
M0858	pdb1mzr	exact	0	
M0858	pdb1pwl	exact	0	
M0858	pdb1pwm	exact	0	
M0858	pdb1pyf	substituted	1	LYS>ASN
M0858	pdb1pz0	substituted	1	LYS>ASN
M0858	pdb1pz1	substituted	1	LYS>GLN
M0858	pdb1q13	exact	0	
M0858	pdb1q5m	exact	0	
M0858	pdb1qwk	exact	0	
M0858	pdb1r38	substituted	1	HIS>ALA
M0858	pdb1ral	exact	0	
M0858	pdb1ry0	exact	0	
M0858	pdb1ry8	exact	0	
M0858	pdb1s1p	exact	0	
M0858	pdb1s1r	exact	0	
M0858	pdb1s2a	exact	0	
M0858	pdb1s2c	exact	0	
M0858	pdb1sm9	exact	0	
M0858	pdb1t40	exact	0	
M0858	pdb1t41	exact	0	
M0858	pdb1us0	exact	0	
M0858	pdb1vbj	exact	0	
M0858	pdb1vp5	exact	0	
M0858	pdb1x96	exact	0	
M0858	pdb1x97	exact	0	
M0858	pdb1x98	exact	0	
M0858	pdb1xf0	exact	0	
M0858	pdb1xgd	exact	0	
M0858	pdb1xjb	exact	0	
M0858	pdb1ye4	exact	0	
M0858	pdb1ye6	exact	0	
M0858	pdb1ynp	exact	0	
M0858	pdb1ynq	exact	0	
M0858	pdb1z3n	exact	0	
M0858	pdb1z89	exact	0	
M0858	pdb1z8a	exact	0	
M0858	pdb1z9a	exact	0	
M0858	pdb1zgd	exact	0	
M0858	pdb1zq5	exact	0	
M0858	pdb1zua	substituted	4	HIS>TRP,ASP>CYS,TYR>GLN,LYS>LEU
M0858	pdb2acq	exact	0	
M0858	pdb2acr	exact	0	
M0858	pdb2acs	exact	0	
M0858	pdb2acu	substituted	1	TYR>HIS
M0858	pdb2agt	exact	0	
M0858	pdb2alr	exact	0	
M0858	pdb2bgq	exact	0	
M0858	pdb2bgs	exact	0	
M0858	pdb2clp	substituted	1	LYS>PRO
M0858	pdb2dux	exact	0	
M0858	pdb2duz	exact	0	
M0858	pdb2dv0	exact	0	
M0858	pdb2f2k	exact	0	
M0858	pdb2f38	exact	0	
M0858	pdb2fgb	exact	0	
M0858	pdb2fvl	exact	0	
M0858	pdb2fz8	exact	0	
M0858	pdb2fz9	exact	0	
M0858	pdb2fzb	exact	0	
M0858	pdb2fzd	exact	0	
M0858	pdb2hdj	exact	0	
M0858	pdb2he5	exact	0	
M0858	pdb2he8	exact	0	
M0858	pdb2hej	exact	0	
M0858	pdb2hv5	exact	0	
M0858	pdb2hvn	exact	0	
M0858	pdb2hvo	exact	0	
M0858	pdb2i16	exact	0	
M0858	pdb2i17	exact	0	
M0858	pdb2ikg	exact	0	
M0858	pdb2ikh	exact	0	
M0858	pdb2iki	exact	0	
M0858	pdb2ikj	exact	0	
M0858	pdb2ine	exact	0	
M0858	pdb2inz	exact	0	
M0858	pdb2ipf	exact	0	
M0858	pdb2ipg	exact	0	
M0858	pdb2ipj	exact	0	
M0858	pdb2ipw	exact	0	
M0858	pdb2iq0	exact	0	
M0858	pdb2iqd	exact	0	
M0858	pdb2is7	exact	0	
M0858	pdb2isf	exact	0	
M0858	pdb2j8t	exact	0	
M0858	pdb2nvc	exact	0	
M0858	pdb2nvd	exact	0	
M0858	pdb2p5n	exact	0	
M0858	pdb2pd5	exact	0	
M0858	pdb2pd9	exact	0	
M0858	pdb2pdb	exact	0	
M0858	pdb2pdc	exact	0	
M0858	pdb2pdf	exact	0	
M0858	pdb2pdg	exact	0	
M0858	pdb2pdh	exact	0	
M0858	pdb2pdi	exact	0	
M0858	pdb2pdj	exact	0	
M0858	pdb2pdk	exact	0	
M0858	pdb2pdl	exact	0	
M0858	pdb2pdm	exact	0	
M0858	pdb2pdn	exact	0	
M0858	pdb2pdp	exact	0	
M0858	pdb2pdq	exact	0	
M0858	pdb2pdu	exact	0	
M0858	pdb2pdw	exact	0	
M0858	pdb2pdx	exact	0	
M0858	pdb2pdy	exact	0	
M0858	pdb2pev	exact	0	
M0858	pdb2pf8	exact	0	
M0858	pdb2pfh	exact	0	
M0858	pdb2pzn	exact	0	
M0858	pdb2qxw	exact	0	
M0858	pdb2r24	exact	0	
M0858	pdb2vdg	exact	0	
M0858	pdb2wzm	exact	0	
M0858	pdb2wzt	exact	0	
M0858	pdb3b3d	exact	0	
M0858	pdb3bcj	exact	0	
M0858	pdb3bur	substituted	1	HIS>GLU
M0858	pdb3buv	substituted	1	HIS>GLU
M0858	pdb3bv7	substituted	1	HIS>GLU
M0858	pdb3c3u	exact	0	
M0858	pdb3caq	substituted	1	HIS>GLU
M0858	pdb3cas	substituted	1	HIS>GLU
M0858	pdb3cav	substituted	1	HIS>GLU
M0858	pdb3cmf	substituted	1	HIS>GLU
M0858	pdb3cot	substituted	1	HIS>GLU
M0858	pdb3cv6	exact	0	
M0858	pdb3cv7	exact	0	
M0858	pdb3d3f	exact	0	
M0858	pdb3dn5	exact	0	
M0858	pdb3dop	substituted	1	HIS>GLU
M0858	pdb3f7j	exact	0	
M0858	pdb3fjn	exact	0	
M0858	pdb3fx4	exact	0	
M0858	pdb3g1r	substituted	1	HIS>GLU
M0858	pdb3g5e	exact	0	
M0858	pdb3ghr	exact	0	
M0858	pdb3ghs	exact	0	
M0858	pdb3ght	exact	0	
M0858	pdb3ghu	exact	0	
M0858	pdb3gug	exact	0	
M0858	pdb3h4g	exact	0	
M0858	pdb3h7r	exact	0	
M0858	pdb3h7u	exact	0	
M0858	pdb3krb	exact	0	
M0858	pdb3lbo	exact	0	
M0858	pdb3ld5	exact	0	
M0858	pdb3len	exact	0	
M0858	pdb3lep	exact	0	
M0858	pdb3ln3	exact	0	
M0858	pdb3lqg	exact	0	
M0858	pdb3lql	exact	0	
M0858	pdb3lz3	exact	0	
M0858	pdb3lz5	exact	0	
M0858	pdb3m0i	exact	0	
M0858	pdb3m4h	exact	0	
M0858	pdb3m64	exact	0	
M0858	pdb3mb9	exact	0	
M0858	pdb3mc5	exact	0	
M0858	pdb3nty	exact	0	
M0858	pdb3o0k	exact	0	
M0858	pdb3o3r	exact	0	
M0858	pdb3onb	exact	0	
M0858	pdb3onc	exact	0	
M0858	pdb3p2v	exact	0	
M0858	pdb3q65	exact	0	
M0858	pdb3q67	exact	0	
M0858	pdb3qkz	exact	0	
M0858	pdb3r43	exact	0	
M0858	pdb3r58	exact	0	
M0858	pdb3r6i	exact	0	
M0858	pdb3r7m	exact	0	
M0858	pdb3r8g	exact	0	
M0858	pdb3r8h	exact	0	
M0858	pdb3r94	exact	0	
M0858	pdb3rx2	exact	0	
M0858	pdb3rx3	exact	0	
M0858	pdb3rx4	exact	0	
M0858	pdb3s3g	exact	0	
M0858	pdb3t42	exact	0	
M0858	pdb3u2c	exact	0	
M0858	pdb3ufy	exact	0	
M0858	pdb3ug8	exact	0	
M0858	pdb3ugr	exact	0	
M0858	pdb3up8	exact	0	
M0858	pdb3uwe	exact	0	
M0858	pdb3uyi	substituted	1	LYS>GLY
M0858	pdb3uzw	exact	0	
M0858	pdb3uzx	exact	0	
M0858	pdb3uzy	exact	0	
M0858	pdb3uzz	exact	0	
M0858	pdb3v0s	substituted	1	LYS>GLY
M0858	pdb3v0t	substituted	1	LYS>GLY
M0858	pdb3v0u	substituted	1	LYS>GLY
M0858	pdb3v35	exact	0	
M0858	pdb3v36	exact	0	
M0858	pdb3vxg	exact	0	
M0858	pdb3wbw	exact	0	
M0858	pdb3wbx	exact	0	
M0858	pdb3wby	substituted	1	ASP>ALA
M0858	pdb3wcz	exact	0	
M0858	pdb3wg6	exact	0	
M0858	pdb4dbs	exact	0	
M0858	pdb4dbu	exact	0	
M0858	pdb4dbw	exact	0	
M0858	pdb4dz5	exact	0	
M0858	pdb4f40	exact	0	
M0858	pdb4fa3	exact	0	
M0858	pdb4fal	exact	0	
M0858	pdb4fam	exact	0	
M0858	pdb4fzi	exact	0	
M0858	pdb4g5d	exact	0	
M0858	pdb4ga8	exact	0	
M0858	pdb4gab	exact	0	
M0858	pdb4gac	exact	0	
M0858	pdb4gca	exact	0	
M0858	pdb4gie	exact	0	
M0858	pdb4gq0	exact	0	
M0858	pdb4gqg	exact	0	
M0858	pdb4h7c	exact	0	
M0858	pdb4h8n	exact	0	
M0858	pdb4hbk	exact	0	
M0858	pdb4hmn	exact	0	
M0858	pdb4i5x	exact	0	
M0858	pdb4icc	exact	0	
M0858	pdb4igs	exact	0	
M0858	pdb4ijc	exact	0	
M0858	pdb4ijr	exact	0	
M0858	pdb4jih	exact	0	
M0858	pdb4jii	substituted	4	HIS>PRO,ASP>ALA,TYR>ASN,LYS>TRP
M0858	pdb4jir	exact	0	
M0858	pdb4jq1	exact	0	
M0858	pdb4jq2	exact	0	
M0858	pdb4jq3	exact	0	
M0858	pdb4jq4	exact	0	
M0858	pdb4jqa	exact	0	
M0858	pdb4jtq	exact	0	
M0858	pdb4jtr	exact	0	
M0858	pdb4l1w	exact	0	
M0858	pdb4l1x	exact	0	
M0858	pdb4lau	exact	0	
M0858	pdb4laz	exact	0	
M0858	pdb4lb3	exact	0	
M0858	pdb4lb4	exact	0	
M0858	pdb4lbr	exact	0	
M0858	pdb4lbs	exact	0	
M0858	pdb4mhb	exact	0	
M0858	pdb4nkc	exact	0	
M0858	pdb4otk	exact	0	
M0858	pdb4pmj	exact	0	
M0858	pdb4pr4	exact	0	
M0858	pdb4prr	exact	0	
M0858	pdb4prt	exact	0	
M0858	pdb4puu	exact	0	
M0858	pdb4puw	exact	0	
M0858	pdb4q3m	exact	0	
M0858	pdb4q7b	exact	0	
M0858	pdb4qbx	exact	0	
M0858	pdb4qr6	exact	0	
M0858	pdb4qx4	exact	0	
M0858	pdb4qxi	exact	0	
M0858	pdb4rpq	exact	0	
M0858	pdb4wdt	exact	0	
M0858	pdb4wdu	exact	0	
M0858	pdb4wdw	exact	0	
M0858	pdb4wdx	exact	0	
M0858	pdb4wev	exact	0	
M0858	pdb4wgh	substituted	4	HIS>ARG,ASP>ARG,TYR>LEU,LYS>LEU
M0858	pdb4wrh	exact	0	
M0858	pdb4xap	exact	0	
M0858	pdb4xo6	exact	0	
M0858	pdb4xo7	exact	0	
M0858	pdb4xvd	exact	0	
M0858	pdb4xve	exact	0	
M0858	pdb4xzh	exact	0	
M0858	pdb4xzi	exact	0	
M0858	pdb4xzl	exact	0	
M0858	pdb4xzm	exact	0	
M0858	pdb4xzn	exact	0	
M0858	pdb4ys1	exact	0	
M0858	pdb4yu1	exact	0	
M0858	pdb4yvp	exact	0	
M0858	pdb4yvv	exact	0	
M0858	pdb4yvx	exact	0	
M0858	pdb4zfc	exact	0	
M0858	pdb5az0	exact	0	
M0858	pdb5az1	exact	0	
M0858	pdb5c7h	exact	0	
M0858	pdb5dan	exact	0	
M0858	pdb5ha7	exact	0	
M0858	pdb5hnt	exact	0	
M0858	pdb5hnu	exact	0	
M0858	pdb5jgw	exact	0	
M0858	pdb5jgy	exact	0	
M0858	pdb5jh1	exact	0	
M0858	pdb5jh2	exact	0	
M0858	pdb5jm5	partial	NA	
M0858	pdb5ket	exact	0	
M0858	pdb5lik	exact	0	
M0858	pdb5liu	exact	0	
M0858	pdb5liw	exact	0	
M0858	pdb5lix	exact	0	
M0858	pdb5liy	exact	0	
M0858	pdb5m2f	exact	0	
M0858	pdb5ou0	exact	0	
M0858	pdb5ouj	exact	0	
M0858	pdb5ouk	exact	0	
M0858	pdb5uxf	exact	0	
M0858	pdb5y7n	exact	0	
M0858	pdb6a7b	exact	0	
M0858	pdb6f7r	exact	0	
M0858	pdb6f81	exact	0	
M0858	pdb6f82	exact	0	
M0858	pdb6f84	exact	0	
M0858	pdb6f8o	exact	0	
M0858	pdb6gxk	exact	0	
M0858	pdb6ijx	exact	0	
M0858	pdb6ky6	exact	0	
M0858	pdb6syw	exact	0	
M0858	pdb6t3p	exact	0	
M0858	pdb6t5g	exact	0	
M0858	pdb6tuc	exact	0	
M0858	pdb6tuf	exact	0	
M0858	pdb6txp	exact	0	
M0420	pdb1bd3	exact	0	
M0420	pdb1bd4	exact	0	
M0420	pdb1i5e	exact	0	
M0420	pdb1jlr	exact	0	
M0420	pdb1jls	exact	0	
M0420	pdb1o5o	exact	0	
M0420	pdb1upf	exact	0	
M0420	pdb1upu	exact	0	
M0420	pdb1v9s	substituted	1	THR>SER
M0420	pdb1vst	substituted	1	THR>ASP
M0420	pdb1xtt	substituted	1	THR>ASP
M0420	pdb1xtu	substituted	1	THR>ASP
M0420	pdb1xtv	substituted	1	THR>ASP
M0420	pdb2e55	exact	0	
M0420	pdb2ehj	exact	0	
M0420	pdb3dmp	substituted	1	THR>ASP
M0420	pdb3g6w	substituted	1	THR>ASP
M0420	pdb5e38	exact	0	
M0879	pdb1pj5	exact	0	
M0879	pdb1pj6	exact	0	
M0879	pdb1pj7	exact	0	
M0879	pdb1v5v	partial	NA	
M0879	pdb1vlo	partial	NA	
M0879	pdb1vrq	substituted	2	HIS>LEU,TYR>LEU
M0879	pdb1woo	partial	NA	
M0879	pdb1wop	partial	NA	
M0879	pdb1wor	partial	NA	
M0879	pdb1wos	partial	NA	
M0879	pdb1wsr	partial	NA	
M0879	pdb1wsv	partial	NA	
M0879	pdb1x31	substituted	2	HIS>LEU,TYR>LEU
M0879	pdb1y56	partial	NA	
M0879	pdb1yx2	partial	NA	
M0879	pdb2gag	substituted	2	HIS>LEU,TYR>LEU
M0879	pdb2gah	substituted	2	HIS>LEU,TYR>LEU
M0879	pdb3a8i	partial	NA	
M0879	pdb3a8j	partial	NA	
M0879	pdb3a8k	partial	NA	
M0879	pdb3ad7	substituted	2	HIS>LEU,TYR>LEU
M0879	pdb3ad8	substituted	2	HIS>LEU,TYR>LEU
M0879	pdb3ad9	substituted	2	HIS>LEU,TYR>LEU
M0879	pdb3ada	substituted	2	HIS>LEU,TYR>LEU
M0879	pdb3gir	partial	NA	
M0879	pdb3gsi	substituted	1	ASP>ALA
M0879	pdb3tfh	partial	NA	
M0879	pdb3tfi	partial	NA	
M0879	pdb3tfj	partial	NA	
M0879	pdb4p9s	substituted	1	ASP>GLU
M0879	pdb4paa	substituted	1	ASP>GLU
M0879	pdb4pab	substituted	1	ASP>GLU
M0879	pdb4ysh	partial	NA	
M0879	pdb5fjm	partial	NA	
M0879	pdb5fjn	partial	NA	
M0879	pdb5hxw	partial	NA	
M0879	pdb5i39	partial	NA	
M0879	pdb5l46	substituted	1	ASP>GLU
M0371	pdb1a05	exact	0	
M0371	pdb1ai2	exact	0	
M0371	pdb1ai3	exact	0	
M0371	pdb1bl5	exact	0	
M0371	pdb1cm7	exact	0	
M0371	pdb1cw1	substituted	1	LYS>MET
M0371	pdb1cw4	substituted	1	LYS>MET
M0371	pdb1cw7	exact	0	
M0371	pdb1dpz	exact	0	
M0371	pdb1dr0	exact	0	
M0371	pdb1dr8	exact	0	
M0371	pdb1g2u	exact	0	
M0371	pdb1gc8	exact	0	
M0371	pdb1gc9	exact	0	
M0371	pdb1gro	exact	0	
M0371	pdb1grp	exact	0	
M0371	pdb1hex	exact	0	
M0371	pdb1hj6	exact	0	
M0371	pdb1hqs	exact	0	
M0371	pdb1idc	substituted	1	LYS>MET
M0371	pdb1idd	substituted	1	TYR>PHE
M0371	pdb1ide	substituted	1	TYR>PHE
M0371	pdb1idf	substituted	1	LYS>MET
M0371	pdb1idm	exact	0	
M0371	pdb1ika	exact	0	
M0371	pdb1ipd	exact	0	
M0371	pdb1iso	exact	0	
M0371	pdb1osi	exact	0	
M0371	pdb1osj	exact	0	
M0371	pdb1p8f	exact	0	
M0371	pdb1pb1	exact	0	
M0371	pdb1pb3	exact	0	
M0371	pdb1sjs	exact	0	
M0371	pdb1tyo	exact	0	
M0371	pdb1v53	exact	0	
M0371	pdb1v5b	exact	0	
M0371	pdb1v94	exact	0	
M0371	pdb1vlc	exact	0	
M0371	pdb1w0d	exact	0	
M0371	pdb1wal	exact	0	
M0371	pdb1wpw	exact	0	
M0371	pdb1x0l	exact	0	
M0371	pdb1xaa	exact	0	
M0371	pdb1xab	exact	0	
M0371	pdb1xac	exact	0	
M0371	pdb1xad	exact	0	
M0371	pdb1xgv	exact	0	
M0371	pdb1xkd	exact	0	
M0371	pdb2ayq	exact	0	
M0371	pdb2d1c	exact	0	
M0371	pdb2d4v	exact	0	
M0371	pdb2dht	exact	0	
M0371	pdb2e0c	exact	0	
M0371	pdb2e5m	exact	0	
M0371	pdb2g4o	exact	0	
M0371	pdb2iv0	exact	0	
M0371	pdb2y3z	exact	0	
M0371	pdb2y40	exact	0	
M0371	pdb2y41	exact	0	
M0371	pdb2y42	exact	0	
M0371	pdb2ztw	exact	0	
M0371	pdb3ah3	exact	0	
M0371	pdb3asj	exact	0	
M0371	pdb3blv	exact	0	
M0371	pdb3blw	exact	0	
M0371	pdb3blx	exact	0	
M0371	pdb3dms	exact	0	
M0371	pdb3flk	exact	0	
M0371	pdb3fmx	substituted	2	ASP>GLY,ASP>SER
M0371	pdb3icd	exact	0	
M0371	pdb3lcb	exact	0	
M0371	pdb3r8w	exact	0	
M0371	pdb3ty3	exact	0	
M0371	pdb3ty4	exact	0	
M0371	pdb3u1h	substituted	4	ASP>LEU,ASP>GLY,LYS>TYR,ASP>MET
M0371	pdb3udo	exact	0	
M0371	pdb3udu	exact	0	
M0371	pdb3vkz	exact	0	
M0371	pdb3vl2	exact	0	
M0371	pdb3vl3	exact	0	
M0371	pdb3vl4	exact	0	
M0371	pdb3vl6	exact	0	
M0371	pdb3vl7	exact	0	
M0371	pdb3vmj	exact	0	
M0371	pdb3vmk	exact	0	
M0371	pdb3vml	exact	0	
M0371	pdb3wzv	exact	0	
M0371	pdb3wzw	exact	0	
M0371	pdb3wzx	exact	0	
M0371	pdb3wzy	exact	0	
M0371	pdb4aj3	exact	0	
M0371	pdb4aja	exact	0	
M0371	pdb4ajb	exact	0	
M0371	pdb4ajc	exact	0	
M0371	pdb4ajr	exact	0	
M0371	pdb4ajs	exact	0	
M0371	pdb4bnp	exact	0	
M0371	pdb4f7i	exact	0	
M0371	pdb4icd	exact	0	
M0371	pdb4iwh	exact	0	
M0371	pdb4p69	exact	0	
M0371	pdb4wuo	exact	0	
M0371	pdb4xxv	exact	0	
M0371	pdb4y1p	exact	0	
M0371	pdb4yb4	exact	0	
M0371	pdb5gre	exact	0	
M0371	pdb5grf	exact	0	
M0371	pdb5grh	exact	0	
M0371	pdb5gri	exact	0	
M0371	pdb5grl	exact	0	
M0371	pdb5hn3	exact	0	
M0371	pdb5hn4	exact	0	
M0371	pdb5hn5	exact	0	
M0371	pdb5hn6	exact	0	
M0371	pdb5icd	exact	0	
M0371	pdb5j32	exact	0	
M0371	pdb5j33	exact	0	
M0371	pdb5j34	substituted	1	LYS>MET
M0371	pdb5yvt	exact	0	
M0371	pdb6icd	exact	0	
M0371	pdb7icd	exact	0	
M0371	pdb8icd	exact	0	
M0371	pdb9icd	exact	0	
M0020	pdb1chu	substituted	1	HIS>TYR
M0020	pdb1d4c	exact	0	
M0020	pdb1d4d	exact	0	
M0020	pdb1d4e	exact	0	
M0020	pdb1e39	substituted	1	HIS>ALA
M0020	pdb1e7p	substituted	1	HIS>TYR
M0020	pdb1jrx	substituted	1	ARG>ALA
M0020	pdb1jry	substituted	1	ARG>LYS
M0020	pdb1jrz	substituted	1	ARG>TYR
M0020	pdb1kf6	substituted	1	HIS>TYR
M0020	pdb1kfy	substituted	1	HIS>TYR
M0020	pdb1knp	substituted	2	HIS>TYR,ARG>LEU
M0020	pdb1knr	substituted	2	HIS>TYR,ARG>LEU
M0020	pdb1kss	substituted	1	HIS>ALA
M0020	pdb1ksu	substituted	1	HIS>TYR
M0020	pdb1l0v	substituted	1	HIS>TYR
M0020	pdb1lj1	substituted	1	ARG>ALA
M0020	pdb1m64	exact	0	
M0020	pdb1nek	substituted	1	HIS>TYR
M0020	pdb1nen	substituted	1	HIS>TYR
M0020	pdb1p2e	exact	0	
M0020	pdb1p2h	exact	0	
M0020	pdb1q9i	exact	0	
M0020	pdb1qjd	exact	0	
M0020	pdb1qlb	substituted	1	HIS>TYR
M0020	pdb1qo8	exact	0	
M0020	pdb1y0p	exact	0	
M0020	pdb1yq3	substituted	1	HIS>TYR
M0020	pdb1yq4	substituted	1	HIS>TYR
M0020	pdb1zoy	substituted	1	HIS>TYR
M0020	pdb1zp0	substituted	1	HIS>TYR
M0020	pdb2acz	substituted	1	HIS>TYR
M0020	pdb2b76	substituted	1	HIS>TYR
M0020	pdb2b7r	substituted	1	GLU>ASP
M0020	pdb2b7s	substituted	1	ARG>LYS
M0020	pdb2bs2	substituted	1	HIS>TYR
M0020	pdb2bs3	substituted	1	HIS>TYR
M0020	pdb2bs4	substituted	1	HIS>TYR
M0020	pdb2e5v	substituted	1	HIS>PHE
M0020	pdb2fbw	substituted	1	HIS>TYR
M0020	pdb2h88	substituted	1	HIS>TYR
M0020	pdb2h89	substituted	1	HIS>TYR
M0020	pdb2wdq	substituted	1	HIS>TYR
M0020	pdb2wdr	substituted	1	HIS>TYR
M0020	pdb2wdv	substituted	1	HIS>TYR
M0020	pdb2wp9	substituted	1	HIS>TYR
M0020	pdb2wqy	substituted	1	HIS>TYR
M0020	pdb2ws3	substituted	1	HIS>TYR
M0020	pdb2wu2	substituted	1	HIS>TYR
M0020	pdb2wu5	substituted	1	HIS>TYR
M0020	pdb3abv	substituted	1	HIS>TYR
M0020	pdb3ae1	substituted	1	HIS>TYR
M0020	pdb3ae2	substituted	1	HIS>TYR
M0020	pdb3ae3	substituted	1	HIS>TYR
M0020	pdb3ae4	substituted	1	HIS>TYR
M0020	pdb3ae5	substituted	1	HIS>TYR
M0020	pdb3ae6	substituted	1	HIS>TYR
M0020	pdb3ae7	substituted	1	HIS>TYR
M0020	pdb3ae8	substituted	1	HIS>TYR
M0020	pdb3ae9	substituted	1	HIS>TYR
M0020	pdb3aea	substituted	1	HIS>TYR
M0020	pdb3aeb	substituted	1	HIS>TYR
M0020	pdb3aec	substituted	1	HIS>TYR
M0020	pdb3aed	substituted	1	HIS>TYR
M0020	pdb3aee	substituted	1	HIS>TYR
M0020	pdb3aef	substituted	1	HIS>TYR
M0020	pdb3aeg	substituted	1	HIS>TYR
M0020	pdb3cir	substituted	1	HIS>TYR
M0020	pdb3p4p	substituted	1	HIS>TYR
M0020	pdb3p4q	substituted	1	HIS>TYR
M0020	pdb3p4r	substituted	1	HIS>TYR
M0020	pdb3p4s	substituted	1	HIS>TYR
M0020	pdb3sfd	substituted	1	HIS>TYR
M0020	pdb3sfe	substituted	1	HIS>TYR
M0020	pdb3vr8	substituted	1	HIS>TYR
M0020	pdb3vr9	substituted	1	HIS>TYR
M0020	pdb3vra	substituted	1	HIS>TYR
M0020	pdb3vrb	substituted	1	HIS>TYR
M0020	pdb4at0	partial	NA	
M0020	pdb4at2	partial	NA	
M0020	pdb4c3x	substituted	6	HIS>CYS,GLU>VAL,ARG>TYR,HIS>LEU,HIS>GLY,ARG>TYR
M0020	pdb4c3y	substituted	6	HIS>CYS,GLU>VAL,ARG>TYR,HIS>LEU,HIS>GLY,ARG>TYR
M0020	pdb4kx6	substituted	1	HIS>TYR
M0020	pdb4ysx	substituted	1	HIS>TYR
M0020	pdb4ysy	substituted	1	HIS>TYR
M0020	pdb4ysz	substituted	1	HIS>TYR
M0020	pdb4yt0	substituted	1	HIS>TYR
M0020	pdb4ytm	substituted	1	HIS>TYR
M0020	pdb4ytn	substituted	1	HIS>TYR
M0020	pdb4ytp	substituted	1	HIS>TYR
M0020	pdb4yxd	substituted	1	HIS>TYR
M0020	pdb5c2t	substituted	1	HIS>TYR
M0020	pdb5c3j	substituted	1	HIS>TYR
M0020	pdb5glg	substituted	1	HIS>PHE
M0020	pdb5kxj	substituted	1	HIS>TYR
M0020	pdb5vpn	substituted	2	GLU>GLN,HIS>TYR
M0020	pdb5xmj	substituted	1	HIS>TYR
M0020	pdb5zyn	substituted	1	HIS>PHE
M0020	pdb6awf	substituted	1	HIS>TYR
M0020	pdb6b58	substituted	1	HIS>TYR
M0020	pdb6c12	substituted	1	HIS>TYR
M0020	pdb6ku6	substituted	2	ARG>ALA,HIS>PHE
M0020	pdb6lum	substituted	1	HIS>TYR
M0020	pdb6myo	substituted	1	HIS>TYR
M0020	pdb6myp	substituted	1	HIS>TYR
M0020	pdb6myq	substituted	1	HIS>TYR
M0020	pdb6myr	substituted	1	HIS>TYR
M0020	pdb6mys	substituted	1	HIS>TYR
M0020	pdb6myt	substituted	1	HIS>TYR
M0020	pdb6myu	substituted	1	HIS>TYR
M0020	pdb6n56	substituted	3	GLU>VAL,ARG>ASP,HIS>TYR
M0020	pdb6t85	substituted	2	HIS>TYR,GLU>ALA
M0020	pdb6t86	substituted	2	HIS>TYR,GLU>ALA
M0020	pdb6t87	substituted	2	HIS>TYR,GLU>ALA
M0020	pdb6t88	substituted	2	HIS>TYR,GLU>ALA
M0020	pdb6vax	substituted	1	HIS>TYR
M0020	pdb6wu6	partial	NA	
M0020	pdb7d6v	substituted	1	HIS>TYR
M0020	pdb7d6x	substituted	1	HIS>TYR
M0020	pdb7jz2	partial	NA	
M0855	pdb1c0n	exact	0	
M0855	pdb1ecx	partial	NA	
M0855	pdb1eg5	partial	NA	
M0855	pdb1elq	partial	NA	
M0855	pdb1elu	partial	NA	
M0855	pdb1i29	exact	0	
M0855	pdb1jf9	exact	0	
M0855	pdb1kmj	substituted	1	CYS>CSS
M0855	pdb1kmk	substituted	1	CYS>CSZ
M0855	pdb1n2t	partial	NA	
M0855	pdb1n31	partial	NA	
M0855	pdb1p3w	partial	NA	
M0855	pdb1t3i	exact	0	
M0855	pdb3cai	partial	NA	
M0855	pdb3gzc	partial	NA	
M0855	pdb3gzd	partial	NA	
M0855	pdb3lvj	exact	0	
M0855	pdb3lvk	exact	0	
M0855	pdb3lvl	substituted	4	HIS>THR,ASP>LEU,LYS>ARG,CYS>GLU
M0855	pdb3lvm	substituted	1	CYS>GLU
M0855	pdb3vax	substituted	1	CYS>SER
M0855	pdb4eb5	substituted	1	LYS>ASP
M0855	pdb4eb7	substituted	1	LYS>ASP
M0855	pdb4hvk	partial	NA	
M0855	pdb4isy	substituted	2	LYS>LLP,CYS>LEU
M0855	pdb4ixo	partial	NA	
M0855	pdb4lw2	exact	0	
M0855	pdb4lw4	exact	0	
M0855	pdb4q75	substituted	2	LYS>LLP,CYS>CSS
M0855	pdb4q76	substituted	2	LYS>LLP,CYS>SER
M0855	pdb4r5f	partial	NA	
M0855	pdb4w91	substituted	3	ASP>LEU,LYS>GLY,CYS>PHE
M0855	pdb5b7s	substituted	1	LYS>LLP
M0855	pdb5b7u	substituted	2	LYS>LLP,CYS>CSS
M0855	pdb5b87	substituted	1	CYS>CSS
M0855	pdb5b89	substituted	1	CYS>CSS
M0855	pdb5db5	substituted	1	CYS>CSS
M0855	pdb5ft4	exact	0	
M0855	pdb5ft5	substituted	1	CYS>CSS
M0855	pdb5ft6	substituted	1	CYS>CSU
M0855	pdb5ft8	substituted	1	CYS>GLN
M0855	pdb5hh9	partial	NA	
M0855	pdb5i90	partial	NA	
M0855	pdb5j8q	substituted	1	CYS>CSS
M0855	pdb5kz5	substituted	3	HIS>SER,ASP>LEU,LYS>ALA
M0855	pdb5usr	substituted	2	LYS>LLP,CYS>TYR
M0855	pdb5vpr	partial	NA	
M0855	pdb5wgb	substituted	1	CYS>TYR
M0855	pdb5wkp	substituted	1	CYS>ILE
M0855	pdb5wlw	exact	0	
M0855	pdb6o10	exact	0	
M0855	pdb6uxe	exact	0	
M0855	pdb6w1d	exact	0	
M0855	pdb6wi2	exact	0	
M0855	pdb6wih	exact	0	
M0957	pdb1bkh	exact	0	
M0957	pdb1dtn	substituted	2	ASP>GLY,LYS>ASP
M0957	pdb1f9c	exact	0	
M0957	pdb1jpd	substituted	1	GLU>LEU
M0957	pdb1jpm	exact	0	
M0957	pdb1mdl	substituted	3	LYS>ARG,ASP>GLY,LYS>ASP
M0957	pdb1mdr	substituted	2	ASP>GLY,LYS>ASP
M0957	pdb1mns	substituted	2	ASP>GLY,LYS>ASP
M0957	pdb1mra	substituted	2	ASP>GLY,LYS>ASN
M0957	pdb1muc	exact	0	
M0957	pdb1nu5	exact	0	
M0957	pdb1r0m	exact	0	
M0957	pdb1rvk	substituted	3	LYS>HIS,ASP>PRO,LYS>GLY
M0957	pdb1sja	exact	0	
M0957	pdb1sjb	exact	0	
M0957	pdb1sjc	exact	0	
M0957	pdb1sjd	exact	0	
M0957	pdb1tkk	exact	0	
M0957	pdb1wue	exact	0	
M0957	pdb1wuf	exact	0	
M0957	pdb1xpy	exact	0	
M0957	pdb1xs2	exact	0	
M0957	pdb1yey	substituted	2	ASP>GLY,LYS>ASP
M0957	pdb2chr	exact	0	
M0957	pdb2fkp	exact	0	
M0957	pdb2gdq	substituted	2	ASP>GLY,LYS>ASP
M0957	pdb2gge	substituted	2	ASP>GLY,LYS>ASP
M0957	pdb2ggg	exact	0	
M0957	pdb2ggh	exact	0	
M0957	pdb2ggi	exact	0	
M0957	pdb2ggj	exact	0	
M0957	pdb2hne	substituted	2	ASP>GLY,LYS>ASP
M0957	pdb2hxt	substituted	2	ASP>GLY,LYS>ASP
M0957	pdb2hxu	substituted	3	LYS>ALA,ASP>GLY,LYS>ASP
M0957	pdb2mnr	substituted	2	ASP>GLY,LYS>ASP
M0957	pdb2muc	exact	0	
M0957	pdb2nql	substituted	3	LYS>ALA,ASP>GLY,LYS>GLU
M0957	pdb2og9	substituted	2	ASP>GLY,LYS>ASP
M0957	pdb2opj	partial	NA	
M0957	pdb2oqh	substituted	2	ASP>ASN,LYS>ASP
M0957	pdb2oqy	partial	NA	
M0957	pdb2ovl	substituted	2	ASP>GLY,LYS>ASP
M0957	pdb2oz8	substituted	2	ASP>GLY,LYS>HIS
M0957	pdb2p88	exact	0	
M0957	pdb2p8b	exact	0	
M0957	pdb2p8c	exact	0	
M0957	pdb2pce	exact	0	
M0957	pdb2pgw	substituted	1	LYS>GLY
M0957	pdb2pmq	exact	0	
M0957	pdb2pod	substituted	4	LYS>TYR,ASP>GLU,ASP>SER,LYS>ASP
M0957	pdb2poz	substituted	3	LYS>ARG,ASP>GLY,LYS>ASP
M0957	pdb2pp0	substituted	2	ASP>GLY,LYS>ASP
M0957	pdb2pp1	substituted	2	ASP>GLY,LYS>ASP
M0957	pdb2pp3	substituted	3	LYS>ALA,ASP>GLY,LYS>ASP
M0957	pdb2ppg	substituted	3	LYS>ALA,ASP>GLY,LYS>GLU
M0957	pdb2ps2	exact	0	
M0957	pdb2qdd	exact	0	
M0957	pdb2qde	exact	0	
M0957	pdb2qjj	partial	NA	
M0957	pdb2qjm	partial	NA	
M0957	pdb2qjn	partial	NA	
M0957	pdb2qq6	substituted	3	LYS>ASP,ASP>GLY,LYS>ASP
M0957	pdb2qvh	exact	0	
M0957	pdb2rdx	exact	0	
M0957	pdb2zad	exact	0	
M0957	pdb2zc8	exact	0	
M0957	pdb3bjs	substituted	3	LYS>ARG,ASP>GLY,LYS>ASP
M0957	pdb3bsm	partial	NA	
M0957	pdb3cb3	substituted	2	ASP>GLY,LYS>ASP
M0957	pdb3ck5	substituted	2	ASP>GLY,LYS>ASP
M0957	pdb3ct2	exact	0	
M0957	pdb3cyj	substituted	2	ASP>GLY,LYS>ASP
M0957	pdb3ddm	substituted	2	ASP>GLY,LYS>ASP
M0957	pdb3deq	exact	0	
M0957	pdb3der	exact	0	
M0957	pdb3des	exact	0	
M0957	pdb3dfh	partial	NA	
M0957	pdb3dfy	exact	0	
M0957	pdb3dg3	exact	0	
M0957	pdb3dg6	exact	0	
M0957	pdb3dg7	exact	0	
M0957	pdb3dgb	exact	0	
M0957	pdb3dip	substituted	5	LYS>SER,ASP>HIS,GLU>PRO,ASP>ASN,LYS>THR
M0957	pdb3eez	exact	0	
M0957	pdb3es7	partial	NA	
M0957	pdb3es8	partial	NA	
M0957	pdb3fcp	exact	0	
M0957	pdb3fj4	exact	0	
M0957	pdb3fv9	exact	0	
M0957	pdb3fvd	exact	0	
M0957	pdb3fyy	partial	NA	
M0957	pdb3gd6	partial	NA	
M0957	pdb3gy1	partial	NA	
M0957	pdb3h12	substituted	2	ASP>GLY,LYS>ASP
M0957	pdb3hpf	partial	NA	
M0957	pdb3i4k	exact	0	
M0957	pdb3i6e	exact	0	
M0957	pdb3i6t	exact	0	
M0957	pdb3iji	exact	0	
M0957	pdb3ijl	exact	0	
M0957	pdb3ijq	exact	0	
M0957	pdb3ik4	exact	0	
M0957	pdb3jva	exact	0	
M0957	pdb3jw7	exact	0	
M0957	pdb3jzu	exact	0	
M0957	pdb3k1g	exact	0	
M0957	pdb3kum	exact	0	
M0957	pdb3mkc	substituted	3	LYS>CYS,ASP>ALA,LYS>ASP
M0957	pdb3mqt	substituted	3	LYS>CYS,ASP>ALA,LYS>ASP
M0957	pdb3msy	substituted	2	ASP>GLY,LYS>ASP
M0957	pdb3muc	exact	0	
M0957	pdb3mwc	exact	0	
M0957	pdb3my9	exact	0	
M0957	pdb3n4e	substituted	3	LYS>ARG,ASP>GLY,LYS>ASP
M0957	pdb3no1	substituted	2	ASP>GLY,LYS>ASP
M0957	pdb3nzg	substituted	3	LYS>CYS,ASP>ALA,LYS>ASP
M0957	pdb3op2	substituted	2	ASP>GLY,LYS>ASP
M0957	pdb3ow1	partial	NA	
M0957	pdb3ozm	substituted	2	ASP>GLY,LYS>ASP
M0957	pdb3ozy	substituted	2	ASP>GLY,LYS>ASP
M0957	pdb3p93	partial	NA	
M0957	pdb3pk7	partial	NA	
M0957	pdb3q45	exact	0	
M0957	pdb3q4d	exact	0	
M0957	pdb3qke	partial	NA	
M0957	pdb3qld	exact	0	
M0957	pdb3r0k	exact	0	
M0957	pdb3r0u	exact	0	
M0957	pdb3r10	exact	0	
M0957	pdb3r11	exact	0	
M0957	pdb3r1z	exact	0	
M0957	pdb3r25	partial	NA	
M0957	pdb3rcy	substituted	4	LYS>ARG,ASP>THR,ASP>GLY,LYS>ALA
M0957	pdb3rgt	partial	NA	
M0957	pdb3rit	exact	0	
M0957	pdb3ro6	exact	0	
M0957	pdb3rr1	substituted	3	LYS>GLU,ASP>GLY,LYS>ASP
M0957	pdb3rra	substituted	3	LYS>GLU,ASP>GLY,LYS>ASP
M0957	pdb3s47	partial	NA	
M0957	pdb3s5s	exact	0	
M0957	pdb3sbf	partial	NA	
M0957	pdb3sjn	substituted	3	LYS>GLY,ASP>GLY,LYS>ASP
M0957	pdb3sqs	substituted	4	LYS>ARG,ASP>GLU,ASP>GLY,LYS>ASP
M0957	pdb3ssz	substituted	4	LYS>ARG,ASP>GLU,ASP>GLY,LYS>ASP
M0957	pdb3stp	substituted	4	LYS>ARG,ASP>GLU,ASP>GLY,LYS>ASP
M0957	pdb3t6c	substituted	3	LYS>GLN,ASP>GLY,LYS>HIS
M0957	pdb3t8q	substituted	3	LYS>ARG,ASP>GLY,LYS>ASP
M0957	pdb3tcs	substituted	3	LYS>ARG,ASP>GLY,LYS>ASP
M0957	pdb3thu	substituted	3	LYS>GLN,ASP>GLY,LYS>THR
M0957	pdb3tj4	substituted	2	ASP>GLY,LYS>ASP
M0957	pdb3tji	substituted	3	LYS>GLN,ASP>GLY,LYS>HIS
M0957	pdb3toy	substituted	2	ASP>GLY,LYS>ASP
M0957	pdb3tte	substituted	2	ASP>GLY,LYS>ASP
M0957	pdb3tw9	substituted	3	LYS>GLN,ASP>GLY,LYS>HIS
M0957	pdb3twa	substituted	3	LYS>GLN,ASP>GLY,LYS>HIS
M0957	pdb3twb	substituted	3	LYS>GLN,ASP>GLY,LYS>HIS
M0957	pdb3u4f	substituted	3	LYS>ARG,ASP>GLY,LYS>ASP
M0957	pdb3u9i	exact	0	
M0957	pdb3ugv	substituted	3	LYS>ARG,ASP>GLY,LYS>ASP
M0957	pdb3uxk	substituted	2	ASP>GLY,LYS>ASP
M0957	pdb3uxl	substituted	2	ASP>GLY,LYS>ASP
M0957	pdb3v3w	partial	NA	
M0957	pdb3v4b	partial	NA	
M0957	pdb3va8	substituted	5	LYS>GLY,ASP>GLU,GLU>LEU,ASP>VAL,LYS>THR
M0957	pdb3vc5	substituted	2	ASP>ASN,LYS>ASP
M0957	pdb3vc6	substituted	2	ASP>ASN,LYS>ASP
M0957	pdb3vcn	substituted	3	LYS>GLN,ASP>GLY,LYS>THR
M0957	pdb3vdg	substituted	2	ASP>ASN,LYS>ASP
M0957	pdb3vfc	substituted	2	ASP>ASN,LYS>ASP
M0957	pdb4a6g	exact	0	
M0957	pdb4dhg	substituted	2	ASP>ASN,LYS>ASP
M0957	pdb4dn1	substituted	3	LYS>ALA,ASP>GLY,LYS>GLU
M0957	pdb4dwd	substituted	3	LYS>ARG,ASP>GLY,LYS>ASP
M0957	pdb4dye	substituted	2	ASP>ASN,LYS>ASP
M0957	pdb4e4f	substituted	3	LYS>GLN,ASP>GLY,LYS>THR
M0957	pdb4e8g	exact	0	
M0957	pdb4f4r	partial	NA	
M0957	pdb4fi4	substituted	3	LYS>GLN,ASP>GLY,LYS>THR
M0957	pdb4fp1	substituted	2	ASP>GLY,LYS>ASP
M0957	pdb4gfi	exact	0	
M0957	pdb4ggb	substituted	2	ASP>GLY,LYS>ASP
M0957	pdb4ggh	partial	NA	
M0957	pdb4gir	partial	NA	
M0957	pdb4gis	partial	NA	
M0957	pdb4gme	substituted	3	LYS>GLN,ASP>GLY,LYS>THR
M0957	pdb4h19	substituted	2	ASP>GLY,LYS>ASP
M0957	pdb4h1z	substituted	3	LYS>ALA,ASP>GLY,LYS>GLU
M0957	pdb4h2h	exact	0	
M0957	pdb4h83	substituted	2	ASP>GLY,LYS>ASP
M0957	pdb4hcd	substituted	3	LYS>HIS,ASP>PRO,LYS>GLY
M0957	pdb4hch	substituted	3	LYS>HIS,ASP>PRO,LYS>GLY
M0957	pdb4hcl	substituted	3	LYS>HIS,ASP>PRO,LYS>GLY
M0957	pdb4hnc	substituted	3	LYS>CYS,ASP>GLY,LYS>ASP
M0957	pdb4hnl	partial	NA	
M0957	pdb4hpn	substituted	2	ASP>GLY,LYS>ASP
M0957	pdb4ihc	partial	NA	
M0957	pdb4il2	partial	NA	
M0957	pdb4izg	exact	0	
M0957	pdb4j1o	exact	0	
M0957	pdb4jhm	substituted	3	LYS>HIS,ASP>HIS,LYS>ASP
M0957	pdb4jn7	substituted	3	LYS>SER,ASP>GLY,LYS>ASP
M0957	pdb4jn8	substituted	3	LYS>SER,ASP>GLY,LYS>ASP
M0957	pdb4k1w	partial	NA	
M0957	pdb4k2s	partial	NA	
M0957	pdb4k8g	partial	NA	
M0957	pdb4kpl	partial	NA	
M0957	pdb4kt2	partial	NA	
M0957	pdb4kws	partial	NA	
M0957	pdb4m0x	exact	0	
M0957	pdb4m6u	substituted	2	ASP>GLY,LYS>ASP
M0957	pdb4mgg	exact	0	
M0957	pdb4mmw	substituted	3	LYS>HIS,ASP>PRO,LYS>GLY
M0957	pdb4x2p	substituted	2	ASP>GLY,LYS>ASP
M0957	pdb5fjo	exact	0	
M0957	pdb5fjp	exact	0	
M0957	pdb5fjr	exact	0	
M0957	pdb5fjt	exact	0	
M0957	pdb5fju	exact	0	
M0957	pdb5olc	substituted	2	ASP>GLY,LYS>ASP
M0957	pdb5xd7	substituted	2	ASP>GLY,LYS>ASP
M0957	pdb5xd8	substituted	2	ASP>GLY,LYS>ASP
M0957	pdb5xd9	substituted	2	ASP>GLY,LYS>ASP
M0957	pdb6vim	substituted	2	ASP>GLY,LYS>ASP
M0505	pdb1boh	substituted	6	GLN>ARG,THR>LYS,HIS>GLY,HIS>VAL,ARG>THR,SER>ALA
M0505	pdb1boi	substituted	6	GLN>ARG,THR>LYS,HIS>GLY,HIS>VAL,ARG>THR,SER>ALA
M0505	pdb1dp2	substituted	6	GLN>ARG,THR>LYS,HIS>GLY,HIS>VAL,ARG>THR,SER>ALA
M0505	pdb1e0c	exact	0	
M0505	pdb1h4k	substituted	1	CSS>CYS
M0505	pdb1h4m	substituted	1	CSS>CYS
M0505	pdb1orb	substituted	7	CSS>CYS,GLN>ARG,THR>LYS,HIS>GLY,HIS>VAL,ARG>THR,SER>ALA
M0505	pdb1rhd	substituted	6	GLN>ARG,THR>LYS,HIS>GLY,HIS>VAL,ARG>THR,SER>ALA
M0505	pdb1rhs	substituted	6	GLN>ARG,THR>LYS,HIS>GLY,HIS>VAL,ARG>THR,SER>ALA
M0505	pdb1uar	substituted	4	GLN>ARG,THR>ILE,HIS>ALA,HIS>GLU
M0505	pdb1urh	substituted	6	GLN>GLY,THR>SER,HIS>GLY,HIS>VAL,ARG>THR,SER>ALA
M0505	pdb2eg3	substituted	5	CSS>CSD,GLN>HIS,THR>SER,HIS>GLY,HIS>ALA
M0505	pdb2eg4	substituted	5	CSS>CYS,GLN>HIS,THR>SER,HIS>GLY,HIS>ALA
M0505	pdb2ora	substituted	7	CSS>CSO,GLN>ARG,THR>LYS,HIS>GLY,HIS>VAL,ARG>THR,SER>ALA
M0505	pdb2wlr	substituted	5	CSS>CSD,GLN>GLY,HIS>GLY,HIS>TRP,SER>ALA
M0505	pdb2wlx	substituted	5	CSS>CSD,GLN>GLY,HIS>GLY,HIS>TRP,SER>ALA
M0505	pdb3aax	substituted	5	CSS>CYS,GLN>ARG,THR>ILE,HIS>GLY,HIS>GLU
M0505	pdb3aay	substituted	5	CSS>CSO,GLN>ARG,THR>ILE,HIS>GLY,HIS>GLU
M0505	pdb3hwi	substituted	5	CSS>CYS,GLN>ARG,THR>ILE,HIS>GLY,HIS>GLU
M0505	pdb3hzu	substituted	5	CSS>CYS,GLN>ARG,THR>ILE,HIS>GLY,HIS>GLU
M0505	pdb3ipo	substituted	4	GLN>GLY,HIS>GLY,HIS>TRP,SER>ALA
M0505	pdb3ipp	substituted	5	CSS>CYS,GLN>GLY,HIS>GLY,HIS>TRP,SER>ALA
M0505	pdb3olh	substituted	7	CSS>CYS,GLN>GLY,THR>SER,HIS>GLY,HIS>VAL,ARG>THR,SER>ALA
M0505	pdb3p3a	substituted	5	CSS>CYS,GLN>ARG,THR>ILE,HIS>GLY,HIS>GLU
M0505	pdb3utn	substituted	7	CSS>LEU,GLN>TYR,THR>ASP,HIS>GLY,HIS>SER,ARG>TRP,SER>THR
M0505	pdb4jgt	substituted	6	GLN>GLY,THR>SER,HIS>GLY,HIS>VAL,ARG>THR,SER>ALA
M0505	pdb5wqj	substituted	6	GLN>GLY,THR>SER,HIS>GLY,HIS>VAL,ARG>THR,SER>ALA
M0505	pdb5wqk	substituted	6	GLN>GLY,THR>SER,HIS>GLY,HIS>VAL,ARG>THR,SER>ALA
M0477	pdb1cqq	exact	0	
M0477	pdb1l1n	exact	0	
M0477	pdb2b0f	exact	0	
M0477	pdb2ijd	substituted	1	CYS>ALA
M0477	pdb2in2	exact	0	
M0477	pdb2vb0	substituted	1	CYS>CME
M0477	pdb2xya	exact	0	
M0477	pdb2ztx	exact	0	
M0477	pdb2zty	partial	NA	
M0477	pdb2ztz	exact	0	
M0477	pdb2zu1	substituted	1	CYS>ALA
M0477	pdb2zu3	exact	0	
M0477	pdb3osy	exact	0	
M0477	pdb3q3x	substituted	1	CYS>OCS
M0477	pdb3q3y	exact	0	
M0477	pdb3qzq	substituted	1	GLU>ASP
M0477	pdb3qzr	substituted	1	GLU>ALA
M0477	pdb3r0f	exact	0	
M0477	pdb3ruo	exact	0	
M0477	pdb3sj8	exact	0	
M0477	pdb3sj9	substituted	1	CYS>ALA
M0477	pdb3sji	exact	0	
M0477	pdb3sjk	substituted	1	CYS>ALA
M0477	pdb3sjo	exact	0	
M0477	pdb3zv8	exact	0	
M0477	pdb3zv9	exact	0	
M0477	pdb3zva	exact	0	
M0477	pdb3zvb	exact	0	
M0477	pdb3zvc	exact	0	
M0477	pdb3zvd	exact	0	
M0477	pdb3zve	exact	0	
M0477	pdb3zvf	exact	0	
M0477	pdb3zvg	exact	0	
M0477	pdb3zyd	exact	0	
M0477	pdb3zye	exact	0	
M0477	pdb3zz3	exact	0	
M0477	pdb3zz4	exact	0	
M0477	pdb3zz5	exact	0	
M0477	pdb3zz6	exact	0	
M0477	pdb3zz7	exact	0	
M0477	pdb3zz8	exact	0	
M0477	pdb3zz9	exact	0	
M0477	pdb3zza	exact	0	
M0477	pdb3zzb	exact	0	
M0477	pdb3zzc	exact	0	
M0477	pdb3zzd	exact	0	
M0477	pdb4dcd	exact	0	
M0477	pdb4ghq	exact	0	
M0477	pdb4ght	exact	0	
M0477	pdb5bpe	exact	0	
M0477	pdb5c1u	exact	0	
M0477	pdb5c1x	exact	0	
M0477	pdb5c1y	exact	0	
M0477	pdb5c20	exact	0	
M0477	pdb5dp3	exact	0	
M0477	pdb5dp4	exact	0	
M0477	pdb5dp5	exact	0	
M0477	pdb5dp6	exact	0	
M0477	pdb5dp7	exact	0	
M0477	pdb5dp8	exact	0	
M0477	pdb5dp9	exact	0	
M0477	pdb5dpa	exact	0	
M0477	pdb5fx5	exact	0	
M0477	pdb5fx6	exact	0	
M0477	pdb5gso	exact	0	
M0477	pdb5gsw	exact	0	
M0477	pdb5hxf	exact	0	
M0477	pdb5iyt	exact	0	
M0477	pdb5nfs	exact	0	
M0477	pdb6ffn	exact	0	
M0477	pdb6ffs	exact	0	
M0477	pdb6lka	exact	0	
M0829	pdb1v0e	exact	0	
M0829	pdb1v0f	exact	0	
M0829	pdb3gvj	substituted	1	ARG>ALA
M0829	pdb3gvk	exact	0	
M0829	pdb3gvl	exact	0	
M0829	pdb3ju4	exact	0	
M0829	pdb4hiz	exact	0	
M0884	pdb1ser	exact	0	
M0884	pdb1ses	exact	0	
M0884	pdb1set	exact	0	
M0884	pdb1sry	exact	0	
M0884	pdb1wle	exact	0	
M0884	pdb2dq0	exact	0	
M0884	pdb2dq3	exact	0	
M0884	pdb2zr2	exact	0	
M0884	pdb2zr3	exact	0	
M0884	pdb3err	exact	0	
M0884	pdb3lsq	exact	0	
M0884	pdb3lss	exact	0	
M0884	pdb3qne	exact	0	
M0884	pdb3qo5	exact	0	
M0884	pdb3qo7	exact	0	
M0884	pdb3qo8	exact	0	
M0884	pdb3vbb	exact	0	
M0884	pdb4l87	exact	0	
M0884	pdb4rqe	exact	0	
M0884	pdb4rqf	exact	0	
M0884	pdb5eiu	partial	NA	
M0884	pdb5f7t	partial	NA	
M0884	pdb5iea	partial	NA	
M0884	pdb5va4	partial	NA	
M0384	pdb1a8h	exact	0	
M0384	pdb1f4l	substituted	4	CYS>ASP,CYS>LYS,CYS>SER,HIS>SER
M0384	pdb1ffy	substituted	4	CYS>SER,CYS>SER,CYS>ASP,HIS>THR
M0384	pdb1gax	substituted	1	HIS>CYS
M0384	pdb1h3n	partial	NA	
M0384	pdb1ile	partial	NA	
M0384	pdb1ivs	substituted	1	HIS>CYS
M0384	pdb1iyw	substituted	1	HIS>CYS
M0384	pdb1jzq	partial	NA	
M0384	pdb1jzs	partial	NA	
M0384	pdb1li5	partial	NA	
M0384	pdb1li7	partial	NA	
M0384	pdb1obc	partial	NA	
M0384	pdb1obh	partial	NA	
M0384	pdb1p7p	substituted	4	CYS>ASP,CYS>LYS,CYS>SER,HIS>SER
M0384	pdb1pfu	substituted	4	CYS>ASP,CYS>LYS,CYS>SER,HIS>SER
M0384	pdb1pfv	substituted	4	CYS>ASP,CYS>LYS,CYS>SER,HIS>SER
M0384	pdb1pfw	substituted	4	CYS>ASP,CYS>LYS,CYS>SER,HIS>SER
M0384	pdb1pfy	substituted	4	CYS>ASP,CYS>LYS,CYS>SER,HIS>SER
M0384	pdb1pg0	partial	NA	
M0384	pdb1pg2	partial	NA	
M0384	pdb1qqt	substituted	4	CYS>ASP,CYS>LYS,CYS>SER,HIS>SER
M0384	pdb1qu2	substituted	4	CYS>SER,CYS>SER,CYS>ASP,HIS>THR
M0384	pdb1qu3	substituted	4	CYS>SER,CYS>SER,CYS>ASP,HIS>THR
M0384	pdb1rqg	substituted	3	CYS>ASP,HIS>CYS,LYS>THR
M0384	pdb1u0b	partial	NA	
M0384	pdb1wkb	substituted	4	CYS>ASP,CYS>VAL,CYS>SER,HIS>GLY
M0384	pdb1woy	exact	0	
M0384	pdb1wz2	partial	NA	
M0384	pdb2bte	partial	NA	
M0384	pdb2byt	partial	NA	
M0384	pdb2csx	partial	NA	
M0384	pdb2ct8	partial	NA	
M0384	pdb2d54	exact	0	
M0384	pdb2d5b	exact	0	
M0384	pdb2v0c	partial	NA	
M0384	pdb2v0g	partial	NA	
M0384	pdb2x1l	substituted	4	CYS>SER,CYS>ASP,CYS>ALA,HIS>THR
M0384	pdb2x1m	substituted	4	CYS>SER,CYS>ASP,CYS>ALA,HIS>THR
M0384	pdb3h97	substituted	4	CYS>ASP,CYS>LYS,CYS>SER,HIS>SER
M0384	pdb3h99	substituted	4	CYS>ASP,CYS>LYS,CYS>SER,HIS>SER
M0384	pdb3h9b	substituted	4	CYS>ASP,CYS>LYS,CYS>SER,HIS>SER
M0384	pdb3h9c	substituted	4	CYS>ASP,CYS>LYS,CYS>SER,HIS>SER
M0384	pdb3kfl	substituted	4	CYS>SER,CYS>ASP,CYS>SER,HIS>SER
M0384	pdb3vu8	exact	0	
M0384	pdb3zgz	partial	NA	
M0384	pdb3ziu	partial	NA	
M0384	pdb3zjt	partial	NA	
M0384	pdb3zju	partial	NA	
M0384	pdb3zjv	partial	NA	
M0384	pdb4aq7	partial	NA	
M0384	pdb4arc	partial	NA	
M0384	pdb4ari	partial	NA	
M0384	pdb4as1	partial	NA	
M0384	pdb4cqn	partial	NA	
M0384	pdb4dlp	partial	NA	
M0384	pdb4eg1	substituted	4	CYS>SER,CYS>ASP,CYS>SER,HIS>SER
M0384	pdb4eg3	substituted	4	CYS>SER,CYS>ASP,CYS>SER,HIS>SER
M0384	pdb4eg4	substituted	6	CYS>SER,CYS>ASP,CYS>SER,HIS>SER,LYS>ASP,LYS>ILE
M0384	pdb4eg5	substituted	6	CYS>SER,CYS>ASP,CYS>SER,HIS>SER,LYS>ASP,LYS>ILE
M0384	pdb4eg6	partial	NA	
M0384	pdb4eg7	substituted	4	CYS>SER,CYS>ASP,CYS>SER,HIS>SER
M0384	pdb4eg8	substituted	4	CYS>SER,CYS>ASP,CYS>SER,HIS>SER
M0384	pdb4ega	substituted	4	CYS>SER,CYS>ASP,CYS>SER,HIS>SER
M0384	pdb4mvw	substituted	4	CYS>SER,CYS>ASP,CYS>SER,HIS>SER
M0384	pdb4mvx	substituted	4	CYS>SER,CYS>ASP,CYS>SER,HIS>SER
M0384	pdb4mvy	substituted	4	CYS>SER,CYS>ASP,CYS>SER,HIS>SER
M0384	pdb4mw0	substituted	4	CYS>SER,CYS>ASP,CYS>SER,HIS>SER
M0384	pdb4mw1	substituted	4	CYS>SER,CYS>ASP,CYS>SER,HIS>SER
M0384	pdb4mw2	substituted	4	CYS>SER,CYS>ASP,CYS>SER,HIS>SER
M0384	pdb4mw4	substituted	4	CYS>SER,CYS>ASP,CYS>SER,HIS>SER
M0384	pdb4mw5	substituted	4	CYS>SER,CYS>ASP,CYS>SER,HIS>SER
M0384	pdb4mw6	substituted	4	CYS>SER,CYS>ASP,CYS>SER,HIS>SER
M0384	pdb4mw7	substituted	4	CYS>SER,CYS>ASP,CYS>SER,HIS>SER
M0384	pdb4mw9	substituted	4	CYS>SER,CYS>ASP,CYS>SER,HIS>SER
M0384	pdb4mwb	substituted	4	CYS>SER,CYS>ASP,CYS>SER,HIS>SER
M0384	pdb4mwc	substituted	4	CYS>SER,CYS>ASP,CYS>SER,HIS>SER
M0384	pdb4mwd	substituted	4	CYS>SER,CYS>ASP,CYS>SER,HIS>SER
M0384	pdb4mwe	substituted	4	CYS>SER,CYS>ASP,CYS>SER,HIS>SER
M0384	pdb4py2	partial	NA	
M0384	pdb4qrd	substituted	8	CYS>SER,CYS>SER,CYS>LEU,HIS>TYR,HIS>LEU,HIS>THR,LYS>LEU,LYS>GLU
M0384	pdb4qre	substituted	8	CYS>SER,CYS>SER,CYS>LEU,HIS>TYR,HIS>LEU,HIS>THR,LYS>LEU,LYS>GLU
M0384	pdb4zt2	substituted	4	CYS>SER,CYS>ASP,CYS>SER,HIS>SER
M0384	pdb4zt3	substituted	4	CYS>SER,CYS>ASP,CYS>SER,HIS>SER
M0384	pdb4zt4	substituted	4	CYS>SER,CYS>ASP,CYS>SER,HIS>SER
M0384	pdb4zt5	substituted	4	CYS>SER,CYS>ASP,CYS>SER,HIS>SER
M0384	pdb4zt6	substituted	4	CYS>SER,CYS>ASP,CYS>SER,HIS>SER
M0384	pdb4zt7	substituted	4	CYS>SER,CYS>ASP,CYS>SER,HIS>SER
M0384	pdb5ah5	partial	NA	
M0384	pdb5gl7	substituted	2	HIS>CYS,HIS>ASN
M0384	pdb5goy	substituted	2	HIS>CYS,HIS>ASN
M0384	pdb5j58	substituted	4	CYS>SER,CYS>ASP,CYS>SER,HIS>SER
M0384	pdb5j59	substituted	4	CYS>SER,CYS>ASP,CYS>SER,HIS>SER
M0384	pdb5j5a	substituted	4	CYS>SER,CYS>ASP,CYS>SER,HIS>SER
M0384	pdb5k0s	partial	NA	
M0384	pdb5k0t	partial	NA	
M0384	pdb5nfh	substituted	4	CYS>SER,CYS>ASP,CYS>SER,HIS>SER
M0384	pdb5omw	partial	NA	
M0384	pdb5on2	partial	NA	
M0384	pdb5on3	partial	NA	
M0384	pdb5onh	partial	NA	
M0384	pdb5tqu	partial	NA	
M0384	pdb5urb	substituted	4	CYS>ASP,CYS>LYS,CYS>SER,HIS>SER
M0384	pdb5v49	substituted	4	CYS>SER,CYS>ASP,CYS>SER,HIS>SER
M0384	pdb6cml	substituted	4	CYS>SER,CYS>ASP,CYS>SER,HIS>SER
M0384	pdb6mes	substituted	4	CYS>SER,CYS>ASP,CYS>SER,HIS>SER
M0384	pdb6swx	substituted	4	CYS>SER,CYS>ASP,CYS>SER,HIS>SER
M0065	pdb1ade	exact	0	
M0065	pdb1adi	exact	0	
M0065	pdb1cg0	exact	0	
M0065	pdb1cg1	substituted	1	LYS>GLN
M0065	pdb1cg3	exact	0	
M0065	pdb1cg4	exact	0	
M0065	pdb1ch8	exact	0	
M0065	pdb1cib	exact	0	
M0065	pdb1dj2	exact	0	
M0065	pdb1dj3	exact	0	
M0065	pdb1gim	exact	0	
M0065	pdb1gin	exact	0	
M0065	pdb1hon	exact	0	
M0065	pdb1hoo	exact	0	
M0065	pdb1hop	exact	0	
M0065	pdb1iwe	substituted	1	GLN>ASN
M0065	pdb1j4b	substituted	1	GLN>ASN
M0065	pdb1juy	exact	0	
M0065	pdb1kjx	exact	0	
M0065	pdb1kkb	exact	0	
M0065	pdb1kkf	exact	0	
M0065	pdb1ksz	exact	0	
M0065	pdb1lny	substituted	1	GLN>ASN
M0065	pdb1lon	substituted	1	GLN>ASN
M0065	pdb1loo	substituted	1	GLN>ASN
M0065	pdb1mez	substituted	1	GLN>ASN
M0065	pdb1mf0	substituted	1	GLN>ASN
M0065	pdb1mf1	substituted	1	GLN>ASN
M0065	pdb1nht	exact	0	
M0065	pdb1p9b	substituted	1	GLN>ASN
M0065	pdb1qf4	exact	0	
M0065	pdb1qf5	exact	0	
M0065	pdb1son	exact	0	
M0065	pdb1soo	exact	0	
M0065	pdb2d7u	exact	0	
M0065	pdb2dgn	substituted	1	GLN>ASN
M0065	pdb2gcq	exact	0	
M0065	pdb2v40	substituted	1	GLN>ASN
M0065	pdb3hid	exact	0	
M0065	pdb3r7t	exact	0	
M0065	pdb3ue9	exact	0	
M0065	pdb4m0g	exact	0	
M0065	pdb4m9d	exact	0	
M0065	pdb5i33	substituted	1	GLN>ASN
M0065	pdb5i34	substituted	1	GLN>ASN
M0065	pdb5k7x	exact	0	
M0065	pdb6bs7	partial	NA	
M0065	pdb6c25	partial	NA	
M0065	pdb6fko	substituted	1	ASP>SER
M0065	pdb6flf	substituted	1	ASP>SER
M0065	pdb6fm0	substituted	1	ASP>SER
M0065	pdb6fm1	substituted	1	ASP>SER
M0065	pdb6fm3	substituted	1	ASP>SER
M0065	pdb6jrq	exact	0	
M0065	pdb6rm2	substituted	1	ASP>SER
M0065	pdb6tnh	substituted	1	ASP>SER
M0123	pdb1jnr	substituted	1	TRP>ARG
M0123	pdb1jnz	substituted	1	TRP>ARG
M0123	pdb1kf6	partial	NA	
M0123	pdb1kfy	partial	NA	
M0123	pdb1l0v	partial	NA	
M0123	pdb1nek	partial	NA	
M0123	pdb1nen	partial	NA	
M0123	pdb2acz	partial	NA	
M0123	pdb2b76	partial	NA	
M0123	pdb2fja	partial	NA	
M0123	pdb2fjb	partial	NA	
M0123	pdb2fjd	partial	NA	
M0123	pdb2fje	partial	NA	
M0123	pdb2wdq	partial	NA	
M0123	pdb2wdr	partial	NA	
M0123	pdb2wdv	partial	NA	
M0123	pdb2wp9	partial	NA	
M0123	pdb2ws3	partial	NA	
M0123	pdb2wu2	partial	NA	
M0123	pdb2wu5	partial	NA	
M0123	pdb3cir	partial	NA	
M0123	pdb3gyx	substituted	2	GLU>SER,TRP>ARG
M0123	pdb3p4p	partial	NA	
M0123	pdb3p4q	partial	NA	
M0123	pdb3p4r	partial	NA	
M0123	pdb3p4s	partial	NA	
M0123	pdb4kx6	partial	NA	
M0123	pdb5vpn	partial	NA	
M0123	pdb6awf	partial	NA	
M0580	pdb1aq0	exact	0	
M0580	pdb1ghr	exact	0	
M0580	pdb1ghs	exact	0	
M0580	pdb2cyg	exact	0	
M0580	pdb3ur7	exact	0	
M0580	pdb3ur8	exact	0	
M0580	pdb4gzi	substituted	1	GLU>ALA
M0580	pdb4gzj	substituted	1	GLU>ALA
M0580	pdb4hpg	exact	0	
M0580	pdb4iis	exact	0	
M0033	pdb1jc4	exact	0	
M0033	pdb1jc5	exact	0	
M0033	pdb3oa4	substituted	2	GLU>ILE,GLN>GLU
M0033	pdb3rmu	substituted	2	GLU>VAL,GLN>GLU
M0033	pdb6bu2	substituted	1	HIS>GLN
M0033	pdb6qh4	substituted	2	GLU>VAL,GLN>GLU
M0033	pdb6wf6	exact	0	
M0033	pdb6wf7	exact	0	
M0033	pdb6wfh	exact	0	
M0033	pdb6wfi	exact	0	
M0033	pdb6xbq	exact	0	
M0033	pdb6xbr	substituted	1	GLU>LEU
M0033	pdb6xbs	substituted	1	GLU>GLN
M0033	pdb6xbt	substituted	1	GLN>ALA
M0033	pdb6xbv	exact	0	
M0281	pdb2gmh	exact	0	
M0281	pdb2gmj	exact	0	
M0281	pdb7koe	partial	NA	
M0544	pdb1f6d	exact	0	
M0544	pdb1o6c	partial	NA	
M0544	pdb1v4v	exact	0	
M0544	pdb1vgv	exact	0	
M0544	pdb3beo	exact	0	
M0544	pdb3dzc	exact	0	
M0544	pdb3ot5	exact	0	
M0544	pdb4fkz	exact	0	
M0544	pdb4hwg	substituted	1	ARG>GLU
M0544	pdb4neq	substituted	1	ARG>ALA
M0544	pdb4nes	substituted	1	ARG>ALA
M0544	pdb4zht	substituted	3	GLU>ASP,ARG>VAL,HIS>ILE
M0544	pdb5dld	exact	0	
M0544	pdb5enz	exact	0	
M0212	pdb1cp2	substituted	6	HIS>ASP,CYS>LYS,ALA>LYS,ARG>LYS,CYS>ASP,VAL>LYS
M0212	pdb1de0	substituted	6	HIS>ASP,CYS>LYS,ALA>LYS,ARG>LYS,CYS>ASP,VAL>LYS
M0212	pdb1f48	partial	NA	
M0212	pdb1fp4	substituted	7	HIS>GLN,CYS>GLN,VAL>CYS,LYS>CYS,ASP>GLN,LYS>ARG,LYS>ALA
M0212	pdb1fp6	substituted	6	HIS>ASP,CYS>LYS,ALA>LYS,ARG>LYS,CYS>ASP,VAL>LYS
M0212	pdb1g1m	substituted	6	HIS>ASP,CYS>LYS,ALA>LYS,ARG>LYS,CYS>ASP,VAL>LYS
M0212	pdb1g20	substituted	6	CYS>HIS,VAL>CYS,LYS>CYS,ASP>HIS,LYS>ARG,LYS>ALA
M0212	pdb1g21	substituted	6	CYS>HIS,VAL>CYS,LYS>CYS,ASP>HIS,LYS>ARG,LYS>ALA
M0212	pdb1g3q	partial	NA	
M0212	pdb1g3r	partial	NA	
M0212	pdb1g5p	substituted	6	HIS>ASP,CYS>LYS,ALA>LYS,ARG>LYS,CYS>ASP,VAL>LYS
M0212	pdb1h1l	substituted	6	CYS>HIS,VAL>CYS,LYS>CYS,ASP>HIS,LYS>ARG,LYS>ALA
M0212	pdb1ihu	partial	NA	
M0212	pdb1ii0	partial	NA	
M0212	pdb1ii9	partial	NA	
M0212	pdb1ion	partial	NA	
M0212	pdb1l5h	substituted	6	CYS>HIS,VAL>CYS,LYS>CYS,ASP>HIS,LYS>ARG,LYS>ALA
M0212	pdb1m1n	substituted	6	CYS>HIS,VAL>CYS,LYS>CYS,ASP>HIS,LYS>ARG,LYS>ALA
M0212	pdb1m1y	substituted	6	CYS>HIS,VAL>CYS,LYS>CYS,ASP>HIS,LYS>ARG,LYS>ALA
M0212	pdb1m34	substituted	6	CYS>HIS,VAL>CYS,LYS>CYS,ASP>HIS,LYS>ARG,LYS>ALA
M0212	pdb1mio	substituted	6	CYS>HIS,VAL>CYS,LYS>CYS,ASP>HIS,LYS>ARG,LYS>ALA
M0212	pdb1n2c	substituted	6	CYS>HIS,VAL>CYS,LYS>CYS,ASP>HIS,LYS>ARG,LYS>ALA
M0212	pdb1nip	substituted	6	HIS>ASP,CYS>LYS,ALA>LYS,ARG>LYS,CYS>ASP,VAL>LYS
M0212	pdb1qgu	substituted	6	CYS>HIS,VAL>CYS,LYS>CYS,ASP>HIS,LYS>ARG,LYS>ALA
M0212	pdb1qh1	substituted	6	CYS>HIS,VAL>CYS,LYS>CYS,ASP>HIS,LYS>ARG,LYS>ALA
M0212	pdb1qh8	substituted	6	CYS>HIS,VAL>CYS,LYS>CYS,ASP>HIS,LYS>ARG,LYS>ALA
M0212	pdb1rw4	substituted	6	HIS>ASP,CYS>LYS,ALA>LYS,ARG>LYS,CYS>ASP,VAL>LYS
M0212	pdb1xcp	substituted	6	HIS>ASP,CYS>LYS,ALA>LYS,ARG>LYS,CYS>ASP,VAL>LYS
M0212	pdb1xd8	substituted	6	HIS>ASP,CYS>LYS,ALA>LYS,ARG>LYS,CYS>ASP,VAL>LYS
M0212	pdb1xd9	substituted	6	HIS>ASP,CYS>LYS,ALA>LYS,ARG>LYS,CYS>ASP,VAL>LYS
M0212	pdb1xdb	substituted	7	HIS>GLU,CYS>LYS,ALA>LYS,ARG>LYS,CYS>GLU,VAL>LYS,ASP>GLU
M0212	pdb2afh	substituted	6	CYS>HIS,VAL>CYS,LYS>CYS,ASP>HIS,LYS>ARG,LYS>ALA
M0212	pdb2afi	substituted	6	CYS>HIS,VAL>CYS,LYS>CYS,ASP>HIS,LYS>ARG,LYS>ALA
M0212	pdb2c8v	substituted	6	HIS>ASP,CYS>LYS,ALA>LYS,ARG>LYS,CYS>ASP,VAL>LYS
M0212	pdb2min	substituted	6	CYS>HIS,VAL>CYS,LYS>CYS,ASP>HIS,LYS>ARG,LYS>ALA
M0212	pdb2nip	substituted	6	HIS>ASP,CYS>LYS,ALA>LYS,ARG>LYS,CYS>ASP,VAL>LYS
M0212	pdb2ynm	substituted	6	HIS>ASP,CYS>LYS,ALA>LYS,ARG>LYS,CYS>ASP,VAL>LYS
M0212	pdb3aek	partial	NA	
M0212	pdb3aeq	partial	NA	
M0212	pdb3aer	partial	NA	
M0212	pdb3aes	partial	NA	
M0212	pdb3aet	partial	NA	
M0212	pdb3aeu	partial	NA	
M0212	pdb3fwy	substituted	6	HIS>ASP,CYS>LYS,ALA>LYS,ARG>LYS,CYS>ASP,VAL>LYS
M0212	pdb3k1a	substituted	6	CYS>HIS,VAL>CYS,LYS>CYS,ASP>HIS,LYS>ARG,LYS>ALA
M0212	pdb3min	substituted	6	CYS>HIS,VAL>CYS,LYS>CYS,ASP>HIS,LYS>ARG,LYS>ALA
M0212	pdb3pdi	substituted	8	HIS>ASN,ALA>ASP,CYS>ASN,VAL>CYS,LYS>CYS,ASP>ASN,LYS>ARG,LYS>ASP
M0212	pdb3u7q	substituted	6	CYS>HIS,VAL>CYS,LYS>CYS,ASP>HIS,LYS>ARG,LYS>ALA
M0212	pdb4nd8	substituted	6	CYS>HIS,VAL>CYS,LYS>CYS,ASP>HIS,LYS>ARG,LYS>ALA
M0212	pdb4tku	substituted	6	CYS>HIS,VAL>CYS,LYS>CYS,ASP>HIS,LYS>ARG,LYS>ALA
M0212	pdb4tkv	substituted	6	CYS>HIS,VAL>CYS,LYS>CYS,ASP>HIS,LYS>ARG,LYS>ALA
M0212	pdb4wes	substituted	6	CYS>HIS,VAL>CYS,LYS>CYS,ASP>HIS,LYS>ARG,LYS>ALA
M0212	pdb4wn9	substituted	6	CYS>HIS,VAL>CYS,LYS>CYS,ASP>HIS,LYS>ARG,LYS>ALA
M0212	pdb4wna	substituted	6	CYS>HIS,VAL>CYS,LYS>CYS,ASP>HIS,LYS>ARG,LYS>ALA
M0212	pdb4wza	substituted	6	CYS>HIS,VAL>CYS,LYS>CYS,ASP>HIS,LYS>ARG,LYS>ALA
M0212	pdb4wzb	substituted	6	CYS>HIS,VAL>CYS,LYS>CYS,ASP>HIS,LYS>ARG,LYS>ALA
M0212	pdb4xpi	substituted	6	CYS>HIS,VAL>CYS,LYS>CYS,ASP>HIS,LYS>ARG,LYS>ALA
M0212	pdb5bvg	substituted	6	CYS>HIS,VAL>CYS,LYS>CYS,ASP>HIS,LYS>ARG,LYS>ALA
M0212	pdb5bvh	substituted	6	CYS>HIS,VAL>CYS,LYS>CYS,ASP>HIS,LYS>ARG,LYS>ALA
M0212	pdb5cx1	substituted	6	CYS>HIS,VAL>CYS,LYS>CYS,ASP>HIS,LYS>ARG,LYS>ALA
M0212	pdb5j1j	substituted	7	HIS>ASP,CYS>LYS,ALA>GLY,ARG>LYS,CYS>ASP,VAL>LYS,LYS>GLY
M0212	pdb5jvf	substituted	7	HIS>ASP,CYS>LYS,ALA>GLY,ARG>LYS,CYS>ASP,VAL>LYS,LYS>GLY
M0212	pdb5koh	substituted	6	CYS>HIS,VAL>CYS,LYS>CYS,ASP>HIS,LYS>ARG,LYS>ALA
M0212	pdb5koj	substituted	6	CYS>HIS,VAL>CYS,LYS>CYS,ASP>HIS,LYS>ARG,LYS>ALA
M0212	pdb5n6y	substituted	7	ALA>CYS,ARG>LYS,CYS>HIS,VAL>CYS,LYS>CYS,ASP>HIS,LYS>CYS
M0212	pdb5vpw	substituted	6	CYS>HIS,VAL>CYS,LYS>CYS,ASP>HIS,LYS>ARG,LYS>ALA
M0212	pdb5vq3	substituted	6	CYS>HIS,VAL>CYS,LYS>CYS,ASP>HIS,LYS>ARG,LYS>ALA
M0212	pdb5vq4	substituted	6	CYS>HIS,VAL>CYS,LYS>CYS,ASP>HIS,LYS>ARG,LYS>ALA
M0212	pdb6bbl	substituted	7	ARG>GLN,CYS>HIS,VAL>CYS,LYS>CYS,ASP>HIS,LYS>GLN,LYS>ALA
M0212	pdb6cdk	substituted	6	CYS>HIS,VAL>CYS,LYS>CYS,ASP>HIS,LYS>ARG,LYS>ALA
M0212	pdb6fea	substituted	7	ALA>CYS,ARG>LYS,CYS>HIS,VAL>CYS,LYS>CYS,ASP>HIS,LYS>CYS
M0212	pdb6n4j	substituted	6	HIS>ASP,CYS>LYS,ALA>LYS,ARG>LYS,CYS>ASP,VAL>LYS
M0212	pdb6n4k	substituted	6	HIS>ASP,CYS>LYS,ALA>LYS,ARG>LYS,CYS>ASP,VAL>LYS
M0212	pdb6n4l	substituted	6	HIS>ASP,CYS>LYS,ALA>LYS,ARG>LYS,CYS>ASP,VAL>LYS
M0212	pdb6n4m	substituted	6	HIS>ASP,CYS>LYS,ALA>LYS,ARG>LYS,CYS>ASP,VAL>LYS
M0212	pdb6nzj	substituted	6	HIS>ASP,CYS>LYS,ALA>LYS,ARG>LYS,CYS>ASP,VAL>LYS
M0212	pdb6o0b	substituted	6	HIS>ASP,CYS>LYS,ALA>LYS,ARG>LYS,CYS>ASP,VAL>LYS
M0212	pdb6o7l	substituted	6	CYS>HIS,VAL>CYS,LYS>CYS,ASP>HIS,LYS>ARG,LYS>ALA
M0212	pdb6o7m	substituted	6	CYS>HIS,VAL>CYS,LYS>CYS,ASP>HIS,LYS>ARG,LYS>ALA
M0212	pdb6o7n	substituted	6	CYS>HIS,VAL>CYS,LYS>CYS,ASP>HIS,LYS>ARG,LYS>ALA
M0212	pdb6o7o	substituted	6	CYS>HIS,VAL>CYS,LYS>CYS,ASP>HIS,LYS>ARG,LYS>ALA
M0212	pdb6o7p	substituted	6	CYS>HIS,VAL>CYS,LYS>CYS,ASP>HIS,LYS>ARG,LYS>ALA
M0212	pdb6o7q	substituted	6	CYS>HIS,VAL>CYS,LYS>CYS,ASP>HIS,LYS>ARG,LYS>ALA
M0212	pdb6o7r	substituted	6	CYS>HIS,VAL>CYS,LYS>CYS,ASP>HIS,LYS>ARG,LYS>ALA
M0212	pdb6o7s	substituted	6	CYS>HIS,VAL>CYS,LYS>CYS,ASP>HIS,LYS>ARG,LYS>ALA
M0212	pdb6op1	substituted	6	CYS>HIS,VAL>CYS,LYS>CYS,ASP>HIS,LYS>ARG,LYS>ALA
M0212	pdb6op2	substituted	6	CYS>HIS,VAL>CYS,LYS>CYS,ASP>HIS,LYS>ARG,LYS>ALA
M0212	pdb6op3	substituted	6	CYS>HIS,VAL>CYS,LYS>CYS,ASP>HIS,LYS>ARG,LYS>ALA
M0212	pdb6op4	substituted	6	CYS>HIS,VAL>CYS,LYS>CYS,ASP>HIS,LYS>ARG,LYS>ALA
M0212	pdb6q93	substituted	6	HIS>ASP,CYS>LYS,ALA>LYS,ARG>LYS,CYS>ASP,VAL>LYS
M0212	pdb6ug0	substituted	6	CYS>HIS,VAL>CYS,LYS>CYS,ASP>HIS,LYS>ARG,LYS>ALA
M0212	pdb6uyk	substituted	6	HIS>ASP,CYS>LYS,ALA>LYS,ARG>LYS,CYS>ASP,VAL>LYS
M0212	pdb6vxt	substituted	6	CYS>HIS,VAL>CYS,LYS>CYS,ASP>HIS,LYS>ARG,LYS>ALA
M0212	pdb7adr	substituted	7	ALA>CYS,ARG>LYS,CYS>HIS,VAL>CYS,LYS>CYS,ASP>HIS,LYS>CYS
M0212	pdb7ady	substituted	7	ALA>CYS,ARG>LYS,CYS>HIS,VAL>CYS,LYS>CYS,ASP>HIS,LYS>CYS
M0212	pdb7aiz	substituted	7	ALA>CYS,ARG>LYS,CYS>HIS,VAL>CYS,LYS>CYS,ASP>HIS,LYS>CYS
M0212	pdb7jrf	substituted	6	CYS>HIS,VAL>CYS,LYS>CYS,ASP>HIS,LYS>ARG,LYS>ALA
M0426	pdb1bk7	substituted	1	TYR>SER
M0426	pdb1bol	exact	0	
M0426	pdb1dix	exact	0	
M0426	pdb1iqq	substituted	1	TYR>PRO
M0426	pdb1iyb	exact	0	
M0426	pdb1j1f	substituted	1	TYR>SER
M0426	pdb1j1g	substituted	1	TYR>SER
M0426	pdb1jy5	substituted	2	HIS>LYS,TYR>TRP
M0426	pdb1sgl	substituted	5	GLU>GLN,LYS>ILE,HIS>LEU,TRP>ARG,TYR>GLU
M0426	pdb1uca	substituted	1	TYR>SER
M0426	pdb1ucc	substituted	1	TYR>SER
M0426	pdb1ucd	substituted	1	TYR>SER
M0426	pdb1ucg	substituted	1	TYR>SER
M0426	pdb1v9h	substituted	1	TYR>SER
M0426	pdb1vcz	substituted	1	TYR>TRP
M0426	pdb1vd1	substituted	1	TYR>TRP
M0426	pdb1vd3	substituted	1	TYR>TRP
M0426	pdb3d3z	exact	0	
M0426	pdb3t0o	partial	NA	
M0426	pdb3tbj	exact	0	
M0358	pdb2a5h	exact	0	
M0905	pdb1a47	exact	0	
M0905	pdb1b2y	substituted	1	GLU>SER
M0905	pdb1bsi	substituted	1	GLU>SER
M0905	pdb1bvz	exact	0	
M0905	pdb1cdg	exact	0	
M0905	pdb1cgt	exact	0	
M0905	pdb1cgu	substituted	1	ASP>ALA
M0905	pdb1cgv	exact	0	
M0905	pdb1cgw	exact	0	
M0905	pdb1cgx	exact	0	
M0905	pdb1cgy	exact	0	
M0905	pdb1ciu	exact	0	
M0905	pdb1cpu	substituted	1	GLU>SER
M0905	pdb1cxe	exact	0	
M0905	pdb1cxf	substituted	2	ASP>ASN,GLU>GLN
M0905	pdb1cxh	exact	0	
M0905	pdb1cxi	exact	0	
M0905	pdb1cxk	substituted	2	ASP>ASN,GLU>GLN
M0905	pdb1cxl	substituted	1	GLU>GLN
M0905	pdb1cyg	exact	0	
M0905	pdb1d3c	substituted	2	ASP>ASN,GLU>GLN
M0905	pdb1d7f	exact	0	
M0905	pdb1ded	exact	0	
M0905	pdb1dhk	substituted	1	GLU>SER
M0905	pdb1dtu	exact	0	
M0905	pdb1ea9	exact	0	
M0905	pdb1eo5	substituted	2	ASP>ALA,GLU>ALA
M0905	pdb1eo7	substituted	2	ASP>ALA,GLU>ALA
M0905	pdb1g1y	substituted	1	GLU>ALA
M0905	pdb1g5a	partial	NA	
M0905	pdb1gcy	exact	0	
M0905	pdb1gvi	substituted	1	GLU>LEU
M0905	pdb1h3g	exact	0	
M0905	pdb1hny	substituted	1	GLU>SER
M0905	pdb1hx0	substituted	1	GLU>SER
M0905	pdb1i75	exact	0	
M0905	pdb1izj	exact	0	
M0905	pdb1izk	exact	0	
M0905	pdb1j0h	exact	0	
M0905	pdb1j0i	exact	0	
M0905	pdb1j0j	substituted	1	GLU>GLN
M0905	pdb1j0k	substituted	1	GLU>GLN
M0905	pdb1jf5	exact	0	
M0905	pdb1jf6	exact	0	
M0905	pdb1jfh	substituted	1	GLU>SER
M0905	pdb1jg9	partial	NA	
M0905	pdb1jgi	partial	NA	
M0905	pdb1ji1	exact	0	
M0905	pdb1ji2	exact	0	
M0905	pdb1jib	substituted	1	ASP>ASN
M0905	pdb1jl8	substituted	1	ASP>ASN
M0905	pdb1kbb	substituted	1	GLU>SER
M0905	pdb1kck	exact	0	
M0905	pdb1kcl	exact	0	
M0905	pdb1kgu	substituted	1	GLU>SER
M0905	pdb1kgw	substituted	1	GLU>SER
M0905	pdb1kxq	substituted	1	GLU>SER
M0905	pdb1kxt	substituted	1	GLU>SER
M0905	pdb1kxv	substituted	1	GLU>SER
M0905	pdb1lwh	exact	0	
M0905	pdb1lwj	exact	0	
M0905	pdb1m53	exact	0	
M0905	pdb1mvy	partial	NA	
M0905	pdb1mw0	partial	NA	
M0905	pdb1mw1	partial	NA	
M0905	pdb1mw2	partial	NA	
M0905	pdb1mw3	partial	NA	
M0905	pdb1ose	substituted	1	GLU>SER
M0905	pdb1ot1	exact	0	
M0905	pdb1ot2	exact	0	
M0905	pdb1pam	exact	0	
M0905	pdb1pez	exact	0	
M0905	pdb1pj9	exact	0	
M0905	pdb1ppi	substituted	1	GLU>SER
M0905	pdb1qho	exact	0	
M0905	pdb1qhp	exact	0	
M0905	pdb1s46	partial	NA	
M0905	pdb1sma	exact	0	
M0905	pdb1tcm	exact	0	
M0905	pdb1u2y	substituted	1	GLU>SER
M0905	pdb1u30	substituted	1	GLU>SER
M0905	pdb1u33	substituted	1	GLU>SER
M0905	pdb1ua3	substituted	1	GLU>SER
M0905	pdb1uh2	substituted	2	ASP>ASN,GLU>GLN
M0905	pdb1uh3	exact	0	
M0905	pdb1uh4	substituted	2	ASP>ASN,GLU>GLN
M0905	pdb1ukq	exact	0	
M0905	pdb1uks	exact	0	
M0905	pdb1ukt	exact	0	
M0905	pdb1uok	exact	0	
M0905	pdb1v3j	exact	0	
M0905	pdb1v3k	exact	0	
M0905	pdb1v3l	exact	0	
M0905	pdb1v3m	exact	0	
M0905	pdb1vah	substituted	1	GLU>SER
M0905	pdb1vb9	substituted	1	ASP>ASN
M0905	pdb1vfm	substituted	2	ASP>ASN,ASP>ASN
M0905	pdb1vfo	substituted	2	ASP>ASN,ASP>ASN
M0905	pdb1vfu	substituted	2	ASP>ASN,ASP>ASN
M0905	pdb1wo2	substituted	1	GLU>SER
M0905	pdb1wza	exact	0	
M0905	pdb1wzk	exact	0	
M0905	pdb1wzl	exact	0	
M0905	pdb1wzm	exact	0	
M0905	pdb1xcw	substituted	1	GLU>SER
M0905	pdb1xcx	substituted	1	GLU>SER
M0905	pdb1xd0	substituted	1	GLU>SER
M0905	pdb1xd1	substituted	1	GLU>SER
M0905	pdb1xgz	partial	NA	
M0905	pdb1xh0	partial	NA	
M0905	pdb1xh1	partial	NA	
M0905	pdb1xh2	partial	NA	
M0905	pdb1zs2	partial	NA	
M0905	pdb2aaa	exact	0	
M0905	pdb2cxg	exact	0	
M0905	pdb2d0f	substituted	1	ASP>ASN
M0905	pdb2d0g	substituted	2	ASP>ASN,GLU>GLN
M0905	pdb2d0h	substituted	2	ASP>ASN,GLU>GLN
M0905	pdb2d2o	substituted	1	ASP>ASN
M0905	pdb2dij	exact	0	
M0905	pdb2guy	exact	0	
M0905	pdb2gvy	exact	0	
M0905	pdb2pwf	substituted	1	ASP>ALA
M0905	pdb2qmk	substituted	1	GLU>SER
M0905	pdb2qv4	substituted	1	GLU>SER
M0905	pdb2taa	exact	0	
M0905	pdb2wc7	exact	0	
M0905	pdb2wcs	exact	0	
M0905	pdb2wkg	exact	0	
M0905	pdb2z1k	exact	0	
M0905	pdb2ze0	exact	0	
M0905	pdb2zic	exact	0	
M0905	pdb2zid	substituted	1	GLU>GLN
M0905	pdb3a47	partial	NA	
M0905	pdb3a4a	partial	NA	
M0905	pdb3a6o	exact	0	
M0905	pdb3aj7	partial	NA	
M0905	pdb3axh	partial	NA	
M0905	pdb3axi	partial	NA	
M0905	pdb3bai	substituted	1	GLU>SER
M0905	pdb3baj	substituted	1	GLU>SER
M0905	pdb3bak	partial	NA	
M0905	pdb3baw	substituted	1	GLU>SER
M0905	pdb3bax	partial	NA	
M0905	pdb3bay	partial	NA	
M0905	pdb3bmv	exact	0	
M0905	pdb3bmw	exact	0	
M0905	pdb3cgt	substituted	1	GLU>ALA
M0905	pdb3dhp	substituted	1	GLU>SER
M0905	pdb3dhu	exact	0	
M0905	pdb3edd	substituted	1	GLU>GLN
M0905	pdb3ede	exact	0	
M0905	pdb3edf	substituted	1	GLU>GLN
M0905	pdb3edj	substituted	1	GLU>GLN
M0905	pdb3edk	substituted	1	GLU>GLN
M0905	pdb3ij7	substituted	1	GLU>SER
M0905	pdb3ij8	substituted	1	GLU>SER
M0905	pdb3ij9	substituted	1	GLU>SER
M0905	pdb3k8k	exact	0	
M0905	pdb3k8l	substituted	1	ASP>ASN
M0905	pdb3k8m	exact	0	
M0905	pdb3kwx	exact	0	
M0905	pdb3l2l	substituted	1	GLU>SER
M0905	pdb3l2m	substituted	1	GLU>SER
M0905	pdb3old	substituted	1	GLU>SER
M0905	pdb3ole	substituted	1	GLU>SER
M0905	pdb3olg	substituted	1	GLU>SER
M0905	pdb3oli	substituted	1	GLU>SER
M0905	pdb3ueq	partial	NA	
M0905	pdb3vm7	exact	0	
M0905	pdb3vx0	exact	0	
M0905	pdb3vx1	exact	0	
M0905	pdb3wms	exact	0	
M0905	pdb3zo9	exact	0	
M0905	pdb3zoa	exact	0	
M0905	pdb4aee	exact	0	
M0905	pdb4aef	exact	0	
M0905	pdb4aie	exact	0	
M0905	pdb4cgt	exact	0	
M0905	pdb4e2o	exact	0	
M0905	pdb4flo	partial	NA	
M0905	pdb4flq	partial	NA	
M0905	pdb4flr	partial	NA	
M0905	pdb4fls	partial	NA	
M0905	pdb4gqq	substituted	1	GLU>SER
M0905	pdb4gqr	substituted	1	GLU>SER
M0905	pdb4h7v	substituted	1	ASP>ALA
M0905	pdb4h8u	substituted	1	ASP>ALA
M0905	pdb4ha1	substituted	1	ASP>ALA
M0905	pdb4how	exact	0	
M0905	pdb4hox	exact	0	
M0905	pdb4hoz	substituted	1	ASP>ALA
M0905	pdb4hp5	substituted	1	GLU>ALA
M0905	pdb4hph	substituted	1	GLU>GLN
M0905	pdb4jcl	exact	0	
M0905	pdb4jcm	exact	0	
M0905	pdb4lxf	substituted	3	ASP>THR,GLU>GLY,ASP>TYR
M0905	pdb4m56	exact	0	
M0905	pdb4m8u	exact	0	
M0905	pdb4maz	exact	0	
M0905	pdb4mb1	exact	0	
M0905	pdb4tvu	partial	NA	
M0905	pdb4w93	substituted	1	GLU>SER
M0905	pdb4wf7	partial	NA	
M0905	pdb4wlc	substituted	1	GLU>GLN
M0905	pdb4x9y	substituted	1	GLU>SER
M0905	pdb4xb3	substituted	1	GLU>GLN
M0905	pdb5a2a	exact	0	
M0905	pdb5a2b	exact	0	
M0905	pdb5a2c	exact	0	
M0905	pdb5bn7	exact	0	
M0905	pdb5brp	exact	0	
M0905	pdb5brq	exact	0	
M0905	pdb5cgt	substituted	1	ASP>ALA
M0905	pdb5do8	exact	0	
M0905	pdb5e0f	substituted	1	GLU>SER
M0905	pdb5emy	substituted	1	GLU>SER
M0905	pdb5gtw	partial	NA	
M0905	pdb5h2t	exact	0	
M0905	pdb5jy7	exact	0	
M0905	pdb5kez	substituted	1	GLU>SER
M0905	pdb5m99	exact	0	
M0905	pdb5n7j	partial	NA	
M0905	pdb5u3a	substituted	1	GLU>SER
M0905	pdb5ykb	partial	NA	
M0905	pdb6cgt	exact	0	
M0905	pdb6taa	exact	0	
M0905	pdb7cgt	substituted	1	ASP>ALA
M0905	pdb7taa	exact	0	
M0905	pdb8cgt	substituted	1	GLU>ALA
M0905	pdb9cgt	substituted	1	GLU>ALA
M0843	pdb1dpg	exact	0	
M0843	pdb1e77	exact	0	
M0843	pdb1e7m	substituted	1	ASP>ASN
M0843	pdb1e7y	substituted	1	ASP>ASN
M0843	pdb1h93	exact	0	
M0843	pdb1h94	exact	0	
M0843	pdb1h9a	exact	0	
M0843	pdb1h9b	exact	0	
M0843	pdb1qki	exact	0	
M0843	pdb2bh9	exact	0	
M0843	pdb2bhl	exact	0	
M0843	pdb2dpg	substituted	1	HIS>ASN
M0843	pdb4e9i	partial	NA	
M0843	pdb4em5	partial	NA	
M0843	pdb4lgv	exact	0	
M0843	pdb5aq1	exact	0	
M0843	pdb5ukw	exact	0	
M0263	pdb1hm4	partial	NA	
M0263	pdb1hm7	partial	NA	
M0263	pdb1ps1	partial	NA	
M0263	pdb1s7f	partial	NA	
M0263	pdb3kb9	exact	0	
M0263	pdb3kbk	exact	0	
M0263	pdb3lg5	substituted	1	PHE>ALA
M0263	pdb3lgk	partial	NA	
M0263	pdb4ltv	partial	NA	
M0263	pdb4ltz	substituted	1	PHE>MET
M0263	pdb4luu	exact	0	
M0263	pdb4lxw	exact	0	
M0263	pdb4lz0	exact	0	
M0263	pdb4lz3	substituted	1	PHE>HIS
M0263	pdb4lzc	exact	0	
M0263	pdb4mc0	partial	NA	
M0263	pdb4mc3	partial	NA	
M0263	pdb4mc8	partial	NA	
M0263	pdb4okm	substituted	2	PHE>GLY,PHE>LEU
M0263	pdb4okz	substituted	2	PHE>GLY,PHE>LEU
M0263	pdb5dw7	substituted	2	PHE>GLY,PHE>VAL
M0263	pdb5dz2	substituted	2	PHE>GLY,PHE>VAL
M0263	pdb5i1u	partial	NA	
M0263	pdb5nx6	substituted	1	PHE>GLY
M0263	pdb5nx7	substituted	1	PHE>GLY
M0263	pdb6ax9	substituted	1	PHE>ASN
M0263	pdb6axm	substituted	1	PHE>TYR
M0263	pdb6axn	substituted	1	PHE>CYS
M0263	pdb6axo	partial	NA	
M0263	pdb6axu	exact	0	
M0263	pdb6egk	substituted	2	PHE>ASN,PHE>TYR
M0263	pdb6m7f	partial	NA	
M0263	pdb6ofv	substituted	1	PHE>GLN
M0263	pdb6p5r	substituted	2	PHE>THR,PHE>LEU
M0263	pdb6q4s	partial	NA	
M0263	pdb6tbd	partial	NA	
M0263	pdb6thu	partial	NA	
M0263	pdb6tiv	partial	NA	
M0263	pdb6tja	partial	NA	
M0263	pdb6tjz	partial	NA	
M0263	pdb6wkc	partial	NA	
M0263	pdb6wkd	substituted	1	PHE>ILE
M0263	pdb6wke	partial	NA	
M0263	pdb6wkf	partial	NA	
M0263	pdb6wkg	partial	NA	
M0263	pdb6wkh	partial	NA	
M0263	pdb6wki	partial	NA	
M0263	pdb6wkj	partial	NA	
M0263	pdb7kjd	substituted	1	PHE>MET
M0263	pdb7kje	partial	NA	
M0263	pdb7kjg	substituted	1	PHE>MET
M0697	pdb1bwk	substituted	2	HIS>ASN,HIS>ASN
M0697	pdb1bwl	substituted	1	HIS>ASN
M0697	pdb1djn	substituted	1	HIS>TYR
M0697	pdb1djq	substituted	1	HIS>TYR
M0697	pdb1gvo	exact	0	
M0697	pdb1gvq	exact	0	
M0697	pdb1gvr	exact	0	
M0697	pdb1gvs	exact	0	
M0697	pdb1gwj	substituted	2	HIS>ASN,TYR>CYS
M0697	pdb1h50	exact	0	
M0697	pdb1h51	exact	0	
M0697	pdb1h60	exact	0	
M0697	pdb1h61	exact	0	
M0697	pdb1h62	exact	0	
M0697	pdb1h63	exact	0	
M0697	pdb1icp	exact	0	
M0697	pdb1icq	exact	0	
M0697	pdb1ics	exact	0	
M0697	pdb1k02	substituted	1	HIS>ASN
M0697	pdb1k03	substituted	1	HIS>ASN
M0697	pdb1o94	substituted	1	HIS>TYR
M0697	pdb1o95	substituted	1	HIS>TYR
M0697	pdb1oya	substituted	1	HIS>ASN
M0697	pdb1oyb	substituted	1	HIS>ASN
M0697	pdb1oyc	substituted	1	HIS>ASN
M0697	pdb1ps9	substituted	2	HIS>MET,HIS>GLU
M0697	pdb1q45	exact	0	
M0697	pdb1vji	substituted	1	HIS>ASN
M0697	pdb1vyp	exact	0	
M0697	pdb1vyr	exact	0	
M0697	pdb1vys	exact	0	
M0697	pdb1z41	exact	0	
M0697	pdb1z42	exact	0	
M0697	pdb1z44	exact	0	
M0697	pdb1z48	exact	0	
M0697	pdb2aba	exact	0	
M0697	pdb2abb	substituted	1	TYR>PHE
M0697	pdb2g5w	exact	0	
M0697	pdb2gou	substituted	1	HIS>ASN
M0697	pdb2gq8	substituted	1	HIS>ASN
M0697	pdb2gq9	substituted	1	HIS>ASN
M0697	pdb2gqa	substituted	1	HIS>ASN
M0697	pdb2h8x	exact	0	
M0697	pdb2h8z	exact	0	
M0697	pdb2h90	exact	0	
M0697	pdb2hs6	exact	0	
M0697	pdb2hs8	exact	0	
M0697	pdb2hsa	exact	0	
M0697	pdb2q3o	exact	0	
M0697	pdb2q3r	substituted	1	HIS>ASN
M0697	pdb2r14	substituted	2	HIS>ASN,TYR>CYS
M0697	pdb2tmd	substituted	1	HIS>TYR
M0697	pdb3aty	substituted	1	HIS>ASN
M0697	pdb3atz	substituted	1	HIS>ASN
M0697	pdb3f03	exact	0	
M0697	pdb3gka	substituted	1	HIS>ASN
M0697	pdb3gr7	exact	0	
M0697	pdb3gr8	exact	0	
M0697	pdb3gx9	substituted	2	HIS>ALA,TYR>CYS
M0697	pdb3hf3	exact	0	
M0697	pdb3hgj	exact	0	
M0697	pdb3hgo	exact	0	
M0697	pdb3hgr	exact	0	
M0697	pdb3hgs	exact	0	
M0697	pdb3k30	substituted	1	HIS>TYR
M0697	pdb3kft	exact	0	
M0697	pdb3kru	exact	0	
M0697	pdb3krz	exact	0	
M0697	pdb3l5a	substituted	3	HIS>ASP,HIS>GLY,TYR>ASP
M0697	pdb3l5l	exact	0	
M0697	pdb3l5m	exact	0	
M0697	pdb3l65	exact	0	
M0697	pdb3l66	exact	0	
M0697	pdb3l67	exact	0	
M0697	pdb3l68	exact	0	
M0697	pdb3n14	exact	0	
M0697	pdb3n19	exact	0	
M0697	pdb3p62	exact	0	
M0697	pdb3p67	exact	0	
M0697	pdb3p74	substituted	1	HIS>ASN
M0697	pdb3p7y	exact	0	
M0697	pdb3p80	exact	0	
M0697	pdb3p81	exact	0	
M0697	pdb3p82	substituted	1	HIS>ASN
M0697	pdb3p84	exact	0	
M0697	pdb3p8i	exact	0	
M0697	pdb3p8j	exact	0	
M0697	pdb3rnd	substituted	1	HIS>ASN
M0697	pdb3tjl	exact	0	
M0697	pdb3tx9	substituted	1	HIS>ASN
M0697	pdb3txz	substituted	1	HIS>ASN
M0697	pdb3upw	exact	0	
M0697	pdb3wjs	substituted	1	HIS>ASN
M0697	pdb4a3u	substituted	1	HIS>ASN
M0697	pdb4ab4	substituted	1	HIS>ASN
M0697	pdb4aeo	substituted	1	HIS>ASN
M0697	pdb4aws	substituted	1	HIS>ASN
M0697	pdb4awt	substituted	1	HIS>ASN
M0697	pdb4awu	substituted	1	HIS>ASN
M0697	pdb4b5n	substituted	1	HIS>ASN
M0697	pdb4df2	exact	0	
M0697	pdb4e2b	substituted	1	HIS>ASN
M0697	pdb4e2d	substituted	1	HIS>ASN
M0697	pdb4gbu	substituted	1	HIS>ASN
M0697	pdb4ge8	substituted	1	HIS>ASN
M0697	pdb4gwe	substituted	1	HIS>ASN
M0697	pdb4gxm	substituted	1	HIS>ASN
M0697	pdb4h4i	substituted	1	HIS>ASN
M0697	pdb4h6k	substituted	1	HIS>ASN
M0697	pdb4jic	substituted	1	HIS>ASN
M0697	pdb4jip	substituted	1	HIS>ASN
M0697	pdb4jiq	substituted	1	HIS>ASN
M0697	pdb4k7v	substituted	1	HIS>ASN
M0697	pdb4k7y	substituted	1	HIS>ASN
M0697	pdb4k8e	substituted	1	HIS>ASN
M0697	pdb4k8h	substituted	1	HIS>ASN
M0697	pdb4m5p	exact	0	
M0697	pdb4ot7	substituted	1	HIS>ASN
M0697	pdb4qai	exact	0	
M0697	pdb4qnw	substituted	1	HIS>ASN
M0697	pdb4rnu	substituted	1	HIS>ASN
M0697	pdb4rnv	substituted	1	HIS>ASN
M0697	pdb4rnw	substituted	1	HIS>ASN
M0697	pdb4rnx	substituted	1	HIS>ASN
M0697	pdb4tmb	substituted	1	HIS>ASN
M0697	pdb4tmc	substituted	1	HIS>ASN
M0697	pdb4uth	substituted	1	TYR>PHE
M0697	pdb4uti	substituted	1	TYR>PHE
M0697	pdb4utj	substituted	1	TYR>PHE
M0697	pdb4utk	substituted	1	TYR>PHE
M0697	pdb4utl	substituted	1	TYR>PHE
M0697	pdb4utm	substituted	1	TYR>PHE
M0697	pdb4yil	substituted	1	HIS>ASN
M0697	pdb4ync	substituted	1	HIS>ASN
M0697	pdb5cpl	exact	0	
M0697	pdb5cpm	exact	0	
M0697	pdb5cpn	exact	0	
M0697	pdb5cpo	exact	0	
M0697	pdb5dxx	exact	0	
M0697	pdb5dxy	exact	0	
M0697	pdb5dy2	exact	0	
M0697	pdb5dy3	exact	0	
M0697	pdb5epd	substituted	1	HIS>ASN
M0697	pdb5k0r	substituted	1	HIS>ASN
M0697	pdb5k1k	substituted	1	HIS>ASN
M0697	pdb5k1m	substituted	1	HIS>ASN
M0697	pdb5k1q	substituted	1	HIS>ASN
M0697	pdb5k1u	substituted	1	HIS>ASN
M0697	pdb5k1w	substituted	1	HIS>ASN
M0697	pdb5lgx	exact	0	
M0697	pdb5lgz	exact	0	
M0697	pdb5lni	substituted	1	TYR>PHE
M0697	pdb5lnj	substituted	1	TYR>PHE
M0697	pdb5n6g	substituted	1	HIS>ASN
M0697	pdb5n6q	exact	0	
M0697	pdb5ocs	exact	0	
M0260	pdb1ah5	exact	0	
M0260	pdb1gtk	exact	0	
M0260	pdb1pda	exact	0	
M0260	pdb1ypn	exact	0	
M0260	pdb2ypn	exact	0	
M0260	pdb3ecr	exact	0	
M0260	pdb3eq1	substituted	1	ARG>GLN
M0260	pdb4htg	exact	0	
M0260	pdb4mlq	exact	0	
M0260	pdb4mlv	exact	0	
M0260	pdb5h6o	exact	0	
M0260	pdb5m6r	exact	0	
M0260	pdb5m7f	exact	0	
M0260	pdb5ov4	substituted	1	ASP>ALA
M0260	pdb5ov5	substituted	1	ASP>GLU
M0260	pdb5ov6	substituted	1	ASP>ASN
M0260	pdb7aaj	exact	0	
M0260	pdb7aak	substituted	1	ARG>TRP
M0260	pdb7ccx	exact	0	
M0260	pdb7ccy	exact	0	
M0260	pdb7ccz	exact	0	
M0260	pdb7cd0	exact	0	
M0379	pdb1a16	exact	0	
M0379	pdb1c21	partial	NA	
M0379	pdb1c22	partial	NA	
M0379	pdb1c23	partial	NA	
M0379	pdb1c24	partial	NA	
M0379	pdb1c27	partial	NA	
M0379	pdb1jaw	exact	0	
M0379	pdb1m35	exact	0	
M0379	pdb1mat	partial	NA	
M0379	pdb1n51	exact	0	
M0379	pdb1o0x	partial	NA	
M0379	pdb1pv9	partial	NA	
M0379	pdb1w2m	exact	0	
M0379	pdb1w7v	exact	0	
M0379	pdb1wbq	exact	0	
M0379	pdb1wl6	exact	0	
M0379	pdb1wl9	exact	0	
M0379	pdb1wlr	exact	0	
M0379	pdb1wn1	partial	NA	
M0379	pdb1wy2	partial	NA	
M0379	pdb1xnz	partial	NA	
M0379	pdb1y1n	partial	NA	
M0379	pdb1yj3	partial	NA	
M0379	pdb1yvm	partial	NA	
M0379	pdb2bb7	partial	NA	
M0379	pdb2bh3	exact	0	
M0379	pdb2bha	exact	0	
M0379	pdb2bhb	exact	0	
M0379	pdb2bhc	exact	0	
M0379	pdb2bhd	exact	0	
M0379	pdb2bn7	exact	0	
M0379	pdb2bws	substituted	1	HIS>ALA
M0379	pdb2bwt	substituted	1	ASP>ALA
M0379	pdb2bwu	substituted	1	ASP>ALA
M0379	pdb2bwv	substituted	1	HIS>ALA
M0379	pdb2bww	substituted	1	HIS>ALA
M0379	pdb2bwx	substituted	1	HIS>ALA
M0379	pdb2bwy	substituted	1	GLU>ALA
M0379	pdb2evc	partial	NA	
M0379	pdb2evm	partial	NA	
M0379	pdb2evo	partial	NA	
M0379	pdb2gg0	partial	NA	
M0379	pdb2gg2	partial	NA	
M0379	pdb2gg3	partial	NA	
M0379	pdb2gg5	partial	NA	
M0379	pdb2gg7	partial	NA	
M0379	pdb2gg8	partial	NA	
M0379	pdb2gg9	partial	NA	
M0379	pdb2ggb	partial	NA	
M0379	pdb2ggc	partial	NA	
M0379	pdb2gtx	partial	NA	
M0379	pdb2gu4	partial	NA	
M0379	pdb2gu5	partial	NA	
M0379	pdb2gu6	partial	NA	
M0379	pdb2gu7	partial	NA	
M0379	pdb2how	partial	NA	
M0379	pdb2iw2	exact	0	
M0379	pdb2mat	partial	NA	
M0379	pdb2okn	exact	0	
M0379	pdb2p98	partial	NA	
M0379	pdb2p99	partial	NA	
M0379	pdb2p9a	partial	NA	
M0379	pdb2q92	partial	NA	
M0379	pdb2q93	partial	NA	
M0379	pdb2q94	partial	NA	
M0379	pdb2q95	partial	NA	
M0379	pdb2q96	partial	NA	
M0379	pdb2v3x	substituted	1	HIS>ALA
M0379	pdb2v3y	substituted	1	HIS>ALA
M0379	pdb2v3z	substituted	1	GLU>ALA
M0379	pdb2zsg	partial	NA	
M0379	pdb3d27	partial	NA	
M0379	pdb3ig4	exact	0	
M0379	pdb3iu7	partial	NA	
M0379	pdb3iu8	partial	NA	
M0379	pdb3iu9	partial	NA	
M0379	pdb3l24	exact	0	
M0379	pdb3l7g	exact	0	
M0379	pdb3mat	partial	NA	
M0379	pdb3pka	partial	NA	
M0379	pdb3pkb	partial	NA	
M0379	pdb3pkc	partial	NA	
M0379	pdb3pkd	partial	NA	
M0379	pdb3pke	partial	NA	
M0379	pdb3q6d	partial	NA	
M0379	pdb3ror	partial	NA	
M0379	pdb3rva	exact	0	
M0379	pdb4a6v	partial	NA	
M0379	pdb4a6w	partial	NA	
M0379	pdb4ege	partial	NA	
M0379	pdb4fkc	partial	NA	
M0379	pdb4idy	partial	NA	
M0379	pdb4iec	partial	NA	
M0379	pdb4if7	partial	NA	
M0379	pdb4mat	partial	NA	
M0379	pdb4ook	partial	NA	
M0379	pdb4pnc	partial	NA	
M0379	pdb4pv4	exact	0	
M0379	pdb4qr8	exact	0	
M0379	pdb4r60	partial	NA	
M0379	pdb4rgz	partial	NA	
M0379	pdb4z7m	partial	NA	
M0379	pdb4zng	partial	NA	
M0379	pdb4zwo	exact	0	
M0379	pdb4zwp	exact	0	
M0379	pdb4zwu	exact	0	
M0379	pdb5cde	partial	NA	
M0379	pdb5cdl	partial	NA	
M0379	pdb5cdv	partial	NA	
M0379	pdb5cik	partial	NA	
M0379	pdb5cnx	partial	NA	
M0379	pdb5fcf	partial	NA	
M0379	pdb5fch	partial	NA	
M0379	pdb5giq	partial	NA	
M0379	pdb5giu	partial	NA	
M0379	pdb5m4g	exact	0	
M0379	pdb5m4j	exact	0	
M0379	pdb5m4l	exact	0	
M0379	pdb5m4q	exact	0	
M0379	pdb5x49	exact	0	
M0379	pdb5xev	partial	NA	
M0377	pdb1bkh	substituted	2	SER>THR,GLY>THR
M0377	pdb1dtn	substituted	3	ASP>GLY,LYS>ASP,GLY>LEU
M0377	pdb1f9c	substituted	2	SER>THR,GLY>THR
M0377	pdb1jpd	substituted	6	SER>VAL,LYS>LEU,LYS>ASN,ASP>GLU,ASP>GLU,GLY>CYS
M0377	pdb1jpm	substituted	2	SER>THR,GLY>SER
M0377	pdb1mdl	substituted	4	LYS>ARG,ASP>GLY,LYS>ASP,GLY>LEU
M0377	pdb1mdr	substituted	3	ASP>GLY,LYS>ASP,GLY>LEU
M0377	pdb1mns	substituted	3	ASP>GLY,LYS>ASP,GLY>LEU
M0377	pdb1mra	substituted	3	ASP>GLY,LYS>ASN,GLY>LEU
M0377	pdb1muc	substituted	2	SER>THR,GLY>THR
M0377	pdb1nu5	substituted	2	SER>THR,GLY>THR
M0377	pdb1r0m	exact	0	
M0377	pdb1rvk	substituted	3	LYS>HIS,ASP>PRO,LYS>GLY
M0377	pdb1sja	exact	0	
M0377	pdb1sjb	exact	0	
M0377	pdb1sjc	exact	0	
M0377	pdb1sjd	exact	0	
M0377	pdb1tkk	substituted	2	SER>THR,GLY>SER
M0377	pdb1wue	exact	0	
M0377	pdb1wuf	exact	0	
M0377	pdb1xpy	exact	0	
M0377	pdb1xs2	exact	0	
M0377	pdb1yey	substituted	4	SER>THR,ASP>GLY,LYS>ASP,GLY>ALA
M0377	pdb2chr	substituted	2	SER>THR,GLY>THR
M0377	pdb2fkp	exact	0	
M0377	pdb2gdq	substituted	3	ASP>GLY,LYS>ASP,GLY>HIS
M0377	pdb2gge	substituted	3	ASP>GLY,LYS>ASP,GLY>HIS
M0377	pdb2ggg	exact	0	
M0377	pdb2ggh	exact	0	
M0377	pdb2ggi	exact	0	
M0377	pdb2ggj	exact	0	
M0377	pdb2hne	substituted	4	SER>THR,ASP>GLY,LYS>ASP,GLY>ALA
M0377	pdb2hxt	substituted	4	SER>THR,ASP>GLY,LYS>ASP,GLY>ALA
M0377	pdb2hxu	substituted	5	SER>THR,LYS>ALA,ASP>GLY,LYS>ASP,GLY>ALA
M0377	pdb2hzg	substituted	4	LYS>GLY,ASP>GLY,LYS>ASP,GLY>HIS
M0377	pdb2mnr	substituted	3	ASP>GLY,LYS>ASP,GLY>LEU
M0377	pdb2muc	substituted	2	SER>THR,GLY>THR
M0377	pdb2og9	substituted	4	SER>THR,ASP>GLY,LYS>ASP,GLY>PHE
M0377	pdb2okt	partial	NA	
M0377	pdb2ola	partial	NA	
M0377	pdb2opj	partial	NA	
M0377	pdb2oqh	substituted	4	SER>LEU,ASP>ASN,LYS>ASP,GLY>SER
M0377	pdb2oqy	substituted	6	SER>PRO,LYS>ARG,LYS>TYR,ASP>SER,LYS>SER,GLY>THR
M0377	pdb2ovl	substituted	3	SER>GLY,ASP>GLY,LYS>ASP
M0377	pdb2oz8	substituted	3	ASP>ASN,LYS>ILE,GLY>ASN
M0377	pdb2p88	substituted	2	SER>VAL,GLY>SER
M0377	pdb2p8b	substituted	2	SER>VAL,GLY>SER
M0377	pdb2p8c	substituted	2	SER>VAL,GLY>SER
M0377	pdb2pce	substituted	2	LYS>SER,GLY>ASP
M0377	pdb2pgw	substituted	4	SER>PHE,LYS>TYR,LYS>GLY,GLY>SER
M0377	pdb2pmq	substituted	2	LYS>GLN,GLY>ASP
M0377	pdb2pod	partial	NA	
M0377	pdb2poz	substituted	5	SER>ASN,LYS>ARG,ASP>GLY,LYS>ASP,GLY>VAL
M0377	pdb2ppg	substituted	5	SER>ILE,LYS>ALA,ASP>GLY,LYS>GLU,GLY>ALA
M0377	pdb2ps2	substituted	2	LYS>SER,GLY>GLU
M0377	pdb2qdd	substituted	2	LYS>SER,GLY>ASP
M0377	pdb2qde	substituted	2	SER>VAL,GLY>CYS
M0377	pdb2qjj	partial	NA	
M0377	pdb2qjm	partial	NA	
M0377	pdb2qjn	partial	NA	
M0377	pdb2qq6	substituted	5	SER>ASP,LYS>ASP,ASP>GLY,LYS>ASP,GLY>ASN
M0377	pdb2qvh	substituted	2	SER>THR,GLY>SER
M0377	pdb2rdx	substituted	3	SER>VAL,LYS>GLN,GLY>ASP
M0377	pdb2zad	substituted	2	SER>THR,GLY>CYS
M0377	pdb2zc8	exact	0	
M0377	pdb3bjs	substituted	5	SER>GLY,LYS>ARG,ASP>GLY,LYS>ASP,GLY>SER
M0377	pdb3bsm	substituted	5	SER>HIS,LYS>ARG,LYS>GLN,ASP>GLY,LYS>PRO
M0377	pdb3cb3	substituted	4	SER>THR,ASP>GLY,LYS>ASP,GLY>PHE
M0377	pdb3ck5	substituted	3	SER>GLY,ASP>GLY,LYS>ASP
M0377	pdb3ct2	substituted	2	SER>THR,GLY>THR
M0377	pdb3cyj	partial	NA	
M0377	pdb3deq	substituted	2	SER>THR,GLY>CYS
M0377	pdb3der	substituted	2	SER>THR,GLY>CYS
M0377	pdb3des	substituted	2	SER>THR,GLY>CYS
M0377	pdb3dfh	partial	NA	
M0377	pdb3dfy	substituted	2	SER>THR,GLY>CYS
M0377	pdb3dg3	substituted	2	SER>MET,GLY>ASN
M0377	pdb3dg6	substituted	2	SER>MET,GLY>ASN
M0377	pdb3dg7	substituted	2	SER>MET,GLY>ASN
M0377	pdb3dgb	substituted	2	SER>THR,GLY>THR
M0377	pdb3dip	partial	NA	
M0377	pdb3eez	substituted	2	LYS>SER,GLY>ALA
M0377	pdb3es7	substituted	6	SER>PRO,LYS>ARG,LYS>TYR,ASP>SER,LYS>SER,GLY>THR
M0377	pdb3es8	substituted	6	SER>PRO,LYS>ARG,LYS>TYR,ASP>SER,LYS>SER,GLY>THR
M0377	pdb3fcp	substituted	2	SER>THR,GLY>THR
M0377	pdb3fj4	substituted	2	SER>THR,GLY>THR
M0377	pdb3fv9	substituted	2	LYS>SER,GLY>ASP
M0377	pdb3fvd	substituted	2	LYS>SER,GLY>ASP
M0377	pdb3fyy	substituted	6	SER>PRO,LYS>ARG,LYS>TYR,ASP>SER,LYS>SER,GLY>THR
M0377	pdb3gd6	substituted	6	SER>PRO,LYS>ARG,LYS>TYR,ASP>SER,LYS>SER,GLY>THR
M0377	pdb3h12	substituted	3	ASP>GLY,LYS>ASP,GLY>THR
M0377	pdb3h70	partial	NA	
M0377	pdb3hpf	substituted	6	SER>PRO,LYS>ARG,LYS>TYR,ASP>SER,LYS>SER,GLY>THR
M0377	pdb3i4k	substituted	2	SER>ALA,GLY>THR
M0377	pdb3i6e	substituted	1	GLY>ASP
M0377	pdb3i6t	substituted	1	GLY>ASP
M0377	pdb3iji	substituted	2	SER>THR,GLY>CYS
M0377	pdb3ijl	substituted	2	SER>THR,GLY>CYS
M0377	pdb3ijq	substituted	2	SER>THR,GLY>CYS
M0377	pdb3ik4	substituted	1	SER>THR
M0377	pdb3jva	substituted	2	SER>THR,GLY>CYS
M0377	pdb3jw7	substituted	2	SER>THR,GLY>CYS
M0377	pdb3jzu	substituted	2	SER>THR,GLY>CYS
M0377	pdb3k1g	substituted	2	SER>THR,GLY>CYS
M0377	pdb3kum	substituted	2	SER>THR,GLY>CYS
M0377	pdb3mkc	substituted	5	SER>THR,LYS>CYS,ASP>ALA,LYS>ASP,GLY>ASN
M0377	pdb3mqt	substituted	5	SER>THR,LYS>CYS,ASP>ALA,LYS>ASP,GLY>ASN
M0377	pdb3msy	substituted	4	SER>ILE,ASP>GLY,LYS>ASP,GLY>GLU
M0377	pdb3muc	substituted	2	SER>THR,GLY>THR
M0377	pdb3mwc	substituted	2	SER>ALA,GLY>THR
M0377	pdb3my9	substituted	1	GLY>THR
M0377	pdb3n4e	substituted	4	LYS>ARG,ASP>GLY,LYS>ASP,GLY>GLN
M0377	pdb3no1	substituted	4	SER>ILE,ASP>GLY,LYS>ASP,GLY>GLU
M0377	pdb3nzg	substituted	5	SER>THR,LYS>CYS,ASP>ALA,LYS>ASP,GLY>ASN
M0377	pdb3op2	substituted	3	ASP>GLY,LYS>ASP,GLY>THR
M0377	pdb3ow1	substituted	5	SER>HIS,LYS>ARG,LYS>GLN,ASP>GLY,LYS>PRO
M0377	pdb3ozm	substituted	3	ASP>GLY,LYS>ASP,GLY>THR
M0377	pdb3ozy	substituted	3	ASP>GLY,LYS>ASP,GLY>THR
M0377	pdb3p93	substituted	5	SER>HIS,LYS>ARG,LYS>GLN,ASP>GLY,LYS>PRO
M0377	pdb3pk7	substituted	5	SER>HIS,LYS>ARG,LYS>GLN,ASP>GLY,LYS>PRO
M0377	pdb3q45	substituted	1	SER>THR
M0377	pdb3q4d	substituted	1	SER>THR
M0377	pdb3qke	substituted	5	SER>HIS,LYS>ARG,LYS>GLN,ASP>GLY,LYS>PRO
M0377	pdb3qld	substituted	1	SER>THR
M0377	pdb3r0k	substituted	1	GLY>CYS
M0377	pdb3r0u	substituted	1	GLY>CYS
M0377	pdb3r10	substituted	1	GLY>CYS
M0377	pdb3r11	substituted	1	GLY>CYS
M0377	pdb3r1z	substituted	1	GLY>CYS
M0377	pdb3r25	partial	NA	
M0377	pdb3rgt	substituted	5	SER>HIS,LYS>ARG,LYS>GLN,ASP>GLY,LYS>PRO
M0377	pdb3rit	substituted	2	SER>THR,GLY>CYS
M0377	pdb3ro6	substituted	2	SER>THR,GLY>CYS
M0377	pdb3rr1	partial	NA	
M0377	pdb3rra	partial	NA	
M0377	pdb3s5s	substituted	1	SER>THR
M0377	pdb3sbf	partial	NA	
M0377	pdb3sjn	substituted	4	SER>THR,LYS>GLY,ASP>GLY,LYS>ASP
M0377	pdb3sqs	substituted	6	LYS>GLY,LYS>GLY,ASP>GLU,ASP>GLY,LYS>ASP,GLY>ILE
M0377	pdb3ssz	substituted	5	LYS>ARG,ASP>GLU,ASP>GLY,LYS>ASP,GLY>VAL
M0377	pdb3stp	substituted	5	LYS>ARG,ASP>GLU,ASP>GLY,LYS>ASP,GLY>ILE
M0377	pdb3t8q	substituted	4	LYS>ARG,ASP>GLY,LYS>ASP,GLY>ALA
M0377	pdb3tcs	substituted	4	LYS>ARG,ASP>GLY,LYS>ASP,GLY>ASN
M0377	pdb3thu	partial	NA	
M0377	pdb3tj4	substituted	4	SER>THR,ASP>GLY,LYS>ASP,GLY>ALA
M0377	pdb3toy	substituted	3	ASP>GLY,LYS>ASP,GLY>ILE
M0377	pdb3tte	substituted	3	ASP>GLY,LYS>ASP,GLY>ILE
M0377	pdb3tw9	partial	NA	
M0377	pdb3twa	partial	NA	
M0377	pdb3twb	partial	NA	
M0377	pdb3u4f	substituted	4	LYS>ARG,ASP>GLY,LYS>ASP,GLY>ASN
M0377	pdb3u9i	substituted	1	SER>THR
M0377	pdb3ugv	substituted	4	LYS>ARG,ASP>GLY,LYS>ASP,GLY>LEU
M0377	pdb3uxk	substituted	3	ASP>GLY,LYS>ASP,GLY>LEU
M0377	pdb3uxl	substituted	3	ASP>GLY,LYS>ASP,GLY>LEU
M0377	pdb3v3w	substituted	5	SER>HIS,LYS>ARG,LYS>GLN,ASP>GLY,LYS>THR
M0377	pdb3v4b	substituted	5	SER>HIS,LYS>ARG,LYS>GLN,ASP>GLY,LYS>THR
M0377	pdb3va8	substituted	8	SER>PRO,LYS>PHE,LYS>GLY,ASP>GLU,GLU>THR,ASP>LEU,LYS>LEU,GLY>ASP
M0377	pdb3vc5	substituted	4	SER>TYR,ASP>ASN,LYS>ASP,GLY>SER
M0377	pdb3vc6	substituted	4	SER>TYR,ASP>ASN,LYS>ASP,GLY>SER
M0377	pdb3vcn	partial	NA	
M0377	pdb3vdg	substituted	4	SER>TYR,ASP>ASN,LYS>ASP,GLY>SER
M0377	pdb3vfc	substituted	4	SER>TYR,ASP>ASN,LYS>ASP,GLY>SER
M0377	pdb4a6g	substituted	1	GLY>ASP
M0377	pdb4dhg	substituted	4	SER>TYR,ASP>ASN,LYS>ASP,GLY>SER
M0377	pdb4dwd	substituted	4	LYS>ARG,ASP>GLY,LYS>ASP,GLY>GLN
M0377	pdb4dx3	partial	NA	
M0377	pdb4dxk	partial	NA	
M0377	pdb4dye	substituted	4	SER>LEU,ASP>ASN,LYS>ASP,GLY>SER
M0377	pdb4e4u	substituted	6	SER>TYR,LYS>ASP,ASP>GLY,ASP>GLY,LYS>ASN,GLY>LEU
M0377	pdb4e5t	substituted	7	SER>LEU,LYS>PHE,LYS>PRO,ASP>THR,ASP>GLU,LYS>LEU,GLY>TYR
M0377	pdb4e8g	substituted	3	SER>ALA,LYS>GLN,GLY>ASP
M0377	pdb4f4r	substituted	5	SER>HIS,LYS>ARG,LYS>GLN,ASP>GLY,LYS>PRO
M0377	pdb4fi4	substituted	5	SER>HIS,LYS>ARG,LYS>GLN,ASP>GLY,LYS>THR
M0377	pdb4fp1	substituted	3	ASP>GLY,LYS>ASP,GLY>LEU
M0377	pdb4gfi	substituted	2	SER>THR,GLY>CYS
M0377	pdb4ggb	substituted	4	SER>THR,ASP>GLY,LYS>ASP,GLY>VAL
M0377	pdb4gme	partial	NA	
M0377	pdb4gyp	substituted	4	SER>TYR,ASP>ASN,LYS>ASP,GLY>SER
M0377	pdb4h19	substituted	4	SER>THR,ASP>GLY,LYS>ASP,GLY>ALA
M0377	pdb4h1z	substituted	5	SER>ILE,LYS>ALA,ASP>GLY,LYS>GLU,GLY>ALA
M0377	pdb4h2h	substituted	2	LYS>GLN,GLY>ASP
M0377	pdb4h83	substituted	4	SER>ILE,ASP>GLY,LYS>ASP,GLY>GLU
M0377	pdb4hcd	substituted	3	LYS>HIS,ASP>PRO,LYS>GLY
M0377	pdb4hch	substituted	3	LYS>HIS,ASP>PRO,LYS>GLY
M0377	pdb4hcl	substituted	3	LYS>HIS,ASP>PRO,LYS>GLY
M0377	pdb4hnc	substituted	4	LYS>CYS,ASP>GLY,LYS>ASP,GLY>LEU
M0377	pdb4hpn	substituted	4	SER>THR,ASP>GLY,LYS>ASP,GLY>VAL
M0377	pdb4il0	substituted	4	SER>TYR,ASP>ASN,LYS>ASP,GLY>SER
M0377	pdb4it1	substituted	4	SER>TYR,ASP>ASN,LYS>ASP,GLY>SER
M0377	pdb4izg	substituted	3	SER>ALA,LYS>GLN,GLY>ASP
M0377	pdb4j1o	substituted	3	SER>ALA,LYS>GLN,GLY>ASP
M0377	pdb4jn7	substituted	5	SER>GLY,LYS>SER,ASP>GLY,LYS>ASP,GLY>HIS
M0377	pdb4jn8	substituted	5	SER>GLY,LYS>SER,ASP>GLY,LYS>ASP,GLY>HIS
M0377	pdb4k1w	partial	NA	
M0377	pdb4k2s	substituted	5	SER>HIS,LYS>ARG,LYS>GLN,ASP>GLY,LYS>PRO
M0377	pdb4k8g	partial	NA	
M0377	pdb4kem	substituted	4	SER>ALA,ASP>GLY,LYS>ASP,GLY>ARG
M0377	pdb4kpl	substituted	5	SER>HIS,LYS>ARG,LYS>GLN,ASP>GLY,LYS>PRO
M0377	pdb4kt2	substituted	5	SER>HIS,LYS>ARG,LYS>GLN,ASP>GLY,LYS>PRO
M0377	pdb4kws	substituted	5	SER>HIS,LYS>ARG,LYS>GLN,ASP>GLY,LYS>PRO
M0377	pdb4m0x	substituted	2	SER>ALA,GLY>ALA
M0377	pdb4m6u	substituted	3	ASP>GLY,LYS>ASP,GLY>LEU
M0377	pdb4mgg	substituted	3	SER>ALA,LYS>GLN,GLY>ASP
M0377	pdb4mmw	substituted	3	LYS>HIS,ASP>PRO,LYS>GLY
M0377	pdb4x2p	substituted	3	ASP>GLY,LYS>ASP,GLY>LEU
M0377	pdb5fjo	substituted	1	GLY>ASP
M0377	pdb5fjp	substituted	1	GLY>ASP
M0377	pdb5fjr	substituted	1	GLY>ASP
M0377	pdb5fjt	substituted	1	GLY>ASP
M0377	pdb5fju	substituted	1	GLY>ASP
M0377	pdb5xd7	substituted	3	SER>GLY,ASP>GLY,LYS>ASP
M0377	pdb5xd8	substituted	3	SER>GLY,ASP>GLY,LYS>ASP
M0377	pdb5xd9	substituted	3	SER>GLY,ASP>GLY,LYS>ASP
M0377	pdb6vim	substituted	3	ASP>GLY,LYS>ASP,GLY>LEU
M0547	pdb1ey2	exact	0	
M0547	pdb1eyb	exact	0	
M0547	pdb3zds	exact	0	
M0547	pdb4aq2	exact	0	
M0547	pdb4aq6	exact	0	
M0547	pdb4z2c	partial	NA	
M0547	pdb4z2d	partial	NA	
M0547	pdb4z2e	partial	NA	
M0508	pdb1dfa	exact	0	
M0508	pdb1ef0	substituted	2	CYS>ALA,ASN>ALA
M0508	pdb1gpp	partial	NA	
M0508	pdb1jva	substituted	3	CYS>SER,ASN>SER,HIS>ASN
M0508	pdb1lws	exact	0	
M0508	pdb1lwt	exact	0	
M0508	pdb1um2	substituted	2	CYS>SER,HIS>ASN
M0508	pdb1vde	exact	0	
M0121	pdb1aqa	partial	NA	
M0121	pdb1aw3	partial	NA	
M0121	pdb1awp	partial	NA	
M0121	pdb1axx	partial	NA	
M0121	pdb1b5a	partial	NA	
M0121	pdb1b5b	partial	NA	
M0121	pdb1b5m	partial	NA	
M0121	pdb1bfx	partial	NA	
M0121	pdb1blv	partial	NA	
M0121	pdb1cxy	partial	NA	
M0121	pdb1eue	partial	NA	
M0121	pdb1i5u	partial	NA	
M0121	pdb1i87	partial	NA	
M0121	pdb1i8c	partial	NA	
M0121	pdb1ib7	partial	NA	
M0121	pdb1icc	partial	NA	
M0121	pdb1iet	partial	NA	
M0121	pdb1ieu	partial	NA	
M0121	pdb1jex	partial	NA	
M0121	pdb1mj4	partial	NA	
M0121	pdb1mny	partial	NA	
M0121	pdb1ogp	partial	NA	
M0121	pdb1sox	exact	0	
M0121	pdb1u9m	partial	NA	
M0121	pdb2a99	partial	NA	
M0121	pdb2a9a	partial	NA	
M0121	pdb2a9b	partial	NA	
M0121	pdb2a9c	partial	NA	
M0121	pdb2a9d	partial	NA	
M0121	pdb2axx	partial	NA	
M0121	pdb2bih	partial	NA	
M0121	pdb2bii	partial	NA	
M0121	pdb2blf	partial	NA	
M0121	pdb2bpb	partial	NA	
M0121	pdb2c9x	partial	NA	
M0121	pdb2ca3	partial	NA	
M0121	pdb2ca4	partial	NA	
M0121	pdb2i89	partial	NA	
M0121	pdb2ibj	partial	NA	
M0121	pdb2xts	partial	NA	
M0121	pdb3hbg	partial	NA	
M0121	pdb3hbp	partial	NA	
M0121	pdb3hbq	partial	NA	
M0121	pdb3hc2	partial	NA	
M0121	pdb3mus	partial	NA	
M0121	pdb3ozz	partial	NA	
M0121	pdb3r18	partial	NA	
M0121	pdb3r19	partial	NA	
M0121	pdb4hil	partial	NA	
M0121	pdb4hin	partial	NA	
M0121	pdb4pw3	partial	NA	
M0121	pdb4pw9	partial	NA	
M0121	pdb5k3x	partial	NA	
M0121	pdb5wa0	partial	NA	
M0121	pdb6y0k	partial	NA	
M0202	pdb1a0i	exact	0	
M0401	pdb1acj	substituted	2	ALA>GLY,ASP>GLU
M0401	pdb1acl	substituted	2	ALA>GLY,ASP>GLU
M0401	pdb1akn	exact	0	
M0401	pdb1amn	substituted	2	ALA>GLY,ASP>GLU
M0401	pdb1aql	exact	0	
M0401	pdb1ax9	substituted	2	ALA>GLY,ASP>GLU
M0401	pdb1b41	substituted	2	ALA>GLY,ASP>GLU
M0401	pdb1c2b	substituted	2	ALA>GLY,ASP>GLU
M0401	pdb1c2o	substituted	2	ALA>GLY,ASP>GLU
M0401	pdb1c7i	substituted	1	ASP>GLU
M0401	pdb1c7j	substituted	1	ASP>GLU
M0401	pdb1cfj	substituted	2	ALA>GLY,ASP>GLU
M0401	pdb1cle	substituted	2	ALA>GLY,ASP>GLU
M0401	pdb1crl	substituted	2	ALA>GLY,ASP>GLU
M0401	pdb1dx4	partial	NA	
M0401	pdb1dx6	substituted	2	ALA>GLY,ASP>GLU
M0401	pdb1e3q	substituted	2	ALA>GLY,ASP>GLU
M0401	pdb1e66	substituted	2	ALA>GLY,ASP>GLU
M0401	pdb1ea5	substituted	2	ALA>GLY,ASP>GLU
M0401	pdb1eea	substituted	2	ALA>GLY,ASP>GLU
M0401	pdb1eve	substituted	2	ALA>GLY,ASP>GLU
M0401	pdb1f6w	exact	0	
M0401	pdb1f8u	substituted	2	ALA>GLY,ASP>GLU
M0401	pdb1fss	substituted	2	ALA>GLY,ASP>GLU
M0401	pdb1gpk	substituted	2	ALA>GLY,ASP>GLU
M0401	pdb1gpn	substituted	2	ALA>GLY,ASP>GLU
M0401	pdb1gqr	substituted	2	ALA>GLY,ASP>GLU
M0401	pdb1gqs	substituted	2	ALA>GLY,ASP>GLU
M0401	pdb1gz7	substituted	2	ALA>GLY,ASP>GLU
M0401	pdb1h22	substituted	2	ALA>GLY,ASP>GLU
M0401	pdb1h23	substituted	2	ALA>GLY,ASP>GLU
M0401	pdb1hbj	substituted	2	ALA>GLY,ASP>GLU
M0401	pdb1j06	substituted	2	ALA>GLY,ASP>GLU
M0401	pdb1j07	substituted	2	ALA>GLY,ASP>GLU
M0401	pdb1jjb	substituted	2	ALA>GLY,ASP>GLU
M0401	pdb1jmy	exact	0	
M0401	pdb1k4y	substituted	2	ALA>GLY,ASP>GLU
M0401	pdb1ku6	substituted	2	ALA>GLY,ASP>GLU
M0401	pdb1llf	substituted	2	ALA>GLY,ASP>GLU
M0401	pdb1lpm	substituted	2	ALA>GLY,ASP>GLU
M0401	pdb1lpn	substituted	2	ALA>GLY,ASP>GLU
M0401	pdb1lpo	substituted	2	ALA>GLY,ASP>GLU
M0401	pdb1lpp	substituted	2	ALA>GLY,ASP>GLU
M0401	pdb1lps	substituted	2	ALA>GLY,ASP>GLU
M0401	pdb1maa	substituted	2	ALA>GLY,ASP>GLU
M0401	pdb1mah	substituted	2	ALA>GLY,ASP>GLU
M0401	pdb1mx1	substituted	2	ALA>GLY,ASP>GLU
M0401	pdb1mx5	substituted	2	ALA>GLY,ASP>GLU
M0401	pdb1mx9	substituted	2	ALA>GLY,ASP>GLU
M0401	pdb1n5m	substituted	2	ALA>GLY,ASP>GLU
M0401	pdb1n5r	substituted	2	ALA>GLY,ASP>GLU
M0401	pdb1oce	substituted	2	ALA>GLY,ASP>GLU
M0401	pdb1odc	substituted	2	ALA>GLY,ASP>GLU
M0401	pdb1p0i	substituted	2	ALA>GLY,ASP>GLU
M0401	pdb1p0m	substituted	2	ALA>GLY,ASP>GLU
M0401	pdb1p0p	substituted	2	ALA>GLY,ASP>GLU
M0401	pdb1p0q	substituted	2	ALA>GLY,ASP>GLU
M0401	pdb1q83	substituted	2	ALA>GLY,ASP>GLU
M0401	pdb1q84	substituted	2	ALA>GLY,ASP>GLU
M0401	pdb1qe3	substituted	1	ASP>GLU
M0401	pdb1qid	substituted	2	ALA>GLY,ASP>GLU
M0401	pdb1qie	substituted	2	ALA>GLY,ASP>GLU
M0401	pdb1qif	substituted	2	ALA>GLY,ASP>GLU
M0401	pdb1qig	substituted	2	ALA>GLY,ASP>GLU
M0401	pdb1qih	substituted	2	ALA>GLY,ASP>GLU
M0401	pdb1qii	substituted	2	ALA>GLY,ASP>GLU
M0401	pdb1qij	substituted	2	ALA>GLY,ASP>GLU
M0401	pdb1qik	substituted	2	ALA>GLY,ASP>GLU
M0401	pdb1qim	substituted	2	ALA>GLY,ASP>GLU
M0401	pdb1qo9	partial	NA	
M0401	pdb1qon	partial	NA	
M0401	pdb1qti	substituted	2	ALA>GLY,ASP>GLU
M0401	pdb1som	substituted	2	ALA>GLY,ASP>GLU
M0401	pdb1thg	substituted	1	ASP>GLU
M0401	pdb1trh	substituted	2	ALA>GLY,ASP>GLU
M0401	pdb1u65	substituted	2	ALA>GLY,ASP>GLU
M0401	pdb1ukc	substituted	2	ALA>GLY,ASP>GLU
M0401	pdb1ut6	substituted	2	ALA>GLY,ASP>GLU
M0401	pdb1vot	substituted	2	ALA>GLY,ASP>GLU
M0401	pdb1vxo	substituted	2	ALA>GLY,ASP>GLU
M0401	pdb1vxr	substituted	2	ALA>GLY,ASP>GLU
M0401	pdb1w4l	substituted	2	ALA>GLY,ASP>GLU
M0401	pdb1w6r	substituted	2	ALA>GLY,ASP>GLU
M0401	pdb1w75	substituted	2	ALA>GLY,ASP>GLU
M0401	pdb1w76	substituted	2	ALA>GLY,ASP>GLU
M0401	pdb1xlu	substituted	2	ALA>GLY,ASP>GLU
M0401	pdb1xlv	substituted	2	ALA>GLY,ASP>GLU
M0401	pdb1xlw	substituted	2	ALA>GLY,ASP>GLU
M0401	pdb1ya4	substituted	2	ALA>GLY,ASP>GLU
M0401	pdb1ya8	substituted	2	ALA>GLY,ASP>GLU
M0401	pdb1yah	substituted	2	ALA>GLY,ASP>GLU
M0401	pdb1yaj	substituted	2	ALA>GLY,ASP>GLU
M0401	pdb1zgb	substituted	2	ALA>GLY,ASP>GLU
M0401	pdb1zgc	substituted	2	ALA>GLY,ASP>GLU
M0401	pdb2ace	substituted	2	ALA>GLY,ASP>GLU
M0401	pdb2ack	substituted	2	ALA>GLY,ASP>GLU
M0401	pdb2bag	substituted	2	ALA>GLY,ASP>GLU
M0401	pdb2bce	exact	0	
M0401	pdb2c0p	substituted	2	ALA>GLY,ASP>GLU
M0401	pdb2c0q	substituted	2	ALA>GLY,ASP>GLU
M0401	pdb2c4h	substituted	2	ALA>GLY,ASP>GLU
M0401	pdb2c58	substituted	3	ALA>GLY,SER>OAS,ASP>GLU
M0401	pdb2c5f	substituted	2	ALA>GLY,ASP>GLU
M0401	pdb2c5g	substituted	2	ALA>GLY,ASP>GLU
M0401	pdb2cek	substituted	2	ALA>GLY,ASP>GLU
M0401	pdb2ckm	substituted	2	ALA>GLY,ASP>GLU
M0401	pdb2cmf	substituted	2	ALA>GLY,ASP>GLU
M0401	pdb2dfp	substituted	3	ALA>GLY,SER>MIS,ASP>GLU
M0401	pdb2dqy	substituted	2	ALA>GLY,ASP>GLU
M0401	pdb2dqz	substituted	2	ALA>GLY,ASP>GLU
M0401	pdb2dr0	substituted	2	ALA>GLY,ASP>GLU
M0401	pdb2fj0	substituted	2	ALA>GLY,ASP>GLU
M0401	pdb2gyu	substituted	2	ALA>GLY,ASP>GLU
M0401	pdb2gyv	substituted	2	ALA>GLY,ASP>GLU
M0401	pdb2gyw	substituted	2	ALA>GLY,ASP>GLU
M0401	pdb2h7c	substituted	2	ALA>GLY,ASP>GLU
M0401	pdb2h9y	substituted	2	ALA>GLY,ASP>GLU
M0401	pdb2ha0	substituted	2	ALA>GLY,ASP>GLU
M0401	pdb2ha2	substituted	2	ALA>GLY,ASP>GLU
M0401	pdb2ha3	substituted	2	ALA>GLY,ASP>GLU
M0401	pdb2ha4	substituted	3	ALA>GLY,SER>ALA,ASP>GLU
M0401	pdb2ha5	substituted	3	ALA>GLY,SER>ALA,ASP>GLU
M0401	pdb2ha6	substituted	3	ALA>GLY,SER>ALA,ASP>GLU
M0401	pdb2ha7	substituted	3	ALA>GLY,SER>ALA,ASP>GLU
M0401	pdb2hrq	substituted	2	ALA>GLY,ASP>GLU
M0401	pdb2hrr	substituted	2	ALA>GLY,ASP>GLU
M0401	pdb2j3d	substituted	2	ALA>GLY,ASP>GLU
M0401	pdb2j3q	substituted	2	ALA>GLY,ASP>GLU
M0401	pdb2j4c	substituted	2	ALA>GLY,ASP>GLU
M0401	pdb2j4f	substituted	2	ALA>GLY,ASP>GLU
M0401	pdb2jey	substituted	2	ALA>GLY,ASP>GLU
M0401	pdb2jez	substituted	3	ALA>GLY,SER>SUN,ASP>GLU
M0401	pdb2jf0	substituted	3	ALA>GLY,SER>SUN,ASP>GLU
M0401	pdb2jge	substituted	3	ALA>GLY,SER>SGR,ASP>GLU
M0401	pdb2jgf	substituted	3	ALA>GLY,SER>SXE,ASP>GLU
M0401	pdb2jgi	substituted	3	ALA>GLY,SER>SVY,ASP>GLU
M0401	pdb2jgj	substituted	3	ALA>GLY,SER>SVV,ASP>GLU
M0401	pdb2jgk	substituted	3	ALA>GLY,SER>SVZ,ASP>GLU
M0401	pdb2jgl	substituted	3	ALA>GLY,SER>SBG,ASP>GLU
M0401	pdb2jgm	substituted	3	ALA>GLY,SER>MIS,ASP>GLU
M0401	pdb2ogs	substituted	1	ASP>GLU
M0401	pdb2ogt	substituted	1	ASP>GLU
M0401	pdb2pm8	substituted	2	ALA>GLY,ASP>GLU
M0401	pdb2v96	substituted	2	ALA>GLY,ASP>GLU
M0401	pdb2v97	substituted	2	ALA>GLY,ASP>GLU
M0401	pdb2v98	substituted	2	ALA>GLY,ASP>GLU
M0401	pdb2va9	substituted	2	ALA>GLY,ASP>GLU
M0401	pdb2vja	substituted	2	ALA>GLY,ASP>GLU
M0401	pdb2vjb	substituted	2	ALA>GLY,ASP>GLU
M0401	pdb2vjc	substituted	2	ALA>GLY,ASP>GLU
M0401	pdb2vjd	substituted	2	ALA>GLY,ASP>GLU
M0401	pdb2vq6	substituted	2	ALA>GLY,ASP>GLU
M0401	pdb2vt6	substituted	2	ALA>GLY,ASP>GLU
M0401	pdb2vt7	substituted	2	ALA>GLY,ASP>GLU
M0401	pdb2w6c	substituted	5	GLY>GLU,ALA>GLU,SER>ARG,ASP>SER,HIS>GLU
M0401	pdb2wfz	substituted	2	ALA>GLY,ASP>GLU
M0401	pdb2wg0	substituted	2	ALA>GLY,ASP>GLU
M0401	pdb2wg1	substituted	2	ALA>GLY,ASP>GLU
M0401	pdb2wg2	substituted	2	ALA>GLY,ASP>GLU
M0401	pdb2whp	substituted	3	ALA>GLY,SER>SGB,ASP>GLU
M0401	pdb2whq	substituted	3	ALA>GLY,SER>SBG,ASP>GLU
M0401	pdb2whr	substituted	2	ALA>GLY,ASP>GLU
M0401	pdb2wid	substituted	2	ALA>GLY,ASP>GLU
M0401	pdb2wif	substituted	2	ALA>GLY,ASP>GLU
M0401	pdb2wig	substituted	2	ALA>GLY,ASP>GLU
M0401	pdb2wij	substituted	2	ALA>GLY,ASP>GLU
M0401	pdb2wik	substituted	2	ALA>GLY,ASP>GLU
M0401	pdb2wil	substituted	2	ALA>GLY,ASP>GLU
M0401	pdb2wls	substituted	2	ALA>GLY,ASP>GLU
M0401	pdb2wqz	substituted	3	ALA>SER,SER>GLY,ASP>GLU
M0401	pdb2wsl	substituted	2	ALA>GLY,ASP>GLU
M0401	pdb2wu3	substituted	3	ALA>GLY,SER>SXE,ASP>GLU
M0401	pdb2wu4	substituted	3	ALA>GLY,SER>SXE,ASP>GLU
M0401	pdb2x8b	substituted	3	ALA>GLY,SER>SEN,ASP>GLU
M0401	pdb2xb6	substituted	3	ALA>SER,SER>GLY,ASP>GLU
M0401	pdb2xi4	substituted	2	ALA>GLY,ASP>GLU
M0401	pdb2xmb	substituted	2	ALA>HIS,ASP>GLU
M0401	pdb2xmc	substituted	2	ALA>HIS,ASP>GLU
M0401	pdb2xmd	substituted	2	ALA>HIS,ASP>GLU
M0401	pdb2xmg	substituted	2	ALA>HIS,ASP>GLU
M0401	pdb2xqf	substituted	2	ALA>GLY,ASP>GLU
M0401	pdb2xqg	substituted	2	ALA>GLY,ASP>GLU
M0401	pdb2xqi	substituted	2	ALA>GLY,ASP>GLU
M0401	pdb2xqj	substituted	2	ALA>GLY,ASP>GLU
M0401	pdb2xqk	substituted	2	ALA>GLY,ASP>GLU
M0401	pdb2xud	substituted	2	ALA>GLY,ASP>GLU
M0401	pdb2xuf	substituted	2	ALA>GLY,ASP>GLU
M0401	pdb2xug	substituted	2	ALA>GLY,ASP>GLU
M0401	pdb2xuh	substituted	2	ALA>GLY,ASP>GLU
M0401	pdb2xui	substituted	2	ALA>GLY,ASP>GLU
M0401	pdb2xuj	substituted	2	ALA>GLY,ASP>GLU
M0401	pdb2xuk	substituted	2	ALA>GLY,ASP>GLU
M0401	pdb2xuo	substituted	2	ALA>GLY,ASP>GLU
M0401	pdb2xup	substituted	2	ALA>GLY,ASP>GLU
M0401	pdb2xuq	substituted	2	ALA>GLY,ASP>GLU
M0401	pdb2y1k	substituted	3	ALA>GLY,SER>SEP,ASP>GLU
M0401	pdb2y2u	substituted	3	ALA>GLY,SER>SVX,ASP>GLU
M0401	pdb2y2v	substituted	3	ALA>GLY,SER>SGB,ASP>GLU
M0401	pdb3b3q	substituted	3	ALA>SER,SER>GLY,ASP>GLU
M0401	pdb3be8	substituted	3	ALA>SER,SER>GLY,ASP>GLU
M0401	pdb3biw	substituted	3	ALA>SER,SER>GLY,ASP>GLU
M0401	pdb3bix	substituted	3	ALA>SER,SER>GLY,ASP>GLU
M0401	pdb3bl8	substituted	3	ALA>SER,SER>GLY,ASP>GLU
M0401	pdb3djy	substituted	3	ALA>GLY,SER>SUN,ASP>GLU
M0401	pdb3dkk	substituted	3	ALA>GLY,SER>SEN,ASP>GLU
M0401	pdb3dl4	substituted	3	ALA>GLY,SER>SUN,ASP>GLU
M0401	pdb3dl7	substituted	3	ALA>GLY,SER>SEN,ASP>GLU
M0401	pdb3gel	substituted	3	ALA>GLY,SER>OMH,ASP>GLU
M0401	pdb3i6m	substituted	2	ALA>GLY,ASP>GLU
M0401	pdb3i6z	substituted	2	ALA>GLY,ASP>GLU
M0401	pdb3k9b	substituted	2	ALA>GLY,ASP>GLU
M0401	pdb3lii	substituted	2	ALA>GLY,ASP>GLU
M0401	pdb3m3d	substituted	2	ALA>GLY,ASP>GLU
M0401	pdb3o9m	substituted	2	ALA>GLY,ASP>GLU
M0401	pdb3rar	substituted	2	ALA>GLY,ASP>GLU
M0401	pdb3vkf	substituted	3	ALA>SER,SER>GLY,ASP>GLU
M0401	pdb3zlt	substituted	3	ALA>GLY,SER>RVX,ASP>GLU
M0401	pdb3zlu	substituted	3	ALA>GLY,SER>GFT,ASP>GLU
M0401	pdb3zlv	substituted	3	ALA>GLY,SER>SUN,ASP>GLU
M0401	pdb3zv7	substituted	2	ALA>GLY,ASP>GLU
M0401	pdb4a16	substituted	2	ALA>GLY,ASP>GLU
M0401	pdb4a23	substituted	2	ALA>GLY,ASP>GLU
M0401	pdb4ab1	substituted	2	ALA>GLY,ASP>GLU
M0401	pdb4aqd	substituted	2	ALA>GLY,ASP>GLU
M0401	pdb4ara	substituted	2	ALA>GLY,ASP>GLU
M0401	pdb4arb	substituted	2	ALA>GLY,ASP>GLU
M0401	pdb4axb	substituted	3	ALA>GLY,SER>SBG,ASP>GLU
M0401	pdb4b0o	substituted	3	ALA>GLY,SER>SBG,ASP>GLU
M0401	pdb4b0p	substituted	3	ALA>GLY,SER>SBG,ASP>GLU
M0401	pdb4b7z	substituted	2	ALA>GLY,ASP>GLU
M0401	pdb4b80	substituted	2	ALA>GLY,ASP>GLU
M0401	pdb4b81	substituted	2	ALA>GLY,ASP>GLU
M0401	pdb4b82	substituted	2	ALA>GLY,ASP>GLU
M0401	pdb4b83	substituted	2	ALA>GLY,ASP>GLU
M0401	pdb4b84	substituted	2	ALA>GLY,ASP>GLU
M0401	pdb4b85	substituted	2	ALA>GLY,ASP>GLU
M0401	pdb4bbz	substituted	2	ALA>GLY,ASP>GLU
M0401	pdb4bc0	substituted	2	ALA>GLY,ASP>GLU
M0401	pdb4bc1	substituted	2	ALA>GLY,ASP>GLU
M0401	pdb4bds	substituted	2	ALA>GLY,ASP>GLU
M0401	pdb4bdt	substituted	2	ALA>GLY,ASP>GLU
M0401	pdb4be4	substituted	2	ALA>GLY,ASP>GLU
M0401	pdb4be9	substituted	2	ALA>GLY,ASP>GLU
M0401	pdb4btl	substituted	2	ALA>GLY,ASP>GLU
M0401	pdb4ey4	substituted	2	ALA>GLY,ASP>GLU
M0401	pdb4ey5	substituted	2	ALA>GLY,ASP>GLU
M0401	pdb4ey6	substituted	2	ALA>GLY,ASP>GLU
M0401	pdb4ey7	substituted	2	ALA>GLY,ASP>GLU
M0401	pdb4ey8	substituted	2	ALA>GLY,ASP>GLU
M0401	pdb4fng	substituted	2	ALA>GLY,ASP>GLU
M0401	pdb4fnm	substituted	2	ALA>GLY,ASP>GLU
M0401	pdb4m0e	substituted	2	ALA>GLY,ASP>GLU
M0401	pdb4m0f	substituted	2	ALA>GLY,ASP>GLU
M0401	pdb4pqe	substituted	2	ALA>GLY,ASP>GLU
M0401	pdb4qwm	substituted	2	ALA>GLY,ASP>GLU
M0401	pdb4qww	substituted	2	ALA>GLY,ASP>GLU
M0401	pdb4tpk	substituted	2	ALA>GLY,ASP>GLU
M0401	pdb4tvk	substituted	2	ALA>GLY,ASP>GLU
M0401	pdb4ubi	substituted	2	ALA>GLY,ASP>GLU
M0401	pdb4ubj	substituted	2	ALA>GLY,ASP>GLU
M0401	pdb4ubk	substituted	2	ALA>GLY,ASP>GLU
M0401	pdb4ubl	substituted	2	ALA>GLY,ASP>GLU
M0401	pdb4ubm	substituted	2	ALA>GLY,ASP>GLU
M0401	pdb4ubn	substituted	2	ALA>GLY,ASP>GLU
M0401	pdb4ubo	substituted	2	ALA>GLY,ASP>GLU
M0401	pdb4upd	substituted	2	ALA>GLY,ASP>GLU
M0401	pdb4w1p	substituted	2	ALA>GLY,ASP>GLU
M0401	pdb4w1q	substituted	2	ALA>GLY,ASP>GLU
M0401	pdb4w1r	substituted	2	ALA>GLY,ASP>GLU
M0401	pdb4w1s	substituted	2	ALA>GLY,ASP>GLU
M0401	pdb4w63	substituted	2	ALA>GLY,ASP>GLU
M0401	pdb4x3c	substituted	2	ALA>GLY,ASP>GLU
M0401	pdb4xii	substituted	2	ALA>GLY,ASP>GLU
M0401	pdb4zrs	substituted	2	ALA>GLY,SER>SEB
M0401	pdb5a2g	substituted	2	ALA>GLY,ASP>GLU
M0401	pdb5a7f	substituted	2	ALA>GLY,ASP>GLU
M0401	pdb5a7g	substituted	3	ALA>GLY,SER>ALA,ASP>GLU
M0401	pdb5a7h	substituted	2	ALA>GLY,ASP>GLU
M0401	pdb5bwb	substituted	2	ALA>GLY,ASP>GLU
M0401	pdb5bwc	substituted	2	ALA>GLY,ASP>GLU
M0401	pdb5c8v	substituted	2	ALA>ASP,ASP>GLU
M0401	pdb5ch3	substituted	2	ALA>GLY,ASP>GLU
M0401	pdb5ch5	substituted	2	ALA>GLY,ASP>GLU
M0401	pdb5dlp	substituted	2	ALA>GLY,ASP>GLU
M0401	pdb5dti	substituted	2	ALA>GLY,ASP>GLU
M0401	pdb5dtj	substituted	3	ALA>GLY,SER>MIS,ASP>GLU
M0401	pdb5dyt	substituted	2	ALA>GLY,ASP>GLU
M0401	pdb5dyw	substituted	2	ALA>GLY,ASP>GLU
M0401	pdb5dyy	substituted	2	ALA>GLY,ASP>GLU
M0401	pdb5e2i	substituted	2	ALA>GLY,ASP>GLU
M0401	pdb5e4j	substituted	2	ALA>GLY,ASP>GLU
M0401	pdb5e4t	substituted	2	ALA>GLY,ASP>GLU
M0401	pdb5ehn	substituted	2	ALA>GLY,ASP>GLU
M0401	pdb5ehq	substituted	2	ALA>GLY,ASP>GLU
M0401	pdb5ehx	substituted	2	ALA>GLY,ASP>GLU
M0401	pdb5ehz	substituted	2	ALA>GLY,ASP>GLU
M0401	pdb5ei5	substituted	2	ALA>GLY,ASP>GLU
M0401	pdb5eia	substituted	2	ALA>GLY,ASP>GLU
M0401	pdb5eie	substituted	2	ALA>GLY,ASP>GLU
M0401	pdb5eih	substituted	2	ALA>GLY,ASP>GLU
M0401	pdb5fkj	substituted	2	ALA>GLY,ASP>GLU
M0401	pdb5foq	substituted	2	ALA>GLY,ASP>GLU
M0401	pdb5fpp	substituted	3	ALA>GLY,SER>SGB,ASP>GLU
M0401	pdb5fpq	substituted	3	ALA>GLY,SER>SGB,ASP>GLU
M0401	pdb5fum	substituted	2	ALA>GLY,ASP>GLU
M0401	pdb5fv4	substituted	2	ALA>GLY,ASP>GLU
M0401	pdb5hcu	substituted	3	ALA>GLY,SER>MIS,ASP>GLU
M0401	pdb5hf5	substituted	2	ALA>GLY,ASP>GLU
M0401	pdb5hf6	substituted	2	ALA>GLY,ASP>GLU
M0401	pdb5hf8	substituted	2	ALA>GLY,ASP>GLU
M0401	pdb5hf9	substituted	2	ALA>GLY,ASP>GLU
M0401	pdb5hfa	substituted	2	ALA>GLY,ASP>GLU
M0401	pdb5hq3	substituted	5	ALA>PHE,SER>ALA,ALA>GLY,ASP>GLY,HIS>GLY
M0401	pdb5ih7	substituted	2	ALA>GLY,ASP>GLU
M0401	pdb5ikx	substituted	2	ALA>GLY,ASP>GLU
M0401	pdb5ivd	substituted	2	ALA>GLY,ASP>GLU
M0401	pdb5ivh	substituted	2	ALA>GLY,ASP>GLU
M0401	pdb5ivi	substituted	2	ALA>GLY,ASP>GLU
M0401	pdb5ivk	substituted	2	ALA>GLY,ASP>GLU
M0401	pdb5k5e	substituted	2	ALA>GLY,ASP>GLU
M0401	pdb5lkr	substituted	2	ALA>GLY,ASP>GLU
M0401	pdb5nap	substituted	2	ALA>GLY,ASP>GLU
M0401	pdb5nau	substituted	2	ALA>GLY,ASP>GLU
M0401	pdb5nn0	substituted	2	ALA>GLY,ASP>GLU
M0401	pdb5nuu	substituted	2	ALA>GLY,ASP>GLU
M0401	pdb5oj6	substituted	3	ALA>SER,SER>GLY,ASP>GLU
M0401	pdb5ojk	substituted	3	ALA>SER,SER>GLY,ASP>GLU
M0401	pdb5ov9	substituted	2	ALA>GLY,ASP>GLU
M0401	pdb5thm	exact	0	
M0401	pdb5tyk	substituted	2	ALA>GLY,ASP>GLU
M0401	pdb5tyl	substituted	2	ALA>GLY,ASP>GLU
M0401	pdb5tyn	substituted	2	ALA>GLY,ASP>GLU
M0401	pdb5tyo	substituted	2	ALA>GLY,ASP>GLU
M0401	pdb5typ	substituted	2	ALA>GLY,ASP>GLU
M0401	pdb5v5v	substituted	3	ALA>SER,SER>GLY,ASP>GLU
M0401	pdb5w1u	substituted	2	ALA>GLY,ASP>GLU
M0401	pdb5x61	substituted	2	ALA>GLY,ASP>GLU
M0401	pdb5xeq	substituted	3	ALA>SER,SER>GLY,ASP>GLU
M0401	pdb5ydi	substituted	2	ALA>GLY,ASP>GLU
M0401	pdb6cqt	substituted	2	ALA>GLY,ASP>GLU
M0401	pdb6cqu	substituted	2	ALA>GLY,ASP>GLU
M0401	pdb6cqv	substituted	2	ALA>GLY,ASP>GLU
M0401	pdb6cqw	substituted	2	ALA>GLY,ASP>GLU
M0401	pdb6cqx	substituted	2	ALA>GLY,ASP>GLU
M0401	pdb6cqy	substituted	2	ALA>GLY,ASP>GLU
M0401	pdb6cqz	substituted	2	ALA>GLY,ASP>GLU
M0401	pdb6emi	substituted	2	ALA>GLY,ASP>GLU
M0401	pdb6ep4	substituted	2	ALA>GLY,ASP>GLU
M0401	pdb6eqp	substituted	2	ALA>GLY,ASP>GLU
M0401	pdb6eqq	substituted	2	ALA>GLY,ASP>GLU
M0401	pdb6esj	substituted	2	ALA>GLY,ASP>GLU
M0401	pdb6esy	substituted	2	ALA>GLY,ASP>GLU
M0401	pdb6ewk	substituted	2	ALA>GLY,ASP>GLU
M0401	pdb6ezg	substituted	2	ALA>GLY,ASP>GLU
M0401	pdb6ezh	substituted	2	ALA>GLY,ASP>GLU
M0401	pdb6f25	substituted	2	ALA>GLY,ASP>GLU
M0401	pdb6f7q	substituted	2	ALA>GLY,ASP>GLU
M0401	pdb6fld	substituted	3	ALA>GLY,SER>BXT,ASP>GLU
M0401	pdb6fqn	substituted	3	ALA>GLY,SER>BXT,ASP>GLU
M0401	pdb6g17	substituted	2	ALA>GLY,ASP>GLU
M0401	pdb6g4m	substituted	2	ALA>GLY,ASP>GLU
M0401	pdb6g4n	substituted	2	ALA>GLY,ASP>GLU
M0401	pdb6g4o	substituted	2	ALA>GLY,ASP>GLU
M0401	pdb6g4p	substituted	2	ALA>GLY,ASP>GLU
M0401	pdb6i0b	substituted	2	ALA>GLY,ASP>GLU
M0401	pdb6i0c	substituted	2	ALA>GLY,ASP>GLU
M0401	pdb6i2t	substituted	2	ALA>GLY,ASP>GLU
M0401	pdb6nea	substituted	2	ALA>GLY,ASP>GLU
M0401	pdb6ntg	substituted	2	ALA>GLY,ASP>GLU
M0401	pdb6nth	substituted	2	ALA>GLY,ASP>GLU
M0401	pdb6ntk	substituted	2	ALA>GLY,ASP>GLU
M0401	pdb6ntl	substituted	2	ALA>GLY,ASP>GLU
M0401	pdb6ntm	substituted	2	ALA>GLY,ASP>GLU
M0401	pdb6ntn	substituted	2	ALA>GLY,ASP>GLU
M0401	pdb6nto	substituted	2	ALA>GLY,ASP>GLU
M0401	pdb6rua	substituted	2	ALA>GLY,ASP>GLU
M0401	pdb6sam	substituted	2	ALA>GLY,ASP>GLU
M0401	pdb6t9p	substituted	2	ALA>GLY,ASP>GLU
M0401	pdb6t9s	substituted	2	ALA>GLY,ASP>GLU
M0401	pdb6td2	substituted	2	ALA>GLY,ASP>GLU
M0401	pdb6wuv	substituted	2	ALA>GLY,ASP>GLU
M0401	pdb6wuy	substituted	2	ALA>GLY,ASP>GLU
M0401	pdb6wuz	substituted	2	ALA>GLY,ASP>GLU
M0401	pdb6wv1	substituted	2	ALA>GLY,ASP>GLU
M0401	pdb6wvc	substituted	2	ALA>GLY,ASP>GLU
M0401	pdb6wvo	substituted	2	ALA>GLY,ASP>GLU
M0401	pdb6wvp	substituted	2	ALA>GLY,ASP>GLU
M0401	pdb6wvq	substituted	2	ALA>GLY,ASP>GLU
M0401	pdb6xta	substituted	2	ALA>GLY,ASP>GLU
M0401	pdb6zwe	substituted	2	ALA>GLY,ASP>GLU
M0401	pdb6zwi	substituted	2	ALA>GLY,ASP>GLU
M0401	pdb7amz	substituted	2	ALA>GLY,ASP>GLU
M0401	pdb7b2w	substituted	2	ALA>GLY,ASP>GLU
M0401	pdb7b38	substituted	2	ALA>GLY,ASP>GLU
M0401	pdb7b8e	substituted	2	ALA>GLY,ASP>GLU
M0401	pdb7bgc	substituted	2	ALA>GLY,ASP>GLU
M0755	pdb1ivn	substituted	1	SDP>SER
M0755	pdb1j00	exact	0	
M0755	pdb1jrl	substituted	1	SDP>SER
M0755	pdb1u8u	substituted	1	SDP>SER
M0755	pdb1v2g	substituted	1	SDP>SER
M0755	pdb3hp4	substituted	1	SDP>MIR
M0755	pdb4jgg	substituted	1	SDP>SER
M0755	pdb4rsh	substituted	5	SDP>SER,ASP>GLU,HIS>TYR,GLY>SER,ASN>GLY
M0755	pdb5tic	substituted	1	SDP>SER
M0755	pdb5tid	substituted	1	SDP>SER
M0755	pdb5tie	substituted	1	SDP>SER
M0755	pdb5tif	substituted	1	SDP>SER
M0458	pdb1a4i	exact	0	
M0458	pdb1b0a	exact	0	
M0458	pdb1dia	exact	0	
M0458	pdb1dib	exact	0	
M0458	pdb1dig	exact	0	
M0458	pdb1edz	substituted	3	GLN>TYR,SER>ALA,LYS>THR
M0458	pdb1ee9	substituted	3	GLN>TYR,SER>ALA,LYS>THR
M0458	pdb2c2x	exact	0	
M0458	pdb2c2y	exact	0	
M0458	pdb3l07	exact	0	
M0458	pdb3ngl	substituted	2	GLN>GLU,SER>ALA
M0458	pdb3ngx	substituted	2	GLN>GLU,SER>ALA
M0458	pdb3p2o	exact	0	
M0458	pdb4a26	exact	0	
M0458	pdb4a5o	exact	0	
M0458	pdb4b4u	exact	0	
M0458	pdb4b4v	exact	0	
M0458	pdb4b4w	exact	0	
M0458	pdb5tc4	exact	0	
M0458	pdb6ape	exact	0	
M0458	pdb6de8	exact	0	
M0458	pdb6deb	exact	0	
M0458	pdb6ecp	exact	0	
M0458	pdb6s4a	exact	0	
M0458	pdb6s4e	exact	0	
M0458	pdb6s4f	exact	0	
M0314	pdb1i1q	substituted	5	HIS>GLY,GLU>TYR,GLY>HIS,CYS>ARG,LEU>THR
M0314	pdb1i7q	substituted	5	HIS>GLY,GLU>TYR,GLY>HIS,CYS>ARG,LEU>THR
M0314	pdb1i7s	substituted	5	HIS>GLY,GLU>TYR,GLY>HIS,CYS>ARG,LEU>THR
M0314	pdb1k0e	substituted	7	THR>SER,TYR>TRP,HIS>GLY,GLU>TRP,GLY>HIS,CYS>ARG,LEU>SER
M0314	pdb1k0g	partial	NA	
M0314	pdb1qdl	substituted	5	HIS>GLY,GLU>TYR,GLY>HIS,CYS>ARG,LEU>THR
M0314	pdb1t36	substituted	5	HIS>GLY,THR>LEU,TYR>GLU,ARG>CYS,GLY>HIS
M0314	pdb1wl8	substituted	6	HIS>SER,THR>LEU,TYR>GLU,ARG>CYS,GLY>HIS,GLY>SER
M0314	pdb2a9v	substituted	7	HIS>ASN,THR>VAL,TYR>GLU,ARG>CYS,GLY>HIS,GLY>ASN,LEU>VAL
M0314	pdb2d7j	substituted	6	HIS>SER,THR>LEU,TYR>GLU,ARG>CYS,GLY>HIS,GLY>SER
M0314	pdb2eua	substituted	6	THR>ALA,HIS>GLY,GLU>TYR,GLY>HIS,CYS>ARG,LEU>ALA
M0314	pdb2fn0	substituted	5	HIS>GLY,GLU>TYR,GLY>HIS,CYS>ARG,LEU>THR
M0314	pdb2fn1	substituted	5	HIS>GLY,GLU>TYR,GLY>HIS,CYS>ARG,LEU>THR
M0314	pdb2g5f	substituted	5	HIS>GLY,GLU>TYR,GLY>HIS,CYS>ARG,LEU>THR
M0314	pdb2i6y	substituted	5	HIS>GLY,GLU>TYR,GLY>HIS,CYS>ARG,LEU>THR
M0314	pdb2lxn	substituted	6	HIS>ASP,THR>LEU,TYR>GLU,ARG>CYS,GLY>HIS,GLY>ASP
M0314	pdb2vpi	partial	NA	
M0314	pdb2ywb	substituted	7	HIS>ARG,THR>TYR,TYR>GLU,ARG>CYS,GLY>HIS,GLY>ARG,LEU>TYR
M0314	pdb2ywc	substituted	7	HIS>ARG,THR>TYR,TYR>GLU,ARG>CYS,GLY>HIS,GLY>ARG,LEU>TYR
M0314	pdb3bzm	substituted	6	THR>ALA,HIS>GLY,GLU>TYR,GLY>HIS,CYS>ARG,LEU>ALA
M0314	pdb3bzn	substituted	6	THR>ALA,HIS>GLY,GLU>TYR,GLY>HIS,CYS>ARG,LEU>ALA
M0314	pdb3gse	substituted	6	THR>ALA,HIS>GLY,GLU>TYR,GLY>HIS,CYS>ARG,LEU>ALA
M0314	pdb3h9m	substituted	9	HIS>GLN,THR>SER,TYR>PHE,GLY>ALA,HIS>ALA,GLU>PHE,GLY>GLN,CYS>ARG,LEU>SER
M0314	pdb3hwo	substituted	7	THR>ALA,TYR>PHE,HIS>GLY,GLU>PHE,GLY>HIS,CYS>ARG,LEU>ALA
M0314	pdb3log	substituted	5	HIS>GLY,GLU>TYR,GLY>HIS,CYS>ARG,LEU>THR
M0314	pdb3os6	substituted	7	THR>ALA,TYR>PHE,HIS>GLY,GLU>PHE,GLY>HIS,CYS>ARG,LEU>ALA
M0314	pdb3r74	substituted	6	GLY>THR,HIS>THR,GLU>TYR,GLY>HIS,CYS>ARG,LEU>THR
M0314	pdb3r75	substituted	6	GLY>THR,HIS>THR,GLU>TYR,GLY>HIS,CYS>ARG,LEU>THR
M0314	pdb3r76	substituted	6	GLY>THR,HIS>THR,GLU>TYR,GLY>HIS,CYS>ARG,LEU>THR
M0314	pdb3rv6	substituted	5	HIS>GLY,GLU>TYR,GLY>HIS,CYS>ARG,LEU>THR
M0314	pdb3rv7	substituted	5	HIS>GLY,GLU>TYR,GLY>HIS,CYS>ARG,LEU>THR
M0314	pdb3rv8	substituted	5	HIS>GLY,GLU>TYR,GLY>HIS,CYS>ARG,LEU>THR
M0314	pdb3rv9	substituted	5	HIS>GLY,GLU>TYR,GLY>HIS,CYS>ARG,LEU>THR
M0314	pdb3st6	substituted	5	HIS>GLY,GLU>TYR,GLY>HIS,CYS>ARG,LEU>THR
M0314	pdb3veh	substituted	5	HIS>GLY,GLU>TYR,GLY>HIS,CYS>ARG,LEU>THR
M0314	pdb4grh	substituted	5	HIS>GLY,GLU>TYR,GLY>HIS,CYS>ARG,LEU>THR
M0314	pdb5cwa	substituted	5	HIS>GLY,GLU>TYR,GLY>HIS,CYS>ARG,LEU>THR
M0314	pdb5jxz	substituted	7	THR>ALA,TYR>PHE,HIS>GLY,GLU>PHE,GLY>HIS,CYS>ARG,LEU>ALA
M0314	pdb5jy4	substituted	7	THR>ALA,TYR>PHE,HIS>GLY,GLU>PHE,GLY>HIS,CYS>ARG,LEU>ALA
M0314	pdb5jy8	substituted	7	THR>ALA,TYR>PHE,HIS>GLY,GLU>PHE,GLY>HIS,CYS>ARG,LEU>ALA
M0314	pdb5jy9	substituted	5	HIS>GLY,GLU>TYR,GLY>HIS,CYS>ARG,LEU>THR
M0314	pdb5jzd	substituted	7	THR>ALA,TYR>PHE,HIS>GLY,GLU>PHE,GLY>HIS,CYS>ARG,LEU>ALA
M0314	pdb5kck	substituted	5	HIS>GLY,GLU>TYR,GLY>HIS,CYS>ARG,LEU>THR
M0314	pdb6qur	substituted	6	HIS>CYS,THR>LEU,TYR>GLU,ARG>CYS,GLY>HIS,GLY>CYS
M0314	pdb6za4	substituted	5	HIS>GLY,GLU>TYR,GLY>HIS,CYS>ARG,LEU>THR
M0314	pdb6za5	substituted	5	HIS>GLY,GLU>TYR,GLY>HIS,CYS>ARG,LEU>THR
M0314	pdb6za6	substituted	5	HIS>GLY,GLU>TYR,GLY>HIS,CYS>ARG,LEU>THR
M0314	pdb7bvd	substituted	5	HIS>GLY,GLU>TYR,GLY>HIS,CYS>ARG,LEU>THR
M0210	pdb1e3u	substituted	3	SER>PHE,ALA>PHE,KCX>LYS
M0210	pdb1e4d	substituted	2	SER>PHE,ALA>PHE
M0210	pdb1ewz	substituted	3	SER>PHE,ALA>PHE,KCX>LYS
M0210	pdb1fof	substituted	3	SER>PHE,ALA>PHE,KCX>LYS
M0210	pdb1h5x	substituted	3	SER>PHE,ALA>PHE,KCX>LYS
M0210	pdb1h8y	substituted	3	SER>PHE,ALA>PHE,KCX>LYS
M0210	pdb1h8z	substituted	3	SER>PHE,ALA>PHE,KCX>LYS
M0210	pdb1k38	substituted	2	SER>TYR,ALA>TRP
M0210	pdb1k4e	substituted	2	SER>PHE,ALA>PHE
M0210	pdb1k4f	substituted	2	SER>PHE,ALA>PHE
M0210	pdb1k54	substituted	2	SER>PHE,ALA>PHE
M0210	pdb1k55	substituted	2	SER>PHE,ALA>PHE
M0210	pdb1k56	substituted	2	SER>PHE,ALA>PHE
M0210	pdb1k57	substituted	2	SER>PHE,ALA>PHE
M0210	pdb1k6r	substituted	3	SER>PHE,ALA>PHE,KCX>LYS
M0210	pdb1k6s	substituted	2	SER>PHE,ALA>PHE
M0210	pdb1m6k	exact	0	
M0210	pdb1nrf	substituted	3	SER>PHE,ALA>THR,KCX>LYS
M0210	pdb1xa1	substituted	3	SER>PHE,ALA>THR,KCX>LYS
M0210	pdb1xa7	substituted	3	SER>PHE,ALA>THR,KCX>LYS
M0210	pdb1xkz	substituted	3	SER>PHE,ALA>THR,KCX>LYS
M0210	pdb2hp5	substituted	4	SER>PHE,TRP>GLY,ALA>PHE,KCX>LYS
M0210	pdb2hp6	substituted	4	SER>PHE,TRP>ALA,ALA>PHE,KCX>LYS
M0210	pdb2hp9	substituted	4	SER>PHE,TRP>ALA,ALA>PHE,KCX>LYS
M0210	pdb2hpb	substituted	4	SER>PHE,TRP>ALA,ALA>PHE,KCX>LYS
M0210	pdb2iwb	substituted	3	SER>TYR,ALA>THR,KCX>LYS
M0210	pdb2iwc	substituted	3	SER>TYR,ALA>THR,KCX>LYS
M0210	pdb2iwd	substituted	3	SER>TYR,ALA>THR,KCX>LYS
M0210	pdb2jc7	substituted	3	SER>TYR,ALA>TRP,KCX>LYS
M0210	pdb2rl3	substituted	4	SER>PHE,TRP>HIS,ALA>PHE,KCX>LYS
M0210	pdb2wgi	substituted	4	SER>PHE,TRP>ALA,ALA>PHE,KCX>LYS
M0210	pdb2wgv	substituted	3	SER>PHE,ALA>PHE,KCX>LYS
M0210	pdb2wgw	substituted	2	SER>PHE,ALA>PHE
M0210	pdb2wkh	substituted	3	SER>PHE,ALA>PHE,KCX>CYS
M0210	pdb2wki	substituted	3	SER>PHE,ALA>PHE,KCX>CYS
M0210	pdb2x01	substituted	3	SER>PHE,ALA>PHE,SER>ALA
M0210	pdb2x02	substituted	2	SER>PHE,ALA>PHE
M0210	pdb3fv7	substituted	2	SER>TYR,ALA>TRP
M0210	pdb3fyz	substituted	2	SER>TYR,ALA>TRP
M0210	pdb3fzc	substituted	2	SER>TYR,ALA>TRP
M0210	pdb3g4p	substituted	2	SER>TYR,ALA>TRP
M0210	pdb3hbr	substituted	2	SER>TYR,ALA>TYR
M0210	pdb3if6	substituted	2	SER>TYR,ALA>TRP
M0210	pdb3isg	exact	0	
M0210	pdb3lce	substituted	2	SER>PHE,ALA>PHE
M0210	pdb3mbz	substituted	2	SER>TYR,ALA>TRP
M0210	pdb3pae	substituted	3	SER>TYR,ALA>TRP,KCX>ASP
M0210	pdb3pag	substituted	3	SER>TYR,ALA>TRP,KCX>LYS
M0210	pdb3q7v	substituted	2	SER>PHE,ALA>THR
M0210	pdb3q7z	substituted	3	SER>PHE,ALA>THR,KCX>LYS
M0210	pdb3q81	substituted	3	SER>PHE,ALA>THR,KCX>LYS
M0210	pdb3q82	substituted	3	SER>PHE,ALA>THR,KCX>LYS
M0210	pdb3qnb	substituted	2	SER>PHE,ALA>VAL
M0210	pdb3qnc	substituted	2	SER>PHE,ALA>LYS
M0210	pdb3uy6	substituted	3	SER>PHE,ALA>THR,KCX>LYS
M0210	pdb3znt	substituted	2	SER>TYR,ALA>TRP
M0210	pdb4f94	substituted	3	SER>TYR,ALA>TRP,KCX>ASP
M0210	pdb4gn2	substituted	1	ALA>THR
M0210	pdb4ied	substituted	2	SER>TYR,ALA>TRP
M0210	pdb4jf4	substituted	3	SER>TYR,ALA>TRP,KCX>LYS
M0210	pdb4jf5	substituted	3	SER>TYR,ALA>TRP,KCX>LYS
M0210	pdb4jf6	substituted	2	SER>TYR,ALA>TRP
M0210	pdb4k0w	substituted	3	SER>TYR,ALA>TRP,KCX>LYS
M0210	pdb4k0x	substituted	2	SER>TYR,ALA>TRP
M0210	pdb4mll	substituted	1	KCX>ASP
M0210	pdb4oh0	substituted	2	SER>TYR,ALA>TRP
M0210	pdb4s2j	substituted	3	SER>TYR,ALA>TYR,KCX>LYS
M0210	pdb4s2k	substituted	3	SER>TYR,ALA>TYR,KCX>LYS
M0210	pdb4s2l	substituted	2	SER>TYR,ALA>TYR
M0210	pdb4s2m	substituted	3	SER>TYR,ALA>TYR,KCX>LYS
M0210	pdb4s2n	substituted	2	SER>TYR,ALA>TYR
M0210	pdb4s2o	substituted	3	SER>PHE,ALA>PHE,KCX>LYS
M0210	pdb4s2p	substituted	2	SER>TYR,ALA>TYR
M0210	pdb4wm9	substituted	3	SER>TYR,ALA>TRP,KCX>LYS
M0210	pdb4wmc	substituted	2	SER>TYR,ALA>TYR
M0210	pdb4wz5	substituted	2	SER>PHE,ALA>PHE
M0210	pdb4x53	substituted	3	SER>TYR,ALA>TRP,KCX>LYS
M0210	pdb4x55	substituted	3	SER>TYR,ALA>TRP,KCX>ASP
M0210	pdb4x56	substituted	3	SER>TYR,ALA>TRP,KCX>LYS
M0210	pdb4y0o	substituted	2	SER>TYR,ALA>TRP
M0210	pdb4y0t	substituted	2	SER>TYR,ALA>TRP
M0210	pdb4y0u	substituted	2	SER>TYR,ALA>TRP
M0210	pdb4yin	substituted	3	SER>PHE,ALA>PHE,KCX>LYS
M0210	pdb4z9q	partial	NA	
M0210	pdb4zdx	substituted	2	SER>TYR,ALA>TRP
M0210	pdb5boh	substituted	2	SER>TYR,ALA>TRP
M0210	pdb5ctm	substituted	2	SER>TYR,ALA>SER
M0210	pdb5ctn	substituted	3	SER>TYR,ALA>SER,KCX>LYS
M0210	pdb5dtk	substituted	2	SER>TYR,ALA>TYR
M0210	pdb5dts	substituted	2	SER>TYR,ALA>TYR
M0210	pdb5dtt	substituted	2	SER>TYR,ALA>TYR
M0210	pdb5dva	substituted	2	SER>TYR,ALA>TYR
M0210	pdb5e2f	substituted	3	SER>TYR,ALA>THR,KCX>ALY
M0210	pdb5faq	substituted	3	SER>TYR,ALA>TYR,KCX>LYS
M0210	pdb5fas	substituted	3	SER>TYR,ALA>TYR,KCX>LYS
M0210	pdb5fat	substituted	3	SER>TYR,ALA>TYR,KCX>LYS
M0210	pdb5fdh	substituted	2	SER>TYR,ALA>TYR
M0210	pdb5fq9	substituted	2	SER>PHE,ALA>PHE
M0210	pdb5hap	substituted	3	SER>TYR,ALA>TYR,SER>ALA
M0210	pdb5haq	substituted	3	SER>TYR,ALA>TYR,SER>GLY
M0210	pdb5har	substituted	3	SER>TYR,ALA>TYR,SER>GLY
M0210	pdb5hfo	substituted	2	SER>TYR,ALA>TYR
M0210	pdb5iy2	substituted	2	SER>TYR,ALA>TRP
M0210	pdb5kzh	substituted	2	SER>TYR,ALA>TRP
M0210	pdb5l2f	substituted	3	SER>TYR,ALA>TRP,KCX>ASP
M0210	pdb5mmy	substituted	2	SER>PHE,ALA>PHE
M0210	pdb5mnu	substituted	3	SER>PHE,ALA>PHE,KCX>LYS
M0210	pdb5mox	substituted	3	SER>PHE,ALA>PHE,KCX>LYS
M0210	pdb5moz	substituted	3	SER>PHE,ALA>PHE,KCX>LYS
M0210	pdb5odz	substituted	2	SER>TYR,ALA>TYR
M0210	pdb5oe0	substituted	2	SER>TYR,ALA>TYR
M0210	pdb5oe2	substituted	2	SER>TYR,ALA>TYR
M0210	pdb5oft	substituted	2	SER>TYR,ALA>TYR
M0210	pdb5qa4	substituted	2	SER>TYR,ALA>TYR
M0210	pdb5qa5	substituted	2	SER>TYR,ALA>TYR
M0210	pdb5qa6	substituted	2	SER>TYR,ALA>TYR
M0210	pdb5qa7	substituted	2	SER>TYR,ALA>TYR
M0210	pdb5qa8	substituted	2	SER>TYR,ALA>TYR
M0210	pdb5qa9	substituted	2	SER>TYR,ALA>TYR
M0210	pdb5qaa	substituted	2	SER>TYR,ALA>TYR
M0210	pdb5qab	substituted	2	SER>TYR,ALA>TYR
M0210	pdb5qac	substituted	2	SER>TYR,ALA>TYR
M0210	pdb5qad	substituted	2	SER>TYR,ALA>TYR
M0210	pdb5qae	substituted	2	SER>TYR,ALA>TYR
M0210	pdb5qaf	substituted	2	SER>TYR,ALA>TYR
M0210	pdb5qag	substituted	2	SER>TYR,ALA>TYR
M0210	pdb5qah	substituted	2	SER>TYR,ALA>TYR
M0210	pdb5qai	substituted	2	SER>TYR,ALA>TYR
M0210	pdb5qaj	substituted	2	SER>TYR,ALA>TYR
M0210	pdb5qak	substituted	2	SER>TYR,ALA>TYR
M0210	pdb5qal	substituted	2	SER>TYR,ALA>TYR
M0210	pdb5qam	substituted	2	SER>TYR,ALA>TYR
M0210	pdb5qan	substituted	2	SER>TYR,ALA>TYR
M0210	pdb5qao	substituted	2	SER>TYR,ALA>TYR
M0210	pdb5qap	substituted	2	SER>TYR,ALA>TYR
M0210	pdb5qaq	substituted	2	SER>TYR,ALA>TYR
M0210	pdb5qar	substituted	2	SER>TYR,ALA>TYR
M0210	pdb5qas	substituted	2	SER>TYR,ALA>TYR
M0210	pdb5qat	substituted	2	SER>TYR,ALA>TYR
M0210	pdb5qau	substituted	2	SER>TYR,ALA>TYR
M0210	pdb5qav	substituted	2	SER>TYR,ALA>TYR
M0210	pdb5qaw	substituted	2	SER>TYR,ALA>TYR
M0210	pdb5qax	substituted	2	SER>TYR,ALA>TYR
M0210	pdb5qay	substituted	2	SER>TYR,ALA>TYR
M0210	pdb5qaz	substituted	2	SER>TYR,ALA>TYR
M0210	pdb5qb0	substituted	2	SER>TYR,ALA>TYR
M0210	pdb5qb1	substituted	2	SER>TYR,ALA>TYR
M0210	pdb5qb2	substituted	2	SER>TYR,ALA>TYR
M0210	pdb5qb3	substituted	2	SER>TYR,ALA>TYR
M0210	pdb5qb4	substituted	2	SER>TYR,ALA>TYR
M0210	pdb5tg4	substituted	2	SER>TYR,ALA>TRP
M0210	pdb5tg5	substituted	2	SER>TYR,ALA>TRP
M0210	pdb5tg6	substituted	2	SER>TYR,ALA>TRP
M0210	pdb5tg7	substituted	2	SER>TYR,ALA>TRP
M0210	pdb5vfd	substituted	2	SER>TYR,ALA>TRP
M0210	pdb5wi3	substituted	3	SER>TYR,ALA>TRP,KCX>ASP
M0210	pdb5wi7	substituted	3	SER>TYR,ALA>TRP,KCX>ASP
M0210	pdb5wib	substituted	3	SER>TYR,ALA>TRP,KCX>ASP
M0210	pdb6b22	substituted	3	SER>TYR,ALA>TRP,KCX>LYS
M0210	pdb6edm	substituted	2	SER>TYR,ALA>THR
M0210	pdb6goa	substituted	2	SER>TYR,ALA>TYR
M0210	pdb6hb8	substituted	2	SER>TYR,ALA>TYR
M0210	pdb6hoo	substituted	3	SER>TYR,ALA>THR,SER>OSE
M0210	pdb6huh	substituted	1	ALA>THR
M0210	pdb6i5d	substituted	3	SER>TYR,ALA>TYR,KCX>LYS
M0210	pdb6mpq	substituted	2	SER>TYR,ALA>TRP
M0210	pdb6n1n	substituted	2	SER>TYR,ALA>TRP
M0210	pdb6n6t	substituted	3	SER>TYR,ALA>TRP,KCX>LYS
M0210	pdb6n6u	substituted	3	SER>TYR,ALA>TRP,KCX>LYS
M0210	pdb6n6v	substituted	3	SER>TYR,ALA>TRP,KCX>LYS
M0210	pdb6n6w	substituted	2	SER>TYR,ALA>TRP
M0210	pdb6n6x	substituted	2	SER>TYR,ALA>TRP
M0210	pdb6n6y	substituted	2	SER>TYR,ALA>TRP
M0210	pdb6nhs	substituted	3	SER>TYR,ALA>TRP,KCX>LYS
M0210	pdb6nhu	substituted	2	ALA>THR,KCX>LYS
M0210	pdb6ni0	substituted	6	SER>ILE,SER>GLU,TRP>ASP,ALA>GLU,SER>ALA,KCX>GLY
M0210	pdb6nlw	substituted	3	SER>TYR,ALA>TYR,KCX>LYS
M0210	pdb6nz8	substituted	2	SER>TYR,ALA>TRP
M0210	pdb6o9s	substituted	3	SER>TYR,ALA>THR,KCX>LYS
M0210	pdb6o9w	substituted	3	SER>PHE,ALA>THR,KCX>LYS
M0210	pdb6p96	substituted	3	SER>TYR,ALA>TYR,KCX>LYS
M0210	pdb6p97	substituted	3	SER>TYR,ALA>TYR,KCX>LYS
M0210	pdb6p98	substituted	3	SER>TYR,ALA>TYR,KCX>LYS
M0210	pdb6p99	substituted	3	SER>TYR,ALA>TYR,KCX>LYS
M0210	pdb6p9c	substituted	3	SER>TYR,ALA>TYR,KCX>LYS
M0210	pdb6pk0	substituted	2	SER>TYR,ALA>TYR
M0210	pdb6pqc	substituted	3	SER>TYR,ALA>THR,KCX>LYS
M0210	pdb6pqi	substituted	3	SER>TYR,ALA>TYR,KCX>LYS
M0210	pdb6psg	substituted	3	SER>TYR,ALA>TYR,KCX>LYS
M0210	pdb6pt1	substituted	3	SER>TYR,ALA>TYR,KCX>LYS
M0210	pdb6pt5	substituted	3	SER>TYR,ALA>TYR,KCX>LYS
M0210	pdb6ptu	substituted	3	SER>TYR,ALA>TYR,KCX>LYS
M0210	pdb6pxx	substituted	3	SER>TYR,ALA>TYR,KCX>ALA
M0210	pdb6q5b	substituted	2	SER>TYR,ALA>TYR
M0210	pdb6q5f	substituted	2	SER>TYR,ALA>TYR
M0210	pdb6rj7	substituted	2	SER>TYR,ALA>TYR
M0210	pdb6rtn	substituted	2	SER>PHE,ALA>PHE
M0210	pdb6skp	substituted	2	SER>PHE,ALA>PHE
M0210	pdb6skq	substituted	2	SER>PHE,ALA>PHE
M0210	pdb6skr	substituted	2	SER>PHE,ALA>PHE
M0210	pdb6t1h	substituted	2	SER>TYR,ALA>TRP
M0210	pdb6ue2	substituted	2	SER>TYR,ALA>THR
M0210	pdb6uvk	substituted	2	SER>TYR,ALA>TYR
M0210	pdb6v1o	substituted	2	SER>TYR,ALA>TYR
M0210	pdb6v6n	substituted	1	ALA>THR
M0210	pdb6w5e	substituted	2	SER>TYR,ALA>THR
M0210	pdb6w5f	partial	NA	
M0210	pdb6w5g	substituted	2	SER>TYR,ALA>THR
M0210	pdb6w5o	partial	NA	
M0210	pdb6whl	substituted	1	ALA>THR
M0210	pdb6wy4	substituted	2	SER>TYR,ALA>THR
M0210	pdb6xj3	substituted	3	SER>TYR,ALA>TRP,KCX>LYS
M0210	pdb7ass	substituted	2	SER>TYR,ALA>TYR
M0210	pdb7k3m	substituted	2	SER>PHE,ALA>MSE
M0210	pdb7kep	substituted	2	SER>TYR,ALA>THR
M0210	pdb7keq	substituted	2	SER>TYR,ALA>THR
M0210	pdb7ker	substituted	2	SER>TYR,ALA>THR
M0210	pdb7kh9	substituted	3	SER>TYR,ALA>TYR,KCX>ALA
M0210	pdb7khq	substituted	3	SER>TYR,ALA>TYR,KCX>ALA
M0210	pdb7khy	substituted	3	SER>TYR,ALA>TYR,KCX>ALA
M0210	pdb7khz	substituted	3	SER>TYR,ALA>TYR,KCX>ALA
M0210	pdb7lno	substituted	2	SER>TYR,ALA>THR
M0210	pdb7lnq	substituted	2	SER>TYR,ALA>THR
M0210	pdb7lnr	substituted	3	SER>TYR,ALA>THR,KCX>LYS
M0154	pdb1aqu	exact	0	
M0154	pdb1aqy	exact	0	
M0154	pdb1bo6	exact	0	
M0154	pdb1cjm	exact	0	
M0154	pdb1efh	exact	0	
M0154	pdb1fmj	substituted	1	LYS>ARG
M0154	pdb1fml	substituted	1	LYS>ARG
M0154	pdb1g3m	exact	0	
M0154	pdb1hy3	exact	0	
M0154	pdb1j99	exact	0	
M0154	pdb1ls6	exact	0	
M0154	pdb1ov4	exact	0	
M0154	pdb1q1q	exact	0	
M0154	pdb1q1z	exact	0	
M0154	pdb1q20	exact	0	
M0154	pdb1q22	exact	0	
M0154	pdb1q44	exact	0	
M0154	pdb1x8j	substituted	1	LYS>ARG
M0154	pdb1x8k	substituted	1	LYS>ARG
M0154	pdb1x8l	substituted	1	LYS>ARG
M0154	pdb1z28	exact	0	
M0154	pdb1z29	exact	0	
M0154	pdb1zd1	exact	0	
M0154	pdb2a3r	exact	0	
M0154	pdb2ad1	exact	0	
M0154	pdb2d06	exact	0	
M0154	pdb2gwh	exact	0	
M0154	pdb2h8k	exact	0	
M0154	pdb2q3m	exact	0	
M0154	pdb2qp3	exact	0	
M0154	pdb2qp4	exact	0	
M0154	pdb2reo	exact	0	
M0154	pdb2z5f	exact	0	
M0154	pdb2zpt	exact	0	
M0154	pdb2zvp	exact	0	
M0154	pdb2zvq	exact	0	
M0154	pdb2zyt	exact	0	
M0154	pdb2zyu	exact	0	
M0154	pdb2zyv	exact	0	
M0154	pdb2zyw	exact	0	
M0154	pdb3bfx	exact	0	
M0154	pdb3ckl	exact	0	
M0154	pdb3f3y	exact	0	
M0154	pdb3mg9	exact	0	
M0154	pdb3mgb	exact	0	
M0154	pdb3mgc	exact	0	
M0154	pdb3nib	exact	0	
M0154	pdb3qvu	exact	0	
M0154	pdb3qvv	exact	0	
M0154	pdb3u3j	exact	0	
M0154	pdb3u3k	exact	0	
M0154	pdb3u3m	exact	0	
M0154	pdb3u3o	exact	0	
M0154	pdb3u3r	exact	0	
M0154	pdb4gra	exact	0	
M0154	pdb4ifb	exact	0	
M0154	pdb4jvl	exact	0	
M0154	pdb4jvm	exact	0	
M0154	pdb4jvn	exact	0	
M0154	pdb5mek	exact	0	
M0154	pdb5mex	exact	0	
M0154	pdb5x2b	exact	0	
M0154	pdb7eov	substituted	1	HIS>LEU
M0502	pdb1bkh	partial	NA	
M0502	pdb1f9c	partial	NA	
M0502	pdb1jpm	partial	NA	
M0502	pdb1muc	partial	NA	
M0502	pdb1nu5	partial	NA	
M0502	pdb1r0m	partial	NA	
M0502	pdb1sja	partial	NA	
M0502	pdb1sjb	partial	NA	
M0502	pdb1sjc	partial	NA	
M0502	pdb1sjd	partial	NA	
M0502	pdb1tkk	partial	NA	
M0502	pdb1wue	partial	NA	
M0502	pdb1wuf	partial	NA	
M0502	pdb1xpy	partial	NA	
M0502	pdb1xs2	partial	NA	
M0502	pdb2chr	partial	NA	
M0502	pdb2fkp	partial	NA	
M0502	pdb2ggg	partial	NA	
M0502	pdb2ggh	partial	NA	
M0502	pdb2ggi	substituted	6	ARG>LYS,TYR>LYS,HIS>SER,THR>GLY,ASP>THR,HIS>ALA
M0502	pdb2ggj	partial	NA	
M0502	pdb2gl5	partial	NA	
M0502	pdb2muc	partial	NA	
M0502	pdb2oqh	partial	NA	
M0502	pdb2oqy	exact	0	
M0502	pdb2p88	partial	NA	
M0502	pdb2p8b	partial	NA	
M0502	pdb2p8c	partial	NA	
M0502	pdb2pgw	substituted	7	ARG>TYR,TYR>LYS,HIS>ALA,THR>SER,ASP>VAL,HIS>ASP,TYR>MSE
M0502	pdb2ppg	partial	NA	
M0502	pdb2qde	partial	NA	
M0502	pdb2qq6	partial	NA	
M0502	pdb2zad	partial	NA	
M0502	pdb2zc8	partial	NA	
M0502	pdb3bjs	substituted	7	ARG>LYS,TYR>ARG,HIS>ASN,THR>SER,ASP>PRO,HIS>SER,TYR>LEU
M0502	pdb3ct2	partial	NA	
M0502	pdb3deq	partial	NA	
M0502	pdb3der	partial	NA	
M0502	pdb3des	partial	NA	
M0502	pdb3dfh	partial	NA	
M0502	pdb3dfy	partial	NA	
M0502	pdb3dg3	partial	NA	
M0502	pdb3dg6	partial	NA	
M0502	pdb3dg7	partial	NA	
M0502	pdb3dgb	partial	NA	
M0502	pdb3eez	substituted	6	ARG>SER,TYR>LYS,GLU>MET,HIS>CYS,ASP>PRO,TYR>LEU
M0502	pdb3es7	exact	0	
M0502	pdb3es8	exact	0	
M0502	pdb3fcp	partial	NA	
M0502	pdb3fj4	partial	NA	
M0502	pdb3fyy	exact	0	
M0502	pdb3gd6	exact	0	
M0502	pdb3h12	partial	NA	
M0502	pdb3hpf	substituted	1	TYR>PHE
M0502	pdb3i4k	partial	NA	
M0502	pdb3jva	partial	NA	
M0502	pdb3jw7	partial	NA	
M0502	pdb3jzu	partial	NA	
M0502	pdb3k1g	partial	NA	
M0502	pdb3kum	partial	NA	
M0502	pdb3mqt	substituted	8	ARG>LYS,TYR>CYS,ASP>CYS,HIS>MET,THR>ASN,ASP>GLY,HIS>GLU,TYR>ARG
M0502	pdb3muc	partial	NA	
M0502	pdb3my9	partial	NA	
M0502	pdb3op2	partial	NA	
M0502	pdb3ozm	partial	NA	
M0502	pdb3ozy	partial	NA	
M0502	pdb3q45	partial	NA	
M0502	pdb3q4d	partial	NA	
M0502	pdb3r0k	partial	NA	
M0502	pdb3r0u	partial	NA	
M0502	pdb3r10	partial	NA	
M0502	pdb3r11	partial	NA	
M0502	pdb3r1z	partial	NA	
M0502	pdb3r25	partial	NA	
M0502	pdb3rit	partial	NA	
M0502	pdb3ro6	partial	NA	
M0502	pdb3rr1	partial	NA	
M0502	pdb3rra	partial	NA	
M0502	pdb3sbf	partial	NA	
M0502	pdb3sjn	partial	NA	
M0502	pdb3sqs	partial	NA	
M0502	pdb3ssz	partial	NA	
M0502	pdb3stp	partial	NA	
M0502	pdb3t4w	partial	NA	
M0502	pdb3t6c	partial	NA	
M0502	pdb3thu	partial	NA	
M0502	pdb3toy	substituted	7	ARG>LYS,TYR>LYS,HIS>ASN,THR>ILE,ASP>ALA,HIS>ARG,TYR>GLN
M0502	pdb3tte	substituted	7	ARG>LYS,TYR>LYS,HIS>ASN,THR>ILE,ASP>ALA,HIS>ARG,TYR>GLN
M0502	pdb3tw9	partial	NA	
M0502	pdb3twa	partial	NA	
M0502	pdb3twb	partial	NA	
M0502	pdb3ugv	substituted	7	ARG>LYS,TYR>ARG,HIS>ASN,THR>ALA,ASP>PRO,HIS>PRO,TYR>ALA
M0502	pdb3v3w	partial	NA	
M0502	pdb3v4b	partial	NA	
M0502	pdb3va8	partial	NA	
M0502	pdb3vc5	partial	NA	
M0502	pdb3vc6	partial	NA	
M0502	pdb3vcn	partial	NA	
M0502	pdb3vdg	partial	NA	
M0502	pdb3vfc	partial	NA	
M0502	pdb4a6g	partial	NA	
M0502	pdb4dhg	partial	NA	
M0502	pdb4dye	partial	NA	
M0502	pdb4e4f	partial	NA	
M0502	pdb4e4u	partial	NA	
M0502	pdb4e6m	partial	NA	
M0502	pdb4fi4	partial	NA	
M0502	pdb4ggb	partial	NA	
M0502	pdb4ggh	substituted	6	TYR>GLN,HIS>LEU,THR>PRO,ASP>THR,HIS>GLN,TYR>TRP
M0502	pdb4gir	substituted	6	TYR>GLN,HIS>LEU,THR>PRO,ASP>THR,HIS>GLN,TYR>TRP
M0502	pdb4gis	substituted	6	TYR>GLN,HIS>LEU,THR>PRO,ASP>THR,HIS>GLN,TYR>TRP
M0502	pdb4gme	partial	NA	
M0502	pdb4h1z	partial	NA	
M0502	pdb4hnl	partial	NA	
M0502	pdb4hpn	partial	NA	
M0502	pdb4ihc	partial	NA	
M0502	pdb4il2	partial	NA	
M0502	pdb4it1	partial	NA	
M0502	pdb4jhm	substituted	6	ARG>LYS,TYR>HIS,THR>SER,ASP>SER,HIS>GLU,TYR>THR
M0502	pdb4jn7	substituted	7	ARG>LYS,TYR>SER,ASP>ALA,HIS>SER,THR>ASN,ASP>CYS,TYR>GLY
M0502	pdb4jn8	substituted	7	ARG>LYS,TYR>SER,ASP>ALA,HIS>SER,THR>ASN,ASP>CYS,TYR>GLY
M0502	pdb4k2s	partial	NA	
M0502	pdb4m0x	partial	NA	
M0502	pdb4mgg	substituted	7	ARG>GLN,TYR>LYS,GLU>TYR,HIS>VAL,ASP>PRO,HIS>PRO,TYR>LEU
M0502	pdb5fjo	partial	NA	
M0502	pdb5fjp	partial	NA	
M0502	pdb5fjr	partial	NA	
M0502	pdb5fjt	partial	NA	
M0502	pdb5fju	partial	NA	
M0031	pdb1aiq	exact	0	
M0031	pdb1ajm	exact	0	
M0031	pdb1an5	exact	0	
M0031	pdb1aob	exact	0	
M0031	pdb1axw	exact	0	
M0031	pdb1b02	exact	0	
M0031	pdb1bdu	exact	0	
M0031	pdb1bid	exact	0	
M0031	pdb1bjg	substituted	1	ASP>ASN
M0031	pdb1bko	exact	0	
M0031	pdb1bkp	exact	0	
M0031	pdb1bo7	exact	0	
M0031	pdb1bo8	exact	0	
M0031	pdb1bp0	exact	0	
M0031	pdb1bp6	exact	0	
M0031	pdb1bpj	exact	0	
M0031	pdb1bq1	exact	0	
M0031	pdb1bq2	exact	0	
M0031	pdb1bsf	exact	0	
M0031	pdb1bsp	exact	0	
M0031	pdb1ci7	exact	0	
M0031	pdb1ddu	exact	0	
M0031	pdb1dna	substituted	1	ASP>ASN
M0031	pdb1ev5	exact	0	
M0031	pdb1ev8	substituted	1	CYS>CME
M0031	pdb1evf	substituted	1	CYS>CME
M0031	pdb1evg	exact	0	
M0031	pdb1f28	exact	0	
M0031	pdb1f4b	exact	0	
M0031	pdb1f4c	exact	0	
M0031	pdb1f4d	substituted	1	CYS>SER
M0031	pdb1f4e	exact	0	
M0031	pdb1f4f	exact	0	
M0031	pdb1f4g	exact	0	
M0031	pdb1ffl	substituted	1	ARG>GLN
M0031	pdb1fwm	substituted	1	ARG>GLN
M0031	pdb1hvy	exact	0	
M0031	pdb1hw3	partial	NA	
M0031	pdb1hw4	substituted	1	TRP>SER
M0031	pdb1hzw	exact	0	
M0031	pdb1i00	exact	0	
M0031	pdb1j3i	exact	0	
M0031	pdb1j3j	exact	0	
M0031	pdb1j3k	exact	0	
M0031	pdb1jg0	exact	0	
M0031	pdb1jmf	exact	0	
M0031	pdb1jmg	exact	0	
M0031	pdb1jmh	exact	0	
M0031	pdb1jmi	exact	0	
M0031	pdb1jtq	exact	0	
M0031	pdb1jtu	exact	0	
M0031	pdb1ju6	exact	0	
M0031	pdb1juj	exact	0	
M0031	pdb1jut	exact	0	
M0031	pdb1kce	exact	0	
M0031	pdb1kzi	exact	0	
M0031	pdb1kzj	substituted	1	TRP>GLY
M0031	pdb1lca	exact	0	
M0031	pdb1lcb	exact	0	
M0031	pdb1lce	exact	0	
M0031	pdb1nce	substituted	1	ASP>CYS
M0031	pdb1nja	exact	0	
M0031	pdb1njb	exact	0	
M0031	pdb1njc	exact	0	
M0031	pdb1njd	exact	0	
M0031	pdb1nje	exact	0	
M0031	pdb1qqq	substituted	1	CYS>CME
M0031	pdb1qzf	exact	0	
M0031	pdb1rts	exact	0	
M0031	pdb1sej	exact	0	
M0031	pdb1syn	exact	0	
M0031	pdb1tda	exact	0	
M0031	pdb1tdb	exact	0	
M0031	pdb1tdc	exact	0	
M0031	pdb1tdu	exact	0	
M0031	pdb1thy	exact	0	
M0031	pdb1tis	exact	0	
M0031	pdb1tjs	exact	0	
M0031	pdb1tlc	exact	0	
M0031	pdb1tls	exact	0	
M0031	pdb1trg	exact	0	
M0031	pdb1tsd	exact	0	
M0031	pdb1tsl	exact	0	
M0031	pdb1tsm	exact	0	
M0031	pdb1tsn	exact	0	
M0031	pdb1tsv	exact	0	
M0031	pdb1tsw	exact	0	
M0031	pdb1tsx	exact	0	
M0031	pdb1tsy	exact	0	
M0031	pdb1tsz	exact	0	
M0031	pdb1tvu	exact	0	
M0031	pdb1tvv	exact	0	
M0031	pdb1tvw	exact	0	
M0031	pdb1tys	substituted	1	CYS>SER
M0031	pdb1vza	substituted	1	GLU>ASP
M0031	pdb1vzb	substituted	1	GLU>GLN
M0031	pdb1vzc	substituted	1	GLU>GLN
M0031	pdb1vzd	substituted	1	GLU>GLN
M0031	pdb1vze	substituted	1	GLU>GLN
M0031	pdb1ypv	partial	NA	
M0031	pdb1zpr	substituted	1	GLU>GLN
M0031	pdb2a9w	exact	0	
M0031	pdb2aaz	exact	0	
M0031	pdb2bbq	exact	0	
M0031	pdb2ftn	substituted	1	TYR>PHE
M0031	pdb2fto	substituted	1	TYR>PHE
M0031	pdb2ftq	exact	0	
M0031	pdb2g86	exact	0	
M0031	pdb2g89	exact	0	
M0031	pdb2g8a	exact	0	
M0031	pdb2g8d	exact	0	
M0031	pdb2g8x	exact	0	
M0031	pdb2h2q	exact	0	
M0031	pdb2kce	exact	0	
M0031	pdb2oip	substituted	6	TYR>PRO,CYS>PRO,ARG>TYR,ASP>SER,GLU>PHE,TRP>TYR
M0031	pdb2onb	partial	NA	
M0031	pdb2rd8	exact	0	
M0031	pdb2rda	exact	0	
M0031	pdb2tdd	exact	0	
M0031	pdb2tdm	exact	0	
M0031	pdb2tsc	exact	0	
M0031	pdb2tsr	exact	0	
M0031	pdb2vet	exact	0	
M0031	pdb2vf0	exact	0	
M0031	pdb3b5b	exact	0	
M0031	pdb3b9h	exact	0	
M0031	pdb3bfi	exact	0	
M0031	pdb3bgx	substituted	1	CYS>SER
M0031	pdb3bhl	exact	0	
M0031	pdb3bhr	exact	0	
M0031	pdb3bnz	exact	0	
M0031	pdb3byx	exact	0	
M0031	pdb3bz0	exact	0	
M0031	pdb3c06	exact	0	
M0031	pdb3c0a	exact	0	
M0031	pdb3cl9	exact	0	
M0031	pdb3clb	exact	0	
M0031	pdb3dg8	exact	0	
M0031	pdb3dga	exact	0	
M0031	pdb3dl5	exact	0	
M0031	pdb3dl6	exact	0	
M0031	pdb3eaw	partial	NA	
M0031	pdb3ebu	partial	NA	
M0031	pdb3ed7	exact	0	
M0031	pdb3edw	partial	NA	
M0031	pdb3ef9	partial	NA	
M0031	pdb3egy	partial	NA	
M0031	pdb3ehi	partial	NA	
M0031	pdb3ejl	exact	0	
M0031	pdb3gg5	exact	0	
M0031	pdb3gh0	partial	NA	
M0031	pdb3gh2	partial	NA	
M0031	pdb3h9k	exact	0	
M0031	pdb3hb8	exact	0	
M0031	pdb3hbb	exact	0	
M0031	pdb3hj3	exact	0	
M0031	pdb3i3r	exact	0	
M0031	pdb3ihi	exact	0	
M0031	pdb3ijz	exact	0	
M0031	pdb3ik0	exact	0	
M0031	pdb3ik1	exact	0	
M0031	pdb3inv	exact	0	
M0031	pdb3irm	exact	0	
M0031	pdb3irn	exact	0	
M0031	pdb3iro	exact	0	
M0031	pdb3ix6	exact	0	
M0031	pdb3jsu	exact	0	
M0031	pdb3k2h	exact	0	
M0031	pdb3kgb	partial	NA	
M0031	pdb3kjr	exact	0	
M0031	pdb3kjs	exact	0	
M0031	pdb3n5e	partial	NA	
M0031	pdb3n5g	partial	NA	
M0031	pdb3nrr	exact	0	
M0031	pdb3ob7	exact	0	
M0031	pdb3qg2	exact	0	
M0031	pdb3qgt	exact	0	
M0031	pdb3qj7	exact	0	
M0031	pdb3tms	exact	0	
M0031	pdb3um5	exact	0	
M0031	pdb3um6	exact	0	
M0031	pdb3um8	exact	0	
M0031	pdb3uwl	exact	0	
M0031	pdb3v8h	exact	0	
M0031	pdb4dp3	exact	0	
M0031	pdb4dpd	exact	0	
M0031	pdb4dph	exact	0	
M0031	pdb4dq1	exact	0	
M0031	pdb4e28	partial	NA	
M0031	pdb4e5o	exact	0	
M0031	pdb4eb4	exact	0	
M0031	pdb4eck	exact	0	
M0031	pdb4eil	exact	0	
M0031	pdb4ein	exact	0	
M0031	pdb4ez8	exact	0	
M0031	pdb4f2v	substituted	4	TYR>HIS,CYS>SER,GLU>LEU,TRP>LEU
M0031	pdb4fgt	substituted	1	CYS>CME
M0031	pdb4foa	exact	0	
M0031	pdb4fog	exact	0	
M0031	pdb4fox	exact	0	
M0031	pdb4fqs	exact	0	
M0031	pdb4g2o	partial	NA	
M0031	pdb4g6w	partial	NA	
M0031	pdb4gd7	partial	NA	
M0031	pdb4gev	exact	0	
M0031	pdb4gyh	partial	NA	
M0031	pdb4h0r	exact	0	
M0031	pdb4h0u	exact	0	
M0031	pdb4h1i	exact	0	
M0031	pdb4iqb	exact	0	
M0031	pdb4iqq	partial	NA	
M0031	pdb4irr	exact	0	
M0031	pdb4isk	exact	0	
M0031	pdb4isw	exact	0	
M0031	pdb4jef	substituted	2	CYS>CME,TRP>VAL
M0031	pdb4knz	partial	NA	
M0031	pdb4kpw	partial	NA	
M0031	pdb4ky4	exact	0	
M0031	pdb4ky8	exact	0	
M0031	pdb4kya	exact	0	
M0031	pdb4lrr	exact	0	
M0031	pdb4o1u	partial	NA	
M0031	pdb4o1x	substituted	1	CYS>SER
M0031	pdb4o7u	exact	0	
M0031	pdb4psg	exact	0	
M0031	pdb4q0d	exact	0	
M0031	pdb4q0e	exact	0	
M0031	pdb4tms	exact	0	
M0031	pdb4up1	exact	0	
M0031	pdb4xsc	exact	0	
M0031	pdb4xsd	exact	0	
M0031	pdb4xse	exact	0	
M0031	pdb5b6d	partial	NA	
M0031	pdb5b6e	partial	NA	
M0031	pdb5by6	exact	0	
M0031	pdb5fct	exact	0	
M0031	pdb5h38	exact	0	
M0031	pdb5h39	exact	0	
M0031	pdb5h3a	exact	0	
M0031	pdb5hs3	exact	0	
M0031	pdb5j7w	exact	0	
M0031	pdb5jnh	partial	NA	
M0031	pdb5jp9	partial	NA	
M0031	pdb5m4z	exact	0	
M0031	pdb5noo	exact	0	
M0031	pdb5t0l	exact	0	
M0031	pdb5t7o	exact	0	
M0031	pdb5wrn	exact	0	
M0031	pdb5x4w	partial	NA	
M0031	pdb5x4x	partial	NA	
M0031	pdb5x4y	partial	NA	
M0031	pdb5x5a	exact	0	
M0031	pdb5x5d	exact	0	
M0031	pdb5x5q	exact	0	
M0031	pdb5x66	exact	0	
M0031	pdb5x67	exact	0	
M0031	pdb5x69	exact	0	
M0031	pdb6a2k	exact	0	
M0031	pdb6a2l	exact	0	
M0031	pdb6a2m	exact	0	
M0031	pdb6a2n	exact	0	
M0031	pdb6a2o	exact	0	
M0031	pdb6a2p	exact	0	
M0031	pdb6aog	exact	0	
M0031	pdb6aoh	exact	0	
M0031	pdb6aoi	exact	0	
M0031	pdb6auj	substituted	1	CYS>M0H
M0031	pdb6cdz	exact	0	
M0031	pdb6f6z	exact	0	
M0031	pdb6gko	exact	0	
M0031	pdb6gyj	exact	0	
M0031	pdb6k7q	exact	0	
M0031	pdb6k7r	exact	0	
M0031	pdb6k7s	exact	0	
M0031	pdb6kot	exact	0	
M0031	pdb6kp2	exact	0	
M0031	pdb6kp7	exact	0	
M0031	pdb6kpr	exact	0	
M0031	pdb6leu	exact	0	
M0031	pdb6lev	exact	0	
M0031	pdb6lez	exact	0	
M0031	pdb6lh9	exact	0	
M0031	pdb6lhi	exact	0	
M0031	pdb6lhj	exact	0	
M0031	pdb6n1s	exact	0	
M0031	pdb6n1t	exact	0	
M0031	pdb6nnr	exact	0	
M0031	pdb6ojs	exact	0	
M0031	pdb6oju	exact	0	
M0031	pdb6ojv	exact	0	
M0031	pdb6pf3	exact	0	
M0031	pdb6pf4	exact	0	
M0031	pdb6pf5	exact	0	
M0031	pdb6pf6	exact	0	
M0031	pdb6pf7	exact	0	
M0031	pdb6pf8	exact	0	
M0031	pdb6pf9	exact	0	
M0031	pdb6pfa	exact	0	
M0031	pdb6pfb	exact	0	
M0031	pdb6pfc	exact	0	
M0031	pdb6pfd	exact	0	
M0031	pdb6pfe	exact	0	
M0031	pdb6pff	exact	0	
M0031	pdb6pfg	exact	0	
M0031	pdb6pfh	exact	0	
M0031	pdb6pfi	exact	0	
M0031	pdb6qxg	exact	0	
M0031	pdb6qxh	exact	0	
M0031	pdb6qxs	exact	0	
M0031	pdb6qya	substituted	1	CYS>CSX
M0031	pdb6qyq	substituted	1	CYS>CSX
M0031	pdb6r2e	substituted	1	CYS>CME
M0031	pdb6wep	exact	0	
M0031	pdb6y08	exact	0	
M0031	pdb6zxo	exact	0	
M0031	pdb7cc8	exact	0	
M0031	pdb7cca	exact	0	
M0031	pdb7ctw	exact	0	
M0031	pdb7cty	exact	0	
M0031	pdb7jx1	exact	0	
M0031	pdb7jxf	exact	0	
M0178	pdb1bmf	exact	0	
M0178	pdb1cow	exact	0	
M0178	pdb1e1q	exact	0	
M0178	pdb1e1r	exact	0	
M0178	pdb1e79	exact	0	
M0178	pdb1efr	exact	0	
M0178	pdb1fx0	substituted	1	ARG>THR
M0178	pdb1h8e	exact	0	
M0178	pdb1h8h	exact	0	
M0178	pdb1kmh	substituted	1	ARG>THR
M0178	pdb1mab	exact	0	
M0178	pdb1nbm	exact	0	
M0178	pdb1ohh	exact	0	
M0178	pdb1qo1	exact	0	
M0178	pdb1sky	exact	0	
M0178	pdb1vdz	substituted	1	ARG>LEU
M0178	pdb1w0j	exact	0	
M0178	pdb1w0k	exact	0	
M0178	pdb2c61	substituted	3	LYS>HIS,GLU>ILE,ARG>THR
M0178	pdb2ck3	exact	0	
M0178	pdb2dpy	exact	0	
M0178	pdb2f43	exact	0	
M0178	pdb2hld	exact	0	
M0178	pdb2jdi	exact	0	
M0178	pdb2jiz	exact	0	
M0178	pdb2jj1	exact	0	
M0178	pdb2jj2	exact	0	
M0178	pdb2obl	exact	0	
M0178	pdb2obm	exact	0	
M0178	pdb2qe7	exact	0	
M0178	pdb2r9v	substituted	2	GLU>GLN,ARG>LYS
M0178	pdb2rkw	substituted	3	LYS>HIS,GLU>ILE,ARG>THR
M0178	pdb2v7q	exact	0	
M0178	pdb2w6e	exact	0	
M0178	pdb2w6f	exact	0	
M0178	pdb2w6g	exact	0	
M0178	pdb2w6h	exact	0	
M0178	pdb2w6i	exact	0	
M0178	pdb2w6j	exact	0	
M0178	pdb2wpd	exact	0	
M0178	pdb2wss	exact	0	
M0178	pdb2xnd	exact	0	
M0178	pdb2xok	exact	0	
M0178	pdb3a5c	substituted	1	ARG>LEU
M0178	pdb3a5d	substituted	1	ARG>LEU
M0178	pdb3b2q	substituted	3	LYS>HIS,GLU>ILE,ARG>THR
M0178	pdb3dsr	substituted	3	LYS>HIS,GLU>ILE,ARG>THR
M0178	pdb3eiu	substituted	3	LYS>HIS,GLU>ILE,ARG>THR
M0178	pdb3fks	exact	0	
M0178	pdb3gqb	substituted	1	ARG>LEU
M0178	pdb3i4l	substituted	1	ARG>LEU
M0178	pdb3i72	substituted	1	ARG>LEU
M0178	pdb3i73	substituted	1	ARG>LEU
M0178	pdb3ikj	substituted	1	ARG>LEU
M0178	pdb3j0j	substituted	1	ARG>LEU
M0178	pdb3j9t	substituted	1	ARG>LYS
M0178	pdb3j9u	substituted	1	ARG>LYS
M0178	pdb3j9v	substituted	1	ARG>LYS
M0178	pdb3m4y	substituted	1	ARG>LEU
M0178	pdb3mfy	substituted	1	ARG>LEU
M0178	pdb3nd8	substituted	2	ARG>LEU,LYS>ALA
M0178	pdb3nd9	substituted	1	ARG>LEU
M0178	pdb3oaa	exact	0	
M0178	pdb3oe7	exact	0	
M0178	pdb3oee	exact	0	
M0178	pdb3oeh	exact	0	
M0178	pdb3ofn	exact	0	
M0178	pdb3p20	substituted	1	ARG>LEU
M0178	pdb3qg1	substituted	1	ARG>LEU
M0178	pdb3qia	substituted	1	ARG>LEU
M0178	pdb3qjy	substituted	1	ARG>LEU
M0178	pdb3sdz	substituted	1	ARG>LEU
M0178	pdb3se0	substituted	1	ARG>LEU
M0178	pdb3ssa	substituted	3	LYS>HIS,GLU>ILE,ARG>THR
M0178	pdb3tgw	substituted	3	LYS>ALA,GLU>ILE,ARG>THR
M0178	pdb3tiv	substituted	3	LYS>HIS,GLU>ILE,ARG>THR
M0178	pdb3vr2	partial	NA	
M0178	pdb3vr3	substituted	1	ARG>LEU
M0178	pdb3vr4	substituted	1	ARG>LEU
M0178	pdb3vr5	substituted	1	ARG>LEU
M0178	pdb3vr6	substituted	1	ARG>LEU
M0178	pdb3w3a	substituted	1	ARG>LEU
M0178	pdb3zia	exact	0	
M0178	pdb3zry	exact	0	
M0178	pdb4asu	exact	0	
M0178	pdb4b2q	exact	0	
M0178	pdb4nph	exact	0	
M0178	pdb4q4l	substituted	2	GLU>PHE,ARG>TYR
M0178	pdb4tsf	exact	0	
M0178	pdb4tt3	exact	0	
M0178	pdb4xd7	exact	0	
M0178	pdb4yxw	exact	0	
M0178	pdb4z1m	exact	0	
M0178	pdb5ara	exact	0	
M0178	pdb5are	exact	0	
M0178	pdb5arh	exact	0	
M0178	pdb5ari	exact	0	
M0178	pdb5b0o	exact	0	
M0178	pdb5bn3	substituted	1	ARG>LYS
M0178	pdb5bn4	substituted	1	ARG>LYS
M0178	pdb5bn5	substituted	1	ARG>LYS
M0178	pdb5bo5	substituted	3	LYS>MET,GLU>VAL,ARG>PRO
M0178	pdb5bw9	substituted	1	ARG>LYS
M0178	pdb5cdf	exact	0	
M0178	pdb5d80	substituted	1	ARG>LYS
M0178	pdb5dn6	exact	0	
M0178	pdb5fij	exact	0	
M0178	pdb5fik	exact	0	
M0178	pdb5fil	exact	0	
M0178	pdb5fl7	exact	0	
M0178	pdb5gar	substituted	1	ARG>LEU
M0178	pdb5gas	substituted	1	ARG>LEU
M0178	pdb5hkk	exact	0	
M0178	pdb5ik2	exact	0	
M0178	pdb5knb	substituted	1	ARG>LEU
M0178	pdb5knc	substituted	1	ARG>LEU
M0178	pdb5knd	substituted	1	ARG>LEU
M0178	pdb5lqx	substituted	2	GLU>GLN,ARG>LYS
M0178	pdb5lqy	substituted	2	GLU>GLN,ARG>LYS
M0178	pdb5lqz	substituted	2	GLU>GLN,ARG>LYS
M0178	pdb5swj	exact	0	
M0178	pdb5swl	substituted	1	GLU>ALA
M0178	pdb5syp	substituted	1	LYS>ALA
M0178	pdb5syr	substituted	1	ARG>ALA
M0178	pdb5t4o	exact	0	
M0178	pdb5t4p	exact	0	
M0178	pdb5t4q	exact	0	
M0178	pdb5tsj	substituted	1	ARG>LEU
M0178	pdb5vox	substituted	1	ARG>LYS
M0178	pdb5voy	substituted	1	ARG>LYS
M0178	pdb5voz	substituted	1	ARG>LYS
M0178	pdb5x09	substituted	1	ARG>LEU
M0178	pdb5y5x	substituted	1	ARG>LEU
M0178	pdb5y5y	substituted	1	ARG>LEU
M0178	pdb5y5z	substituted	1	ARG>LEU
M0178	pdb5y60	substituted	1	ARG>LEU
M0178	pdb5ybh	exact	0	
M0178	pdb5ybi	exact	0	
M0178	pdb5ze9	substituted	1	ARG>LEU
M0178	pdb5zea	substituted	1	ARG>LEU
M0178	pdb5zt1	exact	0	
M0178	pdb6b8h	exact	0	
M0178	pdb6cp3	exact	0	
M0178	pdb6cp6	exact	0	
M0178	pdb6f5d	exact	0	
M0178	pdb6fkf	substituted	1	ARG>THR
M0178	pdb6fkh	substituted	1	ARG>THR
M0178	pdb6fki	substituted	1	ARG>THR
M0178	pdb6foc	substituted	1	ARG>THR
M0178	pdb6j5i	exact	0	
M0178	pdb6j5j	exact	0	
M0178	pdb6j5k	partial	NA	
M0178	pdb6ly8	substituted	1	ARG>LEU
M0178	pdb6n2y	partial	NA	
M0178	pdb6n2z	partial	NA	
M0178	pdb6n30	partial	NA	
M0178	pdb6n6l	substituted	1	ARG>ALA
M0178	pdb6n6m	substituted	1	ARG>ALA
M0178	pdb6n6z	substituted	1	ARG>GLU
M0178	pdb6n70	exact	0	
M0178	pdb6n71	exact	0	
M0178	pdb6n72	exact	0	
M0178	pdb6n73	exact	0	
M0178	pdb6n74	exact	0	
M0178	pdb6n75	exact	0	
M0178	pdb6n76	exact	0	
M0178	pdb6njo	exact	0	
M0178	pdb6njp	exact	0	
M0178	pdb6o7v	substituted	1	ARG>LYS
M0178	pdb6o7w	substituted	1	ARG>LYS
M0178	pdb6o7x	substituted	1	ARG>LYS
M0178	pdb6oqr	exact	0	
M0178	pdb6oqs	exact	0	
M0178	pdb6oqt	exact	0	
M0178	pdb6oqu	exact	0	
M0178	pdb6oqv	exact	0	
M0178	pdb6oqw	exact	0	
M0178	pdb6pqv	exact	0	
M0178	pdb6q45	substituted	1	ARG>LYS
M0178	pdb6qum	substituted	1	ARG>LEU
M0178	pdb6r0w	substituted	1	ARG>LEU
M0178	pdb6r0y	substituted	1	ARG>LEU
M0178	pdb6r0z	substituted	1	ARG>LEU
M0178	pdb6r10	substituted	1	ARG>LEU
M0178	pdb6rad	exact	0	
M0178	pdb6rae	exact	0	
M0178	pdb6rd4	exact	0	
M0178	pdb6rd6	partial	NA	
M0178	pdb6rd9	exact	0	
M0178	pdb6rda	partial	NA	
M0178	pdb6rdb	exact	0	
M0178	pdb6rdc	exact	0	
M0178	pdb6rdd	partial	NA	
M0178	pdb6rde	exact	0	
M0178	pdb6rdf	partial	NA	
M0178	pdb6rdg	exact	0	
M0178	pdb6rdh	exact	0	
M0178	pdb6rdi	exact	0	
M0178	pdb6rdj	exact	0	
M0178	pdb6rdk	exact	0	
M0178	pdb6rdl	exact	0	
M0178	pdb6rdm	exact	0	
M0178	pdb6rdn	exact	0	
M0178	pdb6rdo	exact	0	
M0178	pdb6rdp	exact	0	
M0178	pdb6rdq	exact	0	
M0178	pdb6rdr	exact	0	
M0178	pdb6rds	exact	0	
M0178	pdb6rdt	exact	0	
M0178	pdb6rdu	exact	0	
M0178	pdb6rdv	exact	0	
M0178	pdb6rdw	exact	0	
M0178	pdb6rdx	exact	0	
M0178	pdb6rdy	exact	0	
M0178	pdb6rdz	exact	0	
M0178	pdb6re0	exact	0	
M0178	pdb6re1	exact	0	
M0178	pdb6re2	exact	0	
M0178	pdb6re3	exact	0	
M0178	pdb6re4	exact	0	
M0178	pdb6re5	exact	0	
M0178	pdb6re6	exact	0	
M0178	pdb6re7	exact	0	
M0178	pdb6re8	exact	0	
M0178	pdb6re9	exact	0	
M0178	pdb6rea	exact	0	
M0178	pdb6reb	exact	0	
M0178	pdb6rec	exact	0	
M0178	pdb6red	exact	0	
M0178	pdb6ree	exact	0	
M0178	pdb6ref	exact	0	
M0178	pdb6rep	exact	0	
M0178	pdb6rer	exact	0	
M0178	pdb6res	exact	0	
M0178	pdb6ret	exact	0	
M0178	pdb6reu	exact	0	
M0178	pdb6sdx	exact	0	
M0178	pdb6tdu	partial	NA	
M0178	pdb6tdy	substituted	4	ARG>SER,LYS>GLY,GLU>GLY,ARG>GLN
M0178	pdb6tdz	substituted	4	ARG>SER,LYS>GLY,GLU>GLY,ARG>GLN
M0178	pdb6te0	substituted	4	ARG>SER,LYS>GLY,GLU>GLY,ARG>GLN
M0178	pdb6tmh	exact	0	
M0178	pdb6tmi	partial	NA	
M0178	pdb6tmk	partial	NA	
M0178	pdb6tml	partial	NA	
M0178	pdb6tt7	exact	0	
M0178	pdb6vm1	substituted	1	ARG>THR
M0178	pdb6vm4	substituted	1	ARG>THR
M0178	pdb6vmb	substituted	1	ARG>THR
M0178	pdb6vmd	substituted	1	ARG>THR
M0178	pdb6vmg	substituted	1	ARG>THR
M0178	pdb6vof	substituted	1	ARG>THR
M0178	pdb6vog	substituted	1	ARG>THR
M0178	pdb6voh	substituted	1	ARG>THR
M0178	pdb6voi	substituted	1	ARG>THR
M0178	pdb6voj	substituted	1	ARG>THR
M0178	pdb6vok	substituted	1	ARG>THR
M0178	pdb6vol	substituted	1	ARG>THR
M0178	pdb6vom	substituted	1	ARG>THR
M0178	pdb6von	substituted	1	ARG>THR
M0178	pdb6voo	substituted	1	ARG>THR
M0178	pdb6vq6	substituted	1	ARG>LYS
M0178	pdb6vq7	substituted	1	ARG>LYS
M0178	pdb6vq8	substituted	1	ARG>LYS
M0178	pdb6vq9	substituted	1	ARG>LYS
M0178	pdb6vqa	substituted	1	ARG>LYS
M0178	pdb6vqb	substituted	1	ARG>LYS
M0178	pdb6wlz	substituted	1	ARG>LYS
M0178	pdb6wm2	substituted	1	ARG>LYS
M0178	pdb6wm3	substituted	1	ARG>LYS
M0178	pdb6wm4	substituted	1	ARG>LYS
M0178	pdb6wnq	exact	0	
M0178	pdb6wnr	exact	0	
M0178	pdb6xbw	substituted	1	ARG>LYS
M0178	pdb6xby	substituted	1	ARG>LYS
M0178	pdb6yny	partial	NA	
M0178	pdb6ynz	partial	NA	
M0178	pdb6yo0	partial	NA	
M0178	pdb6yy0	substituted	2	GLU>GLN,ARG>LYS
M0178	pdb6z1r	substituted	2	GLU>GLN,ARG>LYS
M0178	pdb6z1u	substituted	2	GLU>GLN,ARG>LYS
M0178	pdb6ziq	partial	NA	
M0178	pdb6zit	partial	NA	
M0178	pdb6ziu	partial	NA	
M0178	pdb6zpo	partial	NA	
M0178	pdb6zqm	substituted	2	GLU>GLN,ARG>LYS
M0178	pdb6zqn	substituted	2	GLU>GLN,ARG>LYS
M0178	pdb7ajb	partial	NA	
M0178	pdb7ajc	partial	NA	
M0178	pdb7ajd	partial	NA	
M0178	pdb7aje	partial	NA	
M0178	pdb7ajf	partial	NA	
M0178	pdb7ajg	partial	NA	
M0178	pdb7ajh	partial	NA	
M0178	pdb7aji	partial	NA	
M0178	pdb7ajj	partial	NA	
M0178	pdb7jg5	substituted	1	ARG>THR
M0178	pdb7jg6	substituted	1	ARG>THR
M0178	pdb7jg7	substituted	1	ARG>THR
M0178	pdb7jg8	substituted	1	ARG>THR
M0178	pdb7jg9	substituted	1	ARG>THR
M0178	pdb7jga	substituted	1	ARG>THR
M0178	pdb7khr	substituted	1	ARG>LYS
M0019	pdb1dl2	exact	0	
M0019	pdb1fmi	exact	0	
M0019	pdb1fo2	exact	0	
M0019	pdb1fo3	exact	0	
M0019	pdb1g6i	exact	0	
M0019	pdb1hcu	exact	0	
M0019	pdb1kkt	exact	0	
M0019	pdb1kre	exact	0	
M0019	pdb1krf	exact	0	
M0019	pdb1nxc	exact	0	
M0019	pdb1x9d	exact	0	
M0019	pdb2ri8	exact	0	
M0019	pdb2ri9	exact	0	
M0019	pdb4ayo	exact	0	
M0019	pdb4ayp	exact	0	
M0019	pdb4ayq	exact	0	
M0019	pdb4ayr	exact	0	
M0019	pdb5kij	exact	0	
M0019	pdb5kk7	exact	0	
M0019	pdb5kkb	exact	0	
M0019	pdb5meh	exact	0	
M0019	pdb5ne5	exact	0	
M0125	pdb1bt1	exact	0	
M0125	pdb1bt2	exact	0	
M0125	pdb1bt3	exact	0	
M0125	pdb1bug	exact	0	
M0125	pdb2p3x	exact	0	
M0125	pdb3j32	substituted	1	PHE>LEU
M0125	pdb3nm8	partial	NA	
M0125	pdb3npy	partial	NA	
M0125	pdb3nq0	partial	NA	
M0125	pdb3nq1	partial	NA	
M0125	pdb3nq5	partial	NA	
M0125	pdb3ntm	partial	NA	
M0125	pdb4bed	substituted	1	PHE>LEU
M0125	pdb4d87	partial	NA	
M0125	pdb4hd4	substituted	1	HIS>TYR
M0125	pdb4hd6	substituted	1	HIS>TYR
M0125	pdb4hd7	partial	NA	
M0125	pdb4j6t	partial	NA	
M0125	pdb4j6u	partial	NA	
M0125	pdb4j6v	partial	NA	
M0125	pdb4p6r	partial	NA	
M0125	pdb4p6s	partial	NA	
M0125	pdb4p6t	partial	NA	
M0125	pdb4yd9	partial	NA	
M0125	pdb4z0y	substituted	1	HIS>HS8
M0125	pdb4z0z	substituted	1	HIS>HS8
M0125	pdb4z10	substituted	1	HIS>HS8
M0125	pdb4z11	exact	0	
M0125	pdb4z12	exact	0	
M0125	pdb4z13	exact	0	
M0125	pdb4z14	exact	0	
M0125	pdb5ce9	exact	0	
M0125	pdb5i38	partial	NA	
M0125	pdb5i3a	partial	NA	
M0125	pdb5i3b	partial	NA	
M0125	pdb6els	exact	0	
M0125	pdb6hqi	exact	0	
M0125	pdb6hqj	exact	0	
M0125	pdb6r83	partial	NA	
M0125	pdb6z1s	partial	NA	
M0181	pdb1fez	exact	0	
M0181	pdb1rdf	exact	0	
M0181	pdb1rql	exact	0	
M0181	pdb1rqn	exact	0	
M0181	pdb1swv	substituted	1	ASP>ALA
M0181	pdb1sww	substituted	1	ASP>ALA
M0181	pdb2iof	exact	0	
M0181	pdb2ioh	substituted	1	LYS>ARG
M0181	pdb3iru	substituted	1	MET>MSE
M0466	pdb1bls	partial	NA	
M0466	pdb1c3b	partial	NA	
M0466	pdb1cef	partial	NA	
M0466	pdb1ceg	partial	NA	
M0466	pdb1ci8	exact	0	
M0466	pdb1ci9	exact	0	
M0466	pdb1ei5	partial	NA	
M0466	pdb1fcm	partial	NA	
M0466	pdb1fcn	partial	NA	
M0466	pdb1fco	partial	NA	
M0466	pdb1fr1	partial	NA	
M0466	pdb1fr6	partial	NA	
M0466	pdb1fsw	partial	NA	
M0466	pdb1fsy	partial	NA	
M0466	pdb1ga0	partial	NA	
M0466	pdb1ga9	partial	NA	
M0466	pdb1gce	partial	NA	
M0466	pdb1hvb	partial	NA	
M0466	pdb1i5q	partial	NA	
M0466	pdb1iel	partial	NA	
M0466	pdb1iem	partial	NA	
M0466	pdb1ikg	partial	NA	
M0466	pdb1iki	partial	NA	
M0466	pdb1kds	partial	NA	
M0466	pdb1kdw	partial	NA	
M0466	pdb1ke0	partial	NA	
M0466	pdb1ke3	partial	NA	
M0466	pdb1ke4	partial	NA	
M0466	pdb1kvl	partial	NA	
M0466	pdb1kvm	partial	NA	
M0466	pdb1l0d	partial	NA	
M0466	pdb1l0e	partial	NA	
M0466	pdb1l0f	partial	NA	
M0466	pdb1l0g	partial	NA	
M0466	pdb1l2s	partial	NA	
M0466	pdb1ll5	partial	NA	
M0466	pdb1ll9	partial	NA	
M0466	pdb1llb	partial	NA	
M0466	pdb1mpl	partial	NA	
M0466	pdb1mxo	partial	NA	
M0466	pdb1my8	partial	NA	
M0466	pdb1o07	partial	NA	
M0466	pdb1onh	partial	NA	
M0466	pdb1pi4	partial	NA	
M0466	pdb1pi5	partial	NA	
M0466	pdb1pw1	partial	NA	
M0466	pdb1pw8	partial	NA	
M0466	pdb1pwc	partial	NA	
M0466	pdb1pwd	partial	NA	
M0466	pdb1pwg	partial	NA	
M0466	pdb1q2q	partial	NA	
M0466	pdb1rgy	partial	NA	
M0466	pdb1rgz	partial	NA	
M0466	pdb1s6r	partial	NA	
M0466	pdb1scw	partial	NA	
M0466	pdb1sde	partial	NA	
M0466	pdb1xgi	partial	NA	
M0466	pdb1xgj	partial	NA	
M0466	pdb1xx2	partial	NA	
M0466	pdb1y54	partial	NA	
M0466	pdb1yqs	partial	NA	
M0466	pdb1zc2	partial	NA	
M0466	pdb1zkj	partial	NA	
M0466	pdb2bls	partial	NA	
M0466	pdb2dns	partial	NA	
M0466	pdb2drw	partial	NA	
M0466	pdb2efu	partial	NA	
M0466	pdb2efx	partial	NA	
M0466	pdb2ffy	partial	NA	
M0466	pdb2hdq	partial	NA	
M0466	pdb2hdr	partial	NA	
M0466	pdb2hds	partial	NA	
M0466	pdb2hdu	partial	NA	
M0466	pdb2i72	partial	NA	
M0466	pdb2p9v	partial	NA	
M0466	pdb2pu2	partial	NA	
M0466	pdb2pu4	partial	NA	
M0466	pdb2q9m	partial	NA	
M0466	pdb2q9n	partial	NA	
M0466	pdb2qmi	partial	NA	
M0466	pdb2qz6	partial	NA	
M0466	pdb2r9w	partial	NA	
M0466	pdb2r9x	partial	NA	
M0466	pdb2rcx	partial	NA	
M0466	pdb2zj9	partial	NA	
M0466	pdb3bls	partial	NA	
M0466	pdb3bm6	partial	NA	
M0466	pdb3fkv	partial	NA	
M0466	pdb3fkw	partial	NA	
M0466	pdb3gqz	partial	NA	
M0466	pdb3gr2	partial	NA	
M0466	pdb3grj	partial	NA	
M0466	pdb3gsg	partial	NA	
M0466	pdb3gtc	partial	NA	
M0466	pdb3gv9	partial	NA	
M0466	pdb3gvb	partial	NA	
M0466	pdb3hl9	partial	NA	
M0466	pdb3hlb	partial	NA	
M0466	pdb3hlc	partial	NA	
M0466	pdb3hld	partial	NA	
M0466	pdb3hle	partial	NA	
M0466	pdb3hlf	partial	NA	
M0466	pdb3hlg	partial	NA	
M0466	pdb3iwi	partial	NA	
M0466	pdb3iwo	partial	NA	
M0466	pdb3iwq	partial	NA	
M0466	pdb3ixb	partial	NA	
M0466	pdb3ixd	partial	NA	
M0466	pdb3ixg	partial	NA	
M0466	pdb3ixh	partial	NA	
M0466	pdb3o3v	partial	NA	
M0466	pdb3o86	partial	NA	
M0466	pdb3o87	partial	NA	
M0466	pdb3o88	partial	NA	
M0466	pdb3ozh	partial	NA	
M0466	pdb3pte	partial	NA	
M0466	pdb3rju	partial	NA	
M0466	pdb3s4x	partial	NA	
M0466	pdb3tg9	partial	NA	
M0466	pdb3w8k	partial	NA	
M0466	pdb3wrt	partial	NA	
M0466	pdb3wrz	partial	NA	
M0466	pdb3ws0	partial	NA	
M0466	pdb3ws1	partial	NA	
M0466	pdb3ws2	partial	NA	
M0466	pdb3ws4	partial	NA	
M0466	pdb3ws5	partial	NA	
M0466	pdb3wwx	partial	NA	
M0466	pdb4e3i	partial	NA	
M0466	pdb4e3j	partial	NA	
M0466	pdb4e3k	partial	NA	
M0466	pdb4e3l	partial	NA	
M0466	pdb4e3m	partial	NA	
M0466	pdb4e3n	partial	NA	
M0466	pdb4e3o	partial	NA	
M0466	pdb4e6w	partial	NA	
M0466	pdb4e6x	partial	NA	
M0466	pdb4gdn	partial	NA	
M0466	pdb4hef	partial	NA	
M0466	pdb4ivi	substituted	4	LEU>PHE,ILE>LEU,HIS>MSE,VAL>ALA
M0466	pdb4ivk	substituted	4	LEU>PHE,ILE>LEU,HIS>MET,VAL>ALA
M0466	pdb4jxg	partial	NA	
M0466	pdb4jxs	partial	NA	
M0466	pdb4jxv	partial	NA	
M0466	pdb4jxw	partial	NA	
M0466	pdb4ken	partial	NA	
M0466	pdb4kg2	partial	NA	
M0466	pdb4kg5	partial	NA	
M0466	pdb4kg6	partial	NA	
M0466	pdb4kz3	partial	NA	
M0466	pdb4kz4	partial	NA	
M0466	pdb4kz5	partial	NA	
M0466	pdb4kz6	partial	NA	
M0466	pdb4kz7	partial	NA	
M0466	pdb4kz8	partial	NA	
M0466	pdb4kz9	partial	NA	
M0466	pdb4kza	partial	NA	
M0466	pdb4kzb	partial	NA	
M0466	pdb4lcl	partial	NA	
M0466	pdb4lcm	partial	NA	
M0466	pdb4lv0	partial	NA	
M0466	pdb4lv1	partial	NA	
M0466	pdb4lv2	partial	NA	
M0466	pdb4lv3	partial	NA	
M0466	pdb4okp	partial	NA	
M0466	pdb4old	partial	NA	
M0466	pdb4olg	partial	NA	
M0466	pdb4p6b	substituted	10	TYR>ASP,LEU>SER,ILE>GLU,TYR>SER,ASP>VAL,HIS>GLY,TRP>SER,VAL>ALA,SER>MET,LYS>PRO
M0466	pdb4p85	substituted	9	LEU>ASP,ILE>GLY,TYR>GLU,ASP>GLU,HIS>ARG,TRP>PRO,VAL>ASN,SER>MET,LYS>GLU
M0466	pdb4p87	substituted	9	LEU>ASP,ILE>GLY,TYR>GLU,ASP>GLU,HIS>ARG,TRP>PRO,VAL>ASN,SER>MET,LYS>GLU
M0466	pdb4wbg	partial	NA	
M0466	pdb4xux	partial	NA	
M0466	pdb4y7p	partial	NA	
M0466	pdb5cgs	partial	NA	
M0466	pdb5cgw	partial	NA	
M0466	pdb5cgx	partial	NA	
M0466	pdb5chj	partial	NA	
M0466	pdb5chm	partial	NA	
M0466	pdb5chu	partial	NA	
M0466	pdb5e2g	partial	NA	
M0466	pdb5evi	partial	NA	
M0466	pdb5evl	partial	NA	
M0466	pdb5f1f	partial	NA	
M0466	pdb5f1g	partial	NA	
M0466	pdb5ggw	partial	NA	
M0466	pdb5gkv	partial	NA	
M0466	pdb5gsc	partial	NA	
M0466	pdb5gzw	partial	NA	
M0466	pdb5hai	partial	NA	
M0466	pdb5joc	partial	NA	
M0466	pdb5k1d	partial	NA	
M0466	pdb5k1f	partial	NA	
M0466	pdb5tgf	partial	NA	
M0466	pdb5xhr	partial	NA	
M0058	pdb1ab8	partial	NA	
M0058	pdb1azs	substituted	2	ASP>SER,ASP>SER
M0058	pdb1cjk	substituted	2	ASP>SER,ASP>SER
M0058	pdb1cjt	substituted	2	ASP>SER,ASP>SER
M0058	pdb1cju	substituted	2	ASP>SER,ASP>SER
M0058	pdb1cjv	substituted	2	ASP>SER,ASP>SER
M0058	pdb1cs4	substituted	2	ASP>SER,ASP>SER
M0058	pdb1cul	substituted	2	ASP>SER,ASP>SER
M0058	pdb1tl7	substituted	2	ASP>SER,ASP>SER
M0058	pdb1u0h	substituted	2	ASP>SER,ASP>SER
M0058	pdb1yk9	exact	0	
M0058	pdb2gvd	substituted	2	ASP>SER,ASP>SER
M0058	pdb2gvz	substituted	2	ASP>SER,ASP>SER
M0058	pdb2w01	partial	NA	
M0058	pdb2wz1	substituted	1	ASP>GLY
M0058	pdb3c14	substituted	2	ASP>SER,ASP>SER
M0058	pdb3c15	substituted	2	ASP>SER,ASP>SER
M0058	pdb3c16	substituted	2	ASP>SER,ASP>SER
M0058	pdb3et6	exact	0	
M0058	pdb3g82	substituted	2	ASP>SER,ASP>SER
M0058	pdb3maa	substituted	2	ASP>SER,ASP>SER
M0058	pdb3r5g	partial	NA	
M0058	pdb3uvj	substituted	1	ASP>GLY
M0058	pdb4ni2	substituted	1	ASP>GLY
M0058	pdb4p2f	exact	0	
M0058	pdb4p2m	exact	0	
M0058	pdb4p2x	exact	0	
M0058	pdb5o5k	exact	0	
M0058	pdb5o5l	exact	0	
M0058	pdb5oyh	exact	0	
M0058	pdb6ao9	partial	NA	
M0058	pdb6aoa	partial	NA	
M0058	pdb6aob	partial	NA	
M0058	pdb6jt0	substituted	1	ASP>GLY
M0058	pdb6jt1	substituted	1	ASP>GLY
M0058	pdb6jt2	substituted	1	ASP>GLY
M0058	pdb6pas	substituted	1	ASP>GLY
M0058	pdb6pat	substituted	1	ASP>GLY
M0058	pdb6r3q	substituted	1	ARG>LEU
M0058	pdb6r4o	substituted	1	ARG>LEU
M0058	pdb6r4p	substituted	1	ARG>LEU
M0058	pdb6sir	exact	0	
M0683	pdb1g57	substituted	2	TYR>PHE,ASP>GLU
M0683	pdb1g58	substituted	2	TYR>PHE,ASP>GLU
M0683	pdb1iez	substituted	2	TYR>PHE,ASP>GLU
M0683	pdb1k49	exact	0	
M0683	pdb1k4i	exact	0	
M0683	pdb1k4l	exact	0	
M0683	pdb1k4o	exact	0	
M0683	pdb1k4p	exact	0	
M0683	pdb1pvw	substituted	2	TYR>PHE,ASP>ASN
M0683	pdb1pvy	substituted	3	HIS>SER,TYR>PHE,ASP>ASN
M0683	pdb1snn	substituted	3	HIS>SER,TYR>PHE,ASP>ASN
M0683	pdb1tks	exact	0	
M0683	pdb1tku	exact	0	
M0683	pdb2ris	exact	0	
M0683	pdb2riu	exact	0	
M0683	pdb3h07	substituted	2	TYR>PHE,ASP>GLU
M0683	pdb3lqu	substituted	2	TYR>PHE,ASP>GLU
M0683	pdb3lrj	substituted	2	TYR>PHE,ASP>GLU
M0683	pdb3ls6	substituted	2	TYR>PHE,ASP>GLU
M0683	pdb3mgz	exact	0	
M0683	pdb3mio	exact	0	
M0683	pdb3mk5	exact	0	
M0683	pdb4ffj	substituted	1	TYR>PHE
M0683	pdb4i14	exact	0	
M0683	pdb4p6c	substituted	2	TYR>PHE,ASP>GLU
M0683	pdb4p6d	substituted	2	TYR>PHE,ASP>GLU
M0683	pdb4p6p	substituted	2	TYR>PHE,ASP>GLU
M0683	pdb4p77	substituted	2	TYR>PHE,ASP>GLU
M0683	pdb4p8e	substituted	2	TYR>PHE,ASP>GLU
M0683	pdb4p8j	substituted	2	TYR>PHE,ASP>GLU
M0925	pdb1ogp	substituted	1	ASN>TYR
M0925	pdb1sox	substituted	1	ASN>TYR
M0925	pdb2a99	substituted	1	ASN>TYR
M0925	pdb2a9a	substituted	1	ASN>TYR
M0925	pdb2a9b	substituted	1	ASN>TYR
M0925	pdb2a9c	substituted	1	ASN>TYR
M0925	pdb2a9d	substituted	1	ASN>TYR
M0925	pdb2bii	exact	0	
M0925	pdb2blf	substituted	2	ASP>ALA,ASN>TYR
M0925	pdb2bpb	substituted	2	ASP>ALA,ASN>TYR
M0925	pdb2c9x	substituted	2	ASP>ALA,ASN>PHE
M0925	pdb2ca3	substituted	2	ASP>ALA,ASN>TYR
M0925	pdb2ca4	substituted	2	ASP>ALA,ASN>TYR
M0925	pdb2xts	substituted	2	ASP>LYS,ASN>TYR
M0925	pdb3hbg	partial	NA	
M0925	pdb3hbp	substituted	2	CYS>SER,ASN>TYR
M0925	pdb3hbq	substituted	2	CYS>ALA,ASN>TYR
M0925	pdb3hc2	substituted	1	ASN>PHE
M0925	pdb3r18	exact	0	
M0925	pdb3r19	exact	0	
M0925	pdb4pw3	substituted	2	ASP>SER,ASN>TYR
M0925	pdb4pw9	substituted	2	ASP>SER,ASN>TYR
M0925	pdb5k3x	substituted	2	ASP>SER,ASN>TYR
M0925	pdb5wa0	substituted	2	ASP>SER,ASN>TYR
M0081	pdb1csm	exact	0	
M0081	pdb2csm	exact	0	
M0081	pdb3csm	exact	0	
M0081	pdb4csm	exact	0	
M0081	pdb4ppu	substituted	2	ASN>PHE,GLU>GLN
M0081	pdb4ppv	substituted	2	ASN>PHE,GLU>GLN
M0081	pdb5csm	exact	0	
M0081	pdb5w6y	substituted	2	ASN>PHE,GLU>GLN
M0081	pdb6h3p	substituted	1	ASN>PHE
M0081	pdb6hjw	substituted	2	ASN>TYR,GLU>GLN
M0090	pdb1a7a	exact	0	
M0090	pdb1b3r	exact	0	
M0090	pdb1d4f	exact	0	
M0090	pdb1k0u	exact	0	
M0090	pdb1ky4	exact	0	
M0090	pdb1ky5	exact	0	
M0090	pdb1li4	exact	0	
M0090	pdb1v8b	exact	0	
M0090	pdb1xwf	substituted	1	LYS>ASN
M0090	pdb2h5l	exact	0	
M0090	pdb2ziz	substituted	1	CYS>THR
M0090	pdb2zj0	substituted	1	CYS>THR
M0090	pdb2zj1	substituted	1	CYS>THR
M0090	pdb3ce6	substituted	1	CYS>THR
M0090	pdb3d64	exact	0	
M0090	pdb3dhy	substituted	1	CYS>THR
M0090	pdb3g1u	exact	0	
M0090	pdb3glq	exact	0	
M0090	pdb3gvp	substituted	3	HIS>VAL,SER>THR,SER>ALA
M0090	pdb3h9u	exact	0	
M0090	pdb3mtg	substituted	3	HIS>VAL,SER>THR,SER>ALA
M0090	pdb3n58	exact	0	
M0090	pdb3nj4	exact	0	
M0090	pdb3ond	exact	0	
M0090	pdb3one	exact	0	
M0090	pdb3onf	exact	0	
M0090	pdb3x2e	substituted	2	CYS>THR,SER>GLY
M0090	pdb3x2f	substituted	2	CYS>THR,SER>GLY
M0090	pdb4lvc	exact	0	
M0090	pdb4pfj	exact	0	
M0090	pdb4pgf	exact	0	
M0090	pdb4yvf	exact	0	
M0090	pdb5axa	exact	0	
M0090	pdb5axb	exact	0	
M0090	pdb5axc	exact	0	
M0090	pdb5axd	exact	0	
M0090	pdb5hm8	exact	0	
M0090	pdb5jpi	exact	0	
M0090	pdb5jxw	exact	0	
M0090	pdb5m5k	exact	0	
M0090	pdb5m65	exact	0	
M0090	pdb5m66	exact	0	
M0090	pdb5m67	exact	0	
M0090	pdb5t8k	exact	0	
M0090	pdb5tj9	exact	0	
M0090	pdb5tls	exact	0	
M0090	pdb5tov	substituted	2	CYS>THR,SER>GLY
M0090	pdb5tow	substituted	2	CYS>THR,SER>GLY
M0090	pdb5utu	exact	0	
M0090	pdb5v96	substituted	4	ASP>ILE,HIS>LEU,SER>ASP,SER>ALA
M0090	pdb5w49	exact	0	
M0090	pdb5w4b	exact	0	
M0090	pdb6aph	exact	0	
M0090	pdb6exi	exact	0	
M0090	pdb6f3m	exact	0	
M0090	pdb6f3n	exact	0	
M0090	pdb6f3o	exact	0	
M0090	pdb6f3p	exact	0	
M0090	pdb6f3q	exact	0	
M0090	pdb6gbn	substituted	13	GLU>THR,ASN>VAL,LYS>PHE,ASP>TYR,ASN>GLY,CYS>SER,HIS>ASN,HIS>PHE,SER>ASN,GLN>ALA,HIS>ILE,SER>ILE,SER>ASP
M0090	pdb6uk3	exact	0	
M0429	pdb1brm	exact	0	
M0429	pdb1gl3	exact	0	
M0429	pdb1mb4	exact	0	
M0429	pdb1mc4	exact	0	
M0429	pdb1nwc	exact	0	
M0429	pdb1nwh	substituted	1	CYS>HTI
M0429	pdb1nx6	substituted	1	CYS>HTI
M0429	pdb1oza	exact	0	
M0429	pdb1pqp	substituted	1	CYS>SER
M0429	pdb1pqu	substituted	1	HIS>ASN
M0429	pdb1pr3	exact	0	
M0429	pdb1ps8	substituted	1	ARG>LYS
M0429	pdb1pu2	substituted	1	CYS>HTI
M0429	pdb1q2x	substituted	1	CYS>HTI
M0429	pdb1t4b	exact	0	
M0429	pdb1t4d	exact	0	
M0429	pdb1ta4	exact	0	
M0429	pdb1tb4	exact	0	
M0429	pdb2gyy	exact	0	
M0429	pdb2gz1	exact	0	
M0429	pdb2gz2	exact	0	
M0429	pdb2gz3	exact	0	
M0429	pdb2qz9	exact	0	
M0429	pdb2r00	exact	0	
M0429	pdb2yv3	exact	0	
M0429	pdb3pwk	exact	0	
M0429	pdb3pws	exact	0	
M0429	pdb3pyl	exact	0	
M0429	pdb3pyx	exact	0	
M0429	pdb3pzb	exact	0	
M0429	pdb3pzr	exact	0	
M0429	pdb3q0e	exact	0	
M0429	pdb3q11	exact	0	
M0429	pdb3q1l	exact	0	
M0429	pdb3tz6	exact	0	
M0429	pdb3uw3	exact	0	
M0429	pdb3vos	exact	0	
M0429	pdb4r3n	exact	0	
M0429	pdb4r3w	exact	0	
M0429	pdb4r41	exact	0	
M0429	pdb4r4j	exact	0	
M0429	pdb4r51	exact	0	
M0429	pdb4r54	exact	0	
M0429	pdb4r5h	exact	0	
M0429	pdb4r5m	exact	0	
M0429	pdb4woj	substituted	4	CYS>PHE,GLN>ASN,ARG>ASP,HIS>PRO
M0429	pdb5bnt	exact	0	
M0429	pdb6bac	exact	0	
M0447	pdb1cg2	exact	0	
M0447	pdb1lfw	partial	NA	
M0447	pdb2rb7	partial	NA	
M0447	pdb3gb0	substituted	2	GLU>ASP,HIS>THR
M0447	pdb3io1	partial	NA	
M0447	pdb3tx8	substituted	2	GLU>VAL,HIS>LYS
M0768	pdb1a29	partial	NA	
M0768	pdb1a2x	partial	NA	
M0768	pdb1ahr	partial	NA	
M0768	pdb1cdl	partial	NA	
M0768	pdb1cdm	partial	NA	
M0768	pdb1cfc	partial	NA	
M0768	pdb1cfd	partial	NA	
M0768	pdb1cff	partial	NA	
M0768	pdb1ckk	partial	NA	
M0768	pdb1cll	partial	NA	
M0768	pdb1clm	partial	NA	
M0768	pdb1cm1	partial	NA	
M0768	pdb1cm4	partial	NA	
M0768	pdb1ctr	partial	NA	
M0768	pdb1deg	partial	NA	
M0768	pdb1dmo	partial	NA	
M0768	pdb1ej3	exact	0	
M0768	pdb1el4	exact	0	
M0768	pdb1exr	partial	NA	
M0768	pdb1g4y	partial	NA	
M0768	pdb1ggz	partial	NA	
M0768	pdb1iq5	partial	NA	
M0768	pdb1iwq	partial	NA	
M0768	pdb1jf0	exact	0	
M0768	pdb1jf2	substituted	1	TRP>PHE
M0768	pdb1k90	partial	NA	
M0768	pdb1k93	partial	NA	
M0768	pdb1l7z	partial	NA	
M0768	pdb1lin	partial	NA	
M0768	pdb1lvc	partial	NA	
M0768	pdb1mux	partial	NA	
M0768	pdb1mxe	partial	NA	
M0768	pdb1n0y	partial	NA	
M0768	pdb1ncx	partial	NA	
M0768	pdb1ncy	partial	NA	
M0768	pdb1ncz	partial	NA	
M0768	pdb1niw	partial	NA	
M0768	pdb1nwd	partial	NA	
M0768	pdb1ooj	partial	NA	
M0768	pdb1osa	partial	NA	
M0768	pdb1pk0	partial	NA	
M0768	pdb1prw	partial	NA	
M0768	pdb1qiv	partial	NA	
M0768	pdb1qiw	partial	NA	
M0768	pdb1qs7	partial	NA	
M0768	pdb1qtx	partial	NA	
M0768	pdb1qv0	exact	0	
M0768	pdb1qv1	exact	0	
M0768	pdb1qx5	partial	NA	
M0768	pdb1qx7	partial	NA	
M0768	pdb1rfj	partial	NA	
M0768	pdb1s26	partial	NA	
M0768	pdb1s36	substituted	1	TRP>PHE
M0768	pdb1sk6	partial	NA	
M0768	pdb1sl7	partial	NA	
M0768	pdb1sl8	exact	0	
M0768	pdb1sl9	exact	0	
M0768	pdb1sy9	partial	NA	
M0768	pdb1tcf	partial	NA	
M0768	pdb1tn4	partial	NA	
M0768	pdb1tnw	partial	NA	
M0768	pdb1tnx	partial	NA	
M0768	pdb1top	partial	NA	
M0768	pdb1uhh	exact	0	
M0768	pdb1uhi	exact	0	
M0768	pdb1uhj	exact	0	
M0768	pdb1uhk	exact	0	
M0768	pdb1up5	partial	NA	
M0768	pdb1vrk	partial	NA	
M0768	pdb1wrz	partial	NA	
M0768	pdb1x02	partial	NA	
M0768	pdb1xa5	partial	NA	
M0768	pdb1xfu	partial	NA	
M0768	pdb1xfv	partial	NA	
M0768	pdb1xfw	partial	NA	
M0768	pdb1xfx	partial	NA	
M0768	pdb1xfy	partial	NA	
M0768	pdb1xfz	partial	NA	
M0768	pdb1y0v	partial	NA	
M0768	pdb1y6w	partial	NA	
M0768	pdb1yr5	partial	NA	
M0768	pdb1ytz	partial	NA	
M0768	pdb1yv0	partial	NA	
M0768	pdb1zuz	partial	NA	
M0768	pdb2aao	partial	NA	
M0768	pdb2bbm	partial	NA	
M0768	pdb2bbn	partial	NA	
M0768	pdb2bcx	partial	NA	
M0768	pdb2be6	partial	NA	
M0768	pdb2bkh	partial	NA	
M0768	pdb2bki	partial	NA	
M0768	pdb2dfs	partial	NA	
M0768	pdb2f2o	partial	NA	
M0768	pdb2f2p	partial	NA	
M0768	pdb2f3y	partial	NA	
M0768	pdb2f3z	partial	NA	
M0768	pdb2f8p	exact	0	
M0768	pdb2fot	partial	NA	
M0768	pdb2ggm	partial	NA	
M0768	pdb2hqw	partial	NA	
M0768	pdb2ix7	partial	NA	
M0768	pdb2jzi	partial	NA	
M0768	pdb2k0e	partial	NA	
M0768	pdb2k0f	partial	NA	
M0768	pdb2k0j	partial	NA	
M0768	pdb2k61	partial	NA	
M0768	pdb2kdu	partial	NA	
M0768	pdb2kne	partial	NA	
M0768	pdb2l1w	partial	NA	
M0768	pdb2l53	partial	NA	
M0768	pdb2l7l	partial	NA	
M0768	pdb2lgf	partial	NA	
M0768	pdb2ll6	partial	NA	
M0768	pdb2ll7	partial	NA	
M0768	pdb2lv6	partial	NA	
M0768	pdb2m0j	partial	NA	
M0768	pdb2m0k	partial	NA	
M0768	pdb2m3s	partial	NA	
M0768	pdb2m55	partial	NA	
M0768	pdb2mes	partial	NA	
M0768	pdb2mg5	partial	NA	
M0768	pdb2mgu	partial	NA	
M0768	pdb2n27	partial	NA	
M0768	pdb2n6a	partial	NA	
M0768	pdb2n8j	partial	NA	
M0768	pdb2o5g	partial	NA	
M0768	pdb2o60	partial	NA	
M0768	pdb2r28	partial	NA	
M0768	pdb2tn4	partial	NA	
M0768	pdb2v01	partial	NA	
M0768	pdb2v02	partial	NA	
M0768	pdb2vas	partial	NA	
M0768	pdb2vay	partial	NA	
M0768	pdb2vb6	partial	NA	
M0768	pdb2w49	partial	NA	
M0768	pdb2w4u	partial	NA	
M0768	pdb2w73	partial	NA	
M0768	pdb2wel	partial	NA	
M0768	pdb2x0g	partial	NA	
M0768	pdb2x51	partial	NA	
M0768	pdb2y4v	partial	NA	
M0768	pdb2ygg	partial	NA	
M0768	pdb3bxk	partial	NA	
M0768	pdb3bxl	partial	NA	
M0768	pdb3bya	partial	NA	
M0768	pdb3cln	partial	NA	
M0768	pdb3dve	partial	NA	
M0768	pdb3dvj	partial	NA	
M0768	pdb3dvk	partial	NA	
M0768	pdb3dvm	partial	NA	
M0768	pdb3ewt	partial	NA	
M0768	pdb3ewv	partial	NA	
M0768	pdb3g43	partial	NA	
M0768	pdb3gn4	partial	NA	
M0768	pdb3gof	partial	NA	
M0768	pdb3gp2	partial	NA	
M0768	pdb3hr4	partial	NA	
M0768	pdb3if7	partial	NA	
M0768	pdb3j41	partial	NA	
M0768	pdb3kf9	partial	NA	
M0768	pdb3kpx	exact	0	
M0768	pdb3l9i	partial	NA	
M0768	pdb3o77	partial	NA	
M0768	pdb3o78	partial	NA	
M0768	pdb3oxq	partial	NA	
M0768	pdb3qrx	partial	NA	
M0768	pdb3sjq	partial	NA	
M0768	pdb3sui	partial	NA	
M0768	pdb3u0k	partial	NA	
M0768	pdb3wfn	partial	NA	
M0768	pdb4anj	partial	NA	
M0768	pdb4aqr	partial	NA	
M0768	pdb4bw7	partial	NA	
M0768	pdb4bw8	partial	NA	
M0768	pdb4byf	partial	NA	
M0768	pdb4cln	partial	NA	
M0768	pdb4dbp	partial	NA	
M0768	pdb4dbq	partial	NA	
M0768	pdb4dck	partial	NA	
M0768	pdb4djc	partial	NA	
M0768	pdb4e50	partial	NA	
M0768	pdb4e53	partial	NA	
M0768	pdb4ehq	partial	NA	
M0768	pdb4g27	partial	NA	
M0768	pdb4g28	partial	NA	
M0768	pdb4gow	partial	NA	
M0768	pdb4hex	partial	NA	
M0768	pdb4il1	partial	NA	
M0768	pdb4j9y	partial	NA	
M0768	pdb4j9z	partial	NA	
M0768	pdb4jpz	partial	NA	
M0768	pdb4jq0	partial	NA	
M0768	pdb4l79	partial	NA	
M0768	pdb4lzx	partial	NA	
M0768	pdb4m1l	partial	NA	
M0768	pdb4mn0	partial	NA	
M0768	pdb4mrx	substituted	1	TYR>PHE
M0768	pdb4mry	substituted	1	TYR>PHE
M0768	pdb4n1f	exact	0	
M0768	pdb4n1g	exact	0	
M0768	pdb4nqg	exact	0	
M0768	pdb4ovn	partial	NA	
M0768	pdb4oy4	partial	NA	
M0768	pdb4pjj	partial	NA	
M0768	pdb4q5u	partial	NA	
M0768	pdb4qnh	partial	NA	
M0768	pdb4r8g	partial	NA	
M0768	pdb4tnc	partial	NA	
M0768	pdb4umo	partial	NA	
M0768	pdb4upu	partial	NA	
M0768	pdb4v0c	partial	NA	
M0768	pdb4zlk	partial	NA	
M0768	pdb5a2h	partial	NA	
M0768	pdb5bpj	partial	NA	
M0768	pdb5dbr	partial	NA	
M0768	pdb5dow	partial	NA	
M0768	pdb5e1k	partial	NA	
M0768	pdb5e1n	partial	NA	
M0768	pdb5e1p	partial	NA	
M0768	pdb5ggm	partial	NA	
M0768	pdb5hit	partial	NA	
M0768	pdb5i0i	partial	NA	
M0768	pdb5j03	partial	NA	
M0768	pdb5j7j	partial	NA	
M0768	pdb5j8h	partial	NA	
M0768	pdb5jqa	partial	NA	
M0768	pdb5jth	partial	NA	
M0768	pdb5k7l	partial	NA	
M0768	pdb5k8q	partial	NA	
M0768	pdb5nin	partial	NA	
M0768	pdb5sy1	partial	NA	
M0768	pdb5t0x	partial	NA	
M0768	pdb5tnc	partial	NA	
M0768	pdb5tp6	partial	NA	
M0768	pdb5vms	partial	NA	
M0768	pdb5wsu	partial	NA	
M0768	pdb5wsv	partial	NA	
M0261	pdb1dgp	exact	0	
M0261	pdb1di1	exact	0	
M0261	pdb2e4o	exact	0	
M0261	pdb2oa6	exact	0	
M0261	pdb3bnx	exact	0	
M0261	pdb3bny	exact	0	
M0261	pdb3cke	exact	0	
M0261	pdb4kux	exact	0	
M0261	pdb4kvd	exact	0	
M0261	pdb4kvi	exact	0	
M0261	pdb4kvw	exact	0	
M0261	pdb4kvy	exact	0	
M0261	pdb4kwd	exact	0	
M0261	pdb5er8	substituted	2	LYS>GLU,TYR>ALA
M0261	pdb5erm	substituted	2	LYS>GLU,TYR>ALA
M0261	pdb5imi	exact	0	
M0261	pdb5imn	exact	0	
M0261	pdb5imp	exact	0	
M0261	pdb5in8	exact	0	
M0261	pdb5ivg	exact	0	
M0261	pdb6vyd	partial	NA	
M0261	pdb6w26	partial	NA	
M0261	pdb7jth	partial	NA	
M0234	pdb1gpm	exact	0	
M0234	pdb1qdl	partial	NA	
M0234	pdb1wl8	partial	NA	
M0234	pdb2a9v	partial	NA	
M0234	pdb2d7j	partial	NA	
M0234	pdb2dpl	partial	NA	
M0234	pdb2lxn	partial	NA	
M0234	pdb2vpi	partial	NA	
M0234	pdb2vxo	exact	0	
M0234	pdb2ywb	exact	0	
M0234	pdb2ywc	exact	0	
M0234	pdb3a4i	partial	NA	
M0234	pdb3tqi	exact	0	
M0234	pdb3uow	exact	0	
M0234	pdb4wim	exact	0	
M0234	pdb4win	partial	NA	
M0234	pdb4wio	substituted	1	CYS>ALA
M0234	pdb5tw7	exact	0	
M0234	pdb6jp9	partial	NA	
M0958	pdb1bkh	exact	0	
M0958	pdb1dtn	substituted	2	ASP>GLY,LYS>ASP
M0958	pdb1f9c	exact	0	
M0958	pdb1jpd	substituted	1	GLU>LEU
M0958	pdb1jpm	exact	0	
M0958	pdb1mdl	substituted	3	LYS>ARG,ASP>GLY,LYS>ASP
M0958	pdb1mdr	substituted	2	ASP>GLY,LYS>ASP
M0958	pdb1mns	substituted	2	ASP>GLY,LYS>ASP
M0958	pdb1mra	substituted	2	ASP>GLY,LYS>ASN
M0958	pdb1muc	exact	0	
M0958	pdb1nu5	exact	0	
M0958	pdb1r0m	exact	0	
M0958	pdb1rvk	substituted	3	LYS>HIS,ASP>PRO,LYS>GLY
M0958	pdb1sja	exact	0	
M0958	pdb1sjb	exact	0	
M0958	pdb1sjc	exact	0	
M0958	pdb1sjd	exact	0	
M0958	pdb1tkk	exact	0	
M0958	pdb1tzz	partial	NA	
M0958	pdb1wue	exact	0	
M0958	pdb1wuf	exact	0	
M0958	pdb1xpy	exact	0	
M0958	pdb1xs2	exact	0	
M0958	pdb1yey	substituted	2	ASP>GLY,LYS>ASP
M0958	pdb2chr	exact	0	
M0958	pdb2dw7	partial	NA	
M0958	pdb2fkp	exact	0	
M0958	pdb2gdq	substituted	2	ASP>GLY,LYS>ASP
M0958	pdb2gge	substituted	2	ASP>GLY,LYS>ASP
M0958	pdb2ggg	exact	0	
M0958	pdb2ggh	exact	0	
M0958	pdb2ggi	exact	0	
M0958	pdb2ggj	exact	0	
M0958	pdb2gl5	substituted	4	LYS>ASP,ASP>GLU,ASP>GLY,LYS>ASP
M0958	pdb2gsh	substituted	3	LYS>HIS,ASP>THR,LYS>ASP
M0958	pdb2hne	substituted	2	ASP>GLY,LYS>ASP
M0958	pdb2hxt	substituted	2	ASP>GLY,LYS>ASP
M0958	pdb2hxu	substituted	3	LYS>ALA,ASP>GLY,LYS>ASP
M0958	pdb2hzg	substituted	3	LYS>GLY,ASP>GLY,LYS>ASP
M0958	pdb2i5q	substituted	3	LYS>PRO,ASP>GLY,LYS>ASP
M0958	pdb2mnr	substituted	2	ASP>GLY,LYS>ASP
M0958	pdb2muc	exact	0	
M0958	pdb2nql	partial	NA	
M0958	pdb2o56	substituted	4	LYS>ASP,ASP>GLU,ASP>GLY,LYS>ASP
M0958	pdb2og9	substituted	2	ASP>GLY,LYS>ASP
M0958	pdb2opj	partial	NA	
M0958	pdb2oqh	substituted	2	ASP>ASN,LYS>ASP
M0958	pdb2oqy	substituted	3	LYS>TYR,ASP>SER,LYS>SER
M0958	pdb2ovl	substituted	2	ASP>GLY,LYS>ASP
M0958	pdb2ox4	substituted	4	LYS>ASP,ASP>GLU,ASP>GLY,LYS>ASP
M0958	pdb2oz3	substituted	3	LYS>PRO,ASP>GLY,LYS>ASP
M0958	pdb2oz8	substituted	2	ASP>SER,LYS>HIS
M0958	pdb2p0i	substituted	3	LYS>PRO,ASP>GLY,LYS>ASP
M0958	pdb2p3z	substituted	3	LYS>HIS,ASP>THR,LYS>ASP
M0958	pdb2p88	exact	0	
M0958	pdb2p8b	exact	0	
M0958	pdb2p8c	exact	0	
M0958	pdb2pce	exact	0	
M0958	pdb2pge	exact	0	
M0958	pdb2pgw	substituted	1	LYS>GLY
M0958	pdb2pmq	exact	0	
M0958	pdb2pod	substituted	4	LYS>TRP,ASP>GLU,ASP>SER,LYS>ASP
M0958	pdb2poz	substituted	3	LYS>TYR,ASP>GLY,LYS>ASP
M0958	pdb2ppg	substituted	3	LYS>ALA,ASP>GLY,LYS>GLU
M0958	pdb2ps2	exact	0	
M0958	pdb2qdd	exact	0	
M0958	pdb2qde	exact	0	
M0958	pdb2qjj	substituted	3	LYS>GLN,ASP>GLY,LYS>THR
M0958	pdb2qjm	substituted	3	LYS>GLN,ASP>GLY,LYS>THR
M0958	pdb2qjn	substituted	3	LYS>GLN,ASP>GLY,LYS>THR
M0958	pdb2qq6	substituted	3	LYS>ASP,ASP>GLY,LYS>ASP
M0958	pdb2qvh	exact	0	
M0958	pdb2rdx	exact	0	
M0958	pdb2zad	exact	0	
M0958	pdb2zc8	exact	0	
M0958	pdb3bjs	substituted	3	LYS>ARG,ASP>GLY,LYS>ASP
M0958	pdb3box	substituted	3	LYS>HIS,ASP>THR,LYS>ASP
M0958	pdb3bsm	substituted	3	LYS>GLN,ASP>GLY,LYS>PRO
M0958	pdb3cb3	substituted	2	ASP>GLY,LYS>ASP
M0958	pdb3ck5	substituted	2	ASP>GLY,LYS>ASP
M0958	pdb3ct2	exact	0	
M0958	pdb3cxo	substituted	3	LYS>HIS,ASP>THR,LYS>ASP
M0958	pdb3cyj	substituted	2	ASP>ALA,LYS>ASP
M0958	pdb3d46	substituted	3	LYS>HIS,ASP>THR,LYS>ASP
M0958	pdb3d47	substituted	3	LYS>HIS,ASP>THR,LYS>ASP
M0958	pdb3ddm	substituted	2	ASP>GLY,LYS>ASP
M0958	pdb3deq	exact	0	
M0958	pdb3der	exact	0	
M0958	pdb3des	exact	0	
M0958	pdb3dfh	substituted	3	LYS>GLN,ASP>GLY,LYS>HIS
M0958	pdb3dfy	exact	0	
M0958	pdb3dg3	exact	0	
M0958	pdb3dg6	exact	0	
M0958	pdb3dg7	exact	0	
M0958	pdb3dgb	exact	0	
M0958	pdb3dip	substituted	5	LYS>PHE,ASP>HIS,GLU>PRO,ASP>ASN,LYS>THR
M0958	pdb3eez	exact	0	
M0958	pdb3ekg	substituted	3	LYS>PRO,ASP>GLY,LYS>ASP
M0958	pdb3es7	substituted	3	LYS>TYR,ASP>SER,LYS>SER
M0958	pdb3es8	substituted	3	LYS>TYR,ASP>SER,LYS>SER
M0958	pdb3fcp	exact	0	
M0958	pdb3fj4	exact	0	
M0958	pdb3fv9	exact	0	
M0958	pdb3fvd	exact	0	
M0958	pdb3fxg	substituted	3	LYS>PRO,ASP>GLY,LYS>ASP
M0958	pdb3fyy	substituted	3	LYS>TYR,ASP>SER,LYS>SER
M0958	pdb3gd6	substituted	3	LYS>TYR,ASP>SER,LYS>SER
M0958	pdb3gy1	substituted	3	LYS>GLN,ASP>GLY,LYS>HIS
M0958	pdb3h12	substituted	2	ASP>GLY,LYS>ASP
M0958	pdb3hpf	substituted	3	LYS>TYR,ASP>SER,LYS>SER
M0958	pdb3i4k	exact	0	
M0958	pdb3i6e	exact	0	
M0958	pdb3i6t	exact	0	
M0958	pdb3iji	exact	0	
M0958	pdb3ijl	exact	0	
M0958	pdb3ijq	exact	0	
M0958	pdb3ik4	exact	0	
M0958	pdb3jva	exact	0	
M0958	pdb3jw7	exact	0	
M0958	pdb3jzu	exact	0	
M0958	pdb3k1g	exact	0	
M0958	pdb3kum	exact	0	
M0958	pdb3mkc	substituted	2	ASP>ALA,LYS>ASP
M0958	pdb3mqt	substituted	3	LYS>CYS,ASP>ALA,LYS>ASP
M0958	pdb3msy	substituted	2	ASP>GLY,LYS>ASP
M0958	pdb3muc	exact	0	
M0958	pdb3mwc	exact	0	
M0958	pdb3my9	exact	0	
M0958	pdb3n4e	substituted	3	LYS>ARG,ASP>GLY,LYS>ASP
M0958	pdb3no1	substituted	2	ASP>GLY,LYS>ASP
M0958	pdb3nzg	substituted	2	ASP>ALA,LYS>ASP
M0958	pdb3op2	substituted	2	ASP>GLY,LYS>ASP
M0958	pdb3ow1	substituted	3	LYS>GLN,ASP>GLY,LYS>PRO
M0958	pdb3ozm	substituted	2	ASP>GLY,LYS>ASP
M0958	pdb3ozy	substituted	2	ASP>GLY,LYS>ASP
M0958	pdb3p93	substituted	3	LYS>GLN,ASP>GLY,LYS>PRO
M0958	pdb3pk7	substituted	3	LYS>GLN,ASP>GLY,LYS>PRO
M0958	pdb3q45	exact	0	
M0958	pdb3q4d	exact	0	
M0958	pdb3qke	substituted	3	LYS>GLN,ASP>GLY,LYS>PRO
M0958	pdb3qld	exact	0	
M0958	pdb3r0k	exact	0	
M0958	pdb3r0u	exact	0	
M0958	pdb3r10	exact	0	
M0958	pdb3r11	exact	0	
M0958	pdb3r1z	exact	0	
M0958	pdb3r25	substituted	3	LYS>GLN,ASP>GLY,LYS>HIS
M0958	pdb3rcy	substituted	4	LYS>PRO,ASP>THR,ASP>GLY,LYS>ALA
M0958	pdb3rgt	substituted	3	LYS>GLN,ASP>GLY,LYS>PRO
M0958	pdb3rit	exact	0	
M0958	pdb3ro6	exact	0	
M0958	pdb3rr1	substituted	3	LYS>ASN,ASP>GLY,LYS>ASP
M0958	pdb3rra	substituted	3	LYS>ASN,ASP>GLY,LYS>ASP
M0958	pdb3s47	substituted	3	LYS>GLN,ASP>GLY,LYS>HIS
M0958	pdb3s5s	exact	0	
M0958	pdb3sbf	substituted	3	LYS>GLN,ASP>GLY,LYS>HIS
M0958	pdb3sjn	substituted	3	LYS>GLY,ASP>GLY,LYS>ASP
M0958	pdb3sqs	substituted	4	LYS>ARG,ASP>GLU,ASP>GLY,LYS>ASP
M0958	pdb3ssz	substituted	4	LYS>ARG,ASP>GLU,ASP>GLY,LYS>ASP
M0958	pdb3stp	substituted	4	LYS>ARG,ASP>GLU,ASP>GLY,LYS>ASP
M0958	pdb3t4w	substituted	4	LYS>ASP,ASP>GLY,ASP>GLY,LYS>ALA
M0958	pdb3t6c	substituted	3	LYS>GLN,ASP>GLY,LYS>HIS
M0958	pdb3thu	substituted	3	LYS>GLN,ASP>GLY,LYS>THR
M0958	pdb3tj4	substituted	2	ASP>GLY,LYS>ASP
M0958	pdb3tji	substituted	3	LYS>GLN,ASP>GLY,LYS>HIS
M0958	pdb3toy	substituted	2	ASP>GLY,LYS>ASP
M0958	pdb3tte	substituted	2	ASP>GLY,LYS>ASP
M0958	pdb3tw9	substituted	3	LYS>GLN,ASP>GLY,LYS>HIS
M0958	pdb3twa	substituted	3	LYS>GLN,ASP>GLY,LYS>HIS
M0958	pdb3twb	substituted	3	LYS>GLN,ASP>GLY,LYS>HIS
M0958	pdb3u4f	substituted	3	LYS>ARG,ASP>GLY,LYS>ASP
M0958	pdb3u9i	exact	0	
M0958	pdb3ugv	substituted	3	LYS>ARG,ASP>GLY,LYS>ASP
M0958	pdb3uxk	substituted	2	ASP>GLY,LYS>ASP
M0958	pdb3uxl	substituted	2	ASP>GLY,LYS>ASP
M0958	pdb3v3w	substituted	3	LYS>GLN,ASP>GLY,LYS>THR
M0958	pdb3v4b	substituted	3	LYS>GLN,ASP>GLY,LYS>THR
M0958	pdb3vc5	substituted	2	ASP>ASN,LYS>ASP
M0958	pdb3vc6	substituted	2	ASP>ASN,LYS>ASP
M0958	pdb3vcn	substituted	3	LYS>GLN,ASP>GLY,LYS>THR
M0958	pdb3vdg	substituted	2	ASP>ASN,LYS>ASP
M0958	pdb3vfc	substituted	2	ASP>ASN,LYS>ASP
M0958	pdb4a6g	exact	0	
M0958	pdb4dhg	substituted	2	ASP>ASN,LYS>ASP
M0958	pdb4dn1	partial	NA	
M0958	pdb4dwd	substituted	3	LYS>ARG,ASP>GLY,LYS>ASP
M0958	pdb4dx3	substituted	4	LYS>TRP,ASP>GLU,ASP>SER,LYS>ASP
M0958	pdb4dxk	substituted	4	LYS>TRP,ASP>GLU,ASP>SER,LYS>ASP
M0958	pdb4dye	substituted	2	ASP>ASN,LYS>ASP
M0958	pdb4e4f	substituted	3	LYS>GLN,ASP>GLY,LYS>THR
M0958	pdb4e4u	substituted	4	LYS>ASP,ASP>GLY,ASP>GLY,LYS>ASN
M0958	pdb4e5t	substituted	4	LYS>PRO,ASP>THR,ASP>GLU,LYS>LEU
M0958	pdb4e6m	substituted	4	LYS>ASP,ASP>GLU,ASP>GLY,LYS>ASP
M0958	pdb4e8g	exact	0	
M0958	pdb4f4r	substituted	3	LYS>GLN,ASP>GLY,LYS>PRO
M0958	pdb4fi4	substituted	3	LYS>GLN,ASP>GLY,LYS>THR
M0958	pdb4fp1	substituted	2	ASP>GLY,LYS>ASP
M0958	pdb4gfi	exact	0	
M0958	pdb4ggb	substituted	2	ASP>GLY,LYS>ASP
M0958	pdb4ggh	substituted	3	LYS>GLN,ASP>GLY,LYS>HIS
M0958	pdb4gir	substituted	3	LYS>GLN,ASP>GLY,LYS>HIS
M0958	pdb4gis	substituted	3	LYS>GLN,ASP>GLY,LYS>HIS
M0958	pdb4gme	substituted	3	LYS>GLN,ASP>GLY,LYS>THR
M0958	pdb4h19	substituted	2	ASP>GLY,LYS>ASP
M0958	pdb4h1z	substituted	3	LYS>ALA,ASP>GLY,LYS>GLU
M0958	pdb4h2h	exact	0	
M0958	pdb4h83	substituted	2	ASP>GLY,LYS>ASP
M0958	pdb4hcd	substituted	3	LYS>HIS,ASP>PRO,LYS>GLY
M0958	pdb4hch	substituted	3	LYS>HIS,ASP>PRO,LYS>GLY
M0958	pdb4hcl	substituted	3	LYS>HIS,ASP>PRO,LYS>GLY
M0958	pdb4hnc	substituted	3	LYS>CYS,ASP>GLY,LYS>ASP
M0958	pdb4hnl	substituted	3	LYS>GLN,ASP>GLY,LYS>HIS
M0958	pdb4hpn	substituted	2	ASP>GLY,LYS>ASP
M0958	pdb4ihc	substituted	3	LYS>GLN,ASP>GLY,LYS>HIS
M0958	pdb4il2	substituted	3	LYS>GLN,ASP>GLY,LYS>THR
M0958	pdb4it1	substituted	2	ASP>ASN,LYS>ASP
M0958	pdb4izg	exact	0	
M0958	pdb4j1o	exact	0	
M0958	pdb4j3z	substituted	4	LYS>ASP,ASP>GLY,ASP>GLY,LYS>ALA
M0958	pdb4jhm	substituted	3	LYS>HIS,ASP>GLY,LYS>ASP
M0958	pdb4jn7	substituted	3	LYS>SER,ASP>GLY,LYS>ASP
M0958	pdb4jn8	substituted	3	LYS>SER,ASP>GLY,LYS>ASP
M0958	pdb4k1w	substituted	3	LYS>GLN,ASP>GLY,LYS>THR
M0958	pdb4k2s	substituted	3	LYS>GLN,ASP>GLY,LYS>PRO
M0958	pdb4k8g	substituted	3	LYS>GLN,ASP>GLY,LYS>THR
M0958	pdb4kem	partial	NA	
M0958	pdb4kpl	substituted	3	LYS>GLN,ASP>GLY,LYS>PRO
M0958	pdb4kt2	substituted	3	LYS>GLN,ASP>GLY,LYS>PRO
M0958	pdb4kws	substituted	3	LYS>GLN,ASP>GLY,LYS>PRO
M0958	pdb4m0x	exact	0	
M0958	pdb4m6u	substituted	2	ASP>GLY,LYS>ASP
M0958	pdb4mgg	exact	0	
M0958	pdb4mmw	substituted	3	LYS>HIS,ASP>PRO,LYS>GLY
M0958	pdb4x2p	substituted	2	ASP>GLY,LYS>ASP
M0958	pdb5fjo	exact	0	
M0958	pdb5fjp	exact	0	
M0958	pdb5fjr	exact	0	
M0958	pdb5fjt	exact	0	
M0958	pdb5fju	exact	0	
M0958	pdb5xd7	substituted	2	ASP>GLY,LYS>ASP
M0958	pdb5xd8	substituted	2	ASP>GLY,LYS>ASP
M0958	pdb5xd9	substituted	2	ASP>GLY,LYS>ASP
M0958	pdb6vim	substituted	2	ASP>GLY,LYS>ASP
M0387	pdb1a0h	substituted	4	ASP>HIS,HIS>GLY,SER>GLY,GLY>HIS
M0387	pdb1a0j	substituted	4	ASP>HIS,HIS>GLY,SER>GLY,GLY>HIS
M0387	pdb1a0l	substituted	4	ASP>HIS,HIS>GLY,SER>GLY,GLY>HIS
M0387	pdb1a2c	substituted	4	ASP>GLY,HIS>SER,GLY>SER,SER>ARG
M0387	pdb1a3b	substituted	4	ASP>GLY,HIS>SER,GLY>SER,SER>ARG
M0387	pdb1a3e	substituted	4	ASP>GLY,HIS>SER,GLY>SER,SER>ARG
M0387	pdb1a46	substituted	4	ASP>GLY,HIS>SER,GLY>SER,SER>ARG
M0387	pdb1a4w	substituted	4	ASP>GLY,HIS>SER,GLY>SER,SER>ARG
M0387	pdb1a5g	substituted	4	ASP>GLY,HIS>SER,GLY>SER,SER>ARG
M0387	pdb1a5h	substituted	4	ASP>HIS,HIS>GLY,SER>GLY,GLY>HIS
M0387	pdb1a5i	substituted	4	ASP>HIS,HIS>GLY,SER>GLY,GLY>HIS
M0387	pdb1a61	substituted	4	ASP>GLY,HIS>SER,GLY>SER,SER>ARG
M0387	pdb1a7s	partial	NA	
M0387	pdb1ab9	substituted	2	ASP>GLY,HIS>GLY
M0387	pdb1abi	substituted	4	ASP>GLY,HIS>SER,GLY>SER,SER>ARG
M0387	pdb1abj	substituted	4	ASP>GLY,HIS>SER,GLY>SER,SER>ARG
M0387	pdb1acb	substituted	4	ASP>HIS,HIS>GLY,SER>GLY,GLY>HIS
M0387	pdb1ad8	substituted	4	ASP>GLY,HIS>SER,GLY>SER,SER>ARG
M0387	pdb1ae5	partial	NA	
M0387	pdb1ae8	substituted	4	ASP>GLY,HIS>SER,GLY>SER,SER>ARG
M0387	pdb1afe	substituted	4	ASP>GLY,HIS>SER,GLY>SER,SER>ARG
M0387	pdb1afq	substituted	2	ASP>GLY,HIS>GLY
M0387	pdb1aht	substituted	4	ASP>GLY,HIS>SER,GLY>SER,SER>ARG
M0387	pdb1ai8	substituted	4	ASP>GLY,HIS>SER,GLY>SER,SER>ARG
M0387	pdb1aix	substituted	4	ASP>GLY,HIS>SER,GLY>SER,SER>ARG
M0387	pdb1aks	substituted	2	ASP>GLY,HIS>GLY
M0387	pdb1amh	substituted	4	ASP>HIS,HIS>GLY,SER>GLY,GLY>HIS
M0387	pdb1an1	substituted	5	ASP>HIS,HIS>GLN,GLY>GLN,SER>GLY,GLY>HIS
M0387	pdb1anb	substituted	4	ASP>HIS,HIS>GLY,SER>GLY,GLY>HIS
M0387	pdb1anc	substituted	4	ASP>HIS,HIS>GLY,SER>GLY,GLY>HIS
M0387	pdb1and	substituted	4	ASP>HIS,HIS>GLY,SER>GLY,GLY>HIS
M0387	pdb1ane	substituted	4	ASP>HIS,HIS>GLY,SER>GLY,GLY>HIS
M0387	pdb1ao5	substituted	5	ASP>HIS,HIS>ASP,GLY>ASP,SER>GLY,GLY>HIS
M0387	pdb1aq7	substituted	4	ASP>HIS,HIS>GLY,SER>GLY,GLY>HIS
M0387	pdb1au8	partial	NA	
M0387	pdb1auj	substituted	4	ASP>HIS,HIS>GLY,SER>GLY,GLY>HIS
M0387	pdb1aut	substituted	4	ASP>CYS,HIS>GLY,SER>GLY,GLY>CYS
M0387	pdb1avg	substituted	4	ASP>GLY,HIS>SER,GLY>SER,SER>ARG
M0387	pdb1avw	substituted	4	ASP>HIS,HIS>GLY,SER>GLY,GLY>HIS
M0387	pdb1avx	substituted	4	ASP>HIS,HIS>GLY,SER>GLY,GLY>HIS
M0387	pdb1awf	substituted	4	ASP>GLY,HIS>SER,GLY>SER,SER>ARG
M0387	pdb1awh	substituted	4	ASP>HIS,HIS>GLY,SER>GLY,GLY>HIS
M0387	pdb1ay6	substituted	4	ASP>GLY,HIS>SER,GLY>SER,SER>ARG
M0387	pdb1az8	substituted	4	ASP>HIS,HIS>GLY,SER>GLY,GLY>HIS
M0387	pdb1azz	substituted	4	ASP>HIS,HIS>GLY,SER>GLY,GLY>HIS
M0387	pdb1b0e	substituted	4	ASP>HIS,HIS>GLY,SER>GLY,GLY>HIS
M0387	pdb1b0f	partial	NA	
M0387	pdb1b5g	substituted	4	ASP>GLY,HIS>SER,GLY>SER,SER>ARG
M0387	pdb1b7x	substituted	4	ASP>HIS,HIS>GLY,SER>GLY,GLY>HIS
M0387	pdb1ba8	substituted	4	ASP>HIS,HIS>GLY,SER>GLY,GLY>HIS
M0387	pdb1bb0	substituted	4	ASP>HIS,HIS>GLY,SER>GLY,GLY>HIS
M0387	pdb1bbr	substituted	4	ASP>GLY,HIS>SER,GLY>SER,SER>ARG
M0387	pdb1bcu	substituted	4	ASP>GLY,HIS>SER,GLY>SER,SER>ARG
M0387	pdb1bda	substituted	4	ASP>HIS,HIS>GLY,SER>GLY,GLY>HIS
M0387	pdb1bhx	partial	NA	
M0387	pdb1bio	substituted	4	ASP>HIS,HIS>GLY,SER>GLY,GLY>HIS
M0387	pdb1bit	substituted	4	ASP>HIS,HIS>GLY,SER>GLY,GLY>HIS
M0387	pdb1bju	substituted	4	ASP>HIS,HIS>GLY,SER>GLY,GLY>HIS
M0387	pdb1bjv	substituted	4	ASP>HIS,HIS>GLY,SER>GLY,GLY>HIS
M0387	pdb1bma	substituted	4	ASP>HIS,HIS>GLY,SER>GLY,GLY>HIS
M0387	pdb1bml	substituted	4	ASP>HIS,HIS>GLY,SER>GLY,GLY>HIS
M0387	pdb1bmm	substituted	4	ASP>GLY,HIS>SER,GLY>SER,SER>ARG
M0387	pdb1bmn	substituted	4	ASP>GLY,HIS>SER,GLY>SER,SER>ARG
M0387	pdb1bqy	substituted	5	ASP>HIS,HIS>PHE,GLY>PHE,SER>GLY,GLY>HIS
M0387	pdb1bra	substituted	4	ASP>HIS,HIS>GLY,SER>GLY,GLY>HIS
M0387	pdb1brb	substituted	5	ASP>HIS,HIS>LYS,GLY>LYS,SER>ASP,GLY>HIS
M0387	pdb1brc	substituted	5	ASP>HIS,HIS>LYS,GLY>LYS,SER>ASP,GLY>HIS
M0387	pdb1bru	substituted	4	ASP>THR,HIS>GLY,SER>GLY,GLY>THR
M0387	pdb1bth	substituted	4	ASP>GLY,HIS>SER,GLY>SER,SER>ARG
M0387	pdb1btp	substituted	4	ASP>HIS,HIS>GLY,SER>GLY,GLY>HIS
M0387	pdb1btu	substituted	4	ASP>HIS,HIS>GLY,SER>GLY,GLY>HIS
M0387	pdb1btw	substituted	4	ASP>HIS,HIS>GLY,SER>GLY,GLY>HIS
M0387	pdb1btx	substituted	4	ASP>HIS,HIS>GLY,SER>GLY,GLY>HIS
M0387	pdb1bty	substituted	4	ASP>HIS,HIS>GLY,SER>GLY,GLY>HIS
M0387	pdb1btz	substituted	4	ASP>HIS,HIS>GLY,SER>GLY,GLY>HIS
M0387	pdb1bui	substituted	4	ASP>HIS,HIS>GLY,SER>GLY,GLY>HIS
M0387	pdb1bzx	substituted	4	ASP>HIS,HIS>GLY,SER>GLY,GLY>HIS
M0387	pdb1c1m	substituted	4	ASP>HIS,HIS>GLY,SER>GLY,GLY>HIS
M0387	pdb1c1n	substituted	4	ASP>HIS,HIS>GLY,SER>GLY,GLY>HIS
M0387	pdb1c1o	substituted	4	ASP>HIS,HIS>GLY,SER>GLY,GLY>HIS
M0387	pdb1c1p	substituted	4	ASP>HIS,HIS>GLY,SER>GLY,GLY>HIS
M0387	pdb1c1q	substituted	4	ASP>HIS,HIS>GLY,SER>GLY,GLY>HIS
M0387	pdb1c1r	substituted	4	ASP>HIS,HIS>GLY,SER>GLY,GLY>HIS
M0387	pdb1c1s	substituted	4	ASP>HIS,HIS>GLY,SER>GLY,GLY>HIS
M0387	pdb1c1t	substituted	4	ASP>HIS,HIS>GLY,SER>GLY,GLY>HIS
M0387	pdb1c1u	substituted	3	ASP>GLY,HIS>GLY,SER>VAL
M0387	pdb1c1v	substituted	3	ASP>GLY,HIS>GLY,SER>VAL
M0387	pdb1c1w	substituted	3	ASP>GLY,HIS>GLY,SER>VAL
M0387	pdb1c2d	substituted	4	ASP>HIS,HIS>GLY,SER>GLY,GLY>HIS
M0387	pdb1c2e	substituted	4	ASP>HIS,HIS>GLY,SER>GLY,GLY>HIS
M0387	pdb1c2f	substituted	4	ASP>HIS,HIS>GLY,SER>GLY,GLY>HIS
M0387	pdb1c2g	substituted	4	ASP>HIS,HIS>GLY,SER>GLY,GLY>HIS
M0387	pdb1c2h	substituted	4	ASP>HIS,HIS>GLY,SER>GLY,GLY>HIS
M0387	pdb1c2i	substituted	4	ASP>HIS,HIS>GLY,SER>GLY,GLY>HIS
M0387	pdb1c2j	substituted	4	ASP>HIS,HIS>GLY,SER>GLY,GLY>HIS
M0387	pdb1c2k	substituted	4	ASP>HIS,HIS>GLY,SER>GLY,GLY>HIS
M0387	pdb1c2l	substituted	4	ASP>HIS,HIS>GLY,SER>GLY,GLY>HIS
M0387	pdb1c2m	substituted	4	ASP>HIS,HIS>GLY,SER>GLY,GLY>HIS
M0387	pdb1c4u	substituted	4	ASP>GLY,HIS>SER,GLY>SER,SER>ARG
M0387	pdb1c4v	substituted	4	ASP>GLY,HIS>SER,GLY>SER,SER>ARG
M0387	pdb1c4y	substituted	4	ASP>GLY,HIS>SER,GLY>SER,SER>ARG
M0387	pdb1c5l	substituted	4	ASP>GLY,HIS>SER,GLY>SER,SER>ARG
M0387	pdb1c5m	substituted	4	ASP>CYS,HIS>GLY,SER>GLY,GLY>CYS
M0387	pdb1c5n	substituted	4	ASP>GLY,HIS>SER,GLY>SER,SER>ARG
M0387	pdb1c5o	substituted	4	ASP>GLY,HIS>SER,GLY>SER,SER>ARG
M0387	pdb1c5p	substituted	4	ASP>HIS,HIS>GLY,SER>GLY,GLY>HIS
M0387	pdb1c5q	substituted	4	ASP>HIS,HIS>GLY,SER>GLY,GLY>HIS
M0387	pdb1c5r	substituted	4	ASP>HIS,HIS>GLY,SER>GLY,GLY>HIS
M0387	pdb1c5s	substituted	4	ASP>HIS,HIS>GLY,SER>GLY,GLY>HIS
M0387	pdb1c5t	substituted	4	ASP>HIS,HIS>GLY,SER>GLY,GLY>HIS
M0387	pdb1c5u	substituted	4	ASP>HIS,HIS>GLY,SER>GLY,GLY>HIS
M0387	pdb1c5v	substituted	4	ASP>HIS,HIS>GLY,SER>GLY,GLY>HIS
M0387	pdb1c5w	substituted	4	ASP>HIS,HIS>GLY,SER>GLY,GLY>HIS
M0387	pdb1c5x	substituted	4	ASP>HIS,HIS>GLY,SER>GLY,GLY>HIS
M0387	pdb1c5y	substituted	4	ASP>HIS,HIS>GLY,SER>GLY,GLY>HIS
M0387	pdb1c5z	substituted	4	ASP>HIS,HIS>GLY,SER>GLY,GLY>HIS
M0387	pdb1c9p	substituted	4	ASP>HIS,HIS>GLY,SER>GLY,GLY>HIS
M0387	pdb1c9t	substituted	4	ASP>HIS,HIS>GLY,SER>GLY,GLY>HIS
M0387	pdb1ca0	substituted	2	ASP>GLY,HIS>GLY
M0387	pdb1ca8	substituted	4	ASP>HIS,HIS>GLY,SER>GLY,GLY>HIS
M0387	pdb1cbw	substituted	2	ASP>GLY,HIS>GLY
M0387	pdb1ce5	substituted	4	ASP>HIS,HIS>GLY,SER>GLY,GLY>HIS
M0387	pdb1cgh	partial	NA	
M0387	pdb1cgi	substituted	4	ASP>HIS,HIS>GLY,SER>GLY,GLY>HIS
M0387	pdb1cgj	substituted	4	ASP>HIS,HIS>GLY,SER>GLY,GLY>HIS
M0387	pdb1chg	substituted	4	ASP>HIS,HIS>GLY,SER>GLY,GLY>HIS
M0387	pdb1cho	substituted	2	ASP>GLY,HIS>GLY
M0387	pdb1co7	substituted	4	ASP>ARG,HIS>GLY,SER>VAL,GLY>ARG
M0387	pdb1cvw	substituted	5	ASP>LEU,HIS>SER,GLY>SER,SER>GLY,GLY>LEU
M0387	pdb1d3d	substituted	4	ASP>HIS,HIS>GLY,SER>GLY,GLY>HIS
M0387	pdb1d3p	substituted	4	ASP>HIS,HIS>GLY,SER>GLY,GLY>HIS
M0387	pdb1d3q	substituted	4	ASP>HIS,HIS>GLY,SER>GLY,GLY>HIS
M0387	pdb1d3t	substituted	4	ASP>HIS,HIS>GLY,SER>GLY,GLY>HIS
M0387	pdb1d4p	substituted	4	ASP>HIS,HIS>GLY,SER>GLY,GLY>HIS
M0387	pdb1d6r	substituted	4	ASP>HIS,HIS>GLY,SER>GLY,GLY>HIS
M0387	pdb1d6w	substituted	4	ASP>HIS,HIS>GLY,SER>GLY,GLY>HIS
M0387	pdb1d9i	substituted	4	ASP>HIS,HIS>GLY,SER>GLY,GLY>HIS
M0387	pdb1dan	substituted	5	ASP>LEU,HIS>SER,GLY>SER,SER>GLY,GLY>LEU
M0387	pdb1ddj	substituted	4	ASP>HIS,HIS>GLY,SER>GLY,GLY>HIS
M0387	pdb1de7	substituted	4	ASP>GLY,HIS>SER,GLY>SER,SER>ARG
M0387	pdb1dfp	substituted	4	ASP>HIS,HIS>GLY,SER>GLY,GLY>HIS
M0387	pdb1dic	substituted	4	ASP>HIS,HIS>GLY,SER>GLY,GLY>HIS
M0387	pdb1dit	substituted	4	ASP>GLY,HIS>SER,GLY>SER,SER>ARG
M0387	pdb1dlk	substituted	4	ASP>HIS,HIS>GLY,SER>GLY,GLY>HIS
M0387	pdb1dm4	substituted	4	ASP>HIS,HIS>GLY,SER>GLY,GLY>HIS
M0387	pdb1doj	substituted	4	ASP>HIS,HIS>GLY,SER>GLY,GLY>HIS
M0387	pdb1dpo	substituted	4	ASP>HIS,HIS>GLY,SER>GLY,GLY>HIS
M0387	pdb1dst	substituted	4	ASP>HIS,HIS>GLY,SER>GLY,GLY>HIS
M0387	pdb1dsu	substituted	4	ASP>HIS,HIS>GLY,SER>GLY,GLY>HIS
M0387	pdb1dva	substituted	5	ASP>LEU,HIS>SER,GLY>SER,SER>GLY,GLY>LEU
M0387	pdb1dwb	substituted	4	ASP>GLY,HIS>SER,GLY>SER,SER>ARG
M0387	pdb1dwc	substituted	4	ASP>GLY,HIS>SER,GLY>SER,SER>ARG
M0387	pdb1dwd	substituted	4	ASP>GLY,HIS>SER,GLY>SER,SER>ARG
M0387	pdb1dwe	substituted	4	ASP>GLY,HIS>SER,GLY>SER,SER>ARG
M0387	pdb1dx5	substituted	4	ASP>GLY,HIS>SER,GLY>SER,SER>ARG
M0387	pdb1e0f	substituted	4	ASP>HIS,HIS>GLY,SER>GLY,GLY>HIS
M0387	pdb1e34	substituted	4	ASP>THR,HIS>ASP,GLY>ASP,GLY>THR
M0387	pdb1e35	substituted	4	ASP>THR,HIS>ASP,GLY>ASP,GLY>THR
M0387	pdb1e36	substituted	4	ASP>THR,HIS>ASP,GLY>ASP,GLY>THR
M0387	pdb1e37	substituted	4	ASP>THR,HIS>ASP,GLY>ASP,GLY>THR
M0387	pdb1e38	substituted	4	ASP>THR,HIS>ASP,GLY>ASP,GLY>THR
M0387	pdb1eai	substituted	4	ASP>HIS,HIS>GLY,SER>GLY,GLY>HIS
M0387	pdb1eas	substituted	4	ASP>HIS,HIS>GLY,SER>GLY,GLY>HIS
M0387	pdb1eat	substituted	4	ASP>HIS,HIS>GLY,SER>GLY,GLY>HIS
M0387	pdb1eau	substituted	4	ASP>HIS,HIS>GLY,SER>GLY,GLY>HIS
M0387	pdb1eaw	substituted	4	ASP>HIS,HIS>GLY,SER>GLY,GLY>HIS
M0387	pdb1eax	substituted	4	ASP>HIS,HIS>GLY,SER>GLY,GLY>HIS
M0387	pdb1eb1	substituted	4	ASP>GLY,HIS>SER,GLY>SER,SER>ARG
M0387	pdb1eb2	substituted	4	ASP>HIS,HIS>GLY,SER>GLY,GLY>HIS
M0387	pdb1eja	substituted	4	ASP>HIS,HIS>GLY,SER>GLY,GLY>HIS
M0387	pdb1ejm	substituted	4	ASP>HIS,HIS>GLY,SER>GLY,GLY>HIS
M0387	pdb1ejn	substituted	4	ASP>HIS,HIS>GLY,SER>GLY,GLY>HIS
M0387	pdb1ekb	substituted	4	ASP>HIS,HIS>GLY,SER>GLY,GLY>HIS
M0387	pdb1ela	substituted	4	ASP>HIS,HIS>GLY,SER>GLY,GLY>HIS
M0387	pdb1elb	substituted	4	ASP>HIS,HIS>GLY,SER>GLY,GLY>HIS
M0387	pdb1elc	substituted	4	ASP>HIS,HIS>GLY,SER>GLY,GLY>HIS
M0387	pdb1eld	substituted	5	ASP>CYS,HIS>SER,GLY>SER,SER>CYS,GLY>CYS
M0387	pdb1ele	substituted	5	ASP>CYS,HIS>SER,GLY>SER,SER>CYS,GLY>CYS
M0387	pdb1elf	substituted	4	ASP>HIS,HIS>GLY,SER>GLY,GLY>HIS
M0387	pdb1elg	substituted	4	ASP>HIS,HIS>GLY,SER>GLY,GLY>HIS
M0387	pdb1elt	substituted	4	ASP>HIS,HIS>GLY,SER>GLY,GLY>HIS
M0387	pdb1elv	partial	NA	
M0387	pdb1eoj	substituted	4	ASP>HIS,HIS>GLY,SER>GLY,GLY>HIS
M0387	pdb1eol	substituted	4	ASP>HIS,HIS>GLY,SER>GLY,GLY>HIS
M0387	pdb1ept	substituted	2	ASP>GLY,HIS>GLY
M0387	pdb1eq9	substituted	4	ASP>HIS,HIS>GLY,SER>GLY,GLY>HIS
M0387	pdb1esa	substituted	4	ASP>HIS,HIS>GLY,SER>GLY,GLY>HIS
M0387	pdb1esb	substituted	4	ASP>HIS,HIS>GLY,SER>GLY,GLY>HIS
M0387	pdb1est	substituted	4	ASP>HIS,HIS>GLY,SER>GLY,GLY>HIS
M0387	pdb1etr	substituted	4	ASP>GLY,HIS>SER,GLY>SER,SER>ARG
M0387	pdb1ets	substituted	4	ASP>GLY,HIS>SER,GLY>SER,SER>ARG
M0387	pdb1ett	substituted	4	ASP>GLY,HIS>SER,GLY>SER,SER>ARG
M0387	pdb1euf	substituted	4	ASP>HIS,HIS>GLY,SER>GLY,GLY>HIS
M0387	pdb1ex3	substituted	4	ASP>HIS,HIS>GLY,SER>GLY,GLY>HIS
M0387	pdb1ezq	substituted	4	ASP>HIS,HIS>GLY,SER>GLY,GLY>HIS
M0387	pdb1ezs	substituted	4	ASP>HIS,HIS>GLY,SER>GLY,GLY>HIS
M0387	pdb1ezu	substituted	4	ASP>HIS,HIS>GLY,SER>GLY,GLY>HIS
M0387	pdb1ezx	substituted	4	ASP>HIS,HIS>GLY,SER>GLY,GLY>HIS
M0387	pdb1f0r	substituted	4	ASP>HIS,HIS>GLY,SER>GLY,GLY>HIS
M0387	pdb1f0s	substituted	4	ASP>HIS,HIS>GLY,SER>GLY,GLY>HIS
M0387	pdb1f0t	substituted	4	ASP>HIS,HIS>GLY,SER>GLY,GLY>HIS
M0387	pdb1f0u	substituted	4	ASP>HIS,HIS>GLY,SER>GLY,GLY>HIS
M0387	pdb1f2s	substituted	4	ASP>HIS,HIS>GLN,GLY>GLN,GLY>HIS
M0387	pdb1f5k	substituted	4	ASP>LEU,HIS>GLY,SER>LEU,GLY>LEU
M0387	pdb1f5l	substituted	4	ASP>HIS,HIS>GLY,SER>GLY,GLY>HIS
M0387	pdb1f5r	substituted	4	ASP>HIS,HIS>GLY,SER>GLY,GLY>HIS
M0387	pdb1f7z	substituted	4	ASP>HIS,HIS>GLY,SER>GLY,GLY>HIS
M0387	pdb1f92	substituted	4	ASP>HIS,HIS>GLY,SER>GLY,GLY>HIS
M0387	pdb1fak	substituted	5	ASP>LEU,HIS>SER,GLY>SER,SER>GLY,GLY>LEU
M0387	pdb1fax	substituted	4	ASP>HIS,HIS>GLY,SER>GLY,GLY>HIS
M0387	pdb1fdp	substituted	4	ASP>HIS,HIS>GLY,SER>GLY,GLY>HIS
M0387	pdb1fi8	substituted	4	ASP>HIS,HIS>GLY,SER>GLY,GLY>HIS
M0387	pdb1fiw	substituted	4	ASP>HIS,HIS>GLY,SER>GLY,GLY>HIS
M0387	pdb1fiz	substituted	4	ASP>HIS,HIS>GLY,SER>GLY,GLY>HIS
M0387	pdb1fjs	substituted	4	ASP>HIS,HIS>GLY,SER>GLY,GLY>HIS
M0387	pdb1fle	substituted	4	ASP>THR,HIS>ASP,GLY>ASP,GLY>THR
M0387	pdb1fmg	substituted	4	ASP>HIS,HIS>GLY,SER>GLY,GLY>HIS
M0387	pdb1fn6	substituted	4	ASP>HIS,HIS>GLY,SER>GLY,GLY>HIS
M0387	pdb1fn8	substituted	4	ASP>HIS,HIS>GLY,SER>GLY,GLY>HIS
M0387	pdb1fni	substituted	4	ASP>HIS,HIS>GLY,SER>GLY,GLY>HIS
M0387	pdb1fon	substituted	4	ASP>HIS,HIS>GLY,SER>GLY,GLY>HIS
M0387	pdb1fpc	substituted	4	ASP>GLY,HIS>SER,GLY>SER,SER>ARG
M0387	pdb1fph	substituted	4	ASP>GLY,HIS>SER,GLY>SER,SER>ARG
M0387	pdb1fq3	partial	NA	
M0387	pdb1fuj	partial	NA	
M0387	pdb1fv9	substituted	4	ASP>HIS,HIS>GLY,SER>GLY,GLY>HIS
M0387	pdb1fxy	substituted	4	ASP>HIS,HIS>GLY,SER>GLY,GLY>HIS
M0387	pdb1fy1	partial	NA	
M0387	pdb1fy3	partial	NA	
M0387	pdb1fy4	substituted	4	ASP>HIS,HIS>GLY,SER>GLY,GLY>HIS
M0387	pdb1fy5	substituted	4	ASP>HIS,HIS>GLY,SER>GLY,GLY>HIS
M0387	pdb1fy8	substituted	5	ASP>ASN,HIS>VAL,GLY>VAL,SER>GLU,GLY>ASN
M0387	pdb1fzz	substituted	4	ASP>HIS,HIS>GLY,SER>GLY,GLY>HIS
M0387	pdb1g2l	substituted	4	ASP>HIS,HIS>GLY,SER>GLY,GLY>HIS
M0387	pdb1g2m	substituted	4	ASP>HIS,HIS>GLY,SER>GLY,GLY>HIS
M0387	pdb1g30	substituted	4	ASP>HIS,HIS>GLY,SER>GLY,GLY>HIS
M0387	pdb1g32	substituted	4	ASP>HIS,HIS>GLY,SER>GLY,GLY>HIS
M0387	pdb1g36	substituted	4	ASP>HIS,HIS>GLY,SER>GLY,GLY>HIS
M0387	pdb1g37	substituted	4	ASP>HIS,HIS>GLY,SER>GLY,GLY>HIS
M0387	pdb1g3b	substituted	4	ASP>HIS,HIS>GLY,SER>GLY,GLY>HIS
M0387	pdb1g3c	substituted	4	ASP>HIS,HIS>GLY,SER>GLY,GLY>HIS
M0387	pdb1g3d	substituted	4	ASP>HIS,HIS>GLY,SER>GLY,GLY>HIS
M0387	pdb1g3e	substituted	4	ASP>HIS,HIS>GLY,SER>GLY,GLY>HIS
M0387	pdb1g9i	substituted	4	ASP>HIS,HIS>GLN,GLY>GLN,GLY>HIS
M0387	pdb1gbt	substituted	4	ASP>HIS,HIS>GLY,SER>GLY,GLY>HIS
M0387	pdb1gcd	substituted	4	ASP>HIS,HIS>GLY,SER>GLY,GLY>HIS
M0387	pdb1gct	substituted	2	ASP>GLY,HIS>GLY
M0387	pdb1gdn	substituted	4	ASP>HIS,HIS>GLY,SER>GLY,GLY>HIS
M0387	pdb1gdq	substituted	4	ASP>HIS,HIS>GLY,SER>GLY,GLY>HIS
M0387	pdb1gdu	substituted	4	ASP>HIS,HIS>GLY,SER>GLY,GLY>HIS
M0387	pdb1gg6	substituted	2	ASP>GLY,HIS>GLY
M0387	pdb1ggd	substituted	2	ASP>GLY,HIS>GLY
M0387	pdb1gha	substituted	2	ASP>GLY,HIS>GLY
M0387	pdb1ghb	substituted	2	ASP>GLY,HIS>GLY
M0387	pdb1ghv	substituted	4	ASP>GLY,HIS>SER,GLY>SER,SER>ARG
M0387	pdb1ghw	substituted	4	ASP>GLY,HIS>SER,GLY>SER,SER>ARG
M0387	pdb1ghx	substituted	4	ASP>GLY,HIS>SER,GLY>SER,SER>ARG
M0387	pdb1ghy	substituted	4	ASP>GLY,HIS>SER,GLY>SER,SER>ARG
M0387	pdb1ghz	substituted	4	ASP>HIS,HIS>GLY,SER>GLY,GLY>HIS
M0387	pdb1gi0	substituted	4	ASP>HIS,HIS>GLY,SER>GLY,GLY>HIS
M0387	pdb1gi1	substituted	4	ASP>HIS,HIS>GLY,SER>GLY,GLY>HIS
M0387	pdb1gi2	substituted	4	ASP>HIS,HIS>GLY,SER>GLY,GLY>HIS
M0387	pdb1gi3	substituted	4	ASP>HIS,HIS>GLY,SER>GLY,GLY>HIS
M0387	pdb1gi4	substituted	4	ASP>HIS,HIS>GLY,SER>GLY,GLY>HIS
M0387	pdb1gi5	substituted	4	ASP>HIS,HIS>GLY,SER>GLY,GLY>HIS
M0387	pdb1gi6	substituted	4	ASP>HIS,HIS>GLY,SER>GLY,GLY>HIS
M0387	pdb1gi7	substituted	4	ASP>HIS,HIS>GLY,SER>GLY,GLY>HIS
M0387	pdb1gi8	substituted	4	ASP>HIS,HIS>GLY,SER>GLY,GLY>HIS
M0387	pdb1gi9	substituted	4	ASP>HIS,HIS>GLY,SER>GLY,GLY>HIS
M0387	pdb1gj4	substituted	4	ASP>GLY,HIS>SER,GLY>SER,SER>ARG
M0387	pdb1gj5	substituted	4	ASP>GLY,HIS>SER,GLY>SER,SER>ARG
M0387	pdb1gj6	substituted	4	ASP>HIS,HIS>GLY,SER>GLY,GLY>HIS
M0387	pdb1gj7	substituted	4	ASP>HIS,HIS>GLY,SER>GLY,GLY>HIS
M0387	pdb1gj8	substituted	4	ASP>HIS,HIS>GLY,SER>GLY,GLY>HIS
M0387	pdb1gj9	substituted	4	ASP>HIS,HIS>GLY,SER>GLY,GLY>HIS
M0387	pdb1gja	substituted	4	ASP>HIS,HIS>GLY,SER>GLY,GLY>HIS
M0387	pdb1gjb	substituted	4	ASP>HIS,HIS>GLY,SER>GLY,GLY>HIS
M0387	pdb1gjc	substituted	4	ASP>HIS,HIS>GLY,SER>GLY,GLY>HIS
M0387	pdb1gjd	substituted	4	ASP>HIS,HIS>GLY,SER>GLY,GLY>HIS
M0387	pdb1gl0	substituted	4	ASP>HIS,HIS>GLY,SER>GLY,GLY>HIS
M0387	pdb1gl1	substituted	4	ASP>HIS,HIS>GLY,SER>GLY,GLY>HIS
M0387	pdb1gmc	substituted	2	ASP>GLY,HIS>GLY
M0387	pdb1gmd	substituted	2	ASP>GLY,HIS>GLY
M0387	pdb1gmh	substituted	2	ASP>GLY,HIS>GLY
M0387	pdb1gvk	substituted	4	ASP>HIS,HIS>GLY,SER>GLY,GLY>HIS
M0387	pdb1gvl	substituted	4	ASP>HIS,HIS>GLY,SER>GLY,GLY>HIS
M0387	pdb1gvz	substituted	4	ASP>HIS,HIS>GLY,SER>GLY,GLY>HIS
M0387	pdb1gwa	substituted	4	ASP>HIS,HIS>GLY,SER>GLY,GLY>HIS
M0387	pdb1h1b	partial	NA	
M0387	pdb1h4w	substituted	5	ASP>HIS,HIS>ARG,GLY>ARG,SER>GLY,GLY>HIS
M0387	pdb1h8d	substituted	3	ASP>GLY,HIS>GLY,SER>PHE
M0387	pdb1h8i	substituted	3	ASP>GLY,HIS>GLY,SER>VAL
M0387	pdb1h9h	substituted	5	ASP>HIS,HIS>GLN,GLY>GLN,SER>GLY,GLY>HIS
M0387	pdb1h9i	substituted	5	ASP>HIS,HIS>GLN,GLY>GLN,SER>GLY,GLY>HIS
M0387	pdb1h9l	substituted	4	ASP>HIS,HIS>GLY,SER>GLY,GLY>HIS
M0387	pdb1hag	substituted	5	ASP>ILE,HIS>GLN,GLY>GLN,SER>ILE,GLY>ILE
M0387	pdb1hah	substituted	4	ASP>GLY,HIS>SER,GLY>SER,SER>ARG
M0387	pdb1hai	substituted	4	ASP>GLY,HIS>SER,GLY>SER,SER>ARG
M0387	pdb1hao	substituted	4	ASP>GLY,HIS>SER,GLY>SER,SER>ARG
M0387	pdb1hap	substituted	4	ASP>GLY,HIS>SER,GLY>SER,SER>ARG
M0387	pdb1hax	substituted	4	ASP>HIS,HIS>GLY,SER>GLY,GLY>HIS
M0387	pdb1hay	substituted	4	ASP>THR,HIS>ASP,GLY>ASP,GLY>THR
M0387	pdb1haz	substituted	4	ASP>HIS,HIS>GLY,SER>GLY,GLY>HIS
M0387	pdb1hb0	substituted	4	ASP>THR,HIS>ASP,GLY>ASP,GLY>THR
M0387	pdb1hbt	substituted	4	ASP>GLY,HIS>SER,GLY>SER,SER>ARG
M0387	pdb1hcg	substituted	4	ASP>HIS,HIS>GLY,SER>GLY,GLY>HIS
M0387	pdb1hdt	substituted	4	ASP>GLY,HIS>SER,GLY>SER,SER>ARG
M0387	pdb1hfd	substituted	4	ASP>HIS,HIS>GLY,SER>GLY,GLY>HIS
M0387	pdb1hgt	substituted	4	ASP>GLY,HIS>SER,GLY>SER,SER>ARG
M0387	pdb1hia	substituted	2	ASP>GLY,HIS>GLY
M0387	pdb1hj8	substituted	4	ASP>HIS,HIS>GLY,SER>GLY,GLY>HIS
M0387	pdb1hj9	substituted	4	ASP>HIS,HIS>GLY,SER>GLY,GLY>HIS
M0387	pdb1hja	substituted	2	ASP>GLY,HIS>GLY
M0387	pdb1hlt	substituted	4	ASP>GLY,HIS>SER,GLY>SER,SER>ARG
M0387	pdb1hne	partial	NA	
M0387	pdb1hrt	substituted	4	ASP>GLY,HIS>SER,GLY>SER,SER>ARG
M0387	pdb1hut	substituted	4	ASP>GLY,HIS>SER,GLY>SER,SER>ARG
M0387	pdb1hv7	substituted	4	ASP>HIS,HIS>GLY,SER>GLY,GLY>HIS
M0387	pdb1hxe	substituted	4	ASP>GLY,HIS>SER,GLY>SER,SER>ARG
M0387	pdb1hxf	substituted	4	ASP>GLY,HIS>SER,GLY>SER,SER>ARG
M0387	pdb1hyl	substituted	4	ASP>HIS,HIS>GLY,SER>GLY,GLY>HIS
M0387	pdb1iau	partial	NA	
M0387	pdb1id5	substituted	4	ASP>GLY,HIS>SER,GLY>SER,SER>ARG
M0387	pdb1ihs	substituted	4	ASP>GLY,HIS>SER,GLY>SER,SER>ARG
M0387	pdb1iht	substituted	4	ASP>GLY,HIS>SER,GLY>SER,SER>ARG
M0387	pdb1inc	substituted	4	ASP>HIS,HIS>GLY,SER>GLY,GLY>HIS
M0387	pdb1ioe	substituted	4	ASP>HIS,HIS>GLY,SER>GLY,GLY>HIS
M0387	pdb1iqe	substituted	4	ASP>HIS,HIS>GLY,SER>GLY,GLY>HIS
M0387	pdb1iqf	substituted	4	ASP>HIS,HIS>GLY,SER>GLY,GLY>HIS
M0387	pdb1iqg	substituted	4	ASP>HIS,HIS>GLY,SER>GLY,GLY>HIS
M0387	pdb1iqh	substituted	4	ASP>HIS,HIS>GLY,SER>GLY,GLY>HIS
M0387	pdb1iqi	substituted	4	ASP>HIS,HIS>GLY,SER>GLY,GLY>HIS
M0387	pdb1iqj	substituted	4	ASP>HIS,HIS>GLY,SER>GLY,GLY>HIS
M0387	pdb1iqk	substituted	4	ASP>HIS,HIS>GLY,SER>GLY,GLY>HIS
M0387	pdb1iql	substituted	4	ASP>HIS,HIS>GLY,SER>GLY,GLY>HIS
M0387	pdb1iqm	substituted	4	ASP>HIS,HIS>GLY,SER>GLY,GLY>HIS
M0387	pdb1iqn	substituted	4	ASP>HIS,HIS>GLY,SER>GLY,GLY>HIS
M0387	pdb1j14	substituted	4	ASP>HIS,HIS>GLY,SER>GLY,GLY>HIS
M0387	pdb1j15	substituted	4	ASP>HIS,HIS>GLY,SER>GLY,GLY>HIS
M0387	pdb1j16	substituted	4	ASP>HIS,HIS>GLY,SER>GLY,GLY>HIS
M0387	pdb1j17	substituted	5	ASP>HIS,HIS>ILE,GLY>ILE,SER>ASP,GLY>HIS
M0387	pdb1j8a	substituted	4	ASP>HIS,HIS>GLY,SER>GLY,GLY>HIS
M0387	pdb1j9c	substituted	5	ASP>LEU,HIS>SER,GLY>SER,SER>GLY,GLY>LEU
M0387	pdb1jbu	substituted	5	ASP>LEU,HIS>SER,GLY>SER,SER>GLY,GLY>LEU
M0387	pdb1jim	substituted	4	ASP>HIS,HIS>GLY,SER>GLY,GLY>HIS
M0387	pdb1jir	substituted	4	ASP>HIS,HIS>GLY,SER>GLY,GLY>HIS
M0387	pdb1jmo	substituted	5	ASP>ALA,HIS>PRO,GLY>PRO,SER>TRP,GLY>ALA
M0387	pdb1jou	substituted	4	ASP>HIS,HIS>GLY,SER>GLY,GLY>HIS
M0387	pdb1jrs	substituted	4	ASP>HIS,HIS>GLY,SER>GLY,GLY>HIS
M0387	pdb1jrt	substituted	4	ASP>HIS,HIS>GLY,SER>GLY,GLY>HIS
M0387	pdb1jwt	substituted	4	ASP>HIS,HIS>GLY,SER>GLY,GLY>HIS
M0387	pdb1k1i	substituted	4	ASP>HIS,HIS>GLY,SER>GLY,GLY>HIS
M0387	pdb1k1j	substituted	4	ASP>HIS,HIS>GLY,SER>GLY,GLY>HIS
M0387	pdb1k1l	substituted	4	ASP>HIS,HIS>GLY,SER>GLY,GLY>HIS
M0387	pdb1k1m	substituted	4	ASP>HIS,HIS>GLY,SER>GLY,GLY>HIS
M0387	pdb1k1n	substituted	4	ASP>HIS,HIS>GLY,SER>GLY,GLY>HIS
M0387	pdb1k1o	substituted	4	ASP>HIS,HIS>GLY,SER>GLY,GLY>HIS
M0387	pdb1k1p	substituted	4	ASP>HIS,HIS>GLY,SER>GLY,GLY>HIS
M0387	pdb1k21	substituted	4	ASP>GLY,HIS>SER,GLY>SER,SER>ARG
M0387	pdb1k22	substituted	4	ASP>GLY,HIS>SER,GLY>SER,SER>ARG
M0387	pdb1k2i	substituted	4	ASP>HIS,HIS>GLY,SER>GLY,GLY>HIS
M0387	pdb1k9o	substituted	5	ASP>HIS,HIS>LYS,GLY>LYS,SER>ASP,GLY>HIS
M0387	pdb1kdq	substituted	2	ASP>GLY,HIS>GLY
M0387	pdb1kig	substituted	4	ASP>CYS,HIS>GLY,SER>GLY,GLY>CYS
M0387	pdb1kli	substituted	5	ASP>LEU,HIS>SER,GLY>SER,SER>GLY,GLY>LEU
M0387	pdb1klj	substituted	5	ASP>LEU,HIS>SER,GLY>SER,SER>GLY,GLY>LEU
M0387	pdb1klt	partial	NA	
M0387	pdb1ksn	substituted	4	ASP>HIS,HIS>GLY,SER>GLY,GLY>HIS
M0387	pdb1kts	substituted	4	ASP>HIS,HIS>GLY,SER>GLY,GLY>HIS
M0387	pdb1ktt	substituted	4	ASP>HIS,HIS>GLY,SER>GLY,GLY>HIS
M0387	pdb1kyn	partial	NA	
M0387	pdb1l0z	substituted	4	ASP>HIS,HIS>GLY,SER>GLY,GLY>HIS
M0387	pdb1l1g	substituted	4	ASP>HIS,HIS>GLY,SER>GLY,GLY>HIS
M0387	pdb1l2e	substituted	4	ASP>HIS,HIS>GLY,SER>GLY,GLY>HIS
M0387	pdb1l4d	substituted	4	ASP>HIS,HIS>GLY,SER>GLY,GLY>HIS
M0387	pdb1l4z	substituted	4	ASP>HIS,HIS>GLY,SER>GLY,GLY>HIS
M0387	pdb1ldt	substituted	5	ASP>HIS,HIS>GLN,GLY>GLN,SER>GLY,GLY>HIS
M0387	pdb1lhc	substituted	4	ASP>GLY,HIS>SER,GLY>SER,SER>ARG
M0387	pdb1lhd	substituted	4	ASP>GLY,HIS>SER,GLY>SER,SER>ARG
M0387	pdb1lhe	substituted	4	ASP>GLY,HIS>SER,GLY>SER,SER>ARG
M0387	pdb1lhf	substituted	4	ASP>GLY,HIS>SER,GLY>SER,SER>ARG
M0387	pdb1lhg	substituted	4	ASP>GLY,HIS>SER,GLY>SER,SER>ARG
M0387	pdb1lka	substituted	4	ASP>HIS,HIS>GLY,SER>GLY,GLY>HIS
M0387	pdb1lkb	substituted	4	ASP>HIS,HIS>GLY,SER>GLY,GLY>HIS
M0387	pdb1lmw	substituted	4	ASP>HIS,HIS>GLY,SER>GLY,GLY>HIS
M0387	pdb1lo6	substituted	4	ASP>HIS,HIS>GLY,SER>GLY,GLY>HIS
M0387	pdb1lpg	substituted	4	ASP>HIS,HIS>GLY,SER>GLY,GLY>HIS
M0387	pdb1lpk	substituted	4	ASP>HIS,HIS>GLY,SER>GLY,GLY>HIS
M0387	pdb1lpz	substituted	4	ASP>HIS,HIS>GLY,SER>GLY,GLY>HIS
M0387	pdb1lqd	substituted	4	ASP>HIS,HIS>GLY,SER>GLY,GLY>HIS
M0387	pdb1lqe	substituted	4	ASP>HIS,HIS>GLY,SER>GLY,GLY>HIS
M0387	pdb1lto	substituted	4	ASP>HIS,HIS>GLY,SER>GLY,GLY>HIS
M0387	pdb1lvy	substituted	4	ASP>HIS,HIS>GLY,SER>GLY,GLY>HIS
M0387	pdb1m9u	substituted	4	ASP>HIS,HIS>GLY,SER>GLY,GLY>HIS
M0387	pdb1max	substituted	4	ASP>HIS,HIS>GLY,SER>GLY,GLY>HIS
M0387	pdb1may	substituted	4	ASP>HIS,HIS>GLY,SER>GLY,GLY>HIS
M0387	pdb1mbq	substituted	4	ASP>HIS,HIS>GLY,SER>GLY,GLY>HIS
M0387	pdb1mct	substituted	4	ASP>HIS,HIS>GLY,SER>GLY,GLY>HIS
M0387	pdb1mcv	substituted	4	ASP>HIS,HIS>GLY,SER>GLY,GLY>HIS
M0387	pdb1mh0	substituted	4	ASP>HIS,HIS>GLY,SER>GLY,GLY>HIS
M0387	pdb1mkw	substituted	4	ASP>GLY,HIS>SER,GLY>SER,SER>ARG
M0387	pdb1mkx	substituted	4	ASP>GLY,HIS>SER,GLY>SER,SER>ARG
M0387	pdb1mmj	substituted	4	ASP>HIS,HIS>GLY,SER>GLY,GLY>HIS
M0387	pdb1mq5	substituted	4	ASP>HIS,HIS>GLY,SER>GLY,GLY>HIS
M0387	pdb1mq6	substituted	4	ASP>HIS,HIS>GLY,SER>GLY,GLY>HIS
M0387	pdb1mtn	substituted	2	ASP>GLY,HIS>GLY
M0387	pdb1mts	substituted	4	ASP>HIS,HIS>GLY,SER>GLY,GLY>HIS
M0387	pdb1mtu	substituted	4	ASP>HIS,HIS>GLY,SER>GLY,GLY>HIS
M0387	pdb1mtv	substituted	4	ASP>HIS,HIS>GLY,SER>GLY,GLY>HIS
M0387	pdb1mtw	substituted	4	ASP>HIS,HIS>GLY,SER>GLY,GLY>HIS
M0387	pdb1mu6	substituted	4	ASP>HIS,HIS>GLY,SER>GLY,GLY>HIS
M0387	pdb1mu8	substituted	4	ASP>HIS,HIS>GLY,SER>GLY,GLY>HIS
M0387	pdb1mue	substituted	4	ASP>HIS,HIS>GLY,SER>GLY,GLY>HIS
M0387	pdb1mza	partial	NA	
M0387	pdb1mzd	partial	NA	
M0387	pdb1n6x	substituted	4	ASP>HIS,HIS>GLY,SER>GLY,GLY>HIS
M0387	pdb1n6y	substituted	4	ASP>HIS,HIS>GLY,SER>GLY,GLY>HIS
M0387	pdb1n8o	substituted	2	ASP>GLY,HIS>GLY
M0387	pdb1nc6	substituted	4	ASP>HIS,HIS>GLY,SER>GLY,GLY>HIS
M0387	pdb1nes	substituted	4	ASP>THR,HIS>ASP,GLY>ASP,GLY>THR
M0387	pdb1nfu	substituted	4	ASP>HIS,HIS>GLY,SER>GLY,GLY>HIS
M0387	pdb1nfw	substituted	4	ASP>HIS,HIS>GLY,SER>GLY,GLY>HIS
M0387	pdb1nfx	substituted	4	ASP>HIS,HIS>GLY,SER>GLY,GLY>HIS
M0387	pdb1nfy	substituted	4	ASP>HIS,HIS>GLY,SER>GLY,GLY>HIS
M0387	pdb1nm6	substituted	4	ASP>HIS,HIS>GLY,SER>GLY,GLY>HIS
M0387	pdb1nn6	partial	NA	
M0387	pdb1no9	substituted	4	ASP>GLY,HIS>SER,GLY>SER,SER>ARG
M0387	pdb1npm	substituted	4	ASP>HIS,HIS>GLY,SER>GLY,GLY>HIS
M0387	pdb1nrn	substituted	4	ASP>GLY,HIS>SER,GLY>SER,SER>ARG
M0387	pdb1nro	substituted	4	ASP>GLY,HIS>SER,GLY>SER,SER>ARG
M0387	pdb1nrp	substituted	4	ASP>GLY,HIS>SER,GLY>SER,SER>ARG
M0387	pdb1nrq	substituted	4	ASP>GLY,HIS>SER,GLY>SER,SER>ARG
M0387	pdb1nrr	substituted	4	ASP>GLY,HIS>SER,GLY>SER,SER>ARG
M0387	pdb1nrs	substituted	4	ASP>GLY,HIS>SER,GLY>SER,SER>ARG
M0387	pdb1nt1	substituted	4	ASP>HIS,HIS>GLY,SER>GLY,GLY>HIS
M0387	pdb1ntp	substituted	4	ASP>HIS,HIS>GLY,SER>GLY,GLY>HIS
M0387	pdb1nu7	substituted	4	ASP>HIS,HIS>GLY,SER>GLY,GLY>HIS
M0387	pdb1nu9	substituted	4	ASP>HIS,HIS>GLY,SER>GLY,GLY>HIS
M0387	pdb1ny2	substituted	4	ASP>GLY,HIS>SER,GLY>SER,SER>ARG
M0387	pdb1nzq	substituted	4	ASP>GLY,HIS>SER,GLY>SER,SER>ARG
M0387	pdb1o0d	substituted	4	ASP>GLY,HIS>SER,GLY>SER,SER>ARG
M0387	pdb1o2g	substituted	4	ASP>GLY,HIS>SER,GLY>SER,SER>ARG
M0387	pdb1o2h	substituted	4	ASP>HIS,HIS>GLY,SER>GLY,GLY>HIS
M0387	pdb1o2i	substituted	4	ASP>HIS,HIS>GLY,SER>GLY,GLY>HIS
M0387	pdb1o2j	substituted	4	ASP>HIS,HIS>GLY,SER>GLY,GLY>HIS
M0387	pdb1o2k	substituted	4	ASP>HIS,HIS>GLY,SER>GLY,GLY>HIS
M0387	pdb1o2l	substituted	4	ASP>HIS,HIS>GLY,SER>GLY,GLY>HIS
M0387	pdb1o2m	substituted	4	ASP>HIS,HIS>GLY,SER>GLY,GLY>HIS
M0387	pdb1o2n	substituted	4	ASP>HIS,HIS>GLY,SER>GLY,GLY>HIS
M0387	pdb1o2o	substituted	4	ASP>HIS,HIS>GLY,SER>GLY,GLY>HIS
M0387	pdb1o2p	substituted	4	ASP>HIS,HIS>GLY,SER>GLY,GLY>HIS
M0387	pdb1o2q	substituted	4	ASP>HIS,HIS>GLY,SER>GLY,GLY>HIS
M0387	pdb1o2r	substituted	4	ASP>HIS,HIS>GLY,SER>GLY,GLY>HIS
M0387	pdb1o2s	substituted	4	ASP>HIS,HIS>GLY,SER>GLY,GLY>HIS
M0387	pdb1o2t	substituted	4	ASP>HIS,HIS>GLY,SER>GLY,GLY>HIS
M0387	pdb1o2u	substituted	4	ASP>HIS,HIS>GLY,SER>GLY,GLY>HIS
M0387	pdb1o2v	substituted	4	ASP>HIS,HIS>GLY,SER>GLY,GLY>HIS
M0387	pdb1o2w	substituted	4	ASP>HIS,HIS>GLY,SER>GLY,GLY>HIS
M0387	pdb1o2x	substituted	4	ASP>HIS,HIS>GLY,SER>GLY,GLY>HIS
M0387	pdb1o2y	substituted	4	ASP>HIS,HIS>GLY,SER>GLY,GLY>HIS
M0387	pdb1o2z	substituted	4	ASP>HIS,HIS>GLY,SER>GLY,GLY>HIS
M0387	pdb1o30	substituted	4	ASP>HIS,HIS>GLY,SER>GLY,GLY>HIS
M0387	pdb1o31	substituted	4	ASP>HIS,HIS>GLY,SER>GLY,GLY>HIS
M0387	pdb1o32	substituted	4	ASP>HIS,HIS>GLY,SER>GLY,GLY>HIS
M0387	pdb1o33	substituted	4	ASP>HIS,HIS>GLY,SER>GLY,GLY>HIS
M0387	pdb1o34	substituted	4	ASP>HIS,HIS>GLY,SER>GLY,GLY>HIS
M0387	pdb1o35	substituted	4	ASP>HIS,HIS>GLY,SER>GLY,GLY>HIS
M0387	pdb1o36	substituted	4	ASP>HIS,HIS>GLY,SER>GLY,GLY>HIS
M0387	pdb1o37	substituted	4	ASP>HIS,HIS>GLY,SER>GLY,GLY>HIS
M0387	pdb1o38	substituted	4	ASP>HIS,HIS>GLY,SER>GLY,GLY>HIS
M0387	pdb1o39	substituted	4	ASP>HIS,HIS>GLY,SER>GLY,GLY>HIS
M0387	pdb1o3a	substituted	4	ASP>HIS,HIS>GLY,SER>GLY,GLY>HIS
M0387	pdb1o3b	substituted	4	ASP>HIS,HIS>GLY,SER>GLY,GLY>HIS
M0387	pdb1o3c	substituted	4	ASP>HIS,HIS>GLY,SER>GLY,GLY>HIS
M0387	pdb1o3d	substituted	4	ASP>HIS,HIS>GLY,SER>GLY,GLY>HIS
M0387	pdb1o3e	substituted	4	ASP>HIS,HIS>GLY,SER>GLY,GLY>HIS
M0387	pdb1o3f	substituted	4	ASP>HIS,HIS>GLY,SER>GLY,GLY>HIS
M0387	pdb1o3g	substituted	4	ASP>HIS,HIS>GLY,SER>GLY,GLY>HIS
M0387	pdb1o3h	substituted	4	ASP>HIS,HIS>GLY,SER>GLY,GLY>HIS
M0387	pdb1o3i	substituted	4	ASP>HIS,HIS>GLY,SER>GLY,GLY>HIS
M0387	pdb1o3j	substituted	4	ASP>HIS,HIS>GLY,SER>GLY,GLY>HIS
M0387	pdb1o3k	substituted	4	ASP>HIS,HIS>GLY,SER>GLY,GLY>HIS
M0387	pdb1o3l	substituted	4	ASP>HIS,HIS>GLY,SER>GLY,GLY>HIS
M0387	pdb1o3m	substituted	4	ASP>HIS,HIS>GLY,SER>GLY,GLY>HIS
M0387	pdb1o3n	substituted	4	ASP>HIS,HIS>GLY,SER>GLY,GLY>HIS
M0387	pdb1o3o	substituted	4	ASP>HIS,HIS>GLY,SER>GLY,GLY>HIS
M0387	pdb1o3p	substituted	4	ASP>HIS,HIS>GLY,SER>GLY,GLY>HIS
M0387	pdb1o5a	substituted	4	ASP>HIS,HIS>GLY,SER>GLY,GLY>HIS
M0387	pdb1o5b	substituted	4	ASP>HIS,HIS>GLY,SER>GLY,GLY>HIS
M0387	pdb1o5c	substituted	4	ASP>HIS,HIS>GLY,SER>GLY,GLY>HIS
M0387	pdb1o5d	substituted	5	ASP>LEU,HIS>SER,GLY>SER,SER>GLY,GLY>LEU
M0387	pdb1o5e	substituted	5	ASP>LEU,HIS>ASP,GLY>ASP,SER>GLN,GLY>LEU
M0387	pdb1o5f	substituted	5	ASP>LEU,HIS>ASP,GLY>ASP,SER>GLN,GLY>LEU
M0387	pdb1o5g	substituted	4	ASP>GLY,HIS>SER,GLY>SER,SER>ARG
M0387	pdb1okx	substituted	4	ASP>HIS,HIS>GLY,SER>GLY,GLY>HIS
M0387	pdb1ook	substituted	4	ASP>HIS,HIS>GLY,SER>GLY,GLY>HIS
M0387	pdb1op0	partial	NA	
M0387	pdb1op2	partial	NA	
M0387	pdb1op8	partial	NA	
M0387	pdb1oph	substituted	4	ASP>HIS,HIS>GLY,SER>GLY,GLY>HIS
M0387	pdb1orf	partial	NA	
M0387	pdb1os8	substituted	2	ASP>GLY,HIS>GLY
M0387	pdb1oss	substituted	2	ASP>GLY,HIS>GLY
M0387	pdb1owd	substituted	4	ASP>HIS,HIS>GLY,SER>GLY,GLY>HIS
M0387	pdb1owe	substituted	4	ASP>HIS,HIS>GLY,SER>GLY,GLY>HIS
M0387	pdb1owh	substituted	4	ASP>HIS,HIS>GLY,SER>GLY,GLY>HIS
M0387	pdb1owi	substituted	4	ASP>HIS,HIS>GLY,SER>GLY,GLY>HIS
M0387	pdb1owj	substituted	4	ASP>HIS,HIS>GLY,SER>GLY,GLY>HIS
M0387	pdb1owk	substituted	4	ASP>HIS,HIS>GLY,SER>GLY,GLY>HIS
M0387	pdb1ox1	substituted	4	ASP>HIS,HIS>GLY,SER>GLY,GLY>HIS
M0387	pdb1oxg	substituted	4	ASP>HIS,HIS>GLY,SER>GLY,GLY>HIS
M0387	pdb1oyq	substituted	4	ASP>HIS,HIS>GLY,SER>GLY,GLY>HIS
M0387	pdb1oyt	substituted	4	ASP>GLY,HIS>SER,GLY>SER,SER>ARG
M0387	pdb1p0s	substituted	4	ASP>CYS,HIS>GLY,SER>GLY,GLY>CYS
M0387	pdb1p2i	substituted	4	ASP>HIS,HIS>GLY,SER>GLY,GLY>HIS
M0387	pdb1p2j	substituted	4	ASP>HIS,HIS>GLY,SER>GLY,GLY>HIS
M0387	pdb1p2k	substituted	4	ASP>HIS,HIS>GLY,SER>GLY,GLY>HIS
M0387	pdb1p2m	substituted	4	ASP>HIS,HIS>GLY,SER>GLY,GLY>HIS
M0387	pdb1p2n	substituted	4	ASP>HIS,HIS>GLY,SER>GLY,GLY>HIS
M0387	pdb1p2o	substituted	4	ASP>HIS,HIS>GLY,SER>GLY,GLY>HIS
M0387	pdb1p2q	substituted	4	ASP>HIS,HIS>GLY,SER>GLY,GLY>HIS
M0387	pdb1p57	substituted	4	ASP>HIS,HIS>GLY,SER>GLY,GLY>HIS
M0387	pdb1p8v	substituted	4	ASP>HIS,HIS>GLY,SER>GLY,GLY>HIS
M0387	pdb1pfx	substituted	5	ASP>PHE,HIS>ALA,GLY>ALA,SER>GLU,GLY>PHE
M0387	pdb1pjp	partial	NA	
M0387	pdb1ppb	substituted	4	ASP>GLY,HIS>SER,GLY>SER,SER>ARG
M0387	pdb1ppc	substituted	4	ASP>HIS,HIS>GLN,GLY>GLN,GLY>HIS
M0387	pdb1ppe	substituted	4	ASP>HIS,HIS>GLN,GLY>GLN,GLY>HIS
M0387	pdb1ppf	partial	NA	
M0387	pdb1ppg	partial	NA	
M0387	pdb1pph	substituted	4	ASP>HIS,HIS>GLN,GLY>GLN,GLY>HIS
M0387	pdb1ppz	substituted	4	ASP>HIS,HIS>GLY,SER>GLY,GLY>HIS
M0387	pdb1pq5	substituted	4	ASP>HIS,HIS>GLY,SER>GLY,GLY>HIS
M0387	pdb1pq7	substituted	4	ASP>HIS,HIS>GLY,SER>GLY,GLY>HIS
M0387	pdb1pq8	substituted	4	ASP>HIS,HIS>GLY,SER>GLY,GLY>HIS
M0387	pdb1pqa	substituted	4	ASP>HIS,HIS>GLY,SER>GLY,GLY>HIS
M0387	pdb1pyt	substituted	4	ASP>HIS,HIS>GLY,SER>GLY,GLY>HIS
M0387	pdb1q3x	partial	NA	
M0387	pdb1qa0	substituted	4	ASP>HIS,HIS>GLY,SER>GLY,GLY>HIS
M0387	pdb1qb1	substituted	4	ASP>HIS,HIS>GLY,SER>GLY,GLY>HIS
M0387	pdb1qb6	substituted	4	ASP>HIS,HIS>GLY,SER>GLY,GLY>HIS
M0387	pdb1qb9	substituted	4	ASP>HIS,HIS>GLY,SER>GLY,GLY>HIS
M0387	pdb1qbn	substituted	4	ASP>HIS,HIS>GLY,SER>GLY,GLY>HIS
M0387	pdb1qbo	substituted	4	ASP>HIS,HIS>GLY,SER>GLY,GLY>HIS
M0387	pdb1qbv	substituted	4	ASP>GLY,HIS>SER,GLY>SER,SER>ARG
M0387	pdb1qcp	substituted	4	ASP>HIS,HIS>GLY,SER>GLY,GLY>HIS
M0387	pdb1qfk	partial	NA	
M0387	pdb1qgf	substituted	4	ASP>HIS,HIS>GLY,SER>GLY,GLY>HIS
M0387	pdb1qhr	substituted	4	ASP>HIS,HIS>GLY,SER>GLY,GLY>HIS
M0387	pdb1qix	substituted	4	ASP>HIS,HIS>GLY,SER>GLY,GLY>HIS
M0387	pdb1qj1	substituted	4	ASP>HIS,HIS>GLY,SER>GLY,GLY>HIS
M0387	pdb1qj6	substituted	4	ASP>HIS,HIS>GLY,SER>GLY,GLY>HIS
M0387	pdb1qj7	substituted	4	ASP>HIS,HIS>GLY,SER>GLY,GLY>HIS
M0387	pdb1ql7	substituted	4	ASP>HIS,HIS>GLY,SER>GLY,GLY>HIS
M0387	pdb1ql8	substituted	4	ASP>HIS,HIS>GLY,SER>GLY,GLY>HIS
M0387	pdb1ql9	substituted	4	ASP>HIS,HIS>GLY,SER>GLY,GLY>HIS
M0387	pdb1qnj	substituted	4	ASP>HIS,HIS>GLY,SER>GLY,GLY>HIS
M0387	pdb1qqu	substituted	4	ASP>HIS,HIS>GLY,SER>GLY,GLY>HIS
M0387	pdb1qr3	substituted	4	ASP>THR,HIS>ASP,GLY>ASP,GLY>THR
M0387	pdb1qrz	substituted	4	ASP>HIS,HIS>GLY,SER>GLY,GLY>HIS
M0387	pdb1qur	substituted	4	ASP>GLY,HIS>SER,GLY>SER,SER>ARG
M0387	pdb1rd3	substituted	4	ASP>HIS,HIS>GLY,SER>GLY,GLY>HIS
M0387	pdb1rfn	substituted	4	ASP>HIS,HIS>GLY,SER>GLY,GLY>HIS
M0387	pdb1riw	substituted	2	ASP>GLY,HIS>GLY
M0387	pdb1rjx	partial	NA	
M0387	pdb1rtf	substituted	4	ASP>HIS,HIS>GLY,SER>GLY,GLY>HIS
M0387	pdb1rxp	substituted	4	ASP>HIS,HIS>GLY,SER>GLY,GLY>HIS
M0387	pdb1s0q	substituted	4	ASP>HIS,HIS>GLY,SER>GLY,GLY>HIS
M0387	pdb1s0r	substituted	4	ASP>HIS,HIS>GLY,SER>GLY,GLY>HIS
M0387	pdb1s5s	substituted	4	ASP>HIS,HIS>GLY,SER>GLY,GLY>HIS
M0387	pdb1s6f	substituted	4	ASP>HIS,HIS>GLY,SER>GLY,GLY>HIS
M0387	pdb1s6h	substituted	4	ASP>HIS,HIS>GLY,SER>GLY,GLY>HIS
M0387	pdb1s81	substituted	4	ASP>HIS,HIS>GLY,SER>GLY,GLY>HIS
M0387	pdb1s82	substituted	4	ASP>HIS,HIS>GLY,SER>GLY,GLY>HIS
M0387	pdb1s83	substituted	4	ASP>HIS,HIS>GLY,SER>GLY,GLY>HIS
M0387	pdb1s84	substituted	4	ASP>HIS,HIS>GLY,SER>GLY,GLY>HIS
M0387	pdb1s85	substituted	4	ASP>HIS,HIS>GLY,SER>GLY,GLY>HIS
M0387	pdb1sb1	substituted	4	ASP>GLY,HIS>SER,GLY>SER,SER>ARG
M0387	pdb1sbw	substituted	4	ASP>HIS,HIS>GLY,SER>GLY,GLY>HIS
M0387	pdb1sc8	substituted	3	ASP>LYS,HIS>GLY,GLY>LYS
M0387	pdb1sfi	substituted	4	ASP>HIS,HIS>GLY,SER>GLY,GLY>HIS
M0387	pdb1sfq	substituted	4	ASP>HIS,HIS>GLY,SER>GLY,GLY>HIS
M0387	pdb1sg8	substituted	4	ASP>HIS,HIS>GLY,SER>GLY,GLY>HIS
M0387	pdb1sgf	substituted	4	ASP>HIS,GLY>HIS,SER>GLY,GLY>HIS
M0387	pdb1sgi	substituted	4	ASP>HIS,HIS>GLY,SER>GLY,GLY>HIS
M0387	pdb1sgt	substituted	2	ASP>GLY,HIS>GLY
M0387	pdb1shh	substituted	4	ASP>HIS,HIS>GLY,SER>GLY,GLY>HIS
M0387	pdb1shy	substituted	4	ASP>GLN,HIS>GLY,SER>GLY,GLY>GLN
M0387	pdb1si5	partial	NA	
M0387	pdb1sl3	substituted	4	ASP>HIS,HIS>GLY,SER>GLY,GLY>HIS
M0387	pdb1slu	substituted	4	ASP>HIS,HIS>GLY,SER>GLY,GLY>HIS
M0387	pdb1slv	substituted	4	ASP>HIS,HIS>GLY,SER>GLY,GLY>HIS
M0387	pdb1slw	substituted	4	ASP>HIS,HIS>GLY,SER>GLY,GLY>HIS
M0387	pdb1slx	substituted	4	ASP>HIS,HIS>GLY,SER>GLY,GLY>HIS
M0387	pdb1smf	substituted	4	ASP>HIS,HIS>GLN,GLY>GLN,GLY>HIS
M0387	pdb1spj	substituted	4	ASP>HIS,HIS>GLY,SER>GLY,GLY>HIS
M0387	pdb1sqa	substituted	4	ASP>HIS,HIS>GLY,SER>GLY,GLY>HIS
M0387	pdb1sqo	substituted	4	ASP>HIS,HIS>GLY,SER>GLY,GLY>HIS
M0387	pdb1sqt	substituted	4	ASP>HIS,HIS>GLY,SER>GLY,GLY>HIS
M0387	pdb1sr5	substituted	4	ASP>HIS,HIS>GLY,SER>GLY,GLY>HIS
M0387	pdb1t31	partial	NA	
M0387	pdb1t32	partial	NA	
M0387	pdb1t4u	substituted	4	ASP>ALA,HIS>CYS,GLY>CYS,GLY>ALA
M0387	pdb1t4v	substituted	4	ASP>ALA,HIS>CYS,GLY>CYS,GLY>ALA
M0387	pdb1t7c	substituted	4	ASP>HIS,HIS>GLY,SER>GLY,GLY>HIS
M0387	pdb1t8l	substituted	4	ASP>HIS,HIS>GLY,SER>GLY,GLY>HIS
M0387	pdb1t8m	substituted	4	ASP>HIS,HIS>GLY,SER>GLY,GLY>HIS
M0387	pdb1t8n	substituted	4	ASP>HIS,HIS>GLY,SER>GLY,GLY>HIS
M0387	pdb1t8o	substituted	4	ASP>HIS,HIS>GLY,SER>GLY,GLY>HIS
M0387	pdb1ta2	substituted	4	ASP>HIS,HIS>GLY,SER>GLY,GLY>HIS
M0387	pdb1ta6	substituted	4	ASP>HIS,HIS>GLY,SER>GLY,GLY>HIS
M0387	pdb1tab	substituted	4	ASP>HIS,HIS>GLN,GLY>GLN,GLY>HIS
M0387	pdb1taw	substituted	4	ASP>HIS,HIS>GLY,SER>GLY,GLY>HIS
M0387	pdb1tb6	substituted	4	ASP>GLY,HIS>SER,GLY>SER,SER>ARG
M0387	pdb1tbq	substituted	4	ASP>GLY,HIS>SER,GLY>SER,SER>ARG
M0387	pdb1tbr	substituted	4	ASP>GLY,HIS>SER,GLY>SER,SER>ARG
M0387	pdb1tbz	substituted	4	ASP>GLY,HIS>SER,GLY>SER,SER>ARG
M0387	pdb1tfx	substituted	4	ASP>HIS,HIS>GLY,SER>GLY,GLY>HIS
M0387	pdb1tgb	substituted	4	ASP>HIS,HIS>GLY,SER>GLY,GLY>HIS
M0387	pdb1tgc	substituted	4	ASP>HIS,HIS>GLY,SER>GLY,GLY>HIS
M0387	pdb1tgn	substituted	4	ASP>HIS,HIS>GLY,SER>GLY,GLY>HIS
M0387	pdb1tgs	substituted	4	ASP>LEU,HIS>GLY,SER>GLY,GLY>LEU
M0387	pdb1tgt	substituted	4	ASP>HIS,HIS>GLY,SER>GLY,GLY>HIS
M0387	pdb1thp	substituted	4	ASP>HIS,HIS>GLY,SER>GLY,GLY>HIS
M0387	pdb1thr	substituted	4	ASP>GLY,HIS>SER,GLY>SER,SER>ARG
M0387	pdb1ths	substituted	4	ASP>GLY,HIS>SER,GLY>SER,SER>ARG
M0387	pdb1tio	substituted	4	ASP>HIS,HIS>GLY,SER>GLY,GLY>HIS
M0387	pdb1tld	substituted	4	ASP>HIS,HIS>GLY,SER>GLY,GLY>HIS
M0387	pdb1tmb	substituted	4	ASP>GLY,HIS>SER,GLY>SER,SER>ARG
M0387	pdb1tmt	substituted	4	ASP>GLY,HIS>SER,GLY>SER,SER>ARG
M0387	pdb1tmu	substituted	4	ASP>GLY,HIS>SER,GLY>SER,SER>ARG
M0387	pdb1tng	substituted	4	ASP>HIS,HIS>GLY,SER>GLY,GLY>HIS
M0387	pdb1tnh	substituted	4	ASP>HIS,HIS>GLY,SER>GLY,GLY>HIS
M0387	pdb1tni	substituted	4	ASP>HIS,HIS>GLY,SER>GLY,GLY>HIS
M0387	pdb1tnj	substituted	4	ASP>HIS,HIS>GLY,SER>GLY,GLY>HIS
M0387	pdb1tnk	substituted	4	ASP>HIS,HIS>GLY,SER>GLY,GLY>HIS
M0387	pdb1tnl	substituted	4	ASP>HIS,HIS>GLY,SER>GLY,GLY>HIS
M0387	pdb1toc	substituted	4	ASP>HIS,HIS>GLY,SER>GLY,GLY>HIS
M0387	pdb1tom	substituted	4	ASP>GLY,HIS>SER,GLY>SER,SER>ARG
M0387	pdb1ton	substituted	4	ASP>HIS,HIS>GLY,SER>GLY,GLY>HIS
M0387	pdb1tpa	substituted	4	ASP>HIS,HIS>GLN,GLY>GLN,GLY>HIS
M0387	pdb1tpo	substituted	4	ASP>HIS,HIS>GLY,SER>GLY,GLY>HIS
M0387	pdb1tpp	substituted	4	ASP>HIS,HIS>GLY,SER>GLY,GLY>HIS
M0387	pdb1tps	substituted	4	ASP>HIS,HIS>GLY,SER>GLY,GLY>HIS
M0387	pdb1tq0	substituted	4	ASP>HIS,HIS>GLY,SER>GLY,GLY>HIS
M0387	pdb1tq7	substituted	4	ASP>HIS,HIS>GLY,SER>GLY,GLY>HIS
M0387	pdb1trm	substituted	4	ASP>HIS,HIS>GLY,SER>GLY,GLY>HIS
M0387	pdb1trn	substituted	4	ASP>HIS,HIS>GLY,SER>GLY,GLY>HIS
M0387	pdb1try	substituted	4	ASP>HIS,HIS>GLY,SER>GLY,GLY>HIS
M0387	pdb1twx	substituted	4	ASP>HIS,HIS>GLY,SER>GLY,GLY>HIS
M0387	pdb1tx6	substituted	4	ASP>HIS,HIS>GLY,SER>GLY,GLY>HIS
M0387	pdb1tx7	substituted	4	ASP>HIS,HIS>GLY,SER>GLY,GLY>HIS
M0387	pdb1tx8	substituted	4	ASP>HIS,HIS>GLY,SER>GLY,GLY>HIS
M0387	pdb1tyn	substituted	4	ASP>HIS,HIS>GLY,SER>GLY,GLY>HIS
M0387	pdb1u6q	substituted	4	ASP>HIS,HIS>GLY,SER>GLY,GLY>HIS
M0387	pdb1ucy	substituted	4	ASP>GLY,HIS>SER,GLY>SER,SER>ARG
M0387	pdb1uhb	substituted	2	ASP>GLY,HIS>GLY
M0387	pdb1uma	substituted	4	ASP>GLY,HIS>SER,GLY>SER,SER>ARG
M0387	pdb1uo6	substituted	4	ASP>HIS,HIS>GLY,SER>GLY,GLY>HIS
M0387	pdb1utj	substituted	4	ASP>HIS,HIS>GLY,SER>GLY,GLY>HIS
M0387	pdb1utk	substituted	4	ASP>HIS,HIS>GLY,SER>GLY,GLY>HIS
M0387	pdb1utl	substituted	4	ASP>LYS,HIS>GLY,SER>GLY,GLY>LYS
M0387	pdb1utm	substituted	4	ASP>HIS,HIS>GLY,SER>GLY,GLY>HIS
M0387	pdb1utn	substituted	4	ASP>HIS,HIS>GLY,SER>GLY,GLY>HIS
M0387	pdb1uto	substituted	4	ASP>HIS,HIS>GLY,SER>GLY,GLY>HIS
M0387	pdb1utp	substituted	4	ASP>HIS,HIS>GLY,SER>GLY,GLY>HIS
M0387	pdb1utq	substituted	4	ASP>HIS,HIS>GLY,SER>GLY,GLY>HIS
M0387	pdb1uvo	substituted	4	ASP>HIS,HIS>GLY,SER>GLY,GLY>HIS
M0387	pdb1uvp	substituted	4	ASP>HIS,HIS>GLY,SER>GLY,GLY>HIS
M0387	pdb1uvs	substituted	4	ASP>GLY,HIS>SER,GLY>SER,SER>ARG
M0387	pdb1uvt	substituted	4	ASP>GLY,HIS>SER,GLY>SER,SER>ARG
M0387	pdb1uvu	substituted	4	ASP>GLY,HIS>SER,GLY>SER,SER>ARG
M0387	pdb1v2j	substituted	4	ASP>HIS,HIS>GLY,SER>GLY,GLY>HIS
M0387	pdb1v2k	substituted	4	ASP>HIS,HIS>GLY,SER>GLY,GLY>HIS
M0387	pdb1v2l	substituted	4	ASP>HIS,HIS>GLY,SER>GLY,GLY>HIS
M0387	pdb1v2m	substituted	4	ASP>HIS,HIS>GLY,SER>GLY,GLY>HIS
M0387	pdb1v2n	substituted	4	ASP>HIS,HIS>GLY,SER>GLY,GLY>HIS
M0387	pdb1v2o	substituted	4	ASP>HIS,HIS>GLY,SER>GLY,GLY>HIS
M0387	pdb1v2p	substituted	4	ASP>HIS,HIS>GLY,SER>GLY,GLY>HIS
M0387	pdb1v2q	substituted	4	ASP>HIS,HIS>GLY,SER>GLY,GLY>HIS
M0387	pdb1v2r	substituted	4	ASP>HIS,HIS>GLY,SER>GLY,GLY>HIS
M0387	pdb1v2s	substituted	4	ASP>HIS,HIS>GLY,SER>GLY,GLY>HIS
M0387	pdb1v2t	substituted	4	ASP>HIS,HIS>GLY,SER>GLY,GLY>HIS
M0387	pdb1v2u	substituted	4	ASP>HIS,HIS>GLY,SER>GLY,GLY>HIS
M0387	pdb1v2v	substituted	4	ASP>HIS,HIS>GLY,SER>GLY,GLY>HIS
M0387	pdb1v2w	substituted	4	ASP>HIS,HIS>GLY,SER>GLY,GLY>HIS
M0387	pdb1v3x	substituted	4	ASP>HIS,HIS>GLY,SER>GLY,GLY>HIS
M0387	pdb1v6d	substituted	4	ASP>HIS,HIS>GLY,SER>GLY,GLY>HIS
M0387	pdb1vgc	substituted	2	ASP>GLY,HIS>GLY
M0387	pdb1vit	substituted	4	ASP>GLY,HIS>SER,GLY>SER,SER>ARG
M0387	pdb1vj9	substituted	3	ASP>LYS,HIS>GLY,GLY>LYS
M0387	pdb1vja	substituted	3	ASP>LYS,HIS>GLY,GLY>LYS
M0387	pdb1vr1	substituted	5	ASP>ILE,HIS>TRP,GLY>TRP,SER>MET,GLY>ILE
M0387	pdb1vzq	substituted	3	ASP>GLY,HIS>GLY,SER>PHE
M0387	pdb1w0y	substituted	5	ASP>LEU,HIS>SER,GLY>SER,SER>GLY,GLY>LEU
M0387	pdb1w0z	substituted	4	ASP>LEU,HIS>GLY,SER>LEU,GLY>LEU
M0387	pdb1w10	substituted	4	ASP>LEU,HIS>GLY,SER>LEU,GLY>LEU
M0387	pdb1w11	substituted	4	ASP>LEU,HIS>GLY,SER>LEU,GLY>LEU
M0387	pdb1w12	substituted	4	ASP>LEU,HIS>GLY,SER>LEU,GLY>LEU
M0387	pdb1w13	substituted	4	ASP>LEU,HIS>GLY,SER>LEU,GLY>LEU
M0387	pdb1w14	substituted	4	ASP>LEU,HIS>GLY,SER>LEU,GLY>LEU
M0387	pdb1w2k	substituted	5	ASP>LEU,HIS>SER,GLY>SER,SER>GLY,GLY>LEU
M0387	pdb1w7g	substituted	4	ASP>GLY,HIS>SER,GLY>SER,SER>ARG
M0387	pdb1w7x	substituted	5	ASP>LEU,HIS>SER,GLY>SER,SER>GLY,GLY>LEU
M0387	pdb1w8b	substituted	5	ASP>LEU,HIS>SER,GLY>SER,SER>GLY,GLY>LEU
M0387	pdb1way	substituted	4	ASP>HIS,HIS>GLY,SER>GLY,GLY>HIS
M0387	pdb1wbg	substituted	4	ASP>HIS,HIS>GLY,SER>GLY,GLY>HIS
M0387	pdb1wqv	substituted	5	ASP>LEU,HIS>SER,GLY>SER,SER>GLY,GLY>LEU
M0387	pdb1wss	substituted	5	ASP>LEU,HIS>SER,GLY>SER,SER>GLY,GLY>LEU
M0387	pdb1wtg	substituted	5	ASP>LEU,HIS>SER,GLY>SER,SER>GLY,GLY>LEU
M0387	pdb1wu1	substituted	4	ASP>HIS,HIS>GLY,SER>GLY,GLY>HIS
M0387	pdb1wun	substituted	5	ASP>LEU,HIS>SER,GLY>SER,SER>GLY,GLY>LEU
M0387	pdb1wv7	substituted	5	ASP>LEU,HIS>SER,GLY>SER,SER>GLY,GLY>LEU
M0387	pdb1x7a	substituted	5	ASP>PHE,HIS>ALA,GLY>ALA,SER>GLU,GLY>PHE
M0387	pdb1xka	substituted	4	ASP>CYS,HIS>GLY,SER>GLY,GLY>CYS
M0387	pdb1xkb	substituted	4	ASP>GLU,HIS>GLY,SER>GLY,GLY>GLU
M0387	pdb1xm1	substituted	4	ASP>HIS,HIS>GLY,SER>GLY,GLY>HIS
M0387	pdb1xmn	substituted	4	ASP>HIS,HIS>GLY,SER>GLY,GLY>HIS
M0387	pdb1xuf	substituted	4	ASP>HIS,HIS>GLY,SER>GLY,GLY>HIS
M0387	pdb1xug	substituted	4	ASP>HIS,HIS>GLY,SER>GLY,GLY>HIS
M0387	pdb1xuh	substituted	4	ASP>HIS,HIS>GLY,SER>GLY,GLY>HIS
M0387	pdb1xui	substituted	4	ASP>HIS,HIS>GLY,SER>GLY,GLY>HIS
M0387	pdb1xuj	substituted	4	ASP>HIS,HIS>GLY,SER>GLY,GLY>HIS
M0387	pdb1xuk	substituted	4	ASP>HIS,HIS>GLY,SER>GLY,GLY>HIS
M0387	pdb1xvm	substituted	4	ASP>HIS,HIS>GLY,SER>GLY,GLY>HIS
M0387	pdb1xvo	substituted	4	ASP>HIS,HIS>GLY,SER>GLY,GLY>HIS
M0387	pdb1xx9	substituted	4	ASP>HIS,HIS>GLY,SER>GLY,GLY>HIS
M0387	pdb1xxd	substituted	4	ASP>HIS,HIS>GLY,SER>GLY,GLY>HIS
M0387	pdb1xxf	substituted	4	ASP>HIS,HIS>GLY,SER>GLY,GLY>HIS
M0387	pdb1y3u	substituted	4	ASP>HIS,HIS>GLY,SER>GLY,GLY>HIS
M0387	pdb1y3v	substituted	4	ASP>HIS,HIS>GLY,SER>GLY,GLY>HIS
M0387	pdb1y3w	substituted	4	ASP>HIS,HIS>GLY,SER>GLY,GLY>HIS
M0387	pdb1y3x	substituted	4	ASP>HIS,HIS>GLY,SER>GLY,GLY>HIS
M0387	pdb1y3y	substituted	4	ASP>HIS,HIS>GLY,SER>GLY,GLY>HIS
M0387	pdb1y59	substituted	4	ASP>HIS,HIS>GLY,SER>GLY,GLY>HIS
M0387	pdb1y5a	substituted	4	ASP>HIS,HIS>GLY,SER>GLY,GLY>HIS
M0387	pdb1y5b	substituted	4	ASP>HIS,HIS>GLY,SER>GLY,GLY>HIS
M0387	pdb1y5u	substituted	4	ASP>HIS,HIS>GLY,SER>GLY,GLY>HIS
M0387	pdb1ybw	substituted	4	ASP>HIS,HIS>GLY,SER>GLY,GLY>HIS
M0387	pdb1yc0	substituted	4	ASP>HIS,HIS>GLY,SER>GLY,GLY>HIS
M0387	pdb1ycp	substituted	4	ASP>GLY,HIS>SER,GLY>SER,SER>ARG
M0387	pdb1yf4	substituted	4	ASP>HIS,HIS>GLY,SER>GLY,GLY>HIS
M0387	pdb1ygc	substituted	5	ASP>LEU,HIS>SER,GLY>SER,SER>GLY,GLY>LEU
M0387	pdb1ykt	substituted	4	ASP>HIS,HIS>GLY,SER>GLY,GLY>HIS
M0387	pdb1ylc	substituted	4	ASP>HIS,HIS>GLY,SER>GLY,GLY>HIS
M0387	pdb1yld	substituted	4	ASP>HIS,HIS>GLY,SER>GLY,GLY>HIS
M0387	pdb1ym0	substituted	4	ASP>HIS,HIS>GLY,SER>GLY,GLY>HIS
M0387	pdb1yp9	substituted	4	ASP>HIS,HIS>GLY,SER>GLY,GLY>HIS
M0387	pdb1ype	substituted	4	ASP>GLY,HIS>SER,GLY>SER,SER>ARG
M0387	pdb1ypg	substituted	4	ASP>GLY,HIS>SER,GLY>SER,SER>ARG
M0387	pdb1yph	substituted	2	ASP>GLY,HIS>GLY
M0387	pdb1ypj	substituted	4	ASP>GLY,HIS>SER,GLY>SER,SER>ARG
M0387	pdb1ypk	substituted	4	ASP>GLY,HIS>SER,GLY>SER,SER>ARG
M0387	pdb1ypl	substituted	4	ASP>GLY,HIS>SER,GLY>SER,SER>ARG
M0387	pdb1ypm	substituted	4	ASP>GLY,HIS>SER,GLY>SER,SER>ARG
M0387	pdb1yyy	substituted	4	ASP>HIS,HIS>GLN,GLY>GLN,GLY>HIS
M0387	pdb1z6e	substituted	4	ASP>HIS,HIS>GLY,SER>GLY,GLY>HIS
M0387	pdb1z6j	substituted	5	ASP>LEU,HIS>SER,GLY>SER,SER>GLY,GLY>LEU
M0387	pdb1z71	substituted	4	ASP>HIS,HIS>GLY,SER>GLY,GLY>HIS
M0387	pdb1z7k	substituted	4	ASP>HIS,HIS>GLY,SER>GLY,GLY>HIS
M0387	pdb1z8g	substituted	4	ASP>HIS,HIS>GLY,SER>GLY,GLY>HIS
M0387	pdb1z8i	substituted	5	ASP>HIS,HIS>ALA,GLY>ALA,SER>GLY,GLY>HIS
M0387	pdb1z8j	substituted	5	ASP>HIS,HIS>PRO,GLY>PRO,SER>GLY,GLY>HIS
M0387	pdb1zgi	substituted	4	ASP>HIS,HIS>GLY,SER>GLY,GLY>HIS
M0387	pdb1zgv	substituted	4	ASP>HIS,HIS>GLY,SER>GLY,GLY>HIS
M0387	pdb1zhm	substituted	4	ASP>HIS,HIS>GLY,SER>GLY,GLY>HIS
M0387	pdb1zhp	substituted	4	ASP>HIS,HIS>GLY,SER>GLY,GLY>HIS
M0387	pdb1zhr	substituted	4	ASP>HIS,HIS>GLY,SER>GLY,GLY>HIS
M0387	pdb1zjd	substituted	4	ASP>HIS,HIS>GLY,SER>GLY,GLY>HIS
M0387	pdb1zjk	partial	NA	
M0387	pdb1zlr	substituted	4	ASP>HIS,HIS>GLY,SER>GLY,GLY>HIS
M0387	pdb1zmj	substituted	4	ASP>HIS,HIS>GLY,SER>GLY,GLY>HIS
M0387	pdb1zml	substituted	4	ASP>HIS,HIS>GLY,SER>GLY,GLY>HIS
M0387	pdb1zmn	substituted	4	ASP>HIS,HIS>GLY,SER>GLY,GLY>HIS
M0387	pdb1zom	substituted	4	ASP>HIS,HIS>GLY,SER>GLY,GLY>HIS
M0387	pdb1zpb	substituted	4	ASP>HIS,HIS>GLY,SER>GLY,GLY>HIS
M0387	pdb1zpc	substituted	4	ASP>HIS,HIS>GLY,SER>GLY,GLY>HIS
M0387	pdb1zpz	substituted	4	ASP>HIS,HIS>GLY,SER>GLY,GLY>HIS
M0387	pdb1zr0	substituted	4	ASP>HIS,HIS>GLY,SER>GLY,GLY>HIS
M0387	pdb1zrb	substituted	4	ASP>HIS,HIS>GLY,SER>GLY,GLY>HIS
M0387	pdb1zrk	substituted	4	ASP>HIS,HIS>GLY,SER>GLY,GLY>HIS
M0387	pdb1zsj	substituted	4	ASP>HIS,HIS>GLY,SER>GLY,GLY>HIS
M0387	pdb1zsk	substituted	4	ASP>HIS,HIS>GLY,SER>GLY,GLY>HIS
M0387	pdb1zsl	substituted	4	ASP>HIS,HIS>GLY,SER>GLY,GLY>HIS
M0387	pdb1ztj	substituted	4	ASP>HIS,HIS>GLY,SER>GLY,GLY>HIS
M0387	pdb1ztk	substituted	4	ASP>HIS,HIS>GLY,SER>GLY,GLY>HIS
M0387	pdb1ztl	substituted	4	ASP>HIS,HIS>GLY,SER>GLY,GLY>HIS
M0387	pdb1zzz	substituted	4	ASP>HIS,HIS>GLY,SER>GLY,GLY>HIS
M0387	pdb2a0q	substituted	4	ASP>HIS,HIS>GLY,SER>GLY,GLY>HIS
M0387	pdb2a1d	substituted	4	ASP>HIS,HIS>GLY,SER>GLY,GLY>HIS
M0387	pdb2a2q	substituted	5	ASP>LEU,HIS>SER,GLY>SER,SER>GLY,GLY>LEU
M0387	pdb2a2x	substituted	4	ASP>GLY,HIS>SER,GLY>SER,SER>ARG
M0387	pdb2a31	substituted	4	ASP>HIS,HIS>GLY,SER>GLY,GLY>HIS
M0387	pdb2a32	substituted	4	ASP>HIS,HIS>GLY,SER>GLY,GLY>HIS
M0387	pdb2a45	substituted	4	ASP>HIS,HIS>GLY,SER>GLY,GLY>HIS
M0387	pdb2a7c	substituted	4	ASP>HIS,HIS>GLY,SER>GLY,GLY>HIS
M0387	pdb2a7h	substituted	4	ASP>HIS,HIS>GLY,SER>GLY,GLY>HIS
M0387	pdb2a7j	substituted	4	ASP>HIS,HIS>GLY,SER>GLY,GLY>HIS
M0387	pdb2aei	substituted	5	ASP>LEU,HIS>SER,GLY>SER,SER>GLY,GLY>LEU
M0387	pdb2aer	substituted	5	ASP>LEU,HIS>SER,GLY>SER,SER>GLY,GLY>LEU
M0387	pdb2afq	substituted	4	ASP>HIS,HIS>GLY,SER>GLY,GLY>HIS
M0387	pdb2age	substituted	4	ASP>HIS,HIS>GLN,GLY>GLN,GLY>HIS
M0387	pdb2agg	substituted	4	ASP>HIS,HIS>GLN,GLY>GLN,GLY>HIS
M0387	pdb2agi	substituted	4	ASP>HIS,HIS>GLN,GLY>GLN,GLY>HIS
M0387	pdb2ah4	substituted	4	ASP>HIS,HIS>GLN,GLY>GLN,GLY>HIS
M0387	pdb2aip	partial	NA	
M0387	pdb2aiq	partial	NA	
M0387	pdb2ank	substituted	4	ASP>GLY,HIS>SER,GLY>SER,SER>ARG
M0387	pdb2anm	substituted	4	ASP>GLY,HIS>SER,GLY>SER,SER>ARG
M0387	pdb2anw	substituted	4	ASP>HIS,HIS>GLY,SER>GLY,GLY>HIS
M0387	pdb2any	substituted	4	ASP>HIS,HIS>GLY,SER>GLY,GLY>HIS
M0387	pdb2asu	substituted	4	ASP>GLN,HIS>GLY,SER>GLY,GLY>GLN
M0387	pdb2ayw	substituted	4	ASP>HIS,HIS>GLY,SER>GLY,GLY>HIS
M0387	pdb2b5t	substituted	4	ASP>HIS,HIS>GLY,SER>GLY,GLY>HIS
M0387	pdb2b7d	substituted	5	ASP>LEU,HIS>SER,GLY>SER,SER>GLY,GLY>LEU
M0387	pdb2b8o	substituted	5	ASP>LEU,HIS>SER,GLY>SER,SER>GLY,GLY>LEU
M0387	pdb2b9l	substituted	4	ASP>HIS,HIS>GLY,SER>GLY,GLY>HIS
M0387	pdb2bb4	substituted	4	ASP>THR,HIS>ASP,GLY>ASP,GLY>THR
M0387	pdb2bd2	substituted	4	ASP>THR,HIS>ASP,GLY>ASP,GLY>THR
M0387	pdb2bd3	substituted	4	ASP>THR,HIS>ASP,GLY>ASP,GLY>THR
M0387	pdb2bd4	substituted	4	ASP>THR,HIS>ASP,GLY>ASP,GLY>THR
M0387	pdb2bd5	substituted	4	ASP>THR,HIS>ASP,GLY>ASP,GLY>THR
M0387	pdb2bd7	substituted	4	ASP>THR,HIS>ASP,GLY>ASP,GLY>THR
M0387	pdb2bd8	substituted	4	ASP>THR,HIS>ASP,GLY>ASP,GLY>THR
M0387	pdb2bd9	substituted	4	ASP>HIS,HIS>GLY,SER>GLY,GLY>HIS
M0387	pdb2bda	substituted	4	ASP>THR,HIS>ASP,GLY>ASP,GLY>THR
M0387	pdb2bdb	substituted	4	ASP>HIS,HIS>GLY,SER>GLY,GLY>HIS
M0387	pdb2bdc	substituted	4	ASP>HIS,HIS>GLY,SER>GLY,GLY>HIS
M0387	pdb2bdg	substituted	4	ASP>HIS,HIS>GLY,SER>GLY,GLY>HIS
M0387	pdb2bdh	substituted	4	ASP>HIS,HIS>GLY,SER>GLY,GLY>HIS
M0387	pdb2bdi	substituted	4	ASP>HIS,HIS>GLY,SER>GLY,GLY>HIS
M0387	pdb2bdy	substituted	4	ASP>HIS,HIS>GLY,SER>GLY,GLY>HIS
M0387	pdb2blo	substituted	4	ASP>HIS,HIS>GLY,SER>GLY,GLY>HIS
M0387	pdb2blq	substituted	4	ASP>HIS,HIS>GLY,SER>GLY,GLY>HIS
M0387	pdb2blv	substituted	4	ASP>HIS,HIS>GLY,SER>GLY,GLY>HIS
M0387	pdb2blw	substituted	4	ASP>HIS,HIS>GLY,SER>GLY,GLY>HIS
M0387	pdb2bm2	substituted	4	ASP>HIS,HIS>GLY,SER>GLY,GLY>HIS
M0387	pdb2bmg	substituted	4	ASP>HIS,HIS>GLY,SER>GLY,GLY>HIS
M0387	pdb2boh	substituted	4	ASP>HIS,HIS>GLY,SER>GLY,GLY>HIS
M0387	pdb2bok	substituted	4	ASP>HIS,HIS>GLY,SER>GLY,GLY>HIS
M0387	pdb2bq6	substituted	4	ASP>HIS,HIS>GLY,SER>GLY,GLY>HIS
M0387	pdb2bq7	substituted	4	ASP>HIS,HIS>GLY,SER>GLY,GLY>HIS
M0387	pdb2bqw	substituted	4	ASP>HIS,HIS>GLY,SER>GLY,GLY>HIS
M0387	pdb2btc	substituted	4	ASP>HIS,HIS>GLN,GLY>GLN,GLY>HIS
M0387	pdb2bvr	substituted	3	ASP>GLY,HIS>GLY,SER>PHE
M0387	pdb2bvs	substituted	4	ASP>GLY,HIS>SER,GLY>SER,SER>ARG
M0387	pdb2bvx	substituted	4	ASP>GLY,HIS>SER,GLY>SER,SER>ARG
M0387	pdb2bxt	substituted	4	ASP>GLY,HIS>SER,GLY>SER,SER>ARG
M0387	pdb2bxu	substituted	4	ASP>GLY,HIS>SER,GLY>SER,SER>ARG
M0387	pdb2by5	substituted	4	ASP>LYS,HIS>GLY,SER>GLY,GLY>LYS
M0387	pdb2by6	substituted	4	ASP>LYS,HIS>GLY,SER>GLY,GLY>LYS
M0387	pdb2by7	substituted	4	ASP>LYS,HIS>GLY,SER>GLY,GLY>LYS
M0387	pdb2by8	substituted	4	ASP>LYS,HIS>GLY,SER>GLY,GLY>LYS
M0387	pdb2by9	substituted	4	ASP>LYS,HIS>GLY,SER>GLY,GLY>LYS
M0387	pdb2bya	substituted	4	ASP>LYS,HIS>GLY,SER>GLY,GLY>LYS
M0387	pdb2bz6	substituted	5	ASP>LEU,HIS>SER,GLY>SER,SER>GLY,GLY>LEU
M0387	pdb2bza	substituted	4	ASP>HIS,HIS>GLY,SER>GLY,GLY>HIS
M0387	pdb2c4f	substituted	5	ASP>LEU,HIS>SER,GLY>SER,SER>GLY,GLY>LEU
M0387	pdb2c8w	substituted	4	ASP>HIS,HIS>GLY,SER>GLY,GLY>HIS
M0387	pdb2c8x	substituted	4	ASP>HIS,HIS>GLY,SER>GLY,GLY>HIS
M0387	pdb2c8y	substituted	4	ASP>HIS,HIS>GLY,SER>GLY,GLY>HIS
M0387	pdb2c8z	substituted	4	ASP>HIS,HIS>GLY,SER>GLY,GLY>HIS
M0387	pdb2c90	substituted	4	ASP>HIS,HIS>GLY,SER>GLY,GLY>HIS
M0387	pdb2c93	substituted	4	ASP>HIS,HIS>GLY,SER>GLY,GLY>HIS
M0387	pdb2cf8	substituted	4	ASP>GLY,HIS>SER,GLY>SER,SER>ARG
M0387	pdb2cf9	substituted	4	ASP>GLY,HIS>SER,GLY>SER,SER>ARG
M0387	pdb2cga	substituted	4	ASP>HIS,HIS>GLY,SER>GLY,GLY>HIS
M0387	pdb2cha	substituted	2	ASP>GLY,HIS>GLY
M0387	pdb2cji	substituted	4	ASP>HIS,HIS>GLY,SER>GLY,GLY>HIS
M0387	pdb2cmy	substituted	4	ASP>HIS,HIS>GLY,SER>GLY,GLY>HIS
M0387	pdb2cn0	substituted	4	ASP>GLY,HIS>SER,GLY>SER,SER>ARG
M0387	pdb2cv3	substituted	4	ASP>HIS,HIS>GLY,SER>GLY,GLY>HIS
M0387	pdb2d1j	substituted	4	ASP>HIS,HIS>GLY,SER>GLY,GLY>HIS
M0387	pdb2d26	substituted	4	ASP>HIS,HIS>GLY,SER>GLY,GLY>HIS
M0387	pdb2d8w	substituted	4	ASP>HIS,HIS>GLY,SER>GLY,GLY>HIS
M0387	pdb2de8	substituted	4	ASP>HIS,HIS>GLY,SER>GLY,GLY>HIS
M0387	pdb2de9	substituted	4	ASP>HIS,HIS>GLY,SER>GLY,GLY>HIS
M0387	pdb2ec9	substituted	5	ASP>LEU,HIS>SER,GLY>SER,SER>GLY,GLY>LEU
M0387	pdb2eek	substituted	4	ASP>HIS,HIS>GLY,SER>GLY,GLY>HIS
M0387	pdb2ei6	substituted	4	ASP>HIS,HIS>GLY,SER>GLY,GLY>HIS
M0387	pdb2ei7	substituted	4	ASP>HIS,HIS>GLY,SER>GLY,GLY>HIS
M0387	pdb2ei8	substituted	4	ASP>HIS,HIS>GLY,SER>GLY,GLY>HIS
M0387	pdb2est	substituted	4	ASP>THR,HIS>ASP,GLY>ASP,GLY>THR
M0387	pdb2f3c	substituted	5	ASP>CYS,HIS>MET,GLY>MET,SER>ALA,GLY>CYS
M0387	pdb2f83	partial	NA	
M0387	pdb2f91	substituted	4	ASP>HIS,HIS>GLY,SER>GLY,GLY>HIS
M0387	pdb2f9b	substituted	5	ASP>LEU,HIS>SER,GLY>SER,SER>GLY,GLY>LEU
M0387	pdb2f9n	substituted	4	ASP>HIS,HIS>GLY,SER>GLY,GLY>HIS
M0387	pdb2f9o	substituted	4	ASP>HIS,HIS>GLY,SER>GLY,GLY>HIS
M0387	pdb2f9p	substituted	3	ASP>GLY,HIS>LYS,GLY>LYS
M0387	pdb2fda	substituted	4	ASP>HIS,HIS>GLY,SER>GLY,GLY>HIS
M0387	pdb2feq	substituted	4	ASP>GLY,HIS>SER,GLY>SER,SER>ARG
M0387	pdb2fes	substituted	4	ASP>GLY,HIS>SER,GLY>SER,SER>ARG
M0387	pdb2fi3	substituted	4	ASP>HIS,HIS>GLN,GLY>GLN,GLY>HIS
M0387	pdb2fi4	substituted	4	ASP>HIS,HIS>GLY,SER>GLY,GLY>HIS
M0387	pdb2fi5	substituted	4	ASP>HIS,HIS>GLY,SER>GLY,GLY>HIS
M0387	pdb2fir	substituted	5	ASP>LEU,HIS>SER,GLY>SER,SER>GLY,GLY>LEU
M0387	pdb2flb	substituted	5	ASP>LEU,HIS>SER,GLY>SER,SER>GLY,GLY>LEU
M0387	pdb2flr	substituted	5	ASP>LEU,HIS>SER,GLY>SER,SER>GLY,GLY>LEU
M0387	pdb2fmj	substituted	2	ASP>GLY,HIS>GLY
M0387	pdb2fo9	substituted	4	ASP>HIS,HIS>GLY,SER>GLY,GLY>HIS
M0387	pdb2foa	substituted	4	ASP>HIS,HIS>GLY,SER>GLY,GLY>HIS
M0387	pdb2fob	substituted	4	ASP>HIS,HIS>GLY,SER>GLY,GLY>HIS
M0387	pdb2foc	substituted	4	ASP>HIS,HIS>GLY,SER>GLY,GLY>HIS
M0387	pdb2fod	substituted	4	ASP>HIS,HIS>GLY,SER>GLY,GLY>HIS
M0387	pdb2foe	substituted	4	ASP>HIS,HIS>GLY,SER>GLY,GLY>HIS
M0387	pdb2fof	substituted	4	ASP>HIS,HIS>GLY,SER>GLY,GLY>HIS
M0387	pdb2fog	substituted	4	ASP>HIS,HIS>GLY,SER>GLY,GLY>HIS
M0387	pdb2foh	substituted	4	ASP>HIS,HIS>GLY,SER>GLY,GLY>HIS
M0387	pdb2fpz	substituted	4	ASP>HIS,HIS>GLY,SER>GLY,GLY>HIS
M0387	pdb2fs8	substituted	4	ASP>HIS,HIS>GLY,SER>GLY,GLY>HIS
M0387	pdb2fs9	substituted	4	ASP>HIS,HIS>GLY,SER>GLY,GLY>HIS
M0387	pdb2ftl	substituted	4	ASP>HIS,HIS>GLY,SER>GLY,GLY>HIS
M0387	pdb2ftm	substituted	4	ASP>HIS,HIS>GLY,SER>GLY,GLY>HIS
M0387	pdb2fww	substituted	4	ASP>HIS,HIS>GLY,SER>GLY,GLY>HIS
M0387	pdb2fx4	substituted	4	ASP>HIS,HIS>GLY,SER>GLY,GLY>HIS
M0387	pdb2fx6	substituted	4	ASP>HIS,HIS>GLY,SER>GLY,GLY>HIS
M0387	pdb2fxr	substituted	4	ASP>HIS,HIS>GLY,SER>GLY,GLY>HIS
M0387	pdb2fzz	substituted	4	ASP>HIS,HIS>GLY,SER>GLY,GLY>HIS
M0387	pdb2g00	substituted	4	ASP>HIS,HIS>GLY,SER>GLY,GLY>HIS
M0387	pdb2g4t	substituted	4	ASP>HIS,HIS>GLY,SER>GLY,GLY>HIS
M0387	pdb2g4u	substituted	4	ASP>HIS,HIS>GLY,SER>GLY,GLY>HIS
M0387	pdb2g51	substituted	4	ASP>HIS,HIS>GLY,SER>GLY,GLY>HIS
M0387	pdb2g52	substituted	4	ASP>HIS,HIS>GLY,SER>GLY,GLY>HIS
M0387	pdb2g55	substituted	4	ASP>HIS,HIS>GLY,SER>GLY,GLY>HIS
M0387	pdb2g5n	substituted	4	ASP>HIS,HIS>GLY,SER>GLY,GLY>HIS
M0387	pdb2g5v	substituted	4	ASP>HIS,HIS>GLY,SER>GLY,GLY>HIS
M0387	pdb2g81	substituted	4	ASP>HIS,HIS>GLN,GLY>GLN,GLY>HIS
M0387	pdb2g8t	substituted	4	ASP>HIS,HIS>GLY,SER>GLY,GLY>HIS
M0387	pdb2gch	substituted	2	ASP>GLY,HIS>GLY
M0387	pdb2gct	substituted	2	ASP>GLY,HIS>GLY
M0387	pdb2gd4	substituted	4	ASP>HIS,HIS>GLY,SER>GLY,GLY>HIS
M0387	pdb2gdd	substituted	4	ASP>HIS,HIS>GLY,SER>GLY,GLY>HIS
M0387	pdb2gde	substituted	4	ASP>GLY,HIS>SER,GLY>SER,SER>ARG
M0387	pdb2gmt	substituted	2	ASP>GLY,HIS>GLY
M0387	pdb2gp9	substituted	4	ASP>HIS,HIS>GLY,SER>GLY,GLY>HIS
M0387	pdb2gv6	substituted	4	ASP>HIS,HIS>GLY,SER>GLY,GLY>HIS
M0387	pdb2gv7	substituted	4	ASP>HIS,HIS>GLY,SER>GLY,GLY>HIS
M0387	pdb2h1u	substituted	4	ASP>THR,HIS>ASP,GLY>ASP,GLY>THR
M0387	pdb2h9e	substituted	4	ASP>CYS,HIS>GLY,SER>GLY,GLY>CYS
M0387	pdb2h9t	substituted	4	ASP>GLY,HIS>SER,GLY>SER,SER>ARG
M0387	pdb2hgt	substituted	4	ASP>GLY,HIS>SER,GLY>SER,SER>ARG
M0387	pdb2hlc	substituted	4	ASP>HIS,HIS>GLY,SER>GLY,GLY>HIS
M0387	pdb2hnt	partial	NA	
M0387	pdb2hpp	substituted	4	ASP>GLY,HIS>SER,GLY>SER,SER>ARG
M0387	pdb2hpq	substituted	4	ASP>GLY,HIS>SER,GLY>SER,SER>ARG
M0387	pdb2hvx	partial	NA	
M0387	pdb2hwl	substituted	4	ASP>HIS,HIS>GLY,SER>GLY,GLY>HIS
M0387	pdb2iln	substituted	4	ASP>HIS,HIS>GLY,SER>GLY,GLY>HIS
M0387	pdb2iot	substituted	4	ASP>HIS,HIS>GLY,SER>GLY,GLY>HIS
M0387	pdb2j2u	substituted	4	ASP>HIS,HIS>GLY,SER>GLY,GLY>HIS
M0387	pdb2j34	substituted	4	ASP>HIS,HIS>GLY,SER>GLY,GLY>HIS
M0387	pdb2j38	substituted	4	ASP>HIS,HIS>GLY,SER>GLY,GLY>HIS
M0387	pdb2j4i	substituted	4	ASP>HIS,HIS>GLY,SER>GLY,GLY>HIS
M0387	pdb2j94	substituted	4	ASP>HIS,HIS>GLY,SER>GLY,GLY>HIS
M0387	pdb2j95	substituted	4	ASP>HIS,HIS>GLY,SER>GLY,GLY>HIS
M0387	pdb2j9n	substituted	4	ASP>HIS,HIS>GLY,SER>GLY,GLY>HIS
M0387	pdb2jet	substituted	2	ASP>GLY,HIS>GLY
M0387	pdb2jh0	substituted	4	ASP>GLY,HIS>SER,GLY>SER,SER>ARG
M0387	pdb2jh5	substituted	4	ASP>GLY,HIS>SER,GLY>SER,SER>ARG
M0387	pdb2jh6	substituted	4	ASP>GLY,HIS>SER,GLY>SER,SER>ARG
M0387	pdb2jkh	substituted	4	ASP>HIS,HIS>GLY,SER>GLY,GLY>HIS
M0387	pdb2kai	substituted	2	ASP>GLY,HIS>GLY
M0387	pdb2nwn	substituted	4	ASP>HIS,HIS>GLY,SER>GLY,GLY>HIS
M0387	pdb2o8t	substituted	4	ASP>HIS,HIS>GLY,SER>GLY,GLY>HIS
M0387	pdb2o8u	substituted	4	ASP>HIS,HIS>GLY,SER>GLY,GLY>HIS
M0387	pdb2o8w	substituted	4	ASP>HIS,HIS>GLY,SER>GLY,GLY>HIS
M0387	pdb2o9q	substituted	4	ASP>HIS,HIS>GLY,SER>GLY,GLY>HIS
M0387	pdb2ocv	substituted	4	ASP>HIS,HIS>GLY,SER>GLY,GLY>HIS
M0387	pdb2od3	substituted	4	ASP>HIS,HIS>GLY,SER>GLY,GLY>HIS
M0387	pdb2ody	substituted	4	ASP>HIS,HIS>GLY,SER>GLY,GLY>HIS
M0387	pdb2olg	substituted	4	ASP>HIS,HIS>GLY,SER>GLY,GLY>HIS
M0387	pdb2oq5	substituted	4	ASP>HIS,HIS>GLY,SER>GLY,GLY>HIS
M0387	pdb2oqu	substituted	4	ASP>HIS,HIS>GLY,SER>GLY,GLY>HIS
M0387	pdb2otv	substituted	4	ASP>HIS,HIS>GLY,SER>GLY,GLY>HIS
M0387	pdb2oxs	substituted	4	ASP>HIS,HIS>GLY,SER>GLY,GLY>HIS
M0387	pdb2p16	substituted	4	ASP>HIS,HIS>GLY,SER>GLY,GLY>HIS
M0387	pdb2p3f	substituted	4	ASP>CYS,HIS>GLY,SER>GLY,GLY>CYS
M0387	pdb2p3t	substituted	4	ASP>HIS,HIS>GLY,SER>GLY,GLY>HIS
M0387	pdb2p3u	substituted	4	ASP>HIS,HIS>GLY,SER>GLY,GLY>HIS
M0387	pdb2p8o	substituted	2	ASP>GLY,HIS>GLY
M0387	pdb2p93	substituted	4	ASP>HIS,HIS>GLY,SER>GLY,GLY>HIS
M0387	pdb2p94	substituted	4	ASP>HIS,HIS>GLY,SER>GLY,GLY>HIS
M0387	pdb2p95	substituted	4	ASP>HIS,HIS>GLY,SER>GLY,GLY>HIS
M0387	pdb2pgb	substituted	4	ASP>HIS,HIS>GLY,SER>GLY,GLY>HIS
M0387	pdb2pgq	substituted	4	ASP>HIS,HIS>GLY,SER>GLY,GLY>HIS
M0387	pdb2phb	substituted	4	ASP>HIS,HIS>GLY,SER>GLY,GLY>HIS
M0387	pdb2pka	substituted	2	ASP>GLY,HIS>GLY
M0387	pdb2pks	substituted	2	ASP>GLY,HIS>GLY
M0387	pdb2plx	substituted	4	ASP>HIS,HIS>GLY,SER>GLY,GLY>HIS
M0387	pdb2pr3	substituted	4	ASP>HIS,HIS>GLY,SER>GLY,GLY>HIS
M0387	pdb2psx	substituted	4	ASP>HIS,HIS>GLY,SER>GLY,GLY>HIS
M0387	pdb2psy	substituted	4	ASP>HIS,HIS>GLY,SER>GLY,GLY>HIS
M0387	pdb2ptc	substituted	4	ASP>HIS,HIS>GLN,GLY>GLN,GLY>HIS
M0387	pdb2ptn	substituted	4	ASP>HIS,HIS>GLY,SER>GLY,GLY>HIS
M0387	pdb2puq	partial	NA	
M0387	pdb2pux	substituted	4	ASP>HIS,HIS>GLY,SER>GLY,GLY>HIS
M0387	pdb2pv9	substituted	4	ASP>HIS,HIS>GLY,SER>GLY,GLY>HIS
M0387	pdb2pw8	substituted	4	ASP>GLY,HIS>SER,GLY>SER,SER>ARG
M0387	pdb2q1j	substituted	4	ASP>HIS,HIS>GLY,SER>GLY,GLY>HIS
M0387	pdb2qn5	substituted	5	ASP>TYR,HIS>THR,GLY>THR,SER>MET,GLY>TYR
M0387	pdb2qxg	substituted	4	ASP>HIS,HIS>GLY,SER>GLY,GLY>HIS
M0387	pdb2qxh	substituted	4	ASP>HIS,HIS>GLY,SER>GLY,GLY>HIS
M0387	pdb2qxi	substituted	4	ASP>HIS,HIS>GLY,SER>GLY,GLY>HIS
M0387	pdb2qxj	substituted	4	ASP>HIS,HIS>GLY,SER>GLY,GLY>HIS
M0387	pdb2qyi	substituted	4	ASP>HIS,HIS>GLY,SER>GLY,GLY>HIS
M0387	pdb2r0k	substituted	4	ASP>HIS,HIS>GLY,SER>GLY,GLY>HIS
M0387	pdb2r0l	substituted	5	ASP>SER,HIS>ASP,GLY>ASP,SER>GLN,GLY>SER
M0387	pdb2r2m	substituted	4	ASP>HIS,HIS>GLY,SER>GLY,GLY>HIS
M0387	pdb2r2w	substituted	4	ASP>LEU,HIS>GLY,SER>LEU,GLY>LEU
M0387	pdb2r9p	substituted	5	ASP>HIS,HIS>ARG,GLY>ARG,SER>GLY,GLY>HIS
M0387	pdb2ra0	substituted	4	ASP>HIS,HIS>GLY,SER>GLY,GLY>HIS
M0387	pdb2ra3	substituted	4	ASP>HIS,HIS>GLY,SER>GLY,GLY>HIS
M0387	pdb2rdl	partial	NA	
M0387	pdb2rg3	partial	NA	
M0387	pdb2sta	substituted	4	ASP>HIS,HIS>GLY,SER>GLY,GLY>HIS
M0387	pdb2stb	substituted	4	ASP>HIS,HIS>GLY,SER>GLY,GLY>HIS
M0387	pdb2tbs	substituted	4	ASP>HIS,HIS>GLY,SER>GLY,GLY>HIS
M0387	pdb2tga	substituted	4	ASP>HIS,HIS>GLY,SER>GLY,GLY>HIS
M0387	pdb2tgd	substituted	4	ASP>HIS,HIS>GLY,SER>GLY,GLY>HIS
M0387	pdb2tgp	substituted	4	ASP>LEU,HIS>GLY,SER>GLY,GLY>LEU
M0387	pdb2tgt	substituted	4	ASP>HIS,HIS>GLY,SER>GLY,GLY>HIS
M0387	pdb2thf	substituted	4	ASP>HIS,HIS>GLY,SER>GLY,GLY>HIS
M0387	pdb2tio	substituted	4	ASP>HIS,HIS>GLY,SER>GLY,GLY>HIS
M0387	pdb2tld	substituted	4	ASP>HIS,HIS>GLY,SER>GLY,GLY>HIS
M0387	pdb2tpi	substituted	4	ASP>LEU,HIS>GLY,SER>GLY,GLY>LEU
M0387	pdb2trm	substituted	4	ASP>HIS,HIS>GLY,SER>GLY,GLY>HIS
M0387	pdb2uuf	substituted	4	ASP>HIS,HIS>GLY,SER>GLY,GLY>HIS
M0387	pdb2uuj	substituted	4	ASP>HIS,HIS>GLY,SER>GLY,GLY>HIS
M0387	pdb2uuk	substituted	4	ASP>HIS,HIS>GLY,SER>GLY,GLY>HIS
M0387	pdb2uuy	substituted	4	ASP>HIS,HIS>GLY,SER>GLY,GLY>HIS
M0387	pdb2uwl	substituted	4	ASP>HIS,HIS>GLY,SER>GLY,GLY>HIS
M0387	pdb2uwo	substituted	4	ASP>HIS,HIS>GLY,SER>GLY,GLY>HIS
M0387	pdb2uwp	substituted	4	ASP>HIS,HIS>GLY,SER>GLY,GLY>HIS
M0387	pdb2v0b	substituted	4	ASP>HIS,HIS>GLY,SER>GLY,GLY>HIS
M0387	pdb2v35	substituted	4	ASP>HIS,HIS>GLY,SER>GLY,GLY>HIS
M0387	pdb2v3h	substituted	4	ASP>GLY,HIS>SER,GLY>SER,SER>ARG
M0387	pdb2v3o	substituted	4	ASP>GLY,HIS>SER,GLY>SER,SER>ARG
M0387	pdb2vgc	substituted	2	ASP>GLY,HIS>GLY
M0387	pdb2vh0	substituted	4	ASP>HIS,HIS>GLY,SER>GLY,GLY>HIS
M0387	pdb2vh6	substituted	4	ASP>HIS,HIS>GLY,SER>GLY,GLY>HIS
M0387	pdb2vin	substituted	4	ASP>HIS,HIS>GLY,SER>GLY,GLY>HIS
M0387	pdb2vio	substituted	4	ASP>HIS,HIS>GLY,SER>GLY,GLY>HIS
M0387	pdb2vip	substituted	4	ASP>HIS,HIS>GLY,SER>GLY,GLY>HIS
M0387	pdb2viq	substituted	4	ASP>HIS,HIS>GLY,SER>GLY,GLY>HIS
M0387	pdb2viv	substituted	4	ASP>HIS,HIS>GLY,SER>GLY,GLY>HIS
M0387	pdb2viw	substituted	4	ASP>HIS,HIS>GLY,SER>GLY,GLY>HIS
M0387	pdb2vnt	substituted	4	ASP>HIS,HIS>GLY,SER>GLY,GLY>HIS
M0387	pdb2vu8	substituted	5	ASP>TRP,HIS>ASN,GLY>ASN,SER>PHE,GLY>TRP
M0387	pdb2vvc	substituted	4	ASP>HIS,HIS>GLY,SER>GLY,GLY>HIS
M0387	pdb2vvu	substituted	4	ASP>HIS,HIS>GLY,SER>GLY,GLY>HIS
M0387	pdb2vvv	substituted	4	ASP>HIS,HIS>GLY,SER>GLY,GLY>HIS
M0387	pdb2vwl	substituted	4	ASP>HIS,HIS>GLY,SER>GLY,GLY>HIS
M0387	pdb2vwm	substituted	4	ASP>HIS,HIS>GLY,SER>GLY,GLY>HIS
M0387	pdb2vwn	substituted	4	ASP>HIS,HIS>GLY,SER>GLY,GLY>HIS
M0387	pdb2vwo	substituted	4	ASP>HIS,HIS>GLY,SER>GLY,GLY>HIS
M0387	pdb2w26	substituted	4	ASP>HIS,HIS>GLY,SER>GLY,GLY>HIS
M0387	pdb2w3i	substituted	4	ASP>HIS,HIS>GLY,SER>GLY,GLY>HIS
M0387	pdb2w3k	substituted	4	ASP>HIS,HIS>GLY,SER>GLY,GLY>HIS
M0387	pdb2wph	substituted	5	ASP>PHE,HIS>ALA,GLY>ALA,SER>GLU,GLY>PHE
M0387	pdb2wpi	substituted	5	ASP>PHE,HIS>ALA,GLY>ALA,SER>GLU,GLY>PHE
M0387	pdb2wpj	substituted	5	ASP>PHE,HIS>ALA,GLY>ALA,SER>GLU,GLY>PHE
M0387	pdb2wpk	substituted	5	ASP>PHE,HIS>ALA,GLY>ALA,SER>GLU,GLY>PHE
M0387	pdb2wpl	substituted	5	ASP>PHE,HIS>ALA,GLY>ALA,SER>GLU,GLY>PHE
M0387	pdb2wpm	substituted	5	ASP>PHE,HIS>ALA,GLY>ALA,SER>GLU,GLY>PHE
M0387	pdb2wub	substituted	4	ASP>HIS,HIS>GLY,SER>GLY,GLY>HIS
M0387	pdb2wuc	substituted	4	ASP>HIS,HIS>GLY,SER>GLY,GLY>HIS
M0387	pdb2wyg	substituted	4	ASP>HIS,HIS>GLY,SER>GLY,GLY>HIS
M0387	pdb2wyj	substituted	4	ASP>HIS,HIS>GLY,SER>GLY,GLY>HIS
M0387	pdb2xbv	substituted	4	ASP>HIS,HIS>GLY,SER>GLY,GLY>HIS
M0387	pdb2xbw	substituted	4	ASP>HIS,HIS>GLY,SER>GLY,GLY>HIS
M0387	pdb2xbx	substituted	4	ASP>HIS,HIS>GLY,SER>GLY,GLY>HIS
M0387	pdb2xby	substituted	4	ASP>HIS,HIS>GLY,SER>GLY,GLY>HIS
M0387	pdb2xc0	substituted	4	ASP>HIS,HIS>GLY,SER>GLY,GLY>HIS
M0387	pdb2xc4	substituted	4	ASP>HIS,HIS>GLY,SER>GLY,GLY>HIS
M0387	pdb2xc5	substituted	4	ASP>HIS,HIS>GLY,SER>GLY,GLY>HIS
M0387	pdb2xrc	partial	NA	
M0387	pdb2xtt	substituted	4	ASP>HIS,HIS>GLY,SER>GLY,GLY>HIS
M0387	pdb2xw9	substituted	4	ASP>HIS,HIS>GLY,SER>GLY,GLY>HIS
M0387	pdb2xwa	substituted	4	ASP>HIS,HIS>GLY,SER>GLY,GLY>HIS
M0387	pdb2xwb	substituted	4	ASP>HIS,HIS>GLY,SER>GLY,GLY>HIS
M0387	pdb2xxl	substituted	4	ASP>HIS,HIS>GLY,SER>GLY,GLY>HIS
M0387	pdb2y5f	substituted	4	ASP>HIS,HIS>GLY,SER>GLY,GLY>HIS
M0387	pdb2y5g	substituted	4	ASP>HIS,HIS>GLY,SER>GLY,GLY>HIS
M0387	pdb2y5h	substituted	4	ASP>HIS,HIS>GLY,SER>GLY,GLY>HIS
M0387	pdb2y6t	substituted	4	ASP>HIS,HIS>GLY,SER>GLY,GLY>HIS
M0387	pdb2y7x	substituted	4	ASP>HIS,HIS>GLY,SER>GLY,GLY>HIS
M0387	pdb2y7z	substituted	4	ASP>HIS,HIS>GLY,SER>GLY,GLY>HIS
M0387	pdb2y80	substituted	4	ASP>HIS,HIS>GLY,SER>GLY,GLY>HIS
M0387	pdb2y81	substituted	4	ASP>HIS,HIS>GLY,SER>GLY,GLY>HIS
M0387	pdb2y82	substituted	4	ASP>HIS,HIS>GLY,SER>GLY,GLY>HIS
M0387	pdb2z7f	partial	NA	
M0387	pdb2za5	substituted	4	ASP>HIS,HIS>GLY,SER>GLY,GLY>HIS
M0387	pdb2zc9	substituted	4	ASP>GLY,HIS>SER,GLY>SER,SER>ARG
M0387	pdb2zch	substituted	4	ASP>VAL,HIS>GLY,SER>THR,GLY>VAL
M0387	pdb2zck	substituted	4	ASP>VAL,HIS>GLY,SER>THR,GLY>VAL
M0387	pdb2zcl	substituted	4	ASP>VAL,HIS>GLY,SER>THR,GLY>VAL
M0387	pdb2zda	substituted	4	ASP>GLY,HIS>SER,GLY>SER,SER>ARG
M0387	pdb2zdk	substituted	4	ASP>HIS,HIS>GLY,SER>GLY,GLY>HIS
M0387	pdb2zdl	substituted	4	ASP>HIS,HIS>GLY,SER>GLY,GLY>HIS
M0387	pdb2zdm	substituted	4	ASP>HIS,HIS>GLY,SER>GLY,GLY>HIS
M0387	pdb2zdn	substituted	4	ASP>HIS,HIS>GLY,SER>GLY,GLY>HIS
M0387	pdb2zdv	substituted	4	ASP>GLY,HIS>SER,GLY>SER,SER>ARG
M0387	pdb2zeb	substituted	4	ASP>HIS,HIS>GLY,SER>GLY,GLY>HIS
M0387	pdb2zec	substituted	4	ASP>HIS,HIS>GLY,SER>GLY,GLY>HIS
M0387	pdb2zf0	substituted	4	ASP>GLY,HIS>SER,GLY>SER,SER>ARG
M0387	pdb2zff	substituted	4	ASP>GLY,HIS>SER,GLY>SER,SER>ARG
M0387	pdb2zfp	substituted	4	ASP>GLY,HIS>SER,GLY>SER,SER>ARG
M0387	pdb2zfq	substituted	4	ASP>GLY,HIS>SER,GLY>SER,SER>ARG
M0387	pdb2zfr	substituted	4	ASP>GLY,HIS>SER,GLY>SER,SER>ARG
M0387	pdb2zfs	substituted	4	ASP>HIS,HIS>GLY,SER>GLY,GLY>HIS
M0387	pdb2zft	substituted	4	ASP>HIS,HIS>GLY,SER>GLY,GLY>HIS
M0387	pdb2zg0	substituted	4	ASP>GLY,HIS>SER,GLY>SER,SER>ARG
M0387	pdb2zgb	substituted	4	ASP>GLY,HIS>SER,GLY>SER,SER>ARG
M0387	pdb2zgc	substituted	4	ASP>HIS,HIS>GLY,SER>GLY,GLY>HIS
M0387	pdb2zgh	substituted	4	ASP>HIS,HIS>GLY,SER>GLY,GLY>HIS
M0387	pdb2zgj	substituted	4	ASP>HIS,HIS>GLY,SER>GLY,GLY>HIS
M0387	pdb2zgx	substituted	4	ASP>GLY,HIS>SER,GLY>SER,SER>ARG
M0387	pdb2zhd	substituted	4	ASP>HIS,HIS>GLY,SER>GLY,GLY>HIS
M0387	pdb2zhe	substituted	4	ASP>GLY,HIS>SER,GLY>SER,SER>ARG
M0387	pdb2zhf	substituted	4	ASP>GLY,HIS>SER,GLY>SER,SER>ARG
M0387	pdb2zhq	substituted	4	ASP>GLY,HIS>SER,GLY>SER,SER>ARG
M0387	pdb2zhw	substituted	4	ASP>GLY,HIS>SER,GLY>SER,SER>ARG
M0387	pdb2zi2	substituted	4	ASP>GLY,HIS>SER,GLY>SER,SER>ARG
M0387	pdb2ziq	substituted	4	ASP>GLY,HIS>SER,GLY>SER,SER>ARG
M0387	pdb2zks	substituted	4	ASP>HIS,HIS>GLY,SER>GLY,GLY>HIS
M0387	pdb2znk	substituted	4	ASP>GLY,HIS>SER,GLY>SER,SER>ARG
M0387	pdb2zo3	substituted	4	ASP>GLY,HIS>SER,GLY>SER,SER>ARG
M0387	pdb2zp0	substituted	5	ASP>LEU,HIS>SER,GLY>SER,SER>GLY,GLY>LEU
M0387	pdb2zpq	substituted	4	ASP>HIS,HIS>GLY,SER>GLY,GLY>HIS
M0387	pdb2zpr	substituted	4	ASP>HIS,HIS>GLY,SER>GLY,GLY>HIS
M0387	pdb2zps	substituted	4	ASP>HIS,HIS>GLY,SER>GLY,GLY>HIS
M0387	pdb2zq1	substituted	4	ASP>HIS,HIS>GLY,SER>GLY,GLY>HIS
M0387	pdb2zq2	substituted	4	ASP>HIS,HIS>GLY,SER>GLY,GLY>HIS
M0387	pdb2zwl	substituted	5	ASP>LEU,HIS>SER,GLY>SER,SER>GLY,GLY>LEU
M0387	pdb2zzu	substituted	5	ASP>LEU,HIS>SER,GLY>SER,SER>GLY,GLY>LEU
M0387	pdb3a7t	substituted	4	ASP>HIS,HIS>GLY,SER>GLY,GLY>HIS
M0387	pdb3a7v	substituted	4	ASP>HIS,HIS>GLY,SER>GLY,GLY>HIS
M0387	pdb3a7w	substituted	4	ASP>HIS,HIS>GLY,SER>GLY,GLY>HIS
M0387	pdb3a7x	substituted	4	ASP>HIS,HIS>GLY,SER>GLY,GLY>HIS
M0387	pdb3a7y	substituted	4	ASP>HIS,HIS>GLY,SER>GLY,GLY>HIS
M0387	pdb3a7z	substituted	4	ASP>HIS,HIS>GLY,SER>GLY,GLY>HIS
M0387	pdb3a80	substituted	4	ASP>HIS,HIS>GLY,SER>GLY,GLY>HIS
M0387	pdb3a81	substituted	4	ASP>HIS,HIS>GLY,SER>GLY,GLY>HIS
M0387	pdb3a82	substituted	4	ASP>HIS,HIS>GLY,SER>GLY,GLY>HIS
M0387	pdb3a83	substituted	4	ASP>HIS,HIS>GLY,SER>GLY,GLY>HIS
M0387	pdb3a84	substituted	4	ASP>HIS,HIS>GLY,SER>GLY,GLY>HIS
M0387	pdb3a85	substituted	4	ASP>HIS,HIS>GLY,SER>GLY,GLY>HIS
M0387	pdb3a86	substituted	4	ASP>HIS,HIS>GLY,SER>GLY,GLY>HIS
M0387	pdb3a87	substituted	4	ASP>HIS,HIS>GLY,SER>GLY,GLY>HIS
M0387	pdb3a88	substituted	4	ASP>HIS,HIS>GLY,SER>GLY,GLY>HIS
M0387	pdb3a89	substituted	4	ASP>HIS,HIS>GLY,SER>GLY,GLY>HIS
M0387	pdb3a8a	substituted	4	ASP>HIS,HIS>GLY,SER>GLY,GLY>HIS
M0387	pdb3a8b	substituted	4	ASP>HIS,HIS>GLY,SER>GLY,GLY>HIS
M0387	pdb3a8c	substituted	4	ASP>HIS,HIS>GLY,SER>GLY,GLY>HIS
M0387	pdb3a8d	substituted	4	ASP>HIS,HIS>GLY,SER>GLY,GLY>HIS
M0387	pdb3aas	substituted	4	ASP>HIS,HIS>GLY,SER>GLY,GLY>HIS
M0387	pdb3aau	substituted	4	ASP>HIS,HIS>GLY,SER>GLY,GLY>HIS
M0387	pdb3aav	substituted	4	ASP>HIS,HIS>GLY,SER>GLY,GLY>HIS
M0387	pdb3ati	substituted	4	ASP>HIS,HIS>GLY,SER>GLY,GLY>HIS
M0387	pdb3atk	substituted	4	ASP>HIS,HIS>GLY,SER>GLY,GLY>HIS
M0387	pdb3atl	substituted	4	ASP>HIS,HIS>GLY,SER>GLY,GLY>HIS
M0387	pdb3atm	substituted	4	ASP>HIS,HIS>GLY,SER>GLY,GLY>HIS
M0387	pdb3b23	substituted	4	ASP>HIS,HIS>GLY,SER>GLY,GLY>HIS
M0387	pdb3b9f	substituted	4	ASP>GLY,HIS>SER,GLY>SER,SER>ARG
M0387	pdb3bef	substituted	4	ASP>HIS,HIS>GLY,SER>GLY,GLY>HIS
M0387	pdb3bei	substituted	4	ASP>HIS,HIS>GLY,SER>GLY,GLY>HIS
M0387	pdb3beu	substituted	2	ASP>GLY,HIS>GLY
M0387	pdb3bf6	substituted	4	ASP>GLY,HIS>SER,GLY>SER,SER>ARG
M0387	pdb3bg4	substituted	2	ASP>GLY,HIS>GLY
M0387	pdb3bg8	substituted	4	ASP>HIS,HIS>GLY,SER>GLY,GLY>HIS
M0387	pdb3biu	substituted	4	ASP>GLY,HIS>SER,GLY>SER,SER>ARG
M0387	pdb3biv	substituted	4	ASP>GLY,HIS>SER,GLY>SER,SER>ARG
M0387	pdb3bn9	substituted	4	ASP>HIS,HIS>GLY,SER>GLY,GLY>HIS
M0387	pdb3bsq	substituted	4	ASP>HIS,HIS>GLY,SER>GLY,GLY>HIS
M0387	pdb3btd	substituted	4	ASP>HIS,HIS>GLN,GLY>GLN,GLY>HIS
M0387	pdb3bte	substituted	4	ASP>HIS,HIS>GLN,GLY>GLN,GLY>HIS
M0387	pdb3btf	substituted	4	ASP>HIS,HIS>GLN,GLY>GLN,GLY>HIS
M0387	pdb3btg	substituted	4	ASP>HIS,HIS>GLN,GLY>GLN,GLY>HIS
M0387	pdb3bth	substituted	4	ASP>HIS,HIS>GLN,GLY>GLN,GLY>HIS
M0387	pdb3btk	substituted	4	ASP>HIS,HIS>GLN,GLY>GLN,GLY>HIS
M0387	pdb3btm	substituted	4	ASP>HIS,HIS>GLN,GLY>GLN,GLY>HIS
M0387	pdb3btq	substituted	4	ASP>HIS,HIS>GLN,GLY>GLN,GLY>HIS
M0387	pdb3btt	substituted	4	ASP>HIS,HIS>GLN,GLY>GLN,GLY>HIS
M0387	pdb3btw	substituted	4	ASP>HIS,HIS>GLN,GLY>GLN,GLY>HIS
M0387	pdb3bv9	substituted	4	ASP>HIS,HIS>GLY,SER>GLY,GLY>HIS
M0387	pdb3c1k	substituted	4	ASP>HIS,HIS>GLY,SER>GLY,GLY>HIS
M0387	pdb3c27	substituted	4	ASP>HIS,HIS>GLY,SER>GLY,GLY>HIS
M0387	pdb3cen	substituted	4	ASP>HIS,HIS>GLY,SER>GLY,GLY>HIS
M0387	pdb3cs7	substituted	4	ASP>HIS,HIS>GLY,SER>GLY,GLY>HIS
M0387	pdb3d49	substituted	4	ASP>GLY,HIS>SER,GLY>SER,SER>ARG
M0387	pdb3d65	substituted	4	ASP>HIS,HIS>GLN,GLY>GLN,GLY>HIS
M0387	pdb3da9	substituted	4	ASP>HIS,HIS>GLY,SER>GLY,GLY>HIS
M0387	pdb3dd2	substituted	4	ASP>GLY,HIS>SER,GLY>SER,SER>ARG
M0387	pdb3dfj	substituted	4	ASP>HIS,HIS>GLY,SER>GLY,GLY>HIS
M0387	pdb3dfl	substituted	4	ASP>HIS,HIS>GLY,SER>GLY,GLY>HIS
M0387	pdb3dhk	substituted	4	ASP>GLY,HIS>SER,GLY>SER,SER>ARG
M0387	pdb3dt0	substituted	4	ASP>GLY,HIS>SER,GLY>SER,SER>ARG
M0387	pdb3dux	substituted	4	ASP>GLY,HIS>SER,GLY>SER,SER>ARG
M0387	pdb3e0n	substituted	4	ASP>VAL,HIS>GLN,GLY>GLN,GLY>VAL
M0387	pdb3e0p	substituted	4	ASP>VAL,HIS>GLN,GLY>GLN,GLY>VAL
M0387	pdb3e16	substituted	4	ASP>VAL,HIS>GLN,GLY>GLN,GLY>VAL
M0387	pdb3e1x	substituted	4	ASP>VAL,HIS>GLN,GLY>GLN,GLY>VAL
M0387	pdb3e3t	substituted	4	ASP>HIS,HIS>GLY,SER>GLY,GLY>HIS
M0387	pdb3e6p	substituted	4	ASP>GLY,HIS>SER,GLY>SER,SER>ARG
M0387	pdb3e8l	substituted	4	ASP>HIS,HIS>GLY,SER>GLY,GLY>HIS
M0387	pdb3edx	substituted	4	ASP>HIS,HIS>GLY,SER>GLY,GLY>HIS
M0387	pdb3ee0	substituted	4	ASP>HIS,HIS>GLY,SER>GLY,GLY>HIS
M0387	pdb3egk	substituted	4	ASP>GLY,HIS>SER,GLY>SER,SER>ARG
M0387	pdb3ela	partial	NA	
M0387	pdb3ens	substituted	4	ASP>HIS,HIS>GLY,SER>GLY,GLY>HIS
M0387	pdb3eq0	substituted	4	ASP>GLY,HIS>SER,GLY>SER,SER>ARG
M0387	pdb3est	substituted	4	ASP>HIS,HIS>GLY,SER>GLY,GLY>HIS
M0387	pdb3f1s	partial	NA	
M0387	pdb3f68	substituted	4	ASP>GLY,HIS>SER,GLY>SER,SER>ARG
M0387	pdb3f6u	substituted	4	ASP>CYS,HIS>GLY,SER>GLY,GLY>CYS
M0387	pdb3ffg	substituted	4	ASP>HIS,HIS>GLY,SER>GLY,GLY>HIS
M0387	pdb3fp6	substituted	5	ASP>HIS,HIS>LYS,GLY>LYS,SER>ASP,GLY>HIS
M0387	pdb3fp7	substituted	5	ASP>HIS,HIS>LYS,GLY>LYS,SER>ASP,GLY>HIS
M0387	pdb3fp8	substituted	5	ASP>HIS,HIS>LYS,GLY>LYS,SER>ASP,GLY>HIS
M0387	pdb3fvf	substituted	4	ASP>VAL,HIS>GLN,GLY>GLN,GLY>VAL
M0387	pdb3fzz	substituted	5	ASP>HIS,HIS>GLU,GLY>GLU,SER>GLY,GLY>HIS
M0387	pdb3g01	substituted	4	ASP>HIS,HIS>GLY,SER>GLY,GLY>HIS
M0387	pdb3gch	substituted	2	ASP>GLY,HIS>GLY
M0387	pdb3gct	substituted	2	ASP>GLY,HIS>GLY
M0387	pdb3gic	substituted	4	ASP>HIS,HIS>GLY,SER>GLY,GLY>HIS
M0387	pdb3gis	substituted	4	ASP>HIS,HIS>GLY,SER>GLY,GLY>HIS
M0387	pdb3gov	substituted	4	ASP>HIS,HIS>GLY,SER>GLY,GLY>HIS
M0387	pdb3gy2	substituted	4	ASP>HIS,HIS>GLY,SER>GLY,GLY>HIS
M0387	pdb3gy3	substituted	4	ASP>HIS,HIS>GLY,SER>GLY,GLY>HIS
M0387	pdb3gy4	substituted	4	ASP>HIS,HIS>GLY,SER>GLY,GLY>HIS
M0387	pdb3gy5	substituted	4	ASP>HIS,HIS>GLY,SER>GLY,GLY>HIS
M0387	pdb3gy6	substituted	4	ASP>HIS,HIS>GLY,SER>GLY,GLY>HIS
M0387	pdb3gy7	substituted	4	ASP>HIS,HIS>GLY,SER>GLY,GLY>HIS
M0387	pdb3gy8	substituted	4	ASP>HIS,HIS>GLY,SER>GLY,GLY>HIS
M0387	pdb3gyl	substituted	4	ASP>VAL,HIS>GLN,GLY>GLN,GLY>VAL
M0387	pdb3gym	substituted	4	ASP>HIS,HIS>GLY,SER>GLY,GLY>HIS
M0387	pdb3h5c	partial	NA	
M0387	pdb3hat	substituted	4	ASP>GLY,HIS>SER,GLY>SER,SER>ARG
M0387	pdb3hgn	substituted	4	ASP>HIS,HIS>GLY,SER>GLY,GLY>HIS
M0387	pdb3hgp	substituted	4	ASP>HIS,HIS>GLY,SER>GLY,GLY>HIS
M0387	pdb3hk3	substituted	4	ASP>HIS,HIS>GLY,SER>GLY,GLY>HIS
M0387	pdb3hk6	substituted	4	ASP>HIS,HIS>GLY,SER>GLY,GLY>HIS
M0387	pdb3hki	substituted	4	ASP>HIS,HIS>GLY,SER>GLY,GLY>HIS
M0387	pdb3hkj	substituted	4	ASP>HIS,HIS>GLY,SER>GLY,GLY>HIS
M0387	pdb3hpt	substituted	4	ASP>HIS,HIS>GLY,SER>GLY,GLY>HIS
M0387	pdb3htc	substituted	4	ASP>GLY,HIS>SER,GLY>SER,SER>ARG
M0387	pdb3i29	substituted	4	ASP>HIS,HIS>GLY,SER>GLY,GLY>HIS
M0387	pdb3i77	substituted	4	ASP>HIS,HIS>GLY,SER>GLY,GLY>HIS
M0387	pdb3i78	substituted	4	ASP>HIS,HIS>GLY,SER>GLY,GLY>HIS
M0387	pdb3ig6	substituted	4	ASP>HIS,HIS>GLY,SER>GLY,GLY>HIS
M0387	pdb3iit	substituted	4	ASP>HIS,HIS>GLY,SER>GLY,GLY>HIS
M0387	pdb3iti	substituted	4	ASP>HIS,HIS>GLY,SER>GLY,GLY>HIS
M0387	pdb3jz1	substituted	4	ASP>HIS,HIS>GLY,SER>GLY,GLY>HIS
M0387	pdb3jz2	substituted	4	ASP>HIS,HIS>GLY,SER>GLY,GLY>HIS
M0387	pdb3k2u	substituted	4	ASP>HIS,HIS>GLY,SER>GLY,GLY>HIS
M0387	pdb3k65	substituted	4	ASP>HIS,HIS>GLY,SER>GLY,GLY>HIS
M0387	pdb3k9x	substituted	4	ASP>HIS,HIS>GLY,SER>GLY,GLY>HIS
M0387	pdb3kcg	substituted	5	ASP>PHE,HIS>ALA,GLY>ALA,SER>GLU,GLY>PHE
M0387	pdb3kgp	substituted	4	ASP>HIS,HIS>GLY,SER>GLY,GLY>HIS
M0387	pdb3khv	substituted	4	ASP>HIS,HIS>GLY,SER>GLY,GLY>HIS
M0387	pdb3kid	substituted	4	ASP>LEU,HIS>GLY,SER>LEU,GLY>LEU
M0387	pdb3kl6	substituted	4	ASP>HIS,HIS>GLY,SER>GLY,GLY>HIS
M0387	pdb3kqb	substituted	4	ASP>HIS,HIS>GLY,SER>GLY,GLY>HIS
M0387	pdb3kqc	substituted	4	ASP>HIS,HIS>GLY,SER>GLY,GLY>HIS
M0387	pdb3kqd	substituted	4	ASP>HIS,HIS>GLY,SER>GLY,GLY>HIS
M0387	pdb3kqe	substituted	4	ASP>HIS,HIS>GLY,SER>GLY,GLY>HIS
M0387	pdb3l33	substituted	5	ASP>HIS,HIS>ARG,GLY>ARG,SER>GLY,GLY>HIS
M0387	pdb3l3t	substituted	5	ASP>HIS,HIS>ARG,GLY>ARG,SER>GLY,GLY>HIS
M0387	pdb3lc3	substituted	4	ASP>HIS,HIS>GLY,SER>GLY,GLY>HIS
M0387	pdb3lc5	substituted	4	ASP>HIS,HIS>GLY,SER>GLY,GLY>HIS
M0387	pdb3ldx	substituted	4	ASP>GLY,HIS>SER,GLY>SER,SER>ARG
M0387	pdb3liw	substituted	4	ASP>HIS,HIS>GLY,SER>GLY,GLY>HIS
M0387	pdb3ljj	substituted	4	ASP>HIS,HIS>GLY,SER>GLY,GLY>HIS
M0387	pdb3ljo	substituted	4	ASP>HIS,HIS>GLY,SER>GLY,GLY>HIS
M0387	pdb3lu9	substituted	4	ASP>HIS,HIS>GLY,SER>GLY,GLY>HIS
M0387	pdb3m35	substituted	4	ASP>HIS,HIS>GLY,SER>GLY,GLY>HIS
M0387	pdb3m36	substituted	4	ASP>HIS,HIS>GLY,SER>GLY,GLY>HIS
M0387	pdb3m37	substituted	4	ASP>HIS,HIS>GLY,SER>GLY,GLY>HIS
M0387	pdb3m61	substituted	4	ASP>LEU,HIS>GLY,SER>LEU,GLY>LEU
M0387	pdb3m7q	substituted	4	ASP>HIS,HIS>GLY,SER>GLY,GLY>HIS
M0387	pdb3mfj	substituted	4	ASP>HIS,HIS>GLY,SER>GLY,GLY>HIS
M0387	pdb3mhw	substituted	4	ASP>LEU,HIS>GLY,SER>LEU,GLY>LEU
M0387	pdb3mi4	substituted	4	ASP>HIS,HIS>GLY,SER>GLY,GLY>HIS
M0387	pdb3mnb	substituted	4	ASP>HIS,HIS>GLY,SER>GLY,GLY>HIS
M0387	pdb3mnc	substituted	4	ASP>HIS,HIS>GLY,SER>GLY,GLY>HIS
M0387	pdb3mns	substituted	4	ASP>HIS,HIS>GLY,SER>GLY,GLY>HIS
M0387	pdb3mnx	substituted	4	ASP>HIS,HIS>GLY,SER>GLY,GLY>HIS
M0387	pdb3mo3	substituted	4	ASP>HIS,HIS>GLY,SER>GLY,GLY>HIS
M0387	pdb3mo6	substituted	4	ASP>HIS,HIS>GLY,SER>GLY,GLY>HIS
M0387	pdb3mo9	substituted	4	ASP>HIS,HIS>GLY,SER>GLY,GLY>HIS
M0387	pdb3moc	substituted	4	ASP>HIS,HIS>GLY,SER>GLY,GLY>HIS
M0387	pdb3mty	substituted	4	ASP>HIS,HIS>GLY,SER>GLY,GLY>HIS
M0387	pdb3mu0	substituted	4	ASP>HIS,HIS>GLY,SER>GLY,GLY>HIS
M0387	pdb3mu1	substituted	4	ASP>HIS,HIS>GLY,SER>GLY,GLY>HIS
M0387	pdb3mu4	substituted	4	ASP>HIS,HIS>GLY,SER>GLY,GLY>HIS
M0387	pdb3mu5	substituted	4	ASP>HIS,HIS>GLY,SER>GLY,GLY>HIS
M0387	pdb3mu8	substituted	4	ASP>HIS,HIS>GLY,SER>GLY,GLY>HIS
M0387	pdb3mwi	substituted	4	ASP>LEU,HIS>GLY,SER>LEU,GLY>LEU
M0387	pdb3myw	substituted	4	ASP>HIS,HIS>GLY,SER>GLY,GLY>HIS
M0387	pdb3n7o	partial	NA	
M0387	pdb3ncl	substituted	4	ASP>HIS,HIS>GLY,SER>GLY,GLY>HIS
M0387	pdb3nk8	substituted	4	ASP>HIS,HIS>GLY,SER>GLY,GLY>HIS
M0387	pdb3nkk	substituted	4	ASP>HIS,HIS>GLY,SER>GLY,GLY>HIS
M0387	pdb3nps	substituted	4	ASP>HIS,HIS>GLY,SER>GLY,GLY>HIS
M0387	pdb3nxp	substituted	4	ASP>HIS,HIS>GLY,SER>GLY,GLY>HIS
M0387	pdb3odd	substituted	4	ASP>HIS,HIS>GLY,SER>GLY,GLY>HIS
M0387	pdb3odf	substituted	4	ASP>HIS,HIS>GLY,SER>GLY,GLY>HIS
M0387	pdb3otj	substituted	4	ASP>HIS,HIS>GLN,GLY>GLN,GLY>HIS
M0387	pdb3ox7	substituted	4	ASP>LEU,HIS>GLY,SER>LEU,GLY>LEU
M0387	pdb3oy5	substituted	4	ASP>LEU,HIS>GLY,SER>LEU,GLY>LEU
M0387	pdb3oy6	substituted	4	ASP>LEU,HIS>GLY,SER>LEU,GLY>LEU
M0387	pdb3p17	substituted	4	ASP>GLY,HIS>SER,GLY>SER,SER>ARG
M0387	pdb3p6z	substituted	4	ASP>HIS,HIS>GLY,SER>GLY,GLY>HIS
M0387	pdb3p70	substituted	4	ASP>HIS,HIS>GLY,SER>GLY,GLY>HIS
M0387	pdb3p8f	substituted	4	ASP>HIS,HIS>GLY,SER>GLY,GLY>HIS
M0387	pdb3p8g	substituted	4	ASP>HIS,HIS>GLY,SER>GLY,GLY>HIS
M0387	pdb3p92	substituted	5	ASP>HIS,HIS>ARG,GLY>ARG,SER>GLY,GLY>HIS
M0387	pdb3p95	substituted	5	ASP>HIS,HIS>ARG,GLY>ARG,SER>GLY,GLY>HIS
M0387	pdb3pb1	substituted	4	ASP>LEU,HIS>GLY,SER>LEU,GLY>LEU
M0387	pdb3plb	substituted	4	ASP>HIS,HIS>GLY,SER>GLY,GLY>HIS
M0387	pdb3plk	substituted	4	ASP>HIS,HIS>GLY,SER>GLY,GLY>HIS
M0387	pdb3plp	substituted	4	ASP>HIS,HIS>GLY,SER>GLY,GLY>HIS
M0387	pdb3pm3	substituted	4	ASP>HIS,HIS>GLY,SER>GLY,GLY>HIS
M0387	pdb3pma	substituted	4	ASP>HIS,HIS>GLY,SER>GLY,GLY>HIS
M0387	pdb3pmb	substituted	4	ASP>HIS,HIS>GLY,SER>GLY,GLY>HIS
M0387	pdb3pmh	substituted	4	ASP>HIS,HIS>GLY,SER>GLY,GLY>HIS
M0387	pdb3pmj	substituted	4	ASP>HIS,HIS>GLY,SER>GLY,GLY>HIS
M0387	pdb3po1	substituted	2	ASP>GLY,HIS>GLY
M0387	pdb3ptb	substituted	4	ASP>HIS,HIS>GLY,SER>GLY,GLY>HIS
M0387	pdb3ptn	substituted	4	ASP>HIS,HIS>GLY,SER>GLY,GLY>HIS
M0387	pdb3pwb	substituted	4	ASP>HIS,HIS>GLY,SER>GLY,GLY>HIS
M0387	pdb3pwc	substituted	4	ASP>HIS,HIS>GLY,SER>GLY,GLY>HIS
M0387	pdb3pyh	substituted	4	ASP>HIS,HIS>GLY,SER>GLY,GLY>HIS
M0387	pdb3q00	substituted	4	ASP>HIS,HIS>GLY,SER>GLY,GLY>HIS
M0387	pdb3q3k	substituted	4	ASP>HIS,HIS>GLY,SER>GLY,GLY>HIS
M0387	pdb3q76	partial	NA	
M0387	pdb3q77	partial	NA	
M0387	pdb3qdz	substituted	4	ASP>HIS,HIS>GLY,SER>GLY,GLY>HIS
M0387	pdb3qgn	substituted	4	ASP>HIS,HIS>GLY,SER>GLY,GLY>HIS
M0387	pdb3qk1	substituted	4	ASP>HIS,HIS>GLY,SER>GLY,GLY>HIS
M0387	pdb3qlp	substituted	4	ASP>GLY,HIS>SER,GLY>SER,SER>ARG
M0387	pdb3qn7	substituted	4	ASP>HIS,HIS>GLY,SER>GLY,GLY>HIS
M0387	pdb3qto	substituted	4	ASP>GLY,HIS>SER,GLY>SER,SER>ARG
M0387	pdb3qtv	substituted	4	ASP>GLY,HIS>SER,GLY>SER,SER>ARG
M0387	pdb3qum	substituted	4	ASP>VAL,HIS>GLY,SER>THR,GLY>VAL
M0387	pdb3qwc	substituted	4	ASP>GLY,HIS>SER,GLY>SER,SER>ARG
M0387	pdb3qx5	substituted	4	ASP>GLY,HIS>SER,GLY>SER,SER>ARG
M0387	pdb3r3g	substituted	4	ASP>HIS,HIS>GLY,SER>GLY,GLY>HIS
M0387	pdb3rdz	substituted	4	ASP>HIS,HIS>GLY,SER>GLY,GLY>HIS
M0387	pdb3rlw	substituted	4	ASP>GLY,HIS>SER,GLY>SER,SER>ARG
M0387	pdb3rly	substituted	4	ASP>GLY,HIS>SER,GLY>SER,SER>ARG
M0387	pdb3rm0	substituted	4	ASP>GLY,HIS>SER,GLY>SER,SER>ARG
M0387	pdb3rm2	substituted	4	ASP>GLY,HIS>SER,GLY>SER,SER>ARG
M0387	pdb3rml	substituted	4	ASP>GLY,HIS>SER,GLY>SER,SER>ARG
M0387	pdb3rmm	substituted	4	ASP>GLY,HIS>SER,GLY>SER,SER>ARG
M0387	pdb3rmn	substituted	4	ASP>GLY,HIS>SER,GLY>SER,SER>ARG
M0387	pdb3rmo	substituted	4	ASP>GLY,HIS>SER,GLY>SER,SER>ARG
M0387	pdb3rp2	partial	NA	
M0387	pdb3ru4	substituted	2	ASP>GLY,HIS>GLY
M0387	pdb3rxa	substituted	4	ASP>HIS,HIS>GLY,SER>GLY,GLY>HIS
M0387	pdb3rxb	substituted	4	ASP>HIS,HIS>GLY,SER>GLY,GLY>HIS
M0387	pdb3rxc	substituted	4	ASP>HIS,HIS>GLY,SER>GLY,GLY>HIS
M0387	pdb3rxd	substituted	4	ASP>HIS,HIS>GLY,SER>GLY,GLY>HIS
M0387	pdb3rxe	substituted	4	ASP>HIS,HIS>GLY,SER>GLY,GLY>HIS
M0387	pdb3rxf	substituted	4	ASP>HIS,HIS>GLY,SER>GLY,GLY>HIS
M0387	pdb3rxg	substituted	4	ASP>HIS,HIS>GLY,SER>GLY,GLY>HIS
M0387	pdb3rxh	substituted	4	ASP>HIS,HIS>GLY,SER>GLY,GLY>HIS
M0387	pdb3rxi	substituted	4	ASP>HIS,HIS>GLY,SER>GLY,GLY>HIS
M0387	pdb3rxj	substituted	4	ASP>HIS,HIS>GLY,SER>GLY,GLY>HIS
M0387	pdb3rxk	substituted	4	ASP>HIS,HIS>GLY,SER>GLY,GLY>HIS
M0387	pdb3rxl	substituted	4	ASP>HIS,HIS>GLY,SER>GLY,GLY>HIS
M0387	pdb3rxm	substituted	4	ASP>HIS,HIS>GLY,SER>GLY,GLY>HIS
M0387	pdb3rxo	substituted	4	ASP>HIS,HIS>GLY,SER>GLY,GLY>HIS
M0387	pdb3rxp	substituted	4	ASP>HIS,HIS>GLY,SER>GLY,GLY>HIS
M0387	pdb3rxq	substituted	4	ASP>HIS,HIS>GLY,SER>GLY,GLY>HIS
M0387	pdb3rxr	substituted	4	ASP>HIS,HIS>GLY,SER>GLY,GLY>HIS
M0387	pdb3rxs	substituted	4	ASP>HIS,HIS>GLY,SER>GLY,GLY>HIS
M0387	pdb3rxt	substituted	4	ASP>HIS,HIS>GLY,SER>GLY,GLY>HIS
M0387	pdb3rxu	substituted	4	ASP>HIS,HIS>GLY,SER>GLY,GLY>HIS
M0387	pdb3rxv	substituted	4	ASP>HIS,HIS>GLY,SER>GLY,GLY>HIS
M0387	pdb3s0n	partial	NA	
M0387	pdb3s69	partial	NA	
M0387	pdb3s7h	substituted	4	ASP>HIS,HIS>GLY,SER>GLY,GLY>HIS
M0387	pdb3s7k	substituted	4	ASP>HIS,HIS>GLY,SER>GLY,GLY>HIS
M0387	pdb3s9a	partial	NA	
M0387	pdb3s9b	partial	NA	
M0387	pdb3s9c	partial	NA	
M0387	pdb3sbk	partial	NA	
M0387	pdb3sha	substituted	4	ASP>GLY,HIS>SER,GLY>SER,SER>ARG
M0387	pdb3shc	substituted	4	ASP>GLY,HIS>SER,GLY>SER,SER>ARG
M0387	pdb3si3	substituted	4	ASP>GLY,HIS>SER,GLY>SER,SER>ARG
M0387	pdb3si4	substituted	4	ASP>GLY,HIS>SER,GLY>SER,SER>ARG
M0387	pdb3so3	substituted	4	ASP>HIS,HIS>GLY,SER>GLY,GLY>HIS
M0387	pdb3sor	substituted	4	ASP>HIS,HIS>GLY,SER>GLY,GLY>HIS
M0387	pdb3sos	substituted	4	ASP>HIS,HIS>GLY,SER>GLY,GLY>HIS
M0387	pdb3sqe	substituted	5	ASP>THR,HIS>LEU,GLY>LEU,SER>TRP,GLY>THR
M0387	pdb3sqh	substituted	5	ASP>THR,HIS>LEU,GLY>LEU,SER>TRP,GLY>THR
M0387	pdb3sv2	substituted	4	ASP>GLY,HIS>SER,GLY>SER,SER>ARG
M0387	pdb3sw2	substituted	4	ASP>HIS,HIS>GLY,SER>GLY,GLY>HIS
M0387	pdb3t25	substituted	4	ASP>HIS,HIS>GLY,SER>GLY,GLY>HIS
M0387	pdb3t26	substituted	4	ASP>HIS,HIS>GLY,SER>GLY,GLY>HIS
M0387	pdb3t27	substituted	4	ASP>HIS,HIS>GLY,SER>GLY,GLY>HIS
M0387	pdb3t28	substituted	4	ASP>HIS,HIS>GLY,SER>GLY,GLY>HIS
M0387	pdb3t29	substituted	4	ASP>HIS,HIS>GLY,SER>GLY,GLY>HIS
M0387	pdb3t2n	substituted	4	ASP>HIS,HIS>GLY,SER>GLY,GLY>HIS
M0387	pdb3t5f	substituted	4	ASP>GLY,HIS>SER,GLY>SER,SER>ARG
M0387	pdb3t62	substituted	4	ASP>HIS,HIS>GLY,SER>GLY,GLY>HIS
M0387	pdb3tgi	substituted	5	ASP>HIS,HIS>LYS,GLY>LYS,SER>ASP,GLY>HIS
M0387	pdb3tgj	substituted	5	ASP>GLN,HIS>LEU,GLY>LEU,SER>GLY,GLY>GLN
M0387	pdb3tgk	substituted	5	ASP>ASN,HIS>VAL,GLY>VAL,SER>GLU,GLY>ASN
M0387	pdb3th2	substituted	5	ASP>LEU,HIS>SER,GLY>SER,SER>GLY,GLY>LEU
M0387	pdb3th3	substituted	5	ASP>LEU,HIS>SER,GLY>SER,SER>GLY,GLY>LEU
M0387	pdb3th4	substituted	5	ASP>LEU,HIS>SER,GLY>SER,SER>GLY,GLY>LEU
M0387	pdb3tju	substituted	4	ASP>HIS,HIS>GLY,SER>GLY,GLY>HIS
M0387	pdb3tjv	substituted	4	ASP>HIS,HIS>GLY,SER>GLY,GLY>HIS
M0387	pdb3tk5	substituted	4	ASP>HIS,HIS>GLY,SER>GLY,GLY>HIS
M0387	pdb3tk6	substituted	4	ASP>HIS,HIS>GLY,SER>GLY,GLY>HIS
M0387	pdb3tk9	substituted	4	ASP>HIS,HIS>GLY,SER>GLY,GLY>HIS
M0387	pdb3tpi	substituted	4	ASP>LEU,HIS>GLY,SER>GLY,GLY>LEU
M0387	pdb3tu7	substituted	4	ASP>GLY,HIS>SER,GLY>SER,SER>ARG
M0387	pdb3tvj	substituted	4	ASP>HIS,HIS>GLY,SER>GLY,GLY>HIS
M0387	pdb3u69	partial	NA	
M0387	pdb3u8o	partial	NA	
M0387	pdb3u8r	partial	NA	
M0387	pdb3u8t	partial	NA	
M0387	pdb3u98	substituted	4	ASP>GLY,HIS>SER,GLY>SER,SER>ARG
M0387	pdb3u9a	substituted	4	ASP>GLY,HIS>SER,GLY>SER,SER>ARG
M0387	pdb3uir	substituted	4	ASP>HIS,HIS>GLY,SER>GLY,GLY>HIS
M0387	pdb3unq	substituted	4	ASP>HIS,HIS>GLY,SER>GLY,GLY>HIS
M0387	pdb3unr	partial	NA	
M0387	pdb3uns	substituted	4	ASP>HIS,HIS>GLY,SER>GLY,GLY>HIS
M0387	pdb3uop	substituted	4	ASP>HIS,HIS>GLY,SER>GLY,GLY>HIS
M0387	pdb3uou	substituted	4	ASP>HIS,HIS>GLY,SER>GLY,GLY>HIS
M0387	pdb3upe	substituted	4	ASP>HIS,HIS>GLY,SER>GLY,GLY>HIS
M0387	pdb3uqo	substituted	4	ASP>HIS,HIS>GLY,SER>GLY,GLY>HIS
M0387	pdb3uqv	substituted	4	ASP>HIS,HIS>GLY,SER>GLY,GLY>HIS
M0387	pdb3utu	substituted	4	ASP>GLY,HIS>SER,GLY>SER,SER>ARG
M0387	pdb3uuz	substituted	4	ASP>HIS,HIS>GLY,SER>GLY,GLY>HIS
M0387	pdb3uwi	substituted	4	ASP>HIS,HIS>GLY,SER>GLY,GLY>HIS
M0387	pdb3uwj	substituted	4	ASP>GLY,HIS>SER,GLY>SER,SER>ARG
M0387	pdb3uy9	substituted	4	ASP>HIS,HIS>GLY,SER>GLY,GLY>HIS
M0387	pdb3v0x	substituted	4	ASP>HIS,HIS>GLY,SER>GLY,GLY>HIS
M0387	pdb3v12	substituted	4	ASP>HIS,HIS>GLY,SER>GLY,GLY>HIS
M0387	pdb3v13	substituted	4	ASP>HIS,HIS>GLY,SER>GLY,GLY>HIS
M0387	pdb3v7t	substituted	4	ASP>HIS,HIS>GLY,SER>GLY,GLY>HIS
M0387	pdb3veq	partial	NA	
M0387	pdb3vfe	substituted	4	ASP>HIS,HIS>GLY,SER>GLY,GLY>HIS
M0387	pdb3vgc	substituted	2	ASP>GLY,HIS>GLY
M0387	pdb3vpk	substituted	4	ASP>HIS,HIS>GLY,SER>GLY,GLY>HIS
M0387	pdb3vxe	substituted	4	ASP>GLY,HIS>SER,GLY>SER,SER>ARG
M0387	pdb3vxf	substituted	4	ASP>GLY,HIS>SER,GLY>SER,SER>ARG
M0387	pdb3w94	substituted	4	ASP>HIS,HIS>GLY,SER>GLY,GLY>HIS
M0387	pdb4a5t	substituted	4	ASP>HIS,HIS>GLY,SER>GLY,GLY>HIS
M0387	pdb4a6l	substituted	4	ASP>HIS,HIS>GLY,SER>GLY,GLY>HIS
M0387	pdb4a7i	substituted	4	ASP>HIS,HIS>GLY,SER>GLY,GLY>HIS
M0387	pdb4ab8	substituted	4	ASP>HIS,HIS>GLY,SER>GLY,GLY>HIS
M0387	pdb4ab9	substituted	4	ASP>HIS,HIS>GLY,SER>GLY,GLY>HIS
M0387	pdb4aba	substituted	4	ASP>HIS,HIS>GLY,SER>GLY,GLY>HIS
M0387	pdb4abb	substituted	4	ASP>HIS,HIS>GLY,SER>GLY,GLY>HIS
M0387	pdb4abd	substituted	4	ASP>HIS,HIS>GLY,SER>GLY,GLY>HIS
M0387	pdb4abe	substituted	4	ASP>HIS,HIS>GLY,SER>GLY,GLY>HIS
M0387	pdb4abf	substituted	4	ASP>HIS,HIS>GLY,SER>GLY,GLY>HIS
M0387	pdb4abg	substituted	4	ASP>HIS,HIS>GLY,SER>GLY,GLY>HIS
M0387	pdb4abh	substituted	4	ASP>HIS,HIS>GLY,SER>GLY,GLY>HIS
M0387	pdb4abi	substituted	4	ASP>HIS,HIS>GLY,SER>GLY,GLY>HIS
M0387	pdb4abj	substituted	4	ASP>HIS,HIS>GLY,SER>GLY,GLY>HIS
M0387	pdb4afq	partial	NA	
M0387	pdb4afs	partial	NA	
M0387	pdb4afu	partial	NA	
M0387	pdb4afz	partial	NA	
M0387	pdb4ag1	partial	NA	
M0387	pdb4ag2	partial	NA	
M0387	pdb4an7	substituted	4	ASP>HIS,HIS>GLY,SER>GLY,GLY>HIS
M0387	pdb4aoq	substituted	4	ASP>HIS,HIS>GLY,SER>GLY,GLY>HIS
M0387	pdb4aor	substituted	4	ASP>HIS,HIS>GLY,SER>GLY,GLY>HIS
M0387	pdb4ax9	substituted	4	ASP>GLY,HIS>SER,GLY>SER,SER>ARG
M0387	pdb4ayv	substituted	4	ASP>HIS,HIS>GLY,SER>GLY,GLY>HIS
M0387	pdb4ayy	substituted	4	ASP>HIS,HIS>GLY,SER>GLY,GLY>HIS
M0387	pdb4az2	substituted	4	ASP>HIS,HIS>GLY,SER>GLY,GLY>HIS
M0387	pdb4b1t	substituted	4	ASP>HIS,HIS>GLY,SER>GLY,GLY>HIS
M0387	pdb4b2a	substituted	4	ASP>HIS,HIS>GLY,SER>GLY,GLY>HIS
M0387	pdb4b2b	substituted	4	ASP>HIS,HIS>GLY,SER>GLY,GLY>HIS
M0387	pdb4b2c	substituted	4	ASP>HIS,HIS>GLY,SER>GLY,GLY>HIS
M0387	pdb4bah	substituted	4	ASP>HIS,HIS>GLY,SER>GLY,GLY>HIS
M0387	pdb4bak	substituted	4	ASP>HIS,HIS>GLY,SER>GLY,GLY>HIS
M0387	pdb4bam	substituted	4	ASP>HIS,HIS>GLY,SER>GLY,GLY>HIS
M0387	pdb4ban	substituted	4	ASP>HIS,HIS>GLY,SER>GLY,GLY>HIS
M0387	pdb4bao	substituted	4	ASP>HIS,HIS>GLY,SER>GLY,GLY>HIS
M0387	pdb4baq	substituted	4	ASP>HIS,HIS>GLY,SER>GLY,GLY>HIS
M0387	pdb4bnr	substituted	4	ASP>HIS,HIS>GLY,SER>GLY,GLY>HIS
M0387	pdb4boh	substituted	4	ASP>HIS,HIS>GLY,SER>GLY,GLY>HIS
M0387	pdb4bti	substituted	4	ASP>HIS,HIS>GLY,SER>GLY,GLY>HIS
M0387	pdb4btt	substituted	4	ASP>HIS,HIS>GLY,SER>GLY,GLY>HIS
M0387	pdb4btu	substituted	4	ASP>HIS,HIS>GLY,SER>GLY,GLY>HIS
M0387	pdb4bxs	partial	NA	
M0387	pdb4bxw	partial	NA	
M0387	pdb4cbn	substituted	4	ASP>HIS,HIS>GLY,SER>GLY,GLY>HIS
M0387	pdb4cbo	substituted	4	ASP>HIS,HIS>GLY,SER>GLY,GLY>HIS
M0387	pdb4ch2	substituted	4	ASP>HIS,HIS>GLY,SER>GLY,GLY>HIS
M0387	pdb4ch8	substituted	4	ASP>HIS,HIS>GLY,SER>GLY,GLY>HIS
M0387	pdb4cha	substituted	2	ASP>GLY,HIS>GLY
M0387	pdb4cr5	substituted	4	ASP>HIS,HIS>GLY,SER>GLY,GLY>HIS
M0387	pdb4cr9	substituted	4	ASP>HIS,HIS>GLY,SER>GLY,GLY>HIS
M0387	pdb4cra	substituted	4	ASP>HIS,HIS>GLY,SER>GLY,GLY>HIS
M0387	pdb4crb	substituted	4	ASP>HIS,HIS>GLY,SER>GLY,GLY>HIS
M0387	pdb4crc	substituted	4	ASP>HIS,HIS>GLY,SER>GLY,GLY>HIS
M0387	pdb4crd	substituted	4	ASP>HIS,HIS>GLY,SER>GLY,GLY>HIS
M0387	pdb4cre	substituted	4	ASP>HIS,HIS>GLY,SER>GLY,GLY>HIS
M0387	pdb4crf	substituted	4	ASP>HIS,HIS>GLY,SER>GLY,GLY>HIS
M0387	pdb4crg	substituted	4	ASP>HIS,HIS>GLY,SER>GLY,GLY>HIS
M0387	pdb4d76	substituted	4	ASP>HIS,HIS>GLY,SER>GLY,GLY>HIS
M0387	pdb4d7f	substituted	4	ASP>HIS,HIS>GLY,SER>GLY,GLY>HIS
M0387	pdb4d7g	substituted	4	ASP>HIS,HIS>GLY,SER>GLY,GLY>HIS
M0387	pdb4d8n	substituted	4	ASP>HIS,HIS>GLY,SER>GLY,GLY>HIS
M0387	pdb4d9q	substituted	4	ASP>HIS,HIS>GLY,SER>GLY,GLY>HIS
M0387	pdb4d9r	substituted	4	ASP>HIS,HIS>GLY,SER>GLY,GLY>HIS
M0387	pdb4dg4	substituted	5	ASP>HIS,HIS>ARG,GLY>ARG,SER>GLY,GLY>HIS
M0387	pdb4dgj	substituted	4	ASP>HIS,HIS>GLY,SER>GLY,GLY>HIS
M0387	pdb4dih	substituted	4	ASP>GLY,HIS>SER,GLY>SER,SER>ARG
M0387	pdb4dii	substituted	4	ASP>GLY,HIS>SER,GLY>SER,SER>ARG
M0387	pdb4djz	substituted	4	ASP>HIS,HIS>GLY,SER>GLY,GLY>HIS
M0387	pdb4doq	substituted	4	ASP>HIS,HIS>GLY,SER>GLY,GLY>HIS
M0387	pdb4dt7	substituted	4	ASP>HIS,HIS>GLY,SER>GLY,GLY>HIS
M0387	pdb4dur	substituted	4	ASP>HIS,HIS>GLY,SER>GLY,GLY>HIS
M0387	pdb4duu	substituted	4	ASP>HIS,HIS>GLY,SER>GLY,GLY>HIS
M0387	pdb4dva	substituted	4	ASP>LEU,HIS>GLY,SER>LEU,GLY>LEU
M0387	pdb4dw2	substituted	4	ASP>LEU,HIS>GLY,SER>LEU,GLY>LEU
M0387	pdb4dy7	substituted	4	ASP>HIS,HIS>GLY,SER>GLY,GLY>HIS
M0387	pdb4e05	partial	NA	
M0387	pdb4e06	partial	NA	
M0387	pdb4e7n	substituted	4	ASP>GLY,HIS>CYS,GLY>CYS,SER>ILE
M0387	pdb4e7r	substituted	4	ASP>GLY,HIS>SER,GLY>SER,SER>ARG
M0387	pdb4est	substituted	4	ASP>THR,HIS>ASP,GLY>ASP,GLY>THR
M0387	pdb4f4o	substituted	3	ASP>GLY,HIS>GLY,SER>ALA
M0387	pdb4fu7	substituted	4	ASP>HIS,HIS>GLY,SER>GLY,GLY>HIS
M0387	pdb4fu8	substituted	4	ASP>HIS,HIS>GLY,SER>GLY,GLY>HIS
M0387	pdb4fu9	substituted	4	ASP>HIS,HIS>GLY,SER>GLY,GLY>HIS
M0387	pdb4fub	substituted	4	ASP>HIS,HIS>GLY,SER>GLY,GLY>HIS
M0387	pdb4fuc	substituted	4	ASP>HIS,HIS>GLY,SER>GLY,GLY>HIS
M0387	pdb4fud	substituted	4	ASP>HIS,HIS>GLY,SER>GLY,GLY>HIS
M0387	pdb4fue	substituted	4	ASP>HIS,HIS>GLY,SER>GLY,GLY>HIS
M0387	pdb4fuf	substituted	4	ASP>HIS,HIS>GLY,SER>GLY,GLY>HIS
M0387	pdb4fug	substituted	4	ASP>HIS,HIS>GLY,SER>GLY,GLY>HIS
M0387	pdb4fuh	substituted	4	ASP>HIS,HIS>GLY,SER>GLY,GLY>HIS
M0387	pdb4fui	substituted	4	ASP>HIS,HIS>GLY,SER>GLY,GLY>HIS
M0387	pdb4fuj	substituted	4	ASP>HIS,HIS>GLY,SER>GLY,GLY>HIS
M0387	pdb4fxg	partial	NA	
M0387	pdb4gaw	substituted	4	ASP>HIS,HIS>GLY,SER>GLY,GLY>HIS
M0387	pdb4gch	substituted	2	ASP>GLY,HIS>GLY
M0387	pdb4gly	substituted	4	ASP>HIS,HIS>GLY,SER>GLY,GLY>HIS
M0387	pdb4gso	substituted	4	ASP>HIS,HIS>GLY,SER>GLY,GLY>HIS
M0387	pdb4gux	substituted	4	ASP>HIS,HIS>GLY,SER>GLY,GLY>HIS
M0387	pdb4gvu	substituted	4	ASP>HIS,HIS>GLY,SER>GLY,GLY>HIS
M0387	pdb4h42	substituted	4	ASP>LEU,HIS>GLY,SER>LEU,GLY>LEU
M0387	pdb4h4f	substituted	4	ASP>HIS,HIS>GLY,SER>GLY,GLY>HIS
M0387	pdb4h6s	substituted	4	ASP>HIS,HIS>GLY,SER>GLY,GLY>HIS
M0387	pdb4h6t	substituted	4	ASP>HIS,HIS>GLY,SER>GLY,GLY>HIS
M0387	pdb4hfp	substituted	4	ASP>HIS,HIS>GLY,SER>GLY,GLY>HIS
M0387	pdb4hgc	substituted	4	ASP>HIS,HIS>GLY,SER>GLY,GLY>HIS
M0387	pdb4htc	substituted	4	ASP>GLY,HIS>SER,GLY>SER,SER>ARG
M0387	pdb4hzh	substituted	4	ASP>HIS,HIS>GLY,SER>GLY,GLY>HIS
M0387	pdb4i7y	substituted	4	ASP>GLY,HIS>SER,GLY>SER,SER>ARG
M0387	pdb4i8g	substituted	4	ASP>HIS,HIS>GLY,SER>GLY,GLY>HIS
M0387	pdb4i8h	substituted	4	ASP>HIS,HIS>GLY,SER>GLY,GLY>HIS
M0387	pdb4i8j	substituted	4	ASP>HIS,HIS>GLY,SER>GLY,GLY>HIS
M0387	pdb4i8k	substituted	4	ASP>HIS,HIS>GLY,SER>GLY,GLY>HIS
M0387	pdb4i8l	substituted	4	ASP>HIS,HIS>GLY,SER>GLY,GLY>HIS
M0387	pdb4ibl	substituted	5	ASP>LEU,HIS>SER,GLY>SER,SER>GLY,GLY>LEU
M0387	pdb4igd	substituted	4	ASP>HIS,HIS>GLY,SER>GLY,GLY>HIS
M0387	pdb4is5	substituted	4	ASP>HIS,HIS>GLY,SER>GLY,GLY>HIS
M0387	pdb4ish	substituted	5	ASP>LEU,HIS>SER,GLY>SER,SER>GLY,GLY>LEU
M0387	pdb4isi	substituted	5	ASP>LEU,HIS>SER,GLY>SER,SER>GLY,GLY>LEU
M0387	pdb4isl	partial	NA	
M0387	pdb4isn	partial	NA	
M0387	pdb4iso	substituted	4	ASP>HIS,HIS>GLY,SER>GLY,GLY>HIS
M0387	pdb4iw4	partial	NA	
M0387	pdb4j1y	substituted	3	ASP>HIS,HIS>GLY,GLY>HIS
M0387	pdb4j2y	substituted	4	ASP>HIS,HIS>GLY,SER>GLY,GLY>HIS
M0387	pdb4jk5	substituted	4	ASP>HIS,HIS>GLY,SER>GLY,GLY>HIS
M0387	pdb4jk6	substituted	4	ASP>HIS,HIS>GLY,SER>GLY,GLY>HIS
M0387	pdb4jni	partial	NA	
M0387	pdb4jnl	partial	NA	
M0387	pdb4jyt	substituted	4	ASP>HIS,HIS>GLY,SER>GLY,GLY>HIS
M0387	pdb4jyu	substituted	5	ASP>LEU,HIS>SER,GLY>SER,SER>GLY,GLY>LEU
M0387	pdb4jyv	substituted	5	ASP>LEU,HIS>SER,GLY>SER,SER>GLY,GLY>LEU
M0387	pdb4jz1	substituted	4	ASP>HIS,HIS>GLY,SER>GLY,GLY>HIS
M0387	pdb4jzd	substituted	5	ASP>LEU,HIS>SER,GLY>SER,SER>GLY,GLY>LEU
M0387	pdb4jze	substituted	5	ASP>LEU,HIS>SER,GLY>SER,SER>GLY,GLY>LEU
M0387	pdb4jzf	substituted	5	ASP>LEU,HIS>SER,GLY>SER,SER>GLY,GLY>LEU
M0387	pdb4jzi	substituted	4	ASP>HIS,HIS>GLY,SER>GLY,GLY>HIS
M0387	pdb4k1e	substituted	4	ASP>HIS,HIS>GLY,SER>GLY,GLY>HIS
M0387	pdb4k2y	partial	NA	
M0387	pdb4k3j	substituted	4	ASP>GLN,HIS>GLY,SER>GLY,GLY>GLN
M0387	pdb4k5z	partial	NA	
M0387	pdb4k60	partial	NA	
M0387	pdb4k69	partial	NA	
M0387	pdb4k8y	substituted	4	ASP>HIS,HIS>GLY,SER>GLY,GLY>HIS
M0387	pdb4kel	substituted	4	ASP>HIS,HIS>GLY,SER>GLY,GLY>HIS
M0387	pdb4kga	substituted	4	ASP>HIS,HIS>GLY,SER>GLY,GLY>HIS
M0387	pdb4kkd	partial	NA	
M0387	pdb4kp0	partial	NA	
M0387	pdb4kts	substituted	4	ASP>HIS,HIS>GLY,SER>GLY,GLY>HIS
M0387	pdb4ktu	substituted	4	ASP>HIS,HIS>GLY,SER>GLY,GLY>HIS
M0387	pdb4lk4	substituted	4	ASP>HIS,HIS>GLY,SER>GLY,GLY>HIS
M0387	pdb4loy	substituted	4	ASP>GLY,HIS>SER,GLY>SER,SER>ARG
M0387	pdb4lxb	substituted	4	ASP>GLY,HIS>SER,GLY>SER,SER>ARG
M0387	pdb4lz1	substituted	4	ASP>GLY,HIS>SER,GLY>SER,SER>ARG
M0387	pdb4lz4	substituted	4	ASP>HIS,HIS>GLY,SER>GLY,GLY>HIS
M0387	pdb4m7g	substituted	4	ASP>HIS,HIS>GLY,SER>GLY,GLY>HIS
M0387	pdb4mlf	substituted	4	ASP>HIS,HIS>GLY,SER>GLY,GLY>HIS
M0387	pdb4mnv	substituted	4	ASP>HIS,HIS>GLY,SER>GLY,GLY>HIS
M0387	pdb4mnw	substituted	4	ASP>HIS,HIS>GLY,SER>GLY,GLY>HIS
M0387	pdb4mnx	substituted	4	ASP>HIS,HIS>GLY,SER>GLY,GLY>HIS
M0387	pdb4mny	substituted	4	ASP>HIS,HIS>GLY,SER>GLY,GLY>HIS
M0387	pdb4mpu	substituted	4	ASP>HIS,HIS>GLY,SER>GLY,GLY>HIS
M0387	pdb4mpv	substituted	4	ASP>HIS,HIS>GLY,SER>GLY,GLY>HIS
M0387	pdb4mpw	substituted	4	ASP>HIS,HIS>GLY,SER>GLY,GLY>HIS
M0387	pdb4mpx	substituted	4	ASP>HIS,HIS>GLY,SER>GLY,GLY>HIS
M0387	pdb4mqa	substituted	4	ASP>HIS,HIS>GLY,SER>GLY,GLY>HIS
M0387	pdb4mtb	substituted	4	ASP>HIS,HIS>GLY,SER>GLY,GLY>HIS
M0387	pdb4n3l	partial	NA	
M0387	pdb4na7	substituted	4	ASP>HIS,HIS>GLY,SER>GLY,GLY>HIS
M0387	pdb4na8	substituted	4	ASP>HIS,HIS>GLY,SER>GLY,GLY>HIS
M0387	pdb4na9	substituted	5	ASP>LEU,HIS>SER,GLY>SER,SER>GLY,GLY>LEU
M0387	pdb4ncy	substituted	4	ASP>HIS,HIS>GLY,SER>GLY,GLY>HIS
M0387	pdb4nfe	substituted	4	ASP>HIS,HIS>GLY,SER>GLY,GLY>HIS
M0387	pdb4nff	substituted	4	ASP>HIS,HIS>GLY,SER>GLY,GLY>HIS
M0387	pdb4ng9	substituted	5	ASP>LEU,HIS>SER,GLY>SER,SER>GLY,GLY>LEU
M0387	pdb4nga	substituted	5	ASP>LEU,HIS>SER,GLY>SER,SER>GLY,GLY>LEU
M0387	pdb4niv	substituted	5	ASP>HIS,HIS>GLN,GLY>GLN,SER>GLY,GLY>HIS
M0387	pdb4niw	substituted	4	ASP>HIS,HIS>GLY,SER>GLY,GLY>HIS
M0387	pdb4nix	substituted	4	ASP>HIS,HIS>GLY,SER>GLY,GLY>HIS
M0387	pdb4niy	substituted	4	ASP>HIS,HIS>GLY,SER>GLY,GLY>HIS
M0387	pdb4nze	partial	NA	
M0387	pdb4nzl	partial	NA	
M0387	pdb4nzq	substituted	4	ASP>HIS,HIS>GLY,SER>GLY,GLY>HIS
M0387	pdb4o03	substituted	4	ASP>HIS,HIS>GLY,SER>GLY,GLY>HIS
M0387	pdb4o3t	substituted	4	ASP>GLN,HIS>GLY,SER>GLY,GLY>GLN
M0387	pdb4o3u	substituted	4	ASP>GLN,HIS>GLY,SER>GLY,GLY>GLN
M0387	pdb4o97	substituted	4	ASP>HIS,HIS>GLY,SER>GLY,GLY>HIS
M0387	pdb4o9v	substituted	4	ASP>HIS,HIS>GLY,SER>GLY,GLY>HIS
M0387	pdb4ogx	substituted	4	ASP>HIS,HIS>GLY,SER>GLY,GLY>HIS
M0387	pdb4ogy	substituted	4	ASP>HIS,HIS>GLY,SER>GLY,GLY>HIS
M0387	pdb4os1	substituted	4	ASP>HIS,HIS>GLY,SER>GLY,GLY>HIS
M0387	pdb4os2	substituted	4	ASP>HIS,HIS>GLY,SER>GLY,GLY>HIS
M0387	pdb4os4	substituted	4	ASP>HIS,HIS>GLY,SER>GLY,GLY>HIS
M0387	pdb4os5	substituted	4	ASP>HIS,HIS>GLY,SER>GLY,GLY>HIS
M0387	pdb4os6	substituted	4	ASP>HIS,HIS>GLY,SER>GLY,GLY>HIS
M0387	pdb4os7	substituted	4	ASP>HIS,HIS>GLY,SER>GLY,GLY>HIS
M0387	pdb4q2k	substituted	4	ASP>HIS,HIS>GLY,SER>GLY,GLY>HIS
M0387	pdb4q7x	substituted	5	ASP>HIS,HIS>ALA,GLY>ALA,SER>GLY,GLY>HIS
M0387	pdb4q7y	substituted	5	ASP>HIS,HIS>ALA,GLY>ALA,SER>GLY,GLY>HIS
M0387	pdb4q7z	substituted	5	ASP>HIS,HIS>ALA,GLY>ALA,SER>GLY,GLY>HIS
M0387	pdb4q80	substituted	5	ASP>HIS,HIS>ALA,GLY>ALA,SER>GLY,GLY>HIS
M0387	pdb4qt8	substituted	4	ASP>GLN,HIS>GLY,SER>GLY,GLY>GLN
M0387	pdb4r0i	substituted	4	ASP>HIS,HIS>GLY,SER>GLY,GLY>HIS
M0387	pdb4rkj	substituted	4	ASP>HIS,HIS>GLY,SER>GLY,GLY>HIS
M0387	pdb4rko	substituted	4	ASP>GLY,HIS>SER,GLY>SER,SER>ARG
M0387	pdb4rn6	substituted	4	ASP>HIS,HIS>GLY,SER>GLY,GLY>HIS
M0387	pdb4thn	substituted	4	ASP>GLY,HIS>SER,GLY>SER,SER>ARG
M0387	pdb4tpi	substituted	4	ASP>LEU,HIS>GLY,SER>GLY,GLY>LEU
M0387	pdb4tpy	substituted	4	ASP>HIS,HIS>GLY,SER>GLY,GLY>HIS
M0387	pdb4ty6	substituted	4	ASP>HIS,HIS>GLY,SER>GLY,GLY>HIS
M0387	pdb4ty7	substituted	4	ASP>HIS,HIS>GLY,SER>GLY,GLY>HIS
M0387	pdb4u2w	substituted	5	ASP>SER,HIS>TYR,GLY>TYR,SER>GLN,GLY>SER
M0387	pdb4u30	substituted	5	ASP>HIS,HIS>ARG,GLY>ARG,SER>GLY,GLY>HIS
M0387	pdb4u32	substituted	5	ASP>HIS,HIS>LYS,GLY>LYS,SER>ASN,GLY>HIS
M0387	pdb4ud9	substituted	4	ASP>GLY,HIS>SER,GLY>SER,SER>ARG
M0387	pdb4udw	substituted	4	ASP>GLY,HIS>SER,GLY>SER,SER>ARG
M0387	pdb4ue7	substituted	4	ASP>GLY,HIS>SER,GLY>SER,SER>ARG
M0387	pdb4ueh	substituted	4	ASP>GLY,HIS>SER,GLY>SER,SER>ARG
M0387	pdb4ufd	substituted	4	ASP>GLY,HIS>SER,GLY>SER,SER>ARG
M0387	pdb4ufe	substituted	4	ASP>GLY,HIS>SER,GLY>SER,SER>ARG
M0387	pdb4uff	substituted	4	ASP>GLY,HIS>SER,GLY>SER,SER>ARG
M0387	pdb4ufg	substituted	4	ASP>GLY,HIS>SER,GLY>SER,SER>ARG
M0387	pdb4vgc	substituted	2	ASP>GLY,HIS>GLY
M0387	pdb4wjg	partial	NA	
M0387	pdb4wvp	partial	NA	
M0387	pdb4wwy	substituted	5	ASP>HIS,HIS>ARG,GLY>ARG,SER>GLY,GLY>HIS
M0387	pdb4wxi	substituted	4	ASP>HIS,HIS>GLY,SER>GLY,GLY>HIS
M0387	pdb4wxv	substituted	4	ASP>HIS,HIS>GLY,SER>GLY,GLY>HIS
M0387	pdb4x0l	substituted	4	ASP>ASN,HIS>GLY,SER>GLY,GLY>ASN
M0387	pdb4x0w	substituted	4	ASP>LEU,HIS>GLY,SER>LEU,GLY>LEU
M0387	pdb4x1n	substituted	4	ASP>LEU,HIS>GLY,SER>LEU,GLY>LEU
M0387	pdb4x1p	substituted	4	ASP>LEU,HIS>GLY,SER>LEU,GLY>LEU
M0387	pdb4x1q	substituted	4	ASP>LEU,HIS>GLY,SER>LEU,GLY>LEU
M0387	pdb4x1r	substituted	4	ASP>LEU,HIS>GLY,SER>LEU,GLY>LEU
M0387	pdb4x1s	substituted	4	ASP>LEU,HIS>GLY,SER>LEU,GLY>LEU
M0387	pdb4x6m	substituted	4	ASP>HIS,HIS>GLY,SER>GLY,GLY>HIS
M0387	pdb4x6n	substituted	4	ASP>HIS,HIS>GLY,SER>GLY,GLY>HIS
M0387	pdb4x6o	substituted	4	ASP>HIS,HIS>GLY,SER>GLY,GLY>HIS
M0387	pdb4x6p	substituted	4	ASP>HIS,HIS>GLY,SER>GLY,GLY>HIS
M0387	pdb4x8s	substituted	5	ASP>LEU,HIS>SER,GLY>SER,SER>GLY,GLY>LEU
M0387	pdb4x8t	substituted	5	ASP>LEU,HIS>SER,GLY>SER,SER>GLY,GLY>LEU
M0387	pdb4x8u	substituted	5	ASP>LEU,HIS>SER,GLY>SER,SER>GLY,GLY>LEU
M0387	pdb4x8v	substituted	5	ASP>LEU,HIS>SER,GLY>SER,SER>GLY,GLY>LEU
M0387	pdb4xde	substituted	4	ASP>HIS,HIS>GLY,SER>GLY,GLY>HIS
M0387	pdb4xe4	substituted	4	ASP>HIS,HIS>GLY,SER>GLY,GLY>HIS
M0387	pdb4xoj	substituted	4	ASP>HIS,HIS>GLY,SER>GLY,GLY>HIS
M0387	pdb4xsk	substituted	4	ASP>LEU,HIS>GLY,SER>LEU,GLY>LEU
M0387	pdb4y0y	substituted	4	ASP>HIS,HIS>GLN,GLY>GLN,GLY>HIS
M0387	pdb4y0z	substituted	4	ASP>HIS,HIS>GLN,GLY>GLN,GLY>HIS
M0387	pdb4y10	substituted	4	ASP>HIS,HIS>GLN,GLY>GLN,GLY>HIS
M0387	pdb4y11	substituted	4	ASP>HIS,HIS>GLN,GLY>GLN,GLY>HIS
M0387	pdb4y6d	substituted	4	ASP>HIS,HIS>GLY,SER>GLY,GLY>HIS
M0387	pdb4y71	substituted	4	ASP>HIS,HIS>GLY,SER>GLY,GLY>HIS
M0387	pdb4y76	substituted	4	ASP>HIS,HIS>GLY,SER>GLY,GLY>HIS
M0387	pdb4y79	substituted	4	ASP>HIS,HIS>GLY,SER>GLY,GLY>HIS
M0387	pdb4y7a	substituted	4	ASP>HIS,HIS>GLY,SER>GLY,GLY>HIS
M0387	pdb4y7b	substituted	4	ASP>HIS,HIS>GLY,SER>GLY,GLY>HIS
M0387	pdb4y8x	substituted	4	ASP>HIS,HIS>GLY,SER>GLY,GLY>HIS
M0387	pdb4y8y	substituted	4	ASP>HIS,HIS>GLY,SER>GLY,GLY>HIS
M0387	pdb4y8z	substituted	4	ASP>HIS,HIS>GLY,SER>GLY,GLY>HIS
M0387	pdb4yes	substituted	4	ASP>HIS,HIS>GLY,SER>GLY,GLY>HIS
M0387	pdb4ylq	substituted	5	ASP>CYS,HIS>SER,GLY>SER,SER>LYS,GLY>CYS
M0387	pdb4ym9	substituted	4	ASP>HIS,HIS>GLY,SER>GLY,GLY>HIS
M0387	pdb4yt6	substituted	5	ASP>LEU,HIS>SER,GLY>SER,SER>GLY,GLY>LEU
M0387	pdb4yt7	substituted	5	ASP>LEU,HIS>SER,GLY>SER,SER>GLY,GLY>LEU
M0387	pdb4yta	substituted	4	ASP>HIS,HIS>GLY,SER>GLY,GLY>HIS
M0387	pdb4yzu	substituted	4	ASP>HIS,HIS>GLY,SER>GLY,GLY>HIS
M0387	pdb4z0k	substituted	4	ASP>HIS,HIS>GLY,SER>GLY,GLY>HIS
M0387	pdb4z6a	substituted	5	ASP>CYS,HIS>SER,GLY>SER,SER>LYS,GLY>CYS
M0387	pdb4zae	substituted	4	ASP>HIS,HIS>GLY,SER>GLY,GLY>HIS
M0387	pdb4zh8	substituted	4	ASP>HIS,HIS>GLY,SER>GLY,GLY>HIS
M0387	pdb4zha	substituted	4	ASP>HIS,HIS>GLY,SER>GLY,GLY>HIS
M0387	pdb4zhl	substituted	4	ASP>LEU,HIS>GLY,SER>LEU,GLY>LEU
M0387	pdb4zhm	substituted	4	ASP>LEU,HIS>GLY,SER>LEU,GLY>LEU
M0387	pdb4zkn	substituted	4	ASP>LEU,HIS>GLY,SER>LEU,GLY>LEU
M0387	pdb4zko	substituted	4	ASP>LEU,HIS>GLY,SER>LEU,GLY>LEU
M0387	pdb4zkr	substituted	4	ASP>LEU,HIS>GLY,SER>LEU,GLY>LEU
M0387	pdb4zks	substituted	4	ASP>LEU,HIS>GLY,SER>LEU,GLY>LEU
M0387	pdb4zma	substituted	5	ASP>CYS,HIS>SER,GLY>SER,SER>LYS,GLY>CYS
M0387	pdb4zxx	substituted	5	ASP>LEU,HIS>SER,GLY>SER,SER>GLY,GLY>LEU
M0387	pdb4zxy	substituted	5	ASP>LEU,HIS>SER,GLY>SER,SER>GLY,GLY>LEU
M0387	pdb5a09	partial	NA	
M0387	pdb5a0a	partial	NA	
M0387	pdb5a0b	partial	NA	
M0387	pdb5a0c	partial	NA	
M0387	pdb5a2m	substituted	4	ASP>GLY,HIS>SER,GLY>SER,SER>ARG
M0387	pdb5a8x	partial	NA	
M0387	pdb5a8y	partial	NA	
M0387	pdb5a8z	partial	NA	
M0387	pdb5abw	partial	NA	
M0387	pdb5af9	substituted	4	ASP>GLY,HIS>SER,GLY>SER,SER>ARG
M0387	pdb5afy	substituted	4	ASP>GLY,HIS>SER,GLY>SER,SER>ARG
M0387	pdb5afz	substituted	4	ASP>GLY,HIS>SER,GLY>SER,SER>ARG
M0387	pdb5ahg	substituted	4	ASP>GLY,HIS>SER,GLY>SER,SER>ARG
M0387	pdb5avd	substituted	4	ASP>HIS,HIS>GLY,SER>GLY,GLY>HIS
M0387	pdb5brr	substituted	5	ASP>ILE,HIS>CYS,GLY>CYS,SER>ASP,GLY>ILE
M0387	pdb5c67	substituted	5	ASP>HIS,HIS>ARG,GLY>ARG,SER>GLY,GLY>HIS
M0387	pdb5ce1	substituted	4	ASP>HIS,HIS>GLY,SER>GLY,GLY>HIS
M0387	pdb5cha	substituted	2	ASP>GLY,HIS>GLY
M0387	pdb5cmx	substituted	4	ASP>GLY,HIS>SER,GLY>SER,SER>ARG
M0387	pdb5dj7	substituted	4	ASP>HIS,HIS>GLY,SER>GLY,GLY>HIS
M0387	pdb5dk1	substituted	4	ASP>HIS,HIS>GLY,SER>GLY,GLY>HIS
M0387	pdb5dkm	substituted	4	ASP>HIS,HIS>GLY,SER>GLY,GLY>HIS
M0387	pdb5do4	substituted	4	ASP>HIS,HIS>GLY,SER>GLY,GLY>HIS
M0387	pdb5e2o	substituted	4	ASP>HIS,HIS>GLY,SER>GLY,GLY>HIS
M0387	pdb5e2p	substituted	4	ASP>HIS,HIS>GLY,SER>GLY,GLY>HIS
M0387	pdb5e8e	partial	NA	
M0387	pdb5edk	substituted	4	ASP>HIS,HIS>GLY,SER>GLY,GLY>HIS
M0387	pdb5edm	substituted	4	ASP>HIS,HIS>GLY,SER>GLY,GLY>HIS
M0387	pdb5eg4	substituted	4	ASP>HIS,HIS>GLY,SER>GLY,GLY>HIS
M0387	pdb5egm	substituted	4	ASP>HIS,HIS>GLY,SER>GLY,GLY>HIS
M0387	pdb5eod	substituted	4	ASP>HIS,HIS>GLY,SER>GLY,GLY>HIS
M0387	pdb5eok	substituted	4	ASP>HIS,HIS>GLY,SER>GLY,GLY>HIS
M0387	pdb5est	substituted	4	ASP>THR,HIS>ASP,GLY>ASP,GLY>THR
M0387	pdb5ew1	substituted	4	ASP>GLY,HIS>SER,GLY>SER,SER>ARG
M0387	pdb5ew2	substituted	4	ASP>GLY,HIS>SER,GLY>SER,SER>ARG
M0387	pdb5exl	substituted	4	ASP>HIS,HIS>GLY,SER>GLY,GLY>HIS
M0387	pdb5exm	substituted	4	ASP>HIS,HIS>GLY,SER>GLY,GLY>HIS
M0387	pdb5exn	substituted	4	ASP>HIS,HIS>GLY,SER>GLY,GLY>HIS
M0387	pdb5f03	substituted	4	ASP>HIS,HIS>GLY,SER>GLY,GLY>HIS
M0387	pdb5f6m	substituted	4	ASP>HIS,HIS>GLY,SER>GLY,GLY>HIS
M0387	pdb5f8t	substituted	4	ASP>HIS,HIS>GLY,SER>GLY,GLY>HIS
M0387	pdb5f8x	substituted	4	ASP>HIS,HIS>GLY,SER>GLY,GLY>HIS
M0387	pdb5f8z	substituted	4	ASP>HIS,HIS>GLY,SER>GLY,GLY>HIS
M0387	pdb5fah	substituted	4	ASP>HIS,HIS>GLY,SER>GLY,GLY>HIS
M0387	pdb5fbe	substituted	4	ASP>HIS,HIS>GLY,SER>GLY,GLY>HIS
M0387	pdb5fbi	substituted	4	ASP>HIS,HIS>GLY,SER>GLY,GLY>HIS
M0387	pdb5fck	substituted	4	ASP>HIS,HIS>GLY,SER>GLY,GLY>HIS
M0387	pdb5fcr	substituted	4	ASP>HIS,HIS>GLY,SER>GLY,GLY>HIS
M0387	pdb5fxl	substituted	4	ASP>HIS,HIS>GLY,SER>GLY,GLY>HIS
M0387	pdb5gch	substituted	2	ASP>GLY,HIS>GLY
M0387	pdb5gds	substituted	4	ASP>GLY,HIS>SER,GLY>SER,SER>ARG
M0387	pdb5gib	substituted	4	ASP>HIS,HIS>GLY,SER>GLY,GLY>HIS
M0387	pdb5gim	substituted	4	ASP>HIS,HIS>GLY,SER>GLY,GLY>HIS
M0387	pdb5gvt	substituted	4	ASP>HIS,HIS>GLY,SER>GLY,GLY>HIS
M0387	pdb5gxp	substituted	4	ASP>HIS,HIS>GLY,SER>GLY,GLY>HIS
M0387	pdb5hgg	substituted	4	ASP>HIS,HIS>GLY,SER>GLY,GLY>HIS
M0387	pdb5hu6	substituted	4	ASP>ASN,HIS>GLY,SER>GLY,GLY>ASN
M0387	pdb5i25	substituted	4	ASP>HIS,HIS>GLY,SER>GLY,GLY>HIS
M0387	pdb5i46	substituted	5	ASP>LEU,HIS>SER,GLY>SER,SER>GLY,GLY>LEU
M0387	pdb5j4q	substituted	4	ASP>HIS,HIS>GLY,SER>GLY,GLY>HIS
M0387	pdb5j4s	substituted	4	ASP>HIS,HIS>GLY,SER>GLY,GLY>HIS
M0387	pdb5jb8	substituted	5	ASP>PHE,HIS>ALA,GLY>ALA,SER>GLU,GLY>PHE
M0387	pdb5jb9	substituted	5	ASP>PHE,HIS>ALA,GLY>ALA,SER>GLU,GLY>PHE
M0387	pdb5jba	substituted	5	ASP>PHE,HIS>ALA,GLY>ALA,SER>GLU,GLY>PHE
M0387	pdb5jbb	substituted	5	ASP>PHE,HIS>ALA,GLY>ALA,SER>GLU,GLY>PHE
M0387	pdb5jbc	substituted	5	ASP>PHE,HIS>ALA,GLY>ALA,SER>GLU,GLY>PHE
M0387	pdb5jbt	substituted	5	ASP>HIS,HIS>ARG,GLY>ARG,SER>GLY,GLY>HIS
M0387	pdb5jdu	substituted	4	ASP>HIS,HIS>GLY,SER>GLY,GLY>HIS
M0387	pdb5jfd	substituted	4	ASP>GLY,HIS>SER,GLY>SER,SER>ARG
M0387	pdb5jpm	substituted	4	ASP>HIS,HIS>GLY,SER>GLY,GLY>HIS
M0387	pdb5jyi	substituted	4	ASP>HIS,HIS>GLY,SER>GLY,GLY>HIS
M0387	pdb5jzy	substituted	4	ASP>GLY,HIS>SER,GLY>SER,SER>ARG
M0387	pdb5k0h	substituted	4	ASP>HIS,HIS>GLY,SER>GLY,GLY>HIS
M0387	pdb5k7r	substituted	4	ASP>HIS,HIS>GLY,SER>GLY,GLY>HIS
M0387	pdb5kwm	substituted	4	ASP>HIS,HIS>GLY,SER>GLY,GLY>HIS
M0387	pdb5l2y	substituted	5	ASP>LEU,HIS>SER,GLY>SER,SER>GLY,GLY>LEU
M0387	pdb5l2z	substituted	5	ASP>LEU,HIS>SER,GLY>SER,SER>GLY,GLY>LEU
M0387	pdb5l30	substituted	5	ASP>LEU,HIS>SER,GLY>SER,SER>GLY,GLY>LEU
M0387	pdb5l6n	partial	NA	
M0387	pdb5lce	substituted	4	ASP>GLY,HIS>SER,GLY>SER,SER>ARG
M0387	pdb5lgo	substituted	4	ASP>HIS,HIS>GLY,SER>GLY,GLY>HIS
M0387	pdb5lh4	substituted	4	ASP>HIS,HIS>GLY,SER>GLY,GLY>HIS
M0387	pdb5lh8	substituted	4	ASP>HIS,HIS>GLY,SER>GLY,GLY>HIS
M0387	pdb5lhn	substituted	4	ASP>HIS,HIS>GLY,SER>GLY,GLY>HIS
M0387	pdb5lhp	substituted	4	ASP>HIS,HIS>GLY,SER>GLY,GLY>HIS
M0387	pdb5lhq	substituted	4	ASP>HIS,HIS>GLY,SER>GLY,GLY>HIS
M0387	pdb5lhr	substituted	4	ASP>HIS,HIS>GLY,SER>GLY,GLY>HIS
M0387	pdb5lhs	substituted	4	ASP>HIS,HIS>GLY,SER>GLY,GLY>HIS
M0387	pdb5lpd	substituted	4	ASP>GLY,HIS>SER,GLY>SER,SER>ARG
M0387	pdb5lpe	substituted	5	ASP>HIS,HIS>SER,GLY>SER,SER>GLY,GLY>HIS
M0387	pdb5lpf	substituted	5	ASP>HIS,HIS>SER,GLY>SER,SER>GLY,GLY>HIS
M0387	pdb5luw	partial	NA	
M0387	pdb5luy	partial	NA	
M0387	pdb5lyo	substituted	4	ASP>HIS,HIS>GLY,SER>GLY,GLY>HIS
M0387	pdb5mn1	substituted	4	ASP>HIS,HIS>GLY,SER>GLY,GLY>HIS
M0387	pdb5mna	substituted	4	ASP>HIS,HIS>GLY,SER>GLY,GLY>HIS
M0387	pdb5mnb	substituted	4	ASP>HIS,HIS>GLY,SER>GLY,GLY>HIS
M0387	pdb5mnc	substituted	4	ASP>HIS,HIS>GLY,SER>GLY,GLY>HIS
M0387	pdb5mne	substituted	4	ASP>HIS,HIS>GLY,SER>GLY,GLY>HIS
M0387	pdb5mnf	substituted	4	ASP>HIS,HIS>GLY,SER>GLY,GLY>HIS
M0387	pdb5mng	substituted	4	ASP>HIS,HIS>GLY,SER>GLY,GLY>HIS
M0387	pdb5mnh	substituted	4	ASP>HIS,HIS>GLY,SER>GLY,GLY>HIS
M0387	pdb5mnk	substituted	4	ASP>HIS,HIS>GLY,SER>GLY,GLY>HIS
M0387	pdb5mnl	substituted	4	ASP>HIS,HIS>GLY,SER>GLY,GLY>HIS
M0387	pdb5mnm	substituted	4	ASP>HIS,HIS>GLY,SER>GLY,GLY>HIS
M0387	pdb5mnn	substituted	4	ASP>HIS,HIS>GLY,SER>GLY,GLY>HIS
M0387	pdb5mno	substituted	4	ASP>HIS,HIS>GLY,SER>GLY,GLY>HIS
M0387	pdb5mnp	substituted	4	ASP>HIS,HIS>GLY,SER>GLY,GLY>HIS
M0387	pdb5mnq	substituted	4	ASP>HIS,HIS>GLY,SER>GLY,GLY>HIS
M0387	pdb5mnx	substituted	4	ASP>HIS,HIS>GLY,SER>GLY,GLY>HIS
M0387	pdb5mny	substituted	4	ASP>HIS,HIS>GLY,SER>GLY,GLY>HIS
M0387	pdb5mnz	substituted	4	ASP>HIS,HIS>GLY,SER>GLY,GLY>HIS
M0387	pdb5mo0	substituted	4	ASP>HIS,HIS>GLY,SER>GLY,GLY>HIS
M0387	pdb5mo1	substituted	4	ASP>HIS,HIS>GLY,SER>GLY,GLY>HIS
M0387	pdb5mo2	substituted	4	ASP>HIS,HIS>GLY,SER>GLY,GLY>HIS
M0387	pdb5mon	substituted	4	ASP>HIS,HIS>GLY,SER>GLY,GLY>HIS
M0387	pdb5moo	substituted	4	ASP>HIS,HIS>GLY,SER>GLY,GLY>HIS
M0387	pdb5mop	substituted	4	ASP>HIS,HIS>GLY,SER>GLY,GLY>HIS
M0387	pdb5moq	substituted	4	ASP>HIS,HIS>GLY,SER>GLY,GLY>HIS
M0387	pdb5mor	substituted	4	ASP>HIS,HIS>GLY,SER>GLY,GLY>HIS
M0387	pdb5mos	substituted	4	ASP>HIS,HIS>GLY,SER>GLY,GLY>HIS
M0387	pdb5mt0	substituted	4	ASP>HIS,HIS>GLY,SER>GLY,GLY>HIS
M0387	pdb5mt4	substituted	4	ASP>HIS,HIS>GLY,SER>GLY,GLY>HIS
M0387	pdb5nar	substituted	4	ASP>HIS,HIS>GLY,SER>GLY,GLY>HIS
M0387	pdb5nat	substituted	4	ASP>HIS,HIS>GLY,SER>GLY,GLY>HIS
M0387	pdb5naw	substituted	4	ASP>HIS,HIS>GLY,SER>GLY,GLY>HIS
M0387	pdb5nb6	substituted	4	ASP>HIS,HIS>GLY,SER>GLY,GLY>HIS
M0387	pdb5nb7	substituted	4	ASP>HIS,HIS>GLY,SER>GLY,GLY>HIS
M0387	pdb5nba	substituted	4	ASP>HIS,HIS>GLY,SER>GLY,GLY>HIS
M0387	pdb5nhu	partial	NA	
M0387	pdb5nx1	substituted	4	ASP>HIS,HIS>GLY,SER>GLY,GLY>HIS
M0387	pdb5nx3	substituted	4	ASP>HIS,HIS>GLY,SER>GLY,GLY>HIS
M0387	pdb5o32	substituted	4	ASP>HIS,HIS>GLY,SER>GLY,GLY>HIS
M0387	pdb5pa8	partial	NA	
M0387	pdb5pa9	partial	NA	
M0387	pdb5paa	partial	NA	
M0387	pdb5pab	substituted	4	ASP>HIS,HIS>GLY,SER>GLY,GLY>HIS
M0387	pdb5pac	substituted	4	ASP>HIS,HIS>GLY,SER>GLY,GLY>HIS
M0387	pdb5pae	substituted	4	ASP>HIS,HIS>GLY,SER>GLY,GLY>HIS
M0387	pdb5paf	substituted	4	ASP>HIS,HIS>GLY,SER>GLY,GLY>HIS
M0387	pdb5pag	substituted	4	ASP>HIS,HIS>GLY,SER>GLY,GLY>HIS
M0387	pdb5pai	substituted	4	ASP>HIS,HIS>GLY,SER>GLY,GLY>HIS
M0387	pdb5paj	substituted	4	ASP>HIS,HIS>GLY,SER>GLY,GLY>HIS
M0387	pdb5pak	partial	NA	
M0387	pdb5pam	substituted	4	ASP>HIS,HIS>GLY,SER>GLY,GLY>HIS
M0387	pdb5pan	substituted	4	ASP>HIS,HIS>GLY,SER>GLY,GLY>HIS
M0387	pdb5pao	partial	NA	
M0387	pdb5paq	substituted	4	ASP>HIS,HIS>GLY,SER>GLY,GLY>HIS
M0387	pdb5par	partial	NA	
M0387	pdb5pas	partial	NA	
M0387	pdb5pat	substituted	4	ASP>HIS,HIS>GLY,SER>GLY,GLY>HIS
M0387	pdb5pau	partial	NA	
M0387	pdb5pav	partial	NA	
M0387	pdb5paw	substituted	4	ASP>HIS,HIS>GLY,SER>GLY,GLY>HIS
M0387	pdb5pax	partial	NA	
M0387	pdb5pay	partial	NA	
M0387	pdb5pb0	substituted	4	ASP>HIS,HIS>GLY,SER>GLY,GLY>HIS
M0387	pdb5pb1	partial	NA	
M0387	pdb5pb2	partial	NA	
M0387	pdb5pb3	partial	NA	
M0387	pdb5pb4	partial	NA	
M0387	pdb5pb5	substituted	4	ASP>HIS,HIS>GLY,SER>GLY,GLY>HIS
M0387	pdb5pb6	partial	NA	
M0387	pdb5ptp	substituted	4	ASP>HIS,HIS>GLY,SER>GLY,GLY>HIS
M0387	pdb5q0d	substituted	4	ASP>HIS,HIS>GLY,SER>GLY,GLY>HIS
M0387	pdb5q0e	substituted	4	ASP>HIS,HIS>GLY,SER>GLY,GLY>HIS
M0387	pdb5q0f	substituted	4	ASP>HIS,HIS>GLY,SER>GLY,GLY>HIS
M0387	pdb5q0g	substituted	4	ASP>HIS,HIS>GLY,SER>GLY,GLY>HIS
M0387	pdb5q0h	substituted	4	ASP>HIS,HIS>GLY,SER>GLY,GLY>HIS
M0387	pdb5qck	substituted	4	ASP>HIS,HIS>GLY,SER>GLY,GLY>HIS
M0387	pdb5qcl	substituted	4	ASP>HIS,HIS>GLY,SER>GLY,GLY>HIS
M0387	pdb5qcm	substituted	4	ASP>HIS,HIS>GLY,SER>GLY,GLY>HIS
M0387	pdb5qcn	substituted	4	ASP>HIS,HIS>GLY,SER>GLY,GLY>HIS
M0387	pdb5qqo	substituted	4	ASP>HIS,HIS>GLY,SER>GLY,GLY>HIS
M0387	pdb5qqp	substituted	4	ASP>HIS,HIS>GLY,SER>GLY,GLY>HIS
M0387	pdb5qtt	substituted	4	ASP>HIS,HIS>GLY,SER>GLY,GLY>HIS
M0387	pdb5qtu	substituted	4	ASP>HIS,HIS>GLY,SER>GLY,GLY>HIS
M0387	pdb5qtv	substituted	4	ASP>HIS,HIS>GLY,SER>GLY,GLY>HIS
M0387	pdb5qtw	substituted	4	ASP>HIS,HIS>GLY,SER>GLY,GLY>HIS
M0387	pdb5qtx	substituted	4	ASP>HIS,HIS>GLY,SER>GLY,GLY>HIS
M0387	pdb5qty	substituted	4	ASP>HIS,HIS>GLY,SER>GLY,GLY>HIS
M0387	pdb5t3h	substituted	4	ASP>HIS,HIS>GLY,SER>GLY,GLY>HIS
M0387	pdb5tca	substituted	4	ASP>HIS,HIS>GLY,SER>GLY,GLY>HIS
M0387	pdb5tcc	substituted	4	ASP>HIS,HIS>GLY,SER>GLY,GLY>HIS
M0387	pdb5tjx	substituted	4	ASP>HIS,HIS>GLY,SER>GLY,GLY>HIS
M0387	pdb5tks	substituted	4	ASP>HIS,HIS>GLY,SER>GLY,GLY>HIS
M0387	pdb5tkt	substituted	4	ASP>HIS,HIS>GLY,SER>GLY,GLY>HIS
M0387	pdb5tku	substituted	4	ASP>HIS,HIS>GLY,SER>GLY,GLY>HIS
M0387	pdb5tno	substituted	4	ASP>HIS,HIS>GLY,SER>GLY,GLY>HIS
M0387	pdb5tnt	substituted	4	ASP>HIS,HIS>GLY,SER>GLY,GLY>HIS
M0387	pdb5to3	substituted	4	ASP>HIS,HIS>GLY,SER>GLY,GLY>HIS
M0387	pdb5tp0	substituted	5	ASP>HIS,HIS>ARG,GLY>ARG,SER>GLY,GLY>HIS
M0387	pdb5tqe	substituted	5	ASP>LEU,HIS>SER,GLY>SER,SER>GLY,GLY>LEU
M0387	pdb5tqf	substituted	5	ASP>LEU,HIS>SER,GLY>SER,SER>GLY,GLY>LEU
M0387	pdb5tqg	substituted	5	ASP>LEU,HIS>SER,GLY>SER,SER>GLY,GLY>LEU
M0387	pdb5tz9	partial	NA	
M0387	pdb5u6j	substituted	5	ASP>LEU,HIS>SER,GLY>SER,SER>GLY,GLY>LEU
M0387	pdb5ubm	substituted	4	ASP>HIS,HIS>GLY,SER>GLY,GLY>HIS
M0387	pdb5ugd	substituted	4	ASP>HIS,HIS>GLY,SER>GLY,GLY>HIS
M0387	pdb5ugg	substituted	4	ASP>HIS,HIS>GLY,SER>GLY,GLY>HIS
M0387	pdb5wb6	substituted	4	ASP>HIS,HIS>GLY,SER>GLY,GLY>HIS
M0387	pdb5wxf	substituted	4	ASP>HIS,HIS>GLY,SER>GLY,GLY>HIS
M0387	pdb5wxo	substituted	4	ASP>HIS,HIS>GLY,SER>GLY,GLY>HIS
M0387	pdb5wxp	substituted	4	ASP>HIS,HIS>GLY,SER>GLY,GLY>HIS
M0387	pdb5wxq	substituted	4	ASP>HIS,HIS>GLY,SER>GLY,GLY>HIS
M0387	pdb5wxr	substituted	4	ASP>HIS,HIS>GLY,SER>GLY,GLY>HIS
M0387	pdb5wxs	substituted	4	ASP>HIS,HIS>GLY,SER>GLY,GLY>HIS
M0387	pdb5wxt	substituted	4	ASP>HIS,HIS>GLY,SER>GLY,GLY>HIS
M0387	pdb5xg4	substituted	4	ASP>LEU,HIS>GLY,SER>LEU,GLY>LEU
M0387	pdb5xw1	substituted	2	ASP>GLY,HIS>GLY
M0387	pdb5xw8	substituted	2	ASP>GLY,HIS>GLY
M0387	pdb5xw9	substituted	2	ASP>GLY,HIS>GLY
M0387	pdb5xwa	substituted	2	ASP>GLY,HIS>GLY
M0387	pdb5xwj	substituted	4	ASP>HIS,HIS>GLY,SER>GLY,GLY>HIS
M0387	pdb5xwl	substituted	4	ASP>HIS,HIS>GLY,SER>GLY,GLY>HIS
M0387	pdb5y9l	substituted	4	ASP>HIS,HIS>GLY,SER>GLY,GLY>HIS
M0387	pdb5yc6	substituted	4	ASP>HIS,HIS>GLY,SER>GLY,GLY>HIS
M0387	pdb5yc7	substituted	4	ASP>HIS,HIS>GLY,SER>GLY,GLY>HIS
M0387	pdb5yjk	substituted	4	ASP>HIS,HIS>GLY,SER>GLY,GLY>HIS
M0387	pdb5z1c	substituted	4	ASP>HIS,HIS>GLY,SER>GLY,GLY>HIS
M0387	pdb5za7	substituted	4	ASP>HIS,HIS>GLY,SER>GLY,GLY>HIS
M0387	pdb5za8	substituted	4	ASP>HIS,HIS>GLY,SER>GLY,GLY>HIS
M0387	pdb5za9	substituted	4	ASP>HIS,HIS>GLY,SER>GLY,GLY>HIS
M0387	pdb5zae	substituted	4	ASP>HIS,HIS>GLY,SER>GLY,GLY>HIS
M0387	pdb5zaf	substituted	4	ASP>HIS,HIS>GLY,SER>GLY,GLY>HIS
M0387	pdb5zag	substituted	4	ASP>HIS,HIS>GLY,SER>GLY,GLY>HIS
M0387	pdb5zah	substituted	4	ASP>HIS,HIS>GLY,SER>GLY,GLY>HIS
M0387	pdb5zaj	substituted	4	ASP>HIS,HIS>GLY,SER>GLY,GLY>HIS
M0387	pdb5zc5	substituted	4	ASP>HIS,HIS>GLY,SER>GLY,GLY>HIS
M0387	pdb6a8g	substituted	2	ASP>GLY,HIS>GLY
M0387	pdb6a8n	substituted	2	ASP>GLY,HIS>GLY
M0387	pdb6ag2	substituted	4	ASP>HIS,HIS>GLY,SER>GLY,GLY>HIS
M0387	pdb6ag3	substituted	4	ASP>HIS,HIS>GLY,SER>GLY,GLY>HIS
M0387	pdb6ag7	substituted	4	ASP>HIS,HIS>GLY,SER>GLY,GLY>HIS
M0387	pdb6ag9	substituted	4	ASP>HIS,HIS>GLY,SER>GLY,GLY>HIS
M0387	pdb6avl	substituted	4	ASP>HIS,HIS>GLY,SER>GLY,GLY>HIS
M0387	pdb6b6n	substituted	4	ASP>HIS,HIS>GLY,SER>GLY,GLY>HIS
M0387	pdb6b6o	substituted	4	ASP>HIS,HIS>GLY,SER>GLY,GLY>HIS
M0387	pdb6b6p	substituted	4	ASP>HIS,HIS>GLY,SER>GLY,GLY>HIS
M0387	pdb6b6q	substituted	4	ASP>HIS,HIS>GLY,SER>GLY,GLY>HIS
M0387	pdb6b6r	substituted	4	ASP>HIS,HIS>GLY,SER>GLY,GLY>HIS
M0387	pdb6b6s	substituted	4	ASP>HIS,HIS>GLY,SER>GLY,GLY>HIS
M0387	pdb6b6t	substituted	4	ASP>HIS,HIS>GLY,SER>GLY,GLY>HIS
M0387	pdb6bfp	substituted	4	ASP>HIS,HIS>GLY,SER>GLY,GLY>HIS
M0387	pdb6bvh	substituted	4	ASP>HIS,HIS>GLY,SER>GLY,GLY>HIS
M0387	pdb6bx8	substituted	5	ASP>HIS,HIS>ARG,GLY>ARG,SER>GLY,GLY>HIS
M0387	pdb6c0s	substituted	4	ASP>HIS,HIS>GLY,SER>GLY,GLY>HIS
M0387	pdb6cha	substituted	2	ASP>GLY,HIS>GLY
M0387	pdb6cym	substituted	4	ASP>HIS,HIS>GLY,SER>GLY,GLY>HIS
M0387	pdb6d3y	substituted	4	ASP>HIS,HIS>GLY,SER>GLY,GLY>HIS
M0387	pdb6di8	substituted	2	ASP>GLY,HIS>GLY
M0387	pdb6dwf	substituted	4	ASP>HIS,HIS>GLY,SER>GLY,GLY>HIS
M0387	pdb6dwh	substituted	4	ASP>HIS,HIS>GLY,SER>GLY,GLY>HIS
M0387	pdb6dwu	partial	NA	
M0387	pdb6dzf	substituted	4	ASP>HIS,HIS>GLY,SER>GLY,GLY>HIS
M0387	pdb6e5m	substituted	4	ASP>HIS,HIS>GLY,SER>GLY,GLY>HIS
M0387	pdb6e69	partial	NA	
M0387	pdb6eat	substituted	4	ASP>HIS,HIS>GLY,SER>GLY,GLY>HIS
M0387	pdb6eau	substituted	4	ASP>HIS,HIS>GLY,SER>GLY,GLY>HIS
M0387	pdb6eav	substituted	4	ASP>HIS,HIS>GLY,SER>GLY,GLY>HIS
M0387	pdb6eaw	substituted	4	ASP>HIS,HIS>GLY,SER>GLY,GLY>HIS
M0387	pdb6eax	substituted	4	ASP>HIS,HIS>GLY,SER>GLY,GLY>HIS
M0387	pdb6eo6	partial	NA	
M0387	pdb6eo7	partial	NA	
M0387	pdb6eo8	substituted	4	ASP>GLY,HIS>SER,GLY>SER,SER>ARG
M0387	pdb6eo9	substituted	4	ASP>GLY,HIS>SER,GLY>SER,SER>ARG
M0387	pdb6est	substituted	4	ASP>HIS,HIS>GLY,SER>GLY,GLY>HIS
M0387	pdb6evv	substituted	4	ASP>HIS,HIS>GLY,SER>GLY,GLY>HIS
M0387	pdb6f5m	partial	NA	
M0387	pdb6fid	substituted	4	ASP>HIS,HIS>GLY,SER>GLY,GLY>HIS
M0387	pdb6fty	substituted	4	ASP>HIS,HIS>GLY,SER>GLY,GLY>HIS
M0387	pdb6ftz	substituted	4	ASP>HIS,HIS>GLY,SER>GLY,GLY>HIS
M0387	pdb6fug	substituted	4	ASP>HIS,HIS>GLY,SER>GLY,GLY>HIS
M0387	pdb6fuh	substituted	4	ASP>HIS,HIS>GLY,SER>GLY,GLY>HIS
M0387	pdb6fui	substituted	4	ASP>HIS,HIS>GLY,SER>GLY,GLY>HIS
M0387	pdb6fuj	substituted	4	ASP>HIS,HIS>GLY,SER>GLY,GLY>HIS
M0387	pdb6fut	substituted	4	ASP>HIS,HIS>GLY,SER>GLY,GLY>HIS
M0387	pdb6gbw	substituted	4	ASP>HIS,HIS>GLY,SER>GLY,GLY>HIS
M0387	pdb6gch	substituted	2	ASP>GLY,HIS>GLY
M0387	pdb6gfi	substituted	5	ASP>HIS,HIS>ARG,GLY>ARG,SER>GLY,GLY>HIS
M0387	pdb6gn7	substituted	4	ASP>HIS,HIS>GLY,SER>GLY,GLY>HIS
M0387	pdb6gwe	substituted	4	ASP>HIS,HIS>GLY,SER>GLY,GLY>HIS
M0387	pdb6har	substituted	5	ASP>HIS,HIS>ARG,GLY>ARG,SER>GLY,GLY>HIS
M0387	pdb6hhc	substituted	4	ASP>HIS,HIS>GLY,SER>GLY,GLY>HIS
M0387	pdb6hsx	substituted	4	ASP>HIS,HIS>GLY,SER>GLY,GLY>HIS
M0387	pdb6i51	substituted	4	ASP>HIS,HIS>GLY,SER>GLY,GLY>HIS
M0387	pdb6i58	substituted	4	ASP>HIS,HIS>GLY,SER>GLY,GLY>HIS
M0387	pdb6m3b	substituted	4	ASP>HIS,HIS>GLY,SER>GLY,GLY>HIS
M0387	pdb6m3c	substituted	4	ASP>HIS,HIS>GLY,SER>GLY,GLY>HIS
M0387	pdb6mv4	substituted	4	ASP>HIS,HIS>GLY,SER>GLY,GLY>HIS
M0387	pdb6n4t	substituted	4	ASP>HIS,HIS>GLY,SER>GLY,GLY>HIS
M0387	pdb6o1s	substituted	4	ASP>HIS,HIS>GLY,SER>GLY,GLY>HIS
M0387	pdb6o21	substituted	4	ASP>HIS,HIS>GLY,SER>GLY,GLY>HIS
M0387	pdb6px5	substituted	4	ASP>HIS,HIS>GLY,SER>GLY,GLY>HIS
M0387	pdb6q8s	substituted	4	ASP>HIS,HIS>GLY,SER>GLY,GLY>HIS
M0387	pdb6qbu	substituted	4	ASP>HIS,HIS>GLY,SER>GLY,GLY>HIS
M0387	pdb6qen	substituted	4	ASP>HIS,HIS>GLY,SER>GLY,GLY>HIS
M0387	pdb6qeo	substituted	4	ASP>HIS,HIS>GLY,SER>GLY,GLY>HIS
M0387	pdb6qfe	substituted	2	ASP>GLY,HIS>GLY
M0387	pdb6qh9	substituted	4	ASP>HIS,HIS>GLY,SER>GLY,GLY>HIS
M0387	pdb6qha	substituted	4	ASP>HIS,HIS>GLY,SER>GLY,GLY>HIS
M0387	pdb6qhb	substituted	4	ASP>HIS,HIS>GLY,SER>GLY,GLY>HIS
M0387	pdb6qhc	substituted	4	ASP>HIS,HIS>GLY,SER>GLY,GLY>HIS
M0387	pdb6qih	substituted	4	ASP>HIS,HIS>GLY,SER>GLY,GLY>HIS
M0387	pdb6ql0	substituted	4	ASP>HIS,HIS>GLY,SER>GLY,GLY>HIS
M0387	pdb6r8x	substituted	4	ASP>HIS,HIS>GLY,SER>GLY,GLY>HIS
M0387	pdb6rot	substituted	4	ASP>HIS,HIS>GLY,SER>GLY,GLY>HIS
M0387	pdb6shh	substituted	4	ASP>HIS,HIS>GLY,SER>GLY,GLY>HIS
M0387	pdb6shi	substituted	4	ASP>HIS,HIS>GLY,SER>GLY,GLY>HIS
M0387	pdb6sju	substituted	4	ASP>HIS,HIS>GLY,SER>GLY,GLY>HIS
M0387	pdb6sma	partial	NA	
M0387	pdb6sux	substituted	4	ASP>HIS,HIS>GLY,SER>GLY,GLY>HIS
M0387	pdb6sv0	substituted	4	ASP>HIS,HIS>GLY,SER>GLY,GLY>HIS
M0387	pdb6sv6	substituted	4	ASP>HIS,HIS>GLY,SER>GLY,GLY>HIS
M0387	pdb6sv8	substituted	4	ASP>HIS,HIS>GLY,SER>GLY,GLY>HIS
M0387	pdb6sv9	substituted	4	ASP>HIS,HIS>GLY,SER>GLY,GLY>HIS
M0387	pdb6svb	substituted	4	ASP>HIS,HIS>GLY,SER>GLY,GLY>HIS
M0387	pdb6svd	substituted	4	ASP>HIS,HIS>GLY,SER>GLY,GLY>HIS
M0387	pdb6svg	substituted	4	ASP>HIS,HIS>GLY,SER>GLY,GLY>HIS
M0387	pdb6svi	substituted	4	ASP>HIS,HIS>GLY,SER>GLY,GLY>HIS
M0387	pdb6svj	substituted	4	ASP>HIS,HIS>GLY,SER>GLY,GLY>HIS
M0387	pdb6svn	substituted	4	ASP>HIS,HIS>GLY,SER>GLY,GLY>HIS
M0387	pdb6svr	substituted	4	ASP>HIS,HIS>GLY,SER>GLY,GLY>HIS
M0387	pdb6svu	substituted	4	ASP>HIS,HIS>GLY,SER>GLY,GLY>HIS
M0387	pdb6svv	substituted	4	ASP>HIS,HIS>GLY,SER>GLY,GLY>HIS
M0387	pdb6svw	substituted	4	ASP>HIS,HIS>GLY,SER>GLY,GLY>HIS
M0387	pdb6svx	substituted	4	ASP>HIS,HIS>GLY,SER>GLY,GLY>HIS
M0387	pdb6svz	substituted	4	ASP>HIS,HIS>GLY,SER>GLY,GLY>HIS
M0387	pdb6sw0	substituted	4	ASP>HIS,HIS>GLY,SER>GLY,GLY>HIS
M0387	pdb6swv	partial	NA	
M0387	pdb6sy3	substituted	4	ASP>HIS,HIS>GLY,SER>GLY,GLY>HIS
M0387	pdb6t0m	substituted	4	ASP>HIS,HIS>GLY,SER>GLY,GLY>HIS
M0387	pdb6t0p	substituted	4	ASP>HIS,HIS>GLY,SER>GLY,GLY>HIS
M0387	pdb6t3m	substituted	4	ASP>HIS,HIS>GLY,SER>GLY,GLY>HIS
M0387	pdb6t3q	substituted	4	ASP>HIS,HIS>GLY,SER>GLY,GLY>HIS
M0387	pdb6t4a	substituted	4	ASP>HIS,HIS>GLY,SER>GLY,GLY>HIS
M0387	pdb6t52	substituted	4	ASP>HIS,HIS>GLY,SER>GLY,GLY>HIS
M0387	pdb6t53	substituted	4	ASP>HIS,HIS>GLY,SER>GLY,GLY>HIS
M0387	pdb6t54	substituted	4	ASP>HIS,HIS>GLY,SER>GLY,GLY>HIS
M0387	pdb6t55	substituted	4	ASP>HIS,HIS>GLY,SER>GLY,GLY>HIS
M0387	pdb6t56	substituted	4	ASP>HIS,HIS>GLY,SER>GLY,GLY>HIS
M0387	pdb6t57	substituted	4	ASP>HIS,HIS>GLY,SER>GLY,GLY>HIS
M0387	pdb6t5w	substituted	4	ASP>HIS,HIS>GLY,SER>GLY,GLY>HIS
M0387	pdb6t7h	substituted	4	ASP>HIS,HIS>GLY,SER>GLY,GLY>HIS
M0387	pdb6t89	substituted	4	ASP>HIS,HIS>GLY,SER>GLY,GLY>HIS
M0387	pdb6t8a	substituted	4	ASP>HIS,HIS>GLY,SER>GLY,GLY>HIS
M0387	pdb6t9t	substituted	4	ASP>HIS,HIS>GLY,SER>GLY,GLY>HIS
M0387	pdb6t9u	substituted	4	ASP>HIS,HIS>GLY,SER>GLY,GLY>HIS
M0387	pdb6t9v	substituted	4	ASP>HIS,HIS>GLY,SER>GLY,GLY>HIS
M0387	pdb6tdt	substituted	4	ASP>HIS,HIS>GLY,SER>GLY,GLY>HIS
M0387	pdb6th7	substituted	4	ASP>HIS,HIS>GLY,SER>GLY,GLY>HIS
M0387	pdb6tkg	substituted	4	ASP>HIS,HIS>GLY,SER>GLY,GLY>HIS
M0387	pdb6tkh	substituted	4	ASP>HIS,HIS>GLY,SER>GLY,GLY>HIS
M0387	pdb6tki	substituted	4	ASP>HIS,HIS>GLY,SER>GLY,GLY>HIS
M0387	pdb6tkj	substituted	4	ASP>HIS,HIS>GLY,SER>GLY,GLY>HIS
M0387	pdb6tkl	substituted	4	ASP>HIS,HIS>GLY,SER>GLY,GLY>HIS
M0387	pdb6ts5	substituted	4	ASP>HIS,HIS>GLY,SER>GLY,GLY>HIS
M0387	pdb6ts6	substituted	4	ASP>HIS,HIS>GLY,SER>GLY,GLY>HIS
M0387	pdb6ts7	substituted	4	ASP>HIS,HIS>GLY,SER>GLY,GLY>HIS
M0387	pdb6twc	substituted	4	ASP>HIS,HIS>GLY,SER>GLY,GLY>HIS
M0387	pdb6u22	substituted	4	ASP>HIS,HIS>GLY,SER>GLY,GLY>HIS
M0387	pdb6usy	substituted	4	ASP>HIS,HIS>GLY,SER>GLY,GLY>HIS
M0387	pdb6v64	substituted	4	ASP>HIS,HIS>GLY,SER>GLY,GLY>HIS
M0387	pdb6vlu	substituted	4	ASP>HIS,HIS>GLY,SER>GLY,GLY>HIS
M0387	pdb6vlv	substituted	4	ASP>HIS,HIS>GLY,SER>GLY,GLY>HIS
M0387	pdb6vmj	substituted	4	ASP>HIS,HIS>GLY,SER>GLY,GLY>HIS
M0387	pdb6vmk	substituted	4	ASP>HIS,HIS>GLY,SER>GLY,GLY>HIS
M0387	pdb6vtm	partial	NA	
M0387	pdb6vxy	substituted	4	ASP>HIS,HIS>GLY,SER>GLY,GLY>HIS
M0387	pdb6w50	substituted	4	ASP>HIS,HIS>GLY,SER>GLY,GLY>HIS
M0387	pdb6x5j	substituted	4	ASP>HIS,HIS>GLY,SER>GLY,GLY>HIS
M0387	pdb6x5p	substituted	4	ASP>HIS,HIS>GLY,SER>GLY,GLY>HIS
M0387	pdb6xvd	substituted	4	ASP>HIS,HIS>GLY,SER>GLY,GLY>HIS
M0387	pdb6xyg	substituted	4	ASP>HIS,HIS>GLY,SER>GLY,GLY>HIS
M0387	pdb6xyk	substituted	4	ASP>HIS,HIS>GLY,SER>GLY,GLY>HIS
M0387	pdb6y02	substituted	4	ASP>HIS,HIS>GLY,SER>GLY,GLY>HIS
M0387	pdb6y4s	substituted	4	ASP>HIS,HIS>GLY,SER>GLY,GLY>HIS
M0387	pdb6y9h	substituted	4	ASP>HIS,HIS>GLY,SER>GLY,GLY>HIS
M0387	pdb6yb6	substituted	4	ASP>HIS,HIS>GLY,SER>GLY,GLY>HIS
M0387	pdb6ydy	substituted	4	ASP>HIS,HIS>GLY,SER>GLY,GLY>HIS
M0387	pdb6yhg	substituted	4	ASP>HIS,HIS>GLY,SER>GLY,GLY>HIS
M0387	pdb6yhj	substituted	4	ASP>HIS,HIS>GLY,SER>GLY,GLY>HIS
M0387	pdb6yis	substituted	4	ASP>HIS,HIS>GLY,SER>GLY,GLY>HIS
M0387	pdb6yit	substituted	4	ASP>HIS,HIS>GLY,SER>GLY,GLY>HIS
M0387	pdb6yiu	substituted	4	ASP>HIS,HIS>GLY,SER>GLY,GLY>HIS
M0387	pdb6yiv	substituted	4	ASP>HIS,HIS>GLY,SER>GLY,GLY>HIS
M0387	pdb6yiw	substituted	4	ASP>HIS,HIS>GLY,SER>GLY,GLY>HIS
M0387	pdb6yix	substituted	4	ASP>HIS,HIS>GLY,SER>GLY,GLY>HIS
M0387	pdb6yiy	substituted	4	ASP>HIS,HIS>GLY,SER>GLY,GLY>HIS
M0387	pdb6ymp	substituted	4	ASP>HIS,HIS>GLY,SER>GLY,GLY>HIS
M0387	pdb6yn3	substituted	4	ASP>HIS,HIS>GLY,SER>GLY,GLY>HIS
M0387	pdb6yqv	substituted	4	ASP>HIS,HIS>GLY,SER>GLY,GLY>HIS
M0387	pdb6ysj	substituted	4	ASP>HIS,HIS>GLY,SER>GLY,GLY>HIS
M0387	pdb6ysx	substituted	4	ASP>HIS,HIS>GLY,SER>GLY,GLY>HIS
M0387	pdb6yza	substituted	4	ASP>HIS,HIS>GLY,SER>GLY,GLY>HIS
M0387	pdb6yzc	substituted	4	ASP>HIS,HIS>GLY,SER>GLY,GLY>HIS
M0387	pdb6z8v	substituted	4	ASP>HIS,HIS>GLY,SER>GLY,GLY>HIS
M0387	pdb6z8w	substituted	4	ASP>HIS,HIS>GLY,SER>GLY,GLY>HIS
M0387	pdb6z8x	substituted	4	ASP>HIS,HIS>GLY,SER>GLY,GLY>HIS
M0387	pdb6zfj	substituted	4	ASP>HIS,HIS>GLY,SER>GLY,GLY>HIS
M0387	pdb6zfk	substituted	4	ASP>HIS,HIS>GLY,SER>GLY,GLY>HIS
M0387	pdb6zgo	substituted	4	ASP>HIS,HIS>GLY,SER>GLY,GLY>HIS
M0387	pdb6zov	substituted	4	ASP>HIS,HIS>GLY,SER>GLY,GLY>HIS
M0387	pdb6zug	substituted	4	ASP>HIS,HIS>GLY,SER>GLY,GLY>HIS
M0387	pdb6zuh	substituted	4	ASP>HIS,HIS>GLY,SER>GLY,GLY>HIS
M0387	pdb6zun	substituted	4	ASP>HIS,HIS>GLY,SER>GLY,GLY>HIS
M0387	pdb6zuu	substituted	4	ASP>HIS,HIS>GLY,SER>GLY,GLY>HIS
M0387	pdb6zuw	substituted	4	ASP>HIS,HIS>GLY,SER>GLY,GLY>HIS
M0387	pdb6zux	substituted	4	ASP>HIS,HIS>GLY,SER>GLY,GLY>HIS
M0387	pdb6zv7	substituted	4	ASP>HIS,HIS>GLY,SER>GLY,GLY>HIS
M0387	pdb6zv8	substituted	4	ASP>HIS,HIS>GLY,SER>GLY,GLY>HIS
M0387	pdb7a0d	partial	NA	
M0387	pdb7a0e	partial	NA	
M0387	pdb7a0f	partial	NA	
M0387	pdb7ahu	substituted	4	ASP>HIS,HIS>GLY,SER>GLY,GLY>HIS
M0387	pdb7ahv	substituted	4	ASP>HIS,HIS>GLY,SER>GLY,GLY>HIS
M0387	pdb7ays	substituted	4	ASP>HIS,HIS>GLY,SER>GLY,GLY>HIS
M0387	pdb7brv	substituted	4	ASP>HIS,HIS>GLY,SER>GLY,GLY>HIS
M0387	pdb7brw	substituted	4	ASP>HIS,HIS>GLY,SER>GLY,GLY>HIS
M0387	pdb7brx	substituted	4	ASP>HIS,HIS>GLY,SER>GLY,GLY>HIS
M0387	pdb7bry	substituted	4	ASP>HIS,HIS>GLY,SER>GLY,GLY>HIS
M0387	pdb7brz	substituted	4	ASP>HIS,HIS>GLY,SER>GLY,GLY>HIS
M0387	pdb7bs0	substituted	4	ASP>HIS,HIS>GLY,SER>GLY,GLY>HIS
M0387	pdb7bs1	substituted	4	ASP>HIS,HIS>GLY,SER>GLY,GLY>HIS
M0387	pdb7bs2	substituted	4	ASP>HIS,HIS>GLY,SER>GLY,GLY>HIS
M0387	pdb7bs3	substituted	4	ASP>HIS,HIS>GLY,SER>GLY,GLY>HIS
M0387	pdb7bs4	substituted	4	ASP>HIS,HIS>GLY,SER>GLY,GLY>HIS
M0387	pdb7bs5	substituted	4	ASP>HIS,HIS>GLY,SER>GLY,GLY>HIS
M0387	pdb7bs6	substituted	4	ASP>HIS,HIS>GLY,SER>GLY,GLY>HIS
M0387	pdb7bs7	substituted	4	ASP>HIS,HIS>GLY,SER>GLY,GLY>HIS
M0387	pdb7bs8	substituted	4	ASP>HIS,HIS>GLY,SER>GLY,GLY>HIS
M0387	pdb7bs9	substituted	4	ASP>HIS,HIS>GLY,SER>GLY,GLY>HIS
M0387	pdb7bsa	substituted	4	ASP>HIS,HIS>GLY,SER>GLY,GLY>HIS
M0387	pdb7est	substituted	4	ASP>THR,HIS>ASP,GLY>ASP,GLY>THR
M0387	pdb7gch	substituted	2	ASP>GLY,HIS>GLY
M0387	pdb7kme	substituted	4	ASP>GLY,HIS>SER,GLY>SER,SER>ARG
M0387	pdb7kty	substituted	4	ASP>HIS,HIS>GLY,SER>GLY,GLY>HIS
M0387	pdb7ktz	substituted	4	ASP>HIS,HIS>GLY,SER>GLY,GLY>HIS
M0387	pdb7ku0	substituted	4	ASP>HIS,HIS>GLY,SER>GLY,GLY>HIS
M0387	pdb7ku1	substituted	4	ASP>HIS,HIS>GLY,SER>GLY,GLY>HIS
M0387	pdb7ku2	substituted	4	ASP>HIS,HIS>GLY,SER>GLY,GLY>HIS
M0387	pdb7ku3	substituted	4	ASP>HIS,HIS>GLY,SER>GLY,GLY>HIS
M0387	pdb7ntu	substituted	4	ASP>HIS,HIS>GLY,SER>GLY,GLY>HIS
M0387	pdb8est	substituted	4	ASP>THR,HIS>ASP,GLY>ASP,GLY>THR
M0387	pdb8gch	substituted	2	ASP>GLY,HIS>GLY
M0387	pdb8kme	substituted	4	ASP>GLY,HIS>SER,GLY>SER,SER>ARG
M0387	pdb9est	substituted	4	ASP>HIS,HIS>GLY,SER>GLY,GLY>HIS
M0520	pdb1acj	substituted	1	ALA>GLY
M0520	pdb1acl	substituted	1	ALA>GLY
M0520	pdb1akn	substituted	1	GLU>ASP
M0520	pdb1amn	substituted	1	ALA>GLY
M0520	pdb1aql	substituted	1	GLU>ASP
M0520	pdb1ax9	substituted	1	ALA>GLY
M0520	pdb1b41	substituted	1	ALA>GLY
M0520	pdb1c2b	substituted	1	ALA>GLY
M0520	pdb1c2o	substituted	1	ALA>GLY
M0520	pdb1c7i	exact	0	
M0520	pdb1c7j	exact	0	
M0520	pdb1cfj	substituted	1	ALA>GLY
M0520	pdb1cle	substituted	1	ALA>GLY
M0520	pdb1crl	substituted	1	ALA>GLY
M0520	pdb1dx4	partial	NA	
M0520	pdb1dx6	substituted	1	ALA>GLY
M0520	pdb1e3q	substituted	1	ALA>GLY
M0520	pdb1e66	substituted	1	ALA>GLY
M0520	pdb1ea5	substituted	1	ALA>GLY
M0520	pdb1eea	substituted	1	ALA>GLY
M0520	pdb1eve	substituted	1	ALA>GLY
M0520	pdb1f6w	substituted	1	GLU>ASP
M0520	pdb1f8u	substituted	1	ALA>GLY
M0520	pdb1fss	substituted	1	ALA>GLY
M0520	pdb1gpk	substituted	1	ALA>GLY
M0520	pdb1gpn	substituted	1	ALA>GLY
M0520	pdb1gqr	substituted	1	ALA>GLY
M0520	pdb1gqs	substituted	1	ALA>GLY
M0520	pdb1gz7	substituted	1	ALA>GLY
M0520	pdb1h22	substituted	1	ALA>GLY
M0520	pdb1h23	substituted	1	ALA>GLY
M0520	pdb1hbj	substituted	1	ALA>GLY
M0520	pdb1j06	substituted	1	ALA>GLY
M0520	pdb1j07	substituted	1	ALA>GLY
M0520	pdb1jjb	substituted	1	ALA>GLY
M0520	pdb1jmy	substituted	1	GLU>ASP
M0520	pdb1k4y	substituted	1	ALA>GLY
M0520	pdb1ku6	substituted	1	ALA>GLY
M0520	pdb1llf	substituted	1	ALA>GLY
M0520	pdb1lpm	substituted	1	ALA>GLY
M0520	pdb1lpn	substituted	1	ALA>GLY
M0520	pdb1lpo	substituted	1	ALA>GLY
M0520	pdb1lpp	substituted	1	ALA>GLY
M0520	pdb1lps	substituted	1	ALA>GLY
M0520	pdb1maa	substituted	1	ALA>GLY
M0520	pdb1mah	substituted	1	ALA>GLY
M0520	pdb1mx1	substituted	1	ALA>GLY
M0520	pdb1mx5	substituted	1	ALA>GLY
M0520	pdb1mx9	substituted	1	ALA>GLY
M0520	pdb1n5m	substituted	1	ALA>GLY
M0520	pdb1n5r	substituted	1	ALA>GLY
M0520	pdb1oce	substituted	1	ALA>GLY
M0520	pdb1odc	substituted	1	ALA>GLY
M0520	pdb1p0i	substituted	1	ALA>GLY
M0520	pdb1p0m	substituted	1	ALA>GLY
M0520	pdb1p0p	substituted	1	ALA>GLY
M0520	pdb1p0q	substituted	1	ALA>GLY
M0520	pdb1q83	substituted	1	ALA>GLY
M0520	pdb1q84	substituted	1	ALA>GLY
M0520	pdb1qe3	exact	0	
M0520	pdb1qid	substituted	1	ALA>GLY
M0520	pdb1qie	substituted	1	ALA>GLY
M0520	pdb1qif	substituted	1	ALA>GLY
M0520	pdb1qig	substituted	1	ALA>GLY
M0520	pdb1qih	substituted	1	ALA>GLY
M0520	pdb1qii	substituted	1	ALA>GLY
M0520	pdb1qij	substituted	1	ALA>GLY
M0520	pdb1qik	substituted	1	ALA>GLY
M0520	pdb1qim	substituted	1	ALA>GLY
M0520	pdb1qo9	partial	NA	
M0520	pdb1qon	partial	NA	
M0520	pdb1qti	substituted	1	ALA>GLY
M0520	pdb1som	substituted	1	ALA>GLY
M0520	pdb1thg	exact	0	
M0520	pdb1trh	substituted	1	ALA>GLY
M0520	pdb1u65	substituted	1	ALA>GLY
M0520	pdb1ukc	substituted	1	ALA>GLY
M0520	pdb1ut6	substituted	1	ALA>GLY
M0520	pdb1vot	substituted	1	ALA>GLY
M0520	pdb1vxo	substituted	1	ALA>GLY
M0520	pdb1vxr	substituted	1	ALA>GLY
M0520	pdb1w4l	substituted	1	ALA>GLY
M0520	pdb1w6r	substituted	1	ALA>GLY
M0520	pdb1w75	substituted	1	ALA>GLY
M0520	pdb1w76	substituted	1	ALA>GLY
M0520	pdb1xlu	substituted	1	ALA>GLY
M0520	pdb1xlv	substituted	1	ALA>GLY
M0520	pdb1xlw	substituted	1	ALA>GLY
M0520	pdb1ya4	substituted	1	ALA>GLY
M0520	pdb1ya8	substituted	1	ALA>GLY
M0520	pdb1yah	substituted	1	ALA>GLY
M0520	pdb1yaj	substituted	1	ALA>GLY
M0520	pdb1zgb	substituted	1	ALA>GLY
M0520	pdb1zgc	substituted	1	ALA>GLY
M0520	pdb2ace	substituted	1	ALA>GLY
M0520	pdb2ack	substituted	1	ALA>GLY
M0520	pdb2bag	substituted	1	ALA>GLY
M0520	pdb2bce	substituted	1	GLU>ASP
M0520	pdb2c0p	substituted	1	ALA>GLY
M0520	pdb2c0q	substituted	1	ALA>GLY
M0520	pdb2c4h	substituted	1	ALA>GLY
M0520	pdb2c58	substituted	2	ALA>GLY,SER>OAS
M0520	pdb2c5f	substituted	1	ALA>GLY
M0520	pdb2c5g	substituted	1	ALA>GLY
M0520	pdb2cek	substituted	1	ALA>GLY
M0520	pdb2ckm	substituted	1	ALA>GLY
M0520	pdb2cmf	substituted	1	ALA>GLY
M0520	pdb2dfp	substituted	2	ALA>GLY,SER>MIS
M0520	pdb2dqy	substituted	1	ALA>GLY
M0520	pdb2dqz	substituted	1	ALA>GLY
M0520	pdb2dr0	substituted	1	ALA>GLY
M0520	pdb2fj0	substituted	1	ALA>GLY
M0520	pdb2gyu	substituted	1	ALA>GLY
M0520	pdb2gyv	substituted	1	ALA>GLY
M0520	pdb2gyw	substituted	1	ALA>GLY
M0520	pdb2h7c	substituted	1	ALA>GLY
M0520	pdb2h9y	substituted	1	ALA>GLY
M0520	pdb2ha0	substituted	1	ALA>GLY
M0520	pdb2ha2	substituted	1	ALA>GLY
M0520	pdb2ha3	substituted	1	ALA>GLY
M0520	pdb2ha4	substituted	2	ALA>GLY,SER>ALA
M0520	pdb2ha5	substituted	2	ALA>GLY,SER>ALA
M0520	pdb2ha6	substituted	2	ALA>GLY,SER>ALA
M0520	pdb2ha7	substituted	2	ALA>GLY,SER>ALA
M0520	pdb2hrq	substituted	1	ALA>GLY
M0520	pdb2hrr	substituted	1	ALA>GLY
M0520	pdb2j3d	substituted	1	ALA>GLY
M0520	pdb2j3q	substituted	1	ALA>GLY
M0520	pdb2j4c	substituted	1	ALA>GLY
M0520	pdb2j4f	substituted	1	ALA>GLY
M0520	pdb2jey	substituted	1	ALA>GLY
M0520	pdb2jez	substituted	2	ALA>GLY,SER>SUN
M0520	pdb2jf0	substituted	2	ALA>GLY,SER>SUN
M0520	pdb2jge	substituted	2	ALA>GLY,SER>SGR
M0520	pdb2jgf	substituted	2	ALA>GLY,SER>SXE
M0520	pdb2jgi	substituted	2	ALA>GLY,SER>SVY
M0520	pdb2jgj	substituted	2	ALA>GLY,SER>SVV
M0520	pdb2jgk	substituted	2	ALA>GLY,SER>SVZ
M0520	pdb2jgl	substituted	2	ALA>GLY,SER>SBG
M0520	pdb2jgm	substituted	2	ALA>GLY,SER>MIS
M0520	pdb2ogs	exact	0	
M0520	pdb2ogt	exact	0	
M0520	pdb2pm8	substituted	1	ALA>GLY
M0520	pdb2v96	substituted	1	ALA>GLY
M0520	pdb2v97	substituted	1	ALA>GLY
M0520	pdb2v98	substituted	1	ALA>GLY
M0520	pdb2va9	substituted	1	ALA>GLY
M0520	pdb2vja	substituted	1	ALA>GLY
M0520	pdb2vjb	substituted	1	ALA>GLY
M0520	pdb2vjc	substituted	1	ALA>GLY
M0520	pdb2vjd	substituted	1	ALA>GLY
M0520	pdb2vq6	substituted	1	ALA>GLY
M0520	pdb2vt6	substituted	1	ALA>GLY
M0520	pdb2vt7	substituted	1	ALA>GLY
M0520	pdb2w6c	substituted	2	ALA>GLY,GLU>SER
M0520	pdb2wfz	substituted	1	ALA>GLY
M0520	pdb2wg0	substituted	1	ALA>GLY
M0520	pdb2wg1	substituted	1	ALA>GLY
M0520	pdb2wg2	substituted	1	ALA>GLY
M0520	pdb2whp	substituted	2	ALA>GLY,SER>SGB
M0520	pdb2whq	substituted	2	ALA>GLY,SER>SBG
M0520	pdb2whr	substituted	1	ALA>GLY
M0520	pdb2wid	substituted	1	ALA>GLY
M0520	pdb2wif	substituted	1	ALA>GLY
M0520	pdb2wig	substituted	1	ALA>GLY
M0520	pdb2wij	substituted	1	ALA>GLY
M0520	pdb2wik	substituted	1	ALA>GLY
M0520	pdb2wil	substituted	1	ALA>GLY
M0520	pdb2wls	substituted	1	ALA>GLY
M0520	pdb2wqz	substituted	2	ALA>SER,SER>GLY
M0520	pdb2wsl	substituted	1	ALA>GLY
M0520	pdb2wu3	substituted	2	ALA>GLY,SER>SXE
M0520	pdb2wu4	substituted	2	ALA>GLY,SER>SXE
M0520	pdb2x8b	substituted	2	ALA>GLY,SER>SEN
M0520	pdb2xb6	substituted	2	ALA>SER,SER>GLY
M0520	pdb2xi4	substituted	1	ALA>GLY
M0520	pdb2xmb	substituted	1	ALA>HIS
M0520	pdb2xmc	substituted	1	ALA>HIS
M0520	pdb2xmd	substituted	1	ALA>HIS
M0520	pdb2xmg	substituted	1	ALA>HIS
M0520	pdb2xqf	substituted	1	ALA>GLY
M0520	pdb2xqg	substituted	1	ALA>GLY
M0520	pdb2xqi	substituted	1	ALA>GLY
M0520	pdb2xqj	substituted	1	ALA>GLY
M0520	pdb2xqk	substituted	1	ALA>GLY
M0520	pdb2xud	substituted	1	ALA>GLY
M0520	pdb2xuf	substituted	1	ALA>GLY
M0520	pdb2xug	substituted	1	ALA>GLY
M0520	pdb2xuh	substituted	1	ALA>GLY
M0520	pdb2xui	substituted	1	ALA>GLY
M0520	pdb2xuj	substituted	1	ALA>GLY
M0520	pdb2xuk	substituted	1	ALA>GLY
M0520	pdb2xuo	substituted	1	ALA>GLY
M0520	pdb2xup	substituted	1	ALA>GLY
M0520	pdb2xuq	substituted	1	ALA>GLY
M0520	pdb2y1k	substituted	2	ALA>GLY,SER>SEP
M0520	pdb2y2u	substituted	2	ALA>GLY,SER>SVX
M0520	pdb2y2v	substituted	2	ALA>GLY,SER>SGB
M0520	pdb3b3q	substituted	2	ALA>SER,SER>GLY
M0520	pdb3be8	substituted	2	ALA>SER,SER>GLY
M0520	pdb3biw	substituted	2	ALA>SER,SER>GLY
M0520	pdb3bix	substituted	2	ALA>SER,SER>GLY
M0520	pdb3bl8	substituted	2	ALA>SER,SER>GLY
M0520	pdb3djy	substituted	2	ALA>GLY,SER>SUN
M0520	pdb3dkk	substituted	2	ALA>GLY,SER>SEN
M0520	pdb3dl4	substituted	2	ALA>GLY,SER>SUN
M0520	pdb3dl7	substituted	2	ALA>GLY,SER>SEN
M0520	pdb3gel	substituted	2	ALA>GLY,SER>OMH
M0520	pdb3i6m	substituted	1	ALA>GLY
M0520	pdb3i6z	substituted	1	ALA>GLY
M0520	pdb3k9b	substituted	1	ALA>GLY
M0520	pdb3lii	substituted	1	ALA>GLY
M0520	pdb3m3d	substituted	1	ALA>GLY
M0520	pdb3o9m	substituted	1	ALA>GLY
M0520	pdb3rar	substituted	1	ALA>GLY
M0520	pdb3vkf	substituted	2	ALA>SER,SER>GLY
M0520	pdb3zlt	substituted	2	ALA>GLY,SER>RVX
M0520	pdb3zlu	substituted	2	ALA>GLY,SER>GFT
M0520	pdb3zlv	substituted	2	ALA>GLY,SER>SUN
M0520	pdb3zv7	substituted	1	ALA>GLY
M0520	pdb4a16	substituted	1	ALA>GLY
M0520	pdb4a23	substituted	1	ALA>GLY
M0520	pdb4ab1	substituted	1	ALA>GLY
M0520	pdb4aqd	substituted	1	ALA>GLY
M0520	pdb4ara	substituted	1	ALA>GLY
M0520	pdb4arb	substituted	1	ALA>GLY
M0520	pdb4axb	substituted	2	ALA>GLY,SER>SBG
M0520	pdb4b0o	substituted	2	ALA>GLY,SER>SBG
M0520	pdb4b0p	substituted	2	ALA>GLY,SER>SBG
M0520	pdb4b7z	substituted	1	ALA>GLY
M0520	pdb4b80	substituted	1	ALA>GLY
M0520	pdb4b81	substituted	1	ALA>GLY
M0520	pdb4b82	substituted	1	ALA>GLY
M0520	pdb4b83	substituted	1	ALA>GLY
M0520	pdb4b84	substituted	1	ALA>GLY
M0520	pdb4b85	substituted	1	ALA>GLY
M0520	pdb4bbz	substituted	1	ALA>GLY
M0520	pdb4bc0	substituted	1	ALA>GLY
M0520	pdb4bc1	substituted	1	ALA>GLY
M0520	pdb4bds	substituted	1	ALA>GLY
M0520	pdb4bdt	substituted	1	ALA>GLY
M0520	pdb4be4	substituted	1	ALA>GLY
M0520	pdb4be9	substituted	1	ALA>GLY
M0520	pdb4btl	substituted	1	ALA>GLY
M0520	pdb4ey4	substituted	1	ALA>GLY
M0520	pdb4ey5	substituted	1	ALA>GLY
M0520	pdb4ey6	substituted	1	ALA>GLY
M0520	pdb4ey7	substituted	1	ALA>GLY
M0520	pdb4ey8	substituted	1	ALA>GLY
M0520	pdb4fng	substituted	1	ALA>GLY
M0520	pdb4fnm	substituted	1	ALA>GLY
M0520	pdb4m0e	substituted	1	ALA>GLY
M0520	pdb4m0f	substituted	1	ALA>GLY
M0520	pdb4pqe	substituted	1	ALA>GLY
M0520	pdb4qwm	substituted	1	ALA>GLY
M0520	pdb4qww	substituted	1	ALA>GLY
M0520	pdb4tpk	substituted	1	ALA>GLY
M0520	pdb4tvk	substituted	1	ALA>GLY
M0520	pdb4ubi	substituted	1	ALA>GLY
M0520	pdb4ubj	substituted	1	ALA>GLY
M0520	pdb4ubk	substituted	1	ALA>GLY
M0520	pdb4ubl	substituted	1	ALA>GLY
M0520	pdb4ubm	substituted	1	ALA>GLY
M0520	pdb4ubn	substituted	1	ALA>GLY
M0520	pdb4ubo	substituted	1	ALA>GLY
M0520	pdb4upd	substituted	1	ALA>GLY
M0520	pdb4w1p	substituted	1	ALA>GLY
M0520	pdb4w1q	substituted	1	ALA>GLY
M0520	pdb4w1r	substituted	1	ALA>GLY
M0520	pdb4w1s	substituted	1	ALA>GLY
M0520	pdb4w63	substituted	1	ALA>GLY
M0520	pdb4x3c	substituted	1	ALA>GLY
M0520	pdb4xii	substituted	1	ALA>GLY
M0520	pdb4zrs	partial	NA	
M0520	pdb5a2g	substituted	1	ALA>GLY
M0520	pdb5a7f	substituted	1	ALA>GLY
M0520	pdb5a7g	substituted	2	ALA>GLY,SER>ALA
M0520	pdb5a7h	substituted	1	ALA>GLY
M0520	pdb5bwb	substituted	1	ALA>GLY
M0520	pdb5bwc	substituted	1	ALA>GLY
M0520	pdb5c8v	substituted	1	ALA>ASP
M0520	pdb5ch3	substituted	1	ALA>GLY
M0520	pdb5ch5	substituted	1	ALA>GLY
M0520	pdb5dlp	substituted	1	ALA>GLY
M0520	pdb5dti	substituted	1	ALA>GLY
M0520	pdb5dtj	substituted	2	ALA>GLY,SER>MIS
M0520	pdb5dyt	substituted	1	ALA>GLY
M0520	pdb5dyw	substituted	1	ALA>GLY
M0520	pdb5dyy	substituted	1	ALA>GLY
M0520	pdb5e2i	substituted	1	ALA>GLY
M0520	pdb5e4j	substituted	1	ALA>GLY
M0520	pdb5e4t	substituted	1	ALA>GLY
M0520	pdb5ehn	substituted	1	ALA>GLY
M0520	pdb5ehq	substituted	1	ALA>GLY
M0520	pdb5ehx	substituted	1	ALA>GLY
M0520	pdb5ehz	substituted	1	ALA>GLY
M0520	pdb5ei5	substituted	1	ALA>GLY
M0520	pdb5eia	substituted	1	ALA>GLY
M0520	pdb5eie	substituted	1	ALA>GLY
M0520	pdb5eih	substituted	1	ALA>GLY
M0520	pdb5fkj	substituted	1	ALA>GLY
M0520	pdb5foq	substituted	1	ALA>GLY
M0520	pdb5fpp	substituted	2	ALA>GLY,SER>SGB
M0520	pdb5fpq	substituted	2	ALA>GLY,SER>SGB
M0520	pdb5fum	substituted	1	ALA>GLY
M0520	pdb5fv4	substituted	1	ALA>GLY
M0520	pdb5hcu	substituted	2	ALA>GLY,SER>MIS
M0520	pdb5hf5	substituted	1	ALA>GLY
M0520	pdb5hf6	substituted	1	ALA>GLY
M0520	pdb5hf8	substituted	1	ALA>GLY
M0520	pdb5hf9	substituted	1	ALA>GLY
M0520	pdb5hfa	substituted	1	ALA>GLY
M0520	pdb5hq3	substituted	5	ALA>PHE,SER>ALA,ALA>GLY,GLU>GLY,HIS>GLY
M0520	pdb5ih7	substituted	1	ALA>GLY
M0520	pdb5ikx	substituted	1	ALA>GLY
M0520	pdb5ivd	substituted	1	ALA>GLY
M0520	pdb5ivh	substituted	1	ALA>GLY
M0520	pdb5ivi	substituted	1	ALA>GLY
M0520	pdb5ivk	substituted	1	ALA>GLY
M0520	pdb5k5e	substituted	1	ALA>GLY
M0520	pdb5lkr	substituted	1	ALA>GLY
M0520	pdb5nap	substituted	1	ALA>GLY
M0520	pdb5nau	substituted	1	ALA>GLY
M0520	pdb5nn0	substituted	1	ALA>GLY
M0520	pdb5nuu	substituted	1	ALA>GLY
M0520	pdb5oj6	substituted	2	ALA>SER,SER>GLY
M0520	pdb5ojk	substituted	2	ALA>SER,SER>GLY
M0520	pdb5ov9	substituted	1	ALA>GLY
M0520	pdb5thm	substituted	1	GLU>ASP
M0520	pdb5tyj	substituted	1	ALA>ASP
M0520	pdb5tyk	substituted	1	ALA>GLY
M0520	pdb5tyl	substituted	1	ALA>GLY
M0520	pdb5tym	substituted	1	ALA>GLY
M0520	pdb5tyn	substituted	1	ALA>GLY
M0520	pdb5tyo	substituted	1	ALA>GLY
M0520	pdb5typ	substituted	1	ALA>GLY
M0520	pdb5v5v	substituted	2	ALA>SER,SER>GLY
M0520	pdb5w1u	substituted	1	ALA>GLY
M0520	pdb5x61	substituted	1	ALA>GLY
M0520	pdb5xeq	substituted	2	ALA>SER,SER>GLY
M0520	pdb5ydh	substituted	1	ALA>GLY
M0520	pdb5ydi	substituted	1	ALA>GLY
M0520	pdb5ydj	substituted	2	ALA>GLY,SER>SEB
M0520	pdb6arx	substituted	1	ALA>SER
M0520	pdb6ary	substituted	1	ALA>SER
M0520	pdb6cqt	substituted	1	ALA>GLY
M0520	pdb6cqu	substituted	1	ALA>GLY
M0520	pdb6cqv	substituted	1	ALA>GLY
M0520	pdb6cqw	substituted	1	ALA>GLY
M0520	pdb6cqx	substituted	1	ALA>GLY
M0520	pdb6cqy	substituted	1	ALA>GLY
M0520	pdb6cqz	substituted	1	ALA>GLY
M0520	pdb6emi	substituted	1	ALA>GLY
M0520	pdb6ep4	substituted	1	ALA>GLY
M0520	pdb6eqp	substituted	1	ALA>GLY
M0520	pdb6eqq	substituted	1	ALA>GLY
M0520	pdb6esj	substituted	1	ALA>GLY
M0520	pdb6esy	substituted	1	ALA>GLY
M0520	pdb6euc	substituted	1	ALA>GLY
M0520	pdb6eue	substituted	2	ALA>GLY,SER>BXT
M0520	pdb6eul	partial	NA	
M0520	pdb6ewk	substituted	1	ALA>GLY
M0520	pdb6eyf	substituted	2	ALA>GLY,SER>BXT
M0520	pdb6ez2	substituted	2	ALA>GLY,SER>BXT
M0520	pdb6ezg	substituted	1	ALA>GLY
M0520	pdb6ezh	substituted	1	ALA>GLY
M0520	pdb6f25	substituted	1	ALA>GLY
M0520	pdb6f7q	substituted	1	ALA>GLY
M0520	pdb6fld	substituted	2	ALA>GLY,SER>BXT
M0520	pdb6fqn	substituted	2	ALA>GLY,SER>BXT
M0520	pdb6fsd	substituted	1	ALA>GLY
M0520	pdb6fse	substituted	1	ALA>GLY
M0520	pdb6g17	substituted	1	ALA>GLY
M0520	pdb6g1u	substituted	1	ALA>GLY
M0520	pdb6g1v	substituted	1	ALA>GLY
M0520	pdb6g1w	substituted	1	ALA>GLY
M0520	pdb6g4m	substituted	1	ALA>GLY
M0520	pdb6g4n	substituted	1	ALA>GLY
M0520	pdb6g4o	substituted	1	ALA>GLY
M0520	pdb6g4p	substituted	1	ALA>GLY
M0520	pdb6h0t	substituted	1	GLU>ASP
M0520	pdb6h0v	substituted	2	SER>SUN,GLU>ASP
M0520	pdb6h12	substituted	1	ALA>GLY
M0520	pdb6h13	substituted	1	ALA>GLY
M0520	pdb6h14	substituted	1	ALA>GLY
M0520	pdb6h18	substituted	2	SER>SGB,GLU>ASP
M0520	pdb6h19	substituted	2	SER>SDP,GLU>ASP
M0520	pdb6h1a	substituted	2	SER>SVX,GLU>ASP
M0520	pdb6i0b	substituted	1	ALA>GLY
M0520	pdb6i0c	substituted	1	ALA>GLY
M0520	pdb6i2t	substituted	1	ALA>GLY
M0520	pdb6nea	substituted	1	ALA>GLY
M0520	pdb6ntg	substituted	1	ALA>GLY
M0520	pdb6nth	substituted	1	ALA>GLY
M0520	pdb6ntk	substituted	1	ALA>GLY
M0520	pdb6ntl	substituted	1	ALA>GLY
M0520	pdb6ntm	substituted	1	ALA>GLY
M0520	pdb6ntn	substituted	1	ALA>GLY
M0520	pdb6nto	substituted	1	ALA>GLY
M0520	pdb6o4w	substituted	1	ALA>GLY
M0520	pdb6o4x	substituted	1	ALA>GLY
M0520	pdb6o50	substituted	1	ALA>GLY
M0520	pdb6o52	substituted	1	ALA>GLY
M0520	pdb6o5r	substituted	1	ALA>GLY
M0520	pdb6o5s	substituted	1	ALA>GLY
M0520	pdb6o5v	substituted	1	ALA>GLY
M0520	pdb6o66	substituted	2	ALA>GLY,SER>SVX
M0520	pdb6o69	substituted	1	ALA>GLY
M0520	pdb6qaa	substituted	1	ALA>GLY
M0520	pdb6qab	substituted	1	ALA>GLY
M0520	pdb6qac	substituted	1	ALA>GLY
M0520	pdb6qad	substituted	1	ALA>GLY
M0520	pdb6qae	substituted	1	ALA>GLY
M0520	pdb6r6v	substituted	1	ALA>GLY
M0520	pdb6r6w	substituted	1	ALA>GLY
M0520	pdb6rua	substituted	1	ALA>GLY
M0520	pdb6sam	substituted	1	ALA>GLY
M0520	pdb6scj	substituted	4	ALA>MET,SER>ARG,ALA>GLY,GLU>ASP
M0520	pdb6t9p	substituted	1	ALA>GLY
M0520	pdb6t9s	substituted	1	ALA>GLY
M0520	pdb6td2	substituted	1	ALA>GLY
M0520	pdb6tt0	substituted	1	ALA>GLY
M0520	pdb6u34	substituted	1	ALA>GLY
M0520	pdb6u37	substituted	1	ALA>GLY
M0520	pdb6u3p	substituted	1	ALA>GLY
M0520	pdb6wuv	substituted	1	ALA>GLY
M0520	pdb6wuy	substituted	1	ALA>GLY
M0520	pdb6wuz	substituted	1	ALA>GLY
M0520	pdb6wv1	substituted	1	ALA>GLY
M0520	pdb6wvc	substituted	1	ALA>GLY
M0520	pdb6wvo	substituted	1	ALA>GLY
M0520	pdb6wvp	substituted	1	ALA>GLY
M0520	pdb6wvq	substituted	1	ALA>GLY
M0520	pdb6xta	substituted	1	ALA>GLY
M0520	pdb6xys	substituted	1	ALA>GLY
M0520	pdb6xyu	substituted	1	ALA>GLY
M0520	pdb6xyy	substituted	1	ALA>GLY
M0520	pdb6zwe	substituted	1	ALA>GLY
M0520	pdb6zwi	substituted	1	ALA>GLY
M0520	pdb7amz	substituted	1	ALA>GLY
M0520	pdb7b2w	substituted	1	ALA>GLY
M0520	pdb7b38	substituted	1	ALA>GLY
M0520	pdb7b8e	substituted	1	ALA>GLY
M0520	pdb7bgc	substituted	1	ALA>GLY
M0520	pdb7cee	substituted	3	ALA>SER,SER>GLY,ALA>ILE
M0520	pdb7ceg	substituted	3	ALA>SER,SER>GLY,ALA>ILE
M0910	pdb1idp	exact	0	
M0910	pdb1std	exact	0	
M0910	pdb2std	exact	0	
M0910	pdb3std	exact	0	
M0910	pdb4std	exact	0	
M0910	pdb5std	exact	0	
M0910	pdb6std	exact	0	
M0910	pdb7std	exact	0	
M0398	pdb1aop	exact	0	
M0398	pdb1zj8	exact	0	
M0398	pdb1zj9	exact	0	
M0398	pdb2akj	substituted	1	LYS>ASN
M0398	pdb2aop	exact	0	
M0398	pdb2gep	exact	0	
M0398	pdb3aop	exact	0	
M0398	pdb3b0g	substituted	1	LYS>ASN
M0398	pdb3b0h	substituted	1	LYS>ASN
M0398	pdb3b0j	substituted	1	LYS>ASN
M0398	pdb3b0l	substituted	1	LYS>ASN
M0398	pdb3b0m	substituted	1	LYS>ASN
M0398	pdb3b0n	substituted	1	LYS>ASN
M0398	pdb3geo	exact	0	
M0398	pdb3vkp	substituted	1	LYS>ASN
M0398	pdb3vkq	substituted	1	LYS>ASN
M0398	pdb3vkr	substituted	1	LYS>ASN
M0398	pdb3vks	substituted	1	LYS>ASN
M0398	pdb3vkt	substituted	1	LYS>ASN
M0398	pdb3vlx	exact	0	
M0398	pdb3vly	exact	0	
M0398	pdb3vlz	exact	0	
M0398	pdb3vm0	exact	0	
M0398	pdb3vm1	exact	0	
M0398	pdb4aop	exact	0	
M0398	pdb4g38	exact	0	
M0398	pdb4g39	substituted	1	ARG>SER
M0398	pdb4gep	exact	0	
M0398	pdb4htr	exact	0	
M0398	pdb5aop	exact	0	
M0398	pdb5gep	exact	0	
M0398	pdb5h8v	exact	0	
M0398	pdb5h8y	exact	0	
M0398	pdb5h92	exact	0	
M0398	pdb6gep	exact	0	
M0398	pdb7gep	exact	0	
M0398	pdb8gep	exact	0	
M0040	pdb13pk	exact	0	
M0040	pdb16pk	exact	0	
M0040	pdb1fw8	partial	NA	
M0040	pdb1hdi	exact	0	
M0040	pdb1kf0	exact	0	
M0040	pdb1ltk	exact	0	
M0040	pdb1php	exact	0	
M0040	pdb1qpg	exact	0	
M0040	pdb1v6s	exact	0	
M0040	pdb1vjc	exact	0	
M0040	pdb1vjd	exact	0	
M0040	pdb1vpe	exact	0	
M0040	pdb1zmr	exact	0	
M0040	pdb2cun	exact	0	
M0040	pdb2ie8	exact	0	
M0040	pdb2p9q	partial	NA	
M0040	pdb2p9t	exact	0	
M0040	pdb2paa	exact	0	
M0040	pdb2wzb	exact	0	
M0040	pdb2wzc	exact	0	
M0040	pdb2wzd	exact	0	
M0040	pdb2x13	exact	0	
M0040	pdb2x14	exact	0	
M0040	pdb2x15	exact	0	
M0040	pdb2xe6	exact	0	
M0040	pdb2xe7	exact	0	
M0040	pdb2xe8	exact	0	
M0040	pdb2y3i	exact	0	
M0040	pdb2ybe	exact	0	
M0040	pdb2zgv	partial	NA	
M0040	pdb3c39	partial	NA	
M0040	pdb3c3a	partial	NA	
M0040	pdb3c3b	partial	NA	
M0040	pdb3c3c	partial	NA	
M0040	pdb3oz7	exact	0	
M0040	pdb3oza	exact	0	
M0040	pdb3pgk	exact	0	
M0040	pdb3q3v	exact	0	
M0040	pdb3uwd	exact	0	
M0040	pdb3zlb	exact	0	
M0040	pdb3zoz	exact	0	
M0040	pdb4axx	exact	0	
M0040	pdb4dg5	exact	0	
M0040	pdb4ehj	exact	0	
M0040	pdb4fey	exact	0	
M0040	pdb4ng4	exact	0	
M0040	pdb4o33	exact	0	
M0040	pdb4o3f	exact	0	
M0040	pdb5bt8	exact	0	
M0040	pdb5m1r	exact	0	
M0040	pdb5m3u	exact	0	
M0040	pdb5m6z	exact	0	
M0040	pdb5mxm	exact	0	
M0040	pdb5np8	partial	NA	
M0040	pdb5o7d	substituted	1	ARG>MET
M0040	pdb6hxe	exact	0	
M0040	pdb6i06	exact	0	
M0040	pdb6y3a	exact	0	
M0040	pdb6yje	exact	0	
M0040	pdb6yjf	exact	0	
M0040	pdb7la1	exact	0	
M0808	pdb1k32	exact	0	
M0808	pdb1n6d	exact	0	
M0808	pdb1n6e	exact	0	
M0808	pdb1n6f	exact	0	
M0808	pdb4ghn	partial	NA	
M0781	pdb1lrz	partial	NA	
M0781	pdb1ne9	exact	0	
M0781	pdb1p4n	exact	0	
M0781	pdb1xe4	substituted	1	LYS>MET
M0781	pdb1xf8	exact	0	
M0781	pdb1xix	exact	0	
M0781	pdb3gkr	exact	0	
M0781	pdb4ii9	exact	0	
M0410	pdb1ax4	exact	0	
M0410	pdb1c7g	substituted	4	ASP>THR,ALA>THR,LLP>LYS,HIS>PHE
M0410	pdb1tpl	partial	NA	
M0410	pdb2c44	substituted	1	LLP>LYS
M0410	pdb2ez1	substituted	3	ASP>THR,ALA>THR,HIS>PHE
M0410	pdb2ez2	substituted	4	ASP>THR,ALA>THR,LLP>LYS,HIS>PHE
M0410	pdb2oqx	substituted	1	LLP>LYS
M0410	pdb2tpl	substituted	3	ASP>THR,ALA>THR,HIS>PHE
M0410	pdb2v0y	substituted	1	LLP>LYS
M0410	pdb2v1p	substituted	2	LLP>LYS,TYR>PHE
M0410	pdb2vlf	substituted	4	ASP>THR,ALA>THR,LLP>LYS,HIS>PHE
M0410	pdb2vlh	substituted	4	ASP>THR,ALA>THR,LLP>LYS,HIS>PHE
M0410	pdb2ycn	substituted	5	ASP>THR,ALA>THR,LLP>LYS,HIS>PHE,TYR>PHE
M0410	pdb2ycp	substituted	3	ASP>THR,ALA>THR,LLP>LYS
M0410	pdb2yct	substituted	4	ASP>THR,ALA>THR,LLP>LYS,HIS>PHE
M0410	pdb2yhk	substituted	5	ASP>THR,ASP>ALA,ALA>THR,LLP>LYS,HIS>PHE
M0410	pdb4up2	partial	NA	
M0410	pdb4w1y	substituted	3	PHE>SER,ASP>ASN,LLP>LYS
M0410	pdb4w4h	partial	NA	
M0410	pdb5d8g	substituted	1	LLP>LYS
M0410	pdb5w19	substituted	1	LLP>LYS
M0410	pdb5w1b	exact	0	
M0410	pdb6dur	substituted	4	ASP>THR,ALA>THR,LLP>LYS,HIS>PHE
M0410	pdb6dvx	substituted	4	ASP>THR,ALA>THR,LLP>LYS,HIS>ALA
M0410	pdb6dxv	substituted	3	ASP>THR,ALA>THR,HIS>ALA
M0410	pdb6dyt	substituted	4	ASP>THR,ALA>THR,LLP>LYS,HIS>ALA
M0410	pdb6dz5	substituted	4	ASP>THR,ALA>THR,LLP>LYS,HIS>ALA
M0410	pdb6ecg	substituted	3	ASP>THR,ALA>THR,HIS>ALA
M0410	pdb6mls	substituted	3	ASP>THR,ALA>THR,HIS>PHE
M0410	pdb6mme	substituted	4	ASP>THR,ALA>THR,LLP>LYS,HIS>PHE
M0410	pdb6mo3	substituted	3	ASP>THR,ALA>THR,HIS>PHE
M0410	pdb6mpd	substituted	3	ASP>THR,ALA>THR,HIS>PHE
M0410	pdb6mqq	substituted	4	ASP>THR,ALA>THR,LLP>LYS,HIS>ALA
M0410	pdb6nv8	substituted	3	ASP>THR,ALA>THR,HIS>PHE
M0250	pdb1cpo	exact	0	
M0250	pdb2civ	exact	0	
M0250	pdb2ciw	exact	0	
M0250	pdb2cix	exact	0	
M0250	pdb2ciy	exact	0	
M0250	pdb2ciz	exact	0	
M0250	pdb2cj0	exact	0	
M0250	pdb2cj1	exact	0	
M0250	pdb2cj2	exact	0	
M0250	pdb2cpo	exact	0	
M0250	pdb2j18	exact	0	
M0250	pdb2j19	exact	0	
M0250	pdb2j5m	exact	0	
M0250	pdb5fuj	exact	0	
M0250	pdb5fuk	exact	0	
M0748	pdb1j7g	exact	0	
M0748	pdb1jke	exact	0	
M0748	pdb2dbo	exact	0	
M0748	pdb2okv	exact	0	
M0748	pdb3knf	exact	0	
M0748	pdb3knp	exact	0	
M0748	pdb3ko3	exact	0	
M0748	pdb3ko4	exact	0	
M0748	pdb3ko5	exact	0	
M0748	pdb3ko7	exact	0	
M0748	pdb3ko9	exact	0	
M0748	pdb3kob	exact	0	
M0748	pdb3koc	exact	0	
M0748	pdb3kod	exact	0	
M0748	pdb3lmt	exact	0	
M0748	pdb3lmu	exact	0	
M0748	pdb3lmv	exact	0	
M0748	pdb4nbi	exact	0	
M0748	pdb4nbj	exact	0	
M0748	pdb5j61	exact	0	
M0515	pdb1e2t	exact	0	
M0515	pdb1gx3	exact	0	
M0515	pdb1w4t	substituted	1	ARG>SER
M0515	pdb1w5r	substituted	1	CYS>GLN
M0515	pdb1w6f	exact	0	
M0515	pdb2bsz	substituted	1	ARG>GLY
M0515	pdb2ija	substituted	1	ARG>ASN
M0515	pdb2pfr	substituted	1	ARG>ASN
M0515	pdb2pqt	substituted	2	ARG>ASN,CYS>TYX
M0515	pdb2vfb	exact	0	
M0515	pdb2vfc	exact	0	
M0515	pdb3d9w	exact	0	
M0515	pdb3lnb	substituted	1	ARG>LYS
M0515	pdb3ltw	exact	0	
M0515	pdb4b55	exact	0	
M0515	pdb4bgf	exact	0	
M0515	pdb4c5p	substituted	1	CYS>CSO
M0515	pdb4dmo	substituted	2	ASP>GLU,ARG>ASN
M0515	pdb4guz	substituted	1	ARG>PRO
M0515	pdb4nv7	substituted	1	ARG>GLY
M0515	pdb4nv8	substituted	1	ARG>GLY
M0920	pdb1dik	substituted	1	NEP>HIS
M0920	pdb1eza	partial	NA	
M0920	pdb1ezb	partial	NA	
M0920	pdb1ezc	partial	NA	
M0920	pdb1ezd	partial	NA	
M0920	pdb1ggo	substituted	1	NEP>HIS
M0920	pdb1jde	substituted	1	NEP>HIS
M0920	pdb1kbl	substituted	1	NEP>HIS
M0920	pdb1kc7	substituted	1	NEP>HIS
M0920	pdb1vbg	substituted	1	NEP>HIS
M0920	pdb1vbh	substituted	1	NEP>HIS
M0920	pdb1zym	partial	NA	
M0920	pdb2bg5	partial	NA	
M0920	pdb2dik	substituted	1	NEP>HIS
M0920	pdb2eza	partial	NA	
M0920	pdb2ezb	partial	NA	
M0920	pdb2ezc	partial	NA	
M0920	pdb2hro	substituted	1	NEP>HIS
M0920	pdb2hwg	exact	0	
M0920	pdb2kx9	substituted	1	NEP>HIS
M0920	pdb2l5h	substituted	1	NEP>GLN
M0920	pdb2mp0	partial	NA	
M0920	pdb2n5t	substituted	1	NEP>HIS
M0920	pdb2ols	substituted	1	NEP>HIS
M0920	pdb2r82	substituted	1	NEP>HIS
M0920	pdb2wqd	substituted	1	NEP>ALA
M0920	pdb2x0s	substituted	1	NEP>HIS
M0920	pdb2xdf	substituted	1	NEP>HIS
M0920	pdb2xz7	partial	NA	
M0920	pdb2xz9	partial	NA	
M0920	pdb3eza	partial	NA	
M0920	pdb3ezb	partial	NA	
M0920	pdb3eze	partial	NA	
M0920	pdb5jvj	substituted	1	NEP>HIS
M0920	pdb5jvl	substituted	1	NEP>HIS
M0920	pdb5jvn	substituted	1	NEP>HIS
M0920	pdb5lu4	substituted	1	NEP>HIS
M0920	pdb5t12	partial	NA	
M0920	pdb5t1o	partial	NA	
M0655	pdb1lmz	exact	0	
M0655	pdb1nku	exact	0	
M0655	pdb1p7m	exact	0	
M0655	pdb2jg6	exact	0	
M0655	pdb4ai4	substituted	3	TYR>ASP,GLU>GLN,TRP>THR
M0655	pdb4ai5	substituted	3	TYR>ASP,GLU>GLN,TRP>THR
M0655	pdb4aia	substituted	3	TYR>ASP,GLU>GLN,TRP>THR
M0227	pdb1bsv	exact	0	
M0227	pdb1bws	exact	0	
M0227	pdb1e6u	exact	0	
M0227	pdb1e7q	substituted	1	SER>ALA
M0227	pdb1e7r	substituted	1	TYR>GLU
M0227	pdb1e7s	substituted	1	LYS>ARG
M0227	pdb1fxs	exact	0	
M0227	pdb1gfs	exact	0	
M0227	pdb2b69	substituted	3	SER>THR,CYS>GLU,HIS>ARG
M0227	pdb2c54	substituted	3	SER>ALA,LYS>ARG,HIS>LYS
M0227	pdb2c59	substituted	2	SER>ALA,HIS>LYS
M0227	pdb2c5a	substituted	3	SER>ALA,TYR>PHE,HIS>LYS
M0227	pdb2c5e	substituted	2	SER>ALA,HIS>ALA
M0227	pdb2p5u	substituted	4	SER>THR,SER>GLY,CYS>ALA,HIS>GLY
M0227	pdb2p5y	substituted	4	SER>THR,SER>GLY,CYS>ALA,HIS>GLY
M0227	pdb3aw9	substituted	2	CYS>THR,HIS>GLY
M0227	pdb3icp	substituted	2	CYS>THR,HIS>PRO
M0227	pdb3ko8	substituted	2	CYS>THR,HIS>PRO
M0227	pdb4b8w	substituted	1	SER>THR
M0227	pdb4b8z	substituted	1	SER>THR
M0227	pdb4bkp	substituted	1	SER>THR
M0227	pdb4bl5	substituted	1	SER>THR
M0227	pdb4e5y	substituted	1	SER>THR
M0227	pdb4gll	substituted	3	SER>THR,CYS>GLU,HIS>ARG
M0227	pdb4lk3	substituted	4	SER>THR,CYS>GLU,TYR>GLU,HIS>ARG
M0227	pdb4m55	substituted	6	SER>VAL,SER>ASP,CYS>ASN,TYR>GLU,LYS>ILE,HIS>ARG
M0227	pdb4twr	substituted	2	SER>CYS,CYS>ALA
M0227	pdb4wok	substituted	2	SER>CYS,CYS>ALA
M0227	pdb4zrm	substituted	4	SER>THR,SER>GLY,CYS>ALA,HIS>GLY
M0227	pdb4zrn	substituted	4	SER>THR,SER>GLY,CYS>ALA,HIS>GLY
M0227	pdb5u4q	substituted	6	SER>VAL,SER>TYR,CYS>GLY,TYR>THR,LYS>ASN,HIS>ASP
M0227	pdb6aqy	substituted	6	SER>ILE,SER>GLU,CYS>TYR,TYR>ASP,LYS>ARG,HIS>LYS
M0227	pdb6aqz	substituted	6	SER>ILE,SER>GLU,CYS>TYR,TYR>ASP,LYS>ARG,HIS>LYS
M0227	pdb6dnt	substituted	2	CYS>ALA,HIS>ALA
M0227	pdb6ltt	partial	NA	
M0227	pdb7anc	substituted	4	SER>GLY,CYS>TYR,TYR>PHE,HIS>ARG
M0227	pdb7anh	substituted	2	SER>THR,CYS>THR
M0227	pdb7cxt	substituted	4	SER>GLY,CYS>TYR,TYR>PHE,HIS>ARG
M0227	pdb7ll6	exact	0	
M0227	pdb7m13	substituted	4	SER>GLY,CYS>TYR,TYR>PHE,HIS>ARG
M0272	pdb1dqu	partial	NA	
M0272	pdb1f61	exact	0	
M0272	pdb1f8i	substituted	1	CYS>SER
M0272	pdb1f8m	exact	0	
M0272	pdb1igw	exact	0	
M0272	pdb1mum	substituted	2	SER>THR,SER>LEU
M0272	pdb1o5q	partial	NA	
M0272	pdb1oqf	substituted	2	SER>THR,SER>LEU
M0272	pdb1ujq	partial	NA	
M0272	pdb1xg3	substituted	3	CYS>SER,SER>THR,SER>LEU
M0272	pdb1xg4	substituted	3	CYS>SER,SER>THR,SER>LEU
M0272	pdb1zlp	substituted	3	HIS>PHE,SER>THR,SER>LEU
M0272	pdb3e5b	substituted	2	CYS>GLY,HIS>LYS
M0272	pdb3eol	substituted	2	CYS>GLY,HIS>LYS
M0272	pdb3eoo	substituted	7	ASP>ILE,HIS>LEU,CYS>GLY,HIS>ARG,ARG>THR,SER>PRO,SER>PHE
M0272	pdb3fa3	substituted	1	SER>THR
M0272	pdb3fa4	substituted	1	SER>THR
M0272	pdb3i4e	exact	0	
M0272	pdb3lg3	exact	0	
M0272	pdb3lye	substituted	5	ASP>TYR,HIS>ARG,CYS>GLN,SER>ALA,SER>THR
M0272	pdb3m0j	substituted	5	ASP>TYR,HIS>ARG,CYS>GLN,SER>ALA,SER>THR
M0272	pdb3m0k	substituted	5	ASP>TYR,HIS>ARG,CYS>GLN,SER>ALA,SER>THR
M0272	pdb3oq8	exact	0	
M0272	pdb3p0x	exact	0	
M0272	pdb4iqd	partial	NA	
M0272	pdb4iqe	partial	NA	
M0272	pdb5dql	exact	0	
M0272	pdb5e9f	partial	NA	
M0272	pdb5e9g	exact	0	
M0272	pdb5e9h	exact	0	
M0272	pdb6c4a	substituted	1	CYS>EJA
M0272	pdb6c4c	substituted	1	CYS>EJA
M0272	pdb6edw	substituted	1	CYS>CSX
M0272	pdb6edz	substituted	1	CYS>CSX
M0272	pdb6ee1	substituted	1	HIS>ARG
M0272	pdb6g1o	substituted	1	HIS>GLN
M0272	pdb6t4v	partial	NA	
M0272	pdb6t5m	partial	NA	
M0272	pdb6vb9	substituted	1	CYS>QVA
M0272	pdb6wsi	exact	0	
M0272	pdb6xpp	exact	0	
M0272	pdb7cp1	exact	0	
M0272	pdb7ebc	exact	0	
M0272	pdb7ebe	exact	0	
M0272	pdb7ebf	partial	NA	
M0093	pdb1dq8	substituted	1	HIS>ASN
M0093	pdb1dq9	exact	0	
M0093	pdb1dqa	exact	0	
M0093	pdb1hw8	substituted	1	HIS>ASN
M0093	pdb1hw9	substituted	1	HIS>ASN
M0093	pdb1hwi	partial	NA	
M0093	pdb1hwj	substituted	1	HIS>ASN
M0093	pdb1hwk	substituted	1	HIS>ASN
M0093	pdb1hwl	substituted	1	HIS>ASN
M0093	pdb2q1l	partial	NA	
M0093	pdb2q6b	exact	0	
M0093	pdb2q6c	partial	NA	
M0093	pdb2r4f	partial	NA	
M0093	pdb3bgl	partial	NA	
M0093	pdb3cct	partial	NA	
M0093	pdb3ccw	partial	NA	
M0093	pdb3ccz	partial	NA	
M0093	pdb3cd0	partial	NA	
M0093	pdb3cd5	partial	NA	
M0093	pdb3cd7	partial	NA	
M0093	pdb3cda	partial	NA	
M0093	pdb3cdb	partial	NA	
M0093	pdb6hr7	exact	0	
M0093	pdb6hr8	exact	0	
M0625	pdb1ltq	exact	0	
M0625	pdb1ly1	partial	NA	
M0625	pdb1rc8	exact	0	
M0625	pdb1rpz	exact	0	
M0625	pdb1rrc	exact	0	
M0625	pdb2ia5	exact	0	
M0625	pdb4xrp	exact	0	
M0625	pdb4xru	partial	NA	
M0625	pdb5uj0	partial	NA	
M0321	pdb1yt3	exact	0	
M0321	pdb2hbj	substituted	1	TYR>ALA
M0321	pdb2hbk	substituted	1	TYR>ALA
M0321	pdb2hbl	substituted	1	TYR>ALA
M0321	pdb2hbm	substituted	1	TYR>ALA
M0321	pdb3cym	exact	0	
M0321	pdb3saf	substituted	1	ASP>ASN
M0321	pdb3sag	substituted	1	ASP>ASN
M0321	pdb3sah	substituted	1	TYR>ALA
M0321	pdb4nlb	exact	0	
M0321	pdb4nlc	exact	0	
M0321	pdb4oo1	substituted	1	ASP>ASN
M0321	pdb5c0w	substituted	1	ASP>ASN
M0321	pdb5c0x	substituted	1	ASP>ASN
M0321	pdb5c0y	substituted	1	ASP>ASN
M0321	pdb5k36	substituted	1	ASP>ASN
M0321	pdb5vzj	substituted	1	ASP>ASN
M0321	pdb5zo3	substituted	5	TYR>ASP,ASP>LEU,ASP>LEU,GLU>LEU,ASP>LEU
M0321	pdb5zo4	substituted	5	TYR>ASP,ASP>LEU,ASP>LEU,GLU>LEU,ASP>LEU
M0321	pdb5zo5	substituted	5	TYR>ASP,ASP>LEU,ASP>LEU,GLU>LEU,ASP>LEU
M0321	pdb6d6q	partial	NA	
M0321	pdb6d6r	partial	NA	
M0321	pdb6fsz	partial	NA	
M0321	pdb6ft6	partial	NA	
M0321	pdb6lqs	partial	NA	
M0048	pdb1bzy	exact	0	
M0048	pdb1cjb	exact	0	
M0048	pdb1d6n	exact	0	
M0048	pdb1dbr	substituted	1	PHE>TRP
M0048	pdb1fsg	substituted	1	PHE>TRP
M0048	pdb1g9s	exact	0	
M0048	pdb1g9t	exact	0	
M0048	pdb1grv	exact	0	
M0048	pdb1hgx	substituted	1	PHE>TYR
M0048	pdb1hmp	exact	0	
M0048	pdb1i0i	substituted	1	ASP>GLN
M0048	pdb1i0l	substituted	1	ASP>ASN
M0048	pdb1i13	substituted	1	ASP>ALA
M0048	pdb1i14	substituted	1	ASP>GLU
M0048	pdb1j7j	exact	0	
M0048	pdb1p17	exact	0	
M0048	pdb1p18	exact	0	
M0048	pdb1p19	exact	0	
M0048	pdb1pzm	exact	0	
M0048	pdb1qk3	substituted	1	PHE>TRP
M0048	pdb1qk4	substituted	1	PHE>TRP
M0048	pdb1qk5	substituted	2	ASP>ALA,PHE>TRP
M0048	pdb1r3u	exact	0	
M0048	pdb1tc1	exact	0	
M0048	pdb1tc2	exact	0	
M0048	pdb1yfz	exact	0	
M0048	pdb1z7g	exact	0	
M0048	pdb2geb	exact	0	
M0048	pdb2jbh	substituted	1	ASP>GLY
M0048	pdb2vfa	exact	0	
M0048	pdb3acb	substituted	1	PHE>TYR
M0048	pdb3acc	substituted	1	PHE>TYR
M0048	pdb3acd	substituted	1	PHE>TYR
M0048	pdb3gep	exact	0	
M0048	pdb3ggc	exact	0	
M0048	pdb3ggj	exact	0	
M0048	pdb3h83	exact	0	
M0048	pdb3hvu	exact	0	
M0048	pdb3kb8	exact	0	
M0048	pdb3o7m	exact	0	
M0048	pdb3ohp	exact	0	
M0048	pdb3ozf	exact	0	
M0048	pdb3ozg	exact	0	
M0048	pdb4ijq	exact	0	
M0048	pdb4kn6	exact	0	
M0048	pdb4lyy	exact	0	
M0048	pdb4pfq	exact	0	
M0048	pdb4qri	exact	0	
M0048	pdb4qyi	exact	0	
M0048	pdb4rab	exact	0	
M0048	pdb4rac	exact	0	
M0048	pdb4rad	exact	0	
M0048	pdb4ran	exact	0	
M0048	pdb4rao	exact	0	
M0048	pdb4raq	exact	0	
M0048	pdb4rht	exact	0	
M0048	pdb4rhu	exact	0	
M0048	pdb4rhx	exact	0	
M0048	pdb4rhy	exact	0	
M0048	pdb4rqa	substituted	5	GLU>ASP,ASP>ILE,ASP>THR,PHE>VAL,ARG>ASN
M0048	pdb4rqb	substituted	5	GLU>ASP,ASP>ILE,ASP>THR,PHE>VAL,ARG>ASN
M0048	pdb4z1o	partial	NA	
M0048	pdb4zfn	partial	NA	
M0048	pdb5bqo	partial	NA	
M0048	pdb5bqp	partial	NA	
M0048	pdb5brn	exact	0	
M0048	pdb5bsk	exact	0	
M0048	pdb5esw	substituted	2	GLU>ASP,PHE>TYR
M0048	pdb5esx	substituted	5	GLU>GLY,ASP>ILE,ASP>ALA,PHE>MET,ARG>PHE
M0048	pdb5euc	exact	0	
M0048	pdb5hhu	partial	NA	
M0048	pdb5hia	exact	0	
M0048	pdb5ipf	exact	0	
M0048	pdb5jsq	exact	0	
M0048	pdb5jv5	exact	0	
M0048	pdb5k51	exact	0	
M0048	pdb5kam	exact	0	
M0048	pdb5kap	exact	0	
M0048	pdb5knp	exact	0	
M0048	pdb5knq	exact	0	
M0048	pdb5knr	exact	0	
M0048	pdb5kns	exact	0	
M0048	pdb5knt	exact	0	
M0048	pdb5knu	exact	0	
M0048	pdb5knv	exact	0	
M0048	pdb5knx	exact	0	
M0048	pdb5kny	exact	0	
M0048	pdb5w8v	exact	0	
M0048	pdb6aps	exact	0	
M0048	pdb6apt	exact	0	
M0048	pdb6apu	exact	0	
M0048	pdb6apv	exact	0	
M0048	pdb6aqo	substituted	1	PHE>TYR
M0048	pdb6ar9	substituted	1	PHE>TYR
M0048	pdb6bnj	exact	0	
M0048	pdb6bo7	exact	0	
M0048	pdb6d9q	exact	0	
M0048	pdb6d9r	exact	0	
M0048	pdb6d9s	exact	0	
M0048	pdb6igs	exact	0	
M0048	pdb6mxb	substituted	1	PHE>TYR
M0048	pdb6mxc	substituted	1	PHE>TYR
M0048	pdb6mxd	substituted	1	PHE>TYR
M0048	pdb6mxg	exact	0	
M0043	pdb1kbp	exact	0	
M0043	pdb1xzw	substituted	1	HIS>ALA
M0043	pdb2qfp	exact	0	
M0043	pdb2qfr	exact	0	
M0043	pdb3kbp	exact	0	
M0043	pdb3zk4	substituted	2	HIS>PHE,HIS>TYR
M0043	pdb4dhl	exact	0	
M0043	pdb4dsy	exact	0	
M0043	pdb4dt2	exact	0	
M0043	pdb4kbp	exact	0	
M0043	pdb4kkz	partial	NA	
M0043	pdb6g46	exact	0	
M0043	pdb6git	substituted	1	HIS>ALA
M0043	pdb6giz	substituted	1	HIS>ALA
M0043	pdb6gj2	substituted	1	HIS>ALA
M0043	pdb6gj9	substituted	1	HIS>ALA
M0043	pdb6gja	substituted	1	HIS>ALA
M0043	pdb6hwr	exact	0	
M0043	pdb6of5	exact	0	
M0043	pdb6ofd	exact	0	
M0043	pdb6py9	exact	0	
M0043	pdb6vj7	exact	0	
M0900	pdb1acj	exact	0	
M0900	pdb1acl	exact	0	
M0900	pdb1akn	substituted	1	GLU>ASP
M0900	pdb1amn	exact	0	
M0900	pdb1aql	substituted	1	GLU>ASP
M0900	pdb1ax9	exact	0	
M0900	pdb1b41	exact	0	
M0900	pdb1c2b	exact	0	
M0900	pdb1c2o	exact	0	
M0900	pdb1c7i	exact	0	
M0900	pdb1c7j	exact	0	
M0900	pdb1cfj	exact	0	
M0900	pdb1cle	exact	0	
M0900	pdb1crl	exact	0	
M0900	pdb1dx4	partial	NA	
M0900	pdb1dx6	exact	0	
M0900	pdb1e3q	exact	0	
M0900	pdb1e66	exact	0	
M0900	pdb1ea5	exact	0	
M0900	pdb1eea	exact	0	
M0900	pdb1eve	exact	0	
M0900	pdb1f6w	substituted	1	GLU>ASP
M0900	pdb1f8u	exact	0	
M0900	pdb1fss	exact	0	
M0900	pdb1gpk	exact	0	
M0900	pdb1gpn	exact	0	
M0900	pdb1gqr	exact	0	
M0900	pdb1gqs	exact	0	
M0900	pdb1gz7	exact	0	
M0900	pdb1h22	exact	0	
M0900	pdb1h23	exact	0	
M0900	pdb1hbj	exact	0	
M0900	pdb1j06	exact	0	
M0900	pdb1j07	exact	0	
M0900	pdb1jjb	exact	0	
M0900	pdb1jmy	substituted	1	GLU>ASP
M0900	pdb1k4y	exact	0	
M0900	pdb1ku6	exact	0	
M0900	pdb1llf	exact	0	
M0900	pdb1lpm	exact	0	
M0900	pdb1lpn	exact	0	
M0900	pdb1lpo	exact	0	
M0900	pdb1lpp	exact	0	
M0900	pdb1lps	exact	0	
M0900	pdb1maa	exact	0	
M0900	pdb1mah	exact	0	
M0900	pdb1mx1	exact	0	
M0900	pdb1mx5	exact	0	
M0900	pdb1mx9	exact	0	
M0900	pdb1n5m	exact	0	
M0900	pdb1n5r	exact	0	
M0900	pdb1oce	exact	0	
M0900	pdb1odc	exact	0	
M0900	pdb1p0i	exact	0	
M0900	pdb1p0m	exact	0	
M0900	pdb1p0p	exact	0	
M0900	pdb1p0q	exact	0	
M0900	pdb1q83	exact	0	
M0900	pdb1q84	exact	0	
M0900	pdb1qe3	exact	0	
M0900	pdb1qid	exact	0	
M0900	pdb1qie	exact	0	
M0900	pdb1qif	exact	0	
M0900	pdb1qig	exact	0	
M0900	pdb1qih	exact	0	
M0900	pdb1qii	exact	0	
M0900	pdb1qij	exact	0	
M0900	pdb1qik	exact	0	
M0900	pdb1qim	exact	0	
M0900	pdb1qo9	partial	NA	
M0900	pdb1qon	partial	NA	
M0900	pdb1qti	exact	0	
M0900	pdb1som	exact	0	
M0900	pdb1thg	exact	0	
M0900	pdb1trh	exact	0	
M0900	pdb1u65	exact	0	
M0900	pdb1ukc	exact	0	
M0900	pdb1ut6	exact	0	
M0900	pdb1vot	exact	0	
M0900	pdb1vxo	exact	0	
M0900	pdb1vxr	exact	0	
M0900	pdb1w4l	exact	0	
M0900	pdb1w6r	exact	0	
M0900	pdb1w75	exact	0	
M0900	pdb1w76	exact	0	
M0900	pdb1xlu	exact	0	
M0900	pdb1xlv	exact	0	
M0900	pdb1xlw	exact	0	
M0900	pdb1ya4	exact	0	
M0900	pdb1ya8	exact	0	
M0900	pdb1yah	exact	0	
M0900	pdb1yaj	exact	0	
M0900	pdb1zgb	exact	0	
M0900	pdb1zgc	exact	0	
M0900	pdb2ace	exact	0	
M0900	pdb2ack	exact	0	
M0900	pdb2bag	exact	0	
M0900	pdb2bce	substituted	1	GLU>ASP
M0900	pdb2c0p	exact	0	
M0900	pdb2c0q	exact	0	
M0900	pdb2c4h	exact	0	
M0900	pdb2c58	substituted	1	SER>OAS
M0900	pdb2c5f	exact	0	
M0900	pdb2c5g	exact	0	
M0900	pdb2c7b	partial	NA	
M0900	pdb2cek	exact	0	
M0900	pdb2ckm	exact	0	
M0900	pdb2cmf	exact	0	
M0900	pdb2dfp	substituted	1	SER>MIS
M0900	pdb2dqy	exact	0	
M0900	pdb2dqz	exact	0	
M0900	pdb2dr0	exact	0	
M0900	pdb2fj0	exact	0	
M0900	pdb2gyu	exact	0	
M0900	pdb2gyv	exact	0	
M0900	pdb2gyw	exact	0	
M0900	pdb2h7c	exact	0	
M0900	pdb2h9y	exact	0	
M0900	pdb2ha0	exact	0	
M0900	pdb2ha2	exact	0	
M0900	pdb2ha3	exact	0	
M0900	pdb2ha4	substituted	1	SER>ALA
M0900	pdb2ha5	substituted	1	SER>ALA
M0900	pdb2ha6	substituted	1	SER>ALA
M0900	pdb2ha7	substituted	1	SER>ALA
M0900	pdb2hrq	exact	0	
M0900	pdb2hrr	exact	0	
M0900	pdb2j3d	exact	0	
M0900	pdb2j3q	exact	0	
M0900	pdb2j4c	exact	0	
M0900	pdb2j4f	exact	0	
M0900	pdb2jey	exact	0	
M0900	pdb2jez	substituted	1	SER>SUN
M0900	pdb2jf0	substituted	1	SER>SUN
M0900	pdb2jge	substituted	1	SER>SGR
M0900	pdb2jgf	substituted	1	SER>SXE
M0900	pdb2jgi	substituted	1	SER>SVY
M0900	pdb2jgj	substituted	1	SER>SVV
M0900	pdb2jgk	substituted	1	SER>SVZ
M0900	pdb2jgl	substituted	1	SER>SBG
M0900	pdb2jgm	substituted	1	SER>MIS
M0900	pdb2ogs	exact	0	
M0900	pdb2ogt	exact	0	
M0900	pdb2pm8	exact	0	
M0900	pdb2v96	exact	0	
M0900	pdb2v97	exact	0	
M0900	pdb2v98	exact	0	
M0900	pdb2va9	exact	0	
M0900	pdb2vja	exact	0	
M0900	pdb2vjb	exact	0	
M0900	pdb2vjc	exact	0	
M0900	pdb2vjd	exact	0	
M0900	pdb2vq6	exact	0	
M0900	pdb2vt6	exact	0	
M0900	pdb2vt7	exact	0	
M0900	pdb2w6c	substituted	2	SER>ARG,GLU>SER
M0900	pdb2wfz	exact	0	
M0900	pdb2wg0	exact	0	
M0900	pdb2wg1	exact	0	
M0900	pdb2wg2	exact	0	
M0900	pdb2whp	substituted	1	SER>SGB
M0900	pdb2whq	substituted	1	SER>SBG
M0900	pdb2whr	exact	0	
M0900	pdb2wid	exact	0	
M0900	pdb2wif	exact	0	
M0900	pdb2wig	exact	0	
M0900	pdb2wij	exact	0	
M0900	pdb2wik	exact	0	
M0900	pdb2wil	exact	0	
M0900	pdb2wls	exact	0	
M0900	pdb2wqz	substituted	1	SER>GLY
M0900	pdb2wsl	exact	0	
M0900	pdb2wu3	substituted	1	SER>SXE
M0900	pdb2wu4	substituted	1	SER>SXE
M0900	pdb2x8b	substituted	1	SER>SEN
M0900	pdb2xb6	substituted	1	SER>GLY
M0900	pdb2xi4	exact	0	
M0900	pdb2xmb	exact	0	
M0900	pdb2xmc	exact	0	
M0900	pdb2xmd	exact	0	
M0900	pdb2xmg	exact	0	
M0900	pdb2xqf	exact	0	
M0900	pdb2xqg	exact	0	
M0900	pdb2xqi	exact	0	
M0900	pdb2xqj	exact	0	
M0900	pdb2xqk	exact	0	
M0900	pdb2xud	exact	0	
M0900	pdb2xuf	exact	0	
M0900	pdb2xug	exact	0	
M0900	pdb2xuh	exact	0	
M0900	pdb2xui	exact	0	
M0900	pdb2xuj	exact	0	
M0900	pdb2xuk	exact	0	
M0900	pdb2xuo	exact	0	
M0900	pdb2xup	exact	0	
M0900	pdb2xuq	exact	0	
M0900	pdb2y1k	substituted	1	SER>SEP
M0900	pdb2y2u	substituted	1	SER>SVX
M0900	pdb2y2v	substituted	1	SER>SGB
M0900	pdb3b3q	substituted	1	SER>GLY
M0900	pdb3be8	substituted	1	SER>GLY
M0900	pdb3biw	substituted	1	SER>GLY
M0900	pdb3bix	substituted	1	SER>GLY
M0900	pdb3bl8	substituted	1	SER>GLY
M0900	pdb3djy	substituted	1	SER>SUN
M0900	pdb3dkk	substituted	1	SER>SEN
M0900	pdb3dl4	substituted	1	SER>SUN
M0900	pdb3dl7	substituted	1	SER>SEN
M0900	pdb3gel	substituted	1	SER>OMH
M0900	pdb3i6m	exact	0	
M0900	pdb3i6z	exact	0	
M0900	pdb3k9b	exact	0	
M0900	pdb3lii	exact	0	
M0900	pdb3m3d	exact	0	
M0900	pdb3o9m	exact	0	
M0900	pdb3rar	exact	0	
M0900	pdb3vkf	substituted	1	SER>GLY
M0900	pdb3zlt	substituted	1	SER>RVX
M0900	pdb3zlu	substituted	1	SER>GFT
M0900	pdb3zlv	substituted	1	SER>SUN
M0900	pdb3zv7	exact	0	
M0900	pdb4a16	exact	0	
M0900	pdb4a23	exact	0	
M0900	pdb4ab1	exact	0	
M0900	pdb4aqd	exact	0	
M0900	pdb4ara	exact	0	
M0900	pdb4arb	exact	0	
M0900	pdb4axb	substituted	1	SER>SBG
M0900	pdb4b0o	substituted	1	SER>SBG
M0900	pdb4b0p	substituted	1	SER>SBG
M0900	pdb4b7z	exact	0	
M0900	pdb4b80	exact	0	
M0900	pdb4b81	exact	0	
M0900	pdb4b82	exact	0	
M0900	pdb4b83	exact	0	
M0900	pdb4b84	exact	0	
M0900	pdb4b85	exact	0	
M0900	pdb4bbz	exact	0	
M0900	pdb4bc0	exact	0	
M0900	pdb4bc1	exact	0	
M0900	pdb4bds	exact	0	
M0900	pdb4bdt	exact	0	
M0900	pdb4be4	exact	0	
M0900	pdb4be9	exact	0	
M0900	pdb4btl	exact	0	
M0900	pdb4ey4	exact	0	
M0900	pdb4ey5	exact	0	
M0900	pdb4ey6	exact	0	
M0900	pdb4ey7	exact	0	
M0900	pdb4ey8	exact	0	
M0900	pdb4fng	exact	0	
M0900	pdb4fnm	exact	0	
M0900	pdb4m0e	exact	0	
M0900	pdb4m0f	exact	0	
M0900	pdb4pqe	exact	0	
M0900	pdb4qwm	exact	0	
M0900	pdb4qww	exact	0	
M0900	pdb4tpk	exact	0	
M0900	pdb4tvk	exact	0	
M0900	pdb4ubi	exact	0	
M0900	pdb4ubj	exact	0	
M0900	pdb4ubk	exact	0	
M0900	pdb4ubl	exact	0	
M0900	pdb4ubm	exact	0	
M0900	pdb4ubn	exact	0	
M0900	pdb4ubo	exact	0	
M0900	pdb4upd	exact	0	
M0900	pdb4w1p	exact	0	
M0900	pdb4w1q	exact	0	
M0900	pdb4w1r	exact	0	
M0900	pdb4w1s	exact	0	
M0900	pdb4w63	exact	0	
M0900	pdb4wy5	partial	NA	
M0900	pdb4x3c	exact	0	
M0900	pdb4xii	exact	0	
M0900	pdb4zrs	substituted	2	SER>SEB,GLU>ASP
M0900	pdb5a2g	exact	0	
M0900	pdb5a7f	exact	0	
M0900	pdb5a7g	substituted	1	SER>ALA
M0900	pdb5a7h	exact	0	
M0900	pdb5bwb	exact	0	
M0900	pdb5bwc	exact	0	
M0900	pdb5c8v	exact	0	
M0900	pdb5ch3	exact	0	
M0900	pdb5ch5	exact	0	
M0900	pdb5dlp	exact	0	
M0900	pdb5dti	exact	0	
M0900	pdb5dtj	substituted	1	SER>MIS
M0900	pdb5dyt	exact	0	
M0900	pdb5dyw	exact	0	
M0900	pdb5dyy	exact	0	
M0900	pdb5e2i	exact	0	
M0900	pdb5e4j	exact	0	
M0900	pdb5e4t	exact	0	
M0900	pdb5ehn	exact	0	
M0900	pdb5ehq	exact	0	
M0900	pdb5ehx	exact	0	
M0900	pdb5ehz	exact	0	
M0900	pdb5ei5	exact	0	
M0900	pdb5eia	exact	0	
M0900	pdb5eie	exact	0	
M0900	pdb5eih	exact	0	
M0900	pdb5fkj	exact	0	
M0900	pdb5foq	exact	0	
M0900	pdb5fpp	substituted	1	SER>SGB
M0900	pdb5fpq	substituted	1	SER>SGB
M0900	pdb5fum	exact	0	
M0900	pdb5fv4	exact	0	
M0900	pdb5hcu	substituted	1	SER>MIS
M0900	pdb5hf5	exact	0	
M0900	pdb5hf6	exact	0	
M0900	pdb5hf8	exact	0	
M0900	pdb5hf9	exact	0	
M0900	pdb5hfa	exact	0	
M0900	pdb5hq3	substituted	3	SER>ALA,GLU>GLY,HIS>GLY
M0900	pdb5ih7	exact	0	
M0900	pdb5ikx	exact	0	
M0900	pdb5ivd	exact	0	
M0900	pdb5ivh	exact	0	
M0900	pdb5ivi	exact	0	
M0900	pdb5ivk	exact	0	
M0900	pdb5k5e	exact	0	
M0900	pdb5lkr	exact	0	
M0900	pdb5nap	exact	0	
M0900	pdb5nau	exact	0	
M0900	pdb5nn0	exact	0	
M0900	pdb5nuu	exact	0	
M0900	pdb5oj6	substituted	1	SER>GLY
M0900	pdb5ojk	substituted	1	SER>GLY
M0900	pdb5ov9	exact	0	
M0900	pdb5thm	substituted	1	GLU>ASP
M0900	pdb5tyj	exact	0	
M0900	pdb5tyk	exact	0	
M0900	pdb5tyl	exact	0	
M0900	pdb5tym	exact	0	
M0900	pdb5tyn	exact	0	
M0900	pdb5tyo	exact	0	
M0900	pdb5typ	exact	0	
M0900	pdb5v5v	substituted	1	SER>GLY
M0900	pdb5w1u	exact	0	
M0900	pdb5x61	exact	0	
M0900	pdb5xeq	substituted	1	SER>GLY
M0900	pdb5ydh	exact	0	
M0900	pdb5ydi	exact	0	
M0900	pdb5ydj	substituted	1	SER>SEB
M0900	pdb6arx	exact	0	
M0900	pdb6ary	exact	0	
M0900	pdb6cqt	exact	0	
M0900	pdb6cqu	exact	0	
M0900	pdb6cqv	exact	0	
M0900	pdb6cqw	exact	0	
M0900	pdb6cqx	exact	0	
M0900	pdb6cqy	exact	0	
M0900	pdb6cqz	exact	0	
M0900	pdb6emi	exact	0	
M0900	pdb6ep4	exact	0	
M0900	pdb6eqp	exact	0	
M0900	pdb6eqq	exact	0	
M0900	pdb6esj	exact	0	
M0900	pdb6esy	exact	0	
M0900	pdb6euc	exact	0	
M0900	pdb6eue	substituted	1	SER>BXT
M0900	pdb6eul	partial	NA	
M0900	pdb6ewk	exact	0	
M0900	pdb6eyf	substituted	1	SER>BXT
M0900	pdb6ez2	substituted	1	SER>BXT
M0900	pdb6ezg	exact	0	
M0900	pdb6ezh	exact	0	
M0900	pdb6f25	exact	0	
M0900	pdb6f7q	exact	0	
M0900	pdb6fld	substituted	1	SER>BXT
M0900	pdb6fqn	substituted	1	SER>BXT
M0900	pdb6fsd	exact	0	
M0900	pdb6fse	exact	0	
M0900	pdb6g17	exact	0	
M0900	pdb6g1u	exact	0	
M0900	pdb6g1v	exact	0	
M0900	pdb6g1w	exact	0	
M0900	pdb6g4m	exact	0	
M0900	pdb6g4n	exact	0	
M0900	pdb6g4o	exact	0	
M0900	pdb6g4p	exact	0	
M0900	pdb6h0t	substituted	1	GLU>ASP
M0900	pdb6h0v	substituted	2	SER>SUN,GLU>ASP
M0900	pdb6h12	exact	0	
M0900	pdb6h13	exact	0	
M0900	pdb6h14	exact	0	
M0900	pdb6h18	substituted	2	SER>SGB,GLU>ASP
M0900	pdb6h19	substituted	2	SER>SDP,GLU>ASP
M0900	pdb6h1a	substituted	2	SER>SVX,GLU>ASP
M0900	pdb6i0b	exact	0	
M0900	pdb6i0c	exact	0	
M0900	pdb6i2t	exact	0	
M0900	pdb6nea	exact	0	
M0900	pdb6ntg	exact	0	
M0900	pdb6nth	exact	0	
M0900	pdb6ntk	exact	0	
M0900	pdb6ntl	exact	0	
M0900	pdb6ntm	exact	0	
M0900	pdb6ntn	exact	0	
M0900	pdb6nto	exact	0	
M0900	pdb6o4w	exact	0	
M0900	pdb6o4x	exact	0	
M0900	pdb6o50	exact	0	
M0900	pdb6o52	exact	0	
M0900	pdb6o5r	exact	0	
M0900	pdb6o5s	exact	0	
M0900	pdb6o5v	exact	0	
M0900	pdb6o66	substituted	1	SER>SVX
M0900	pdb6o69	exact	0	
M0900	pdb6qaa	exact	0	
M0900	pdb6qab	exact	0	
M0900	pdb6qac	exact	0	
M0900	pdb6qad	exact	0	
M0900	pdb6qae	exact	0	
M0900	pdb6r6v	exact	0	
M0900	pdb6r6w	exact	0	
M0900	pdb6rua	exact	0	
M0900	pdb6sam	exact	0	
M0900	pdb6scj	substituted	2	SER>ARG,GLU>ASP
M0900	pdb6t9p	exact	0	
M0900	pdb6t9s	exact	0	
M0900	pdb6td2	exact	0	
M0900	pdb6tt0	exact	0	
M0900	pdb6u34	exact	0	
M0900	pdb6u37	exact	0	
M0900	pdb6u3p	exact	0	
M0900	pdb6wuv	exact	0	
M0900	pdb6wuy	exact	0	
M0900	pdb6wuz	exact	0	
M0900	pdb6wv1	exact	0	
M0900	pdb6wvc	exact	0	
M0900	pdb6wvo	exact	0	
M0900	pdb6wvp	exact	0	
M0900	pdb6wvq	exact	0	
M0900	pdb6xta	exact	0	
M0900	pdb6xys	exact	0	
M0900	pdb6xyu	exact	0	
M0900	pdb6xyy	exact	0	
M0900	pdb6zwe	exact	0	
M0900	pdb6zwi	exact	0	
M0900	pdb7amz	exact	0	
M0900	pdb7b2w	exact	0	
M0900	pdb7b38	exact	0	
M0900	pdb7b8e	exact	0	
M0900	pdb7bgc	exact	0	
M0900	pdb7cee	substituted	1	SER>GLY
M0900	pdb7ceg	substituted	1	SER>GLY
M0857	pdb1fiy	exact	0	
M0857	pdb1jqn	exact	0	
M0857	pdb1jqo	exact	0	
M0857	pdb1qb4	exact	0	
M0857	pdb3zgb	exact	0	
M0857	pdb3zge	exact	0	
M0857	pdb4bxc	exact	0	
M0857	pdb4bxh	exact	0	
M0857	pdb5fdn	exact	0	
M0857	pdb5vyj	exact	0	
M0857	pdb6mgi	exact	0	
M0857	pdb6u2t	exact	0	
M0857	pdb6v3o	exact	0	
M0964	pdb1g2i	exact	0	
M0964	pdb1j42	substituted	4	HIS>ALA,TYR>HIS,ARG>ASN,GLU>ALA
M0964	pdb1oi4	substituted	3	TYR>VAL,ARG>HIS,GLU>ASP
M0964	pdb1p5f	substituted	4	HIS>ALA,TYR>HIS,ARG>ASN,GLU>ALA
M0964	pdb1pdv	substituted	4	HIS>ALA,TYR>HIS,ARG>ASN,GLU>ALA
M0964	pdb1pdw	substituted	4	HIS>ALA,TYR>HIS,ARG>ASN,GLU>ALA
M0964	pdb1pe0	substituted	4	HIS>ALA,TYR>HIS,ARG>ASN,GLU>ALA
M0964	pdb1q2u	substituted	4	HIS>ALA,TYR>HIS,ARG>ASN,GLU>ALA
M0964	pdb1soa	substituted	5	CYS>CSD,HIS>ALA,TYR>HIS,ARG>ASN,GLU>ALA
M0964	pdb1ucf	substituted	4	HIS>ALA,TYR>HIS,ARG>ASN,GLU>ALA
M0964	pdb2or3	substituted	4	HIS>ALA,TYR>HIS,ARG>ASN,GLU>ALA
M0964	pdb2r1t	substituted	5	CYS>ALA,HIS>ALA,TYR>HIS,ARG>ASN,GLU>ALA
M0964	pdb2r1u	substituted	4	HIS>ALA,TYR>HIS,ARG>ASN,GLU>ALA
M0964	pdb2r1v	substituted	5	CYS>ALA,HIS>ALA,TYR>HIS,ARG>ASN,GLU>ALA
M0964	pdb2rk3	substituted	4	HIS>ALA,TYR>HIS,ARG>ASN,GLU>ALA
M0964	pdb2rk4	substituted	4	HIS>ALA,TYR>HIS,ARG>ASN,GLU>ALA
M0964	pdb2rk6	substituted	5	CYS>CSD,HIS>ALA,TYR>HIS,ARG>ASN,GLU>ALA
M0964	pdb2vrn	substituted	4	CYS>CSO,TYR>TRP,ARG>THR,GLU>ASP
M0964	pdb3b36	substituted	4	HIS>ALA,TYR>HIS,ARG>ASN,GLU>ALA
M0964	pdb3b38	substituted	4	HIS>ALA,TYR>HIS,ARG>ASN,GLU>ALA
M0964	pdb3b3a	substituted	4	HIS>ALA,TYR>HIS,ARG>ASN,GLU>ALA
M0964	pdb3bwe	substituted	4	HIS>ALA,TYR>HIS,ARG>ASN,GLU>ALA
M0964	pdb3cy6	substituted	4	HIS>ALA,TYR>HIS,ARG>ASN,GLU>ALA
M0964	pdb3cyf	substituted	5	CYS>CSD,HIS>ALA,TYR>HIS,ARG>ASN,GLU>ALA
M0964	pdb3cz9	substituted	4	HIS>ALA,TYR>HIS,ARG>ASN,GLU>ALA
M0964	pdb3cza	substituted	4	HIS>ALA,TYR>HIS,ARG>ASN,GLU>ALA
M0964	pdb3ezg	substituted	5	CYS>CSD,HIS>ALA,TYR>HIS,ARG>ASN,GLU>ALA
M0964	pdb3f71	substituted	5	CYS>CSO,HIS>ALA,TYR>HIS,ARG>ASN,GLU>ALA
M0964	pdb3fse	substituted	4	CYS>CSX,TYR>PHE,ARG>MSE,GLU>ASP
M0964	pdb3l18	substituted	2	TYR>THR,ARG>LYS
M0964	pdb3non	substituted	5	CYS>SER,HIS>LEU,GLY>VAL,ARG>GLY,GLU>MET
M0964	pdb3nor	substituted	4	HIS>SER,TYR>HIS,ARG>THR,GLU>GLY
M0964	pdb3nov	substituted	4	HIS>THR,TYR>HIS,ARG>THR,GLU>GLY
M0964	pdb3sf8	substituted	4	HIS>ALA,TYR>HIS,ARG>ASN,GLU>ALA
M0964	pdb3uk7	substituted	1	CYS>CSX
M0964	pdb4bte	substituted	4	HIS>ALA,TYR>HIS,ARG>ASN,GLU>ALA
M0964	pdb4e08	substituted	3	HIS>ALA,ARG>LEU,GLU>ASN
M0964	pdb4hcj	substituted	5	CYS>GLY,HIS>SER,TYR>LEU,ARG>ILE,GLU>ILE
M0964	pdb4k2h	substituted	5	CYS>ALA,HIS>SER,TYR>SER,ARG>GLN,GLU>ALA
M0964	pdb4mnt	substituted	4	HIS>ALA,TYR>HIS,ARG>ASN,GLU>ALA
M0964	pdb4mtc	substituted	4	HIS>ALA,TYR>HIS,ARG>ASN,GLU>ALA
M0964	pdb4n0m	substituted	4	HIS>ALA,TYR>HIS,ARG>ASN,GLU>ALA
M0964	pdb4n12	substituted	5	CYS>CSD,HIS>ALA,TYR>HIS,ARG>ASN,GLU>ALA
M0964	pdb4ofw	exact	0	
M0964	pdb4ogf	substituted	5	CYS>CGV,HIS>ALA,TYR>HIS,ARG>ASN,GLU>ALA
M0964	pdb4ogg	substituted	1	CYS>CGV
M0964	pdb4oq4	substituted	5	CYS>CSD,HIS>ALA,TYR>HIS,ARG>ASN,GLU>ALA
M0964	pdb4p2g	substituted	5	CYS>CSD,HIS>ALA,TYR>HIS,ARG>ASN,GLU>ALA
M0964	pdb4p34	substituted	5	CYS>CSO,HIS>ALA,TYR>HIS,ARG>ASN,GLU>ALA
M0964	pdb4p35	substituted	4	HIS>ALA,TYR>HIS,ARG>ASN,GLU>ALA
M0964	pdb4p36	substituted	5	CYS>CSO,HIS>ALA,TYR>HIS,ARG>ASN,GLU>ALA
M0964	pdb4rkw	substituted	4	HIS>ALA,TYR>HIS,ARG>ASN,GLU>ALA
M0964	pdb4rky	substituted	5	CYS>SNC,HIS>ALA,TYR>HIS,ARG>ASN,GLU>ALA
M0964	pdb4s0z	substituted	4	HIS>ALA,TYR>HIS,ARG>ASN,GLU>ALA
M0964	pdb4xll	substituted	3	CYS>CSD,HIS>ALA,ARG>MET
M0964	pdb4y0n	substituted	4	CYS>CSD,TYR>VAL,ARG>PHE,GLU>ASP
M0964	pdb4y1e	substituted	4	CYS>ASP,TYR>VAL,ARG>PHE,GLU>ASP
M0964	pdb4y1f	substituted	4	CYS>CSD,TYR>VAL,ARG>PHE,GLU>ASP
M0964	pdb4y1g	substituted	4	CYS>CSO,TYR>VAL,ARG>PHE,GLU>ASP
M0964	pdb4y1r	substituted	4	CYS>OCS,TYR>VAL,ARG>PHE,GLU>ASP
M0964	pdb4zgg	substituted	4	HIS>ALA,TYR>HIS,ARG>ASN,GLU>ALA
M0964	pdb5ip5	substituted	4	HIS>ALA,TYR>HIS,ARG>ASN,GLU>ALA
M0964	pdb5sy6	substituted	4	HIS>ALA,TYR>HIS,ARG>ASN,GLU>ALA
M0964	pdb5sy9	substituted	5	CYS>CSD,HIS>ALA,TYR>HIS,ARG>ASN,GLU>ALA
M0964	pdb5sya	substituted	5	CYS>CSD,HIS>ALA,TYR>HIS,ARG>ASN,GLU>ALA
M0964	pdb5tw0	substituted	2	CYS>OCS,TYR>THR
M0964	pdb5txw	substituted	2	CYS>OCS,TYR>THR
M0964	pdb6f2f	exact	0	
M0964	pdb6f2h	exact	0	
M0131	pdb1bf3	exact	0	
M0131	pdb1bgj	exact	0	
M0131	pdb1bgn	exact	0	
M0131	pdb1bkw	exact	0	
M0131	pdb1cc4	exact	0	
M0131	pdb1cc6	exact	0	
M0131	pdb1cj2	exact	0	
M0131	pdb1cj3	exact	0	
M0131	pdb1cj4	exact	0	
M0131	pdb1d7l	exact	0	
M0131	pdb1dob	exact	0	
M0131	pdb1doc	exact	0	
M0131	pdb1dod	exact	0	
M0131	pdb1doe	exact	0	
M0131	pdb1ius	exact	0	
M0131	pdb1iut	exact	0	
M0131	pdb1iuu	exact	0	
M0131	pdb1iuv	exact	0	
M0131	pdb1iuw	exact	0	
M0131	pdb1iux	exact	0	
M0131	pdb1k0i	exact	0	
M0131	pdb1k0j	exact	0	
M0131	pdb1k0l	exact	0	
M0131	pdb1pbb	exact	0	
M0131	pdb1pbc	exact	0	
M0131	pdb1pbd	exact	0	
M0131	pdb1pbe	exact	0	
M0131	pdb1pbf	exact	0	
M0131	pdb1pdh	exact	0	
M0131	pdb1phh	exact	0	
M0131	pdb1pxa	exact	0	
M0131	pdb1pxb	substituted	1	TYR>PHE
M0131	pdb1pxc	substituted	1	TYR>PHE
M0131	pdb1ykj	exact	0	
M0131	pdb2phh	exact	0	
M0131	pdb2qa2	partial	NA	
M0131	pdb2x3n	partial	NA	
M0131	pdb3fmw	partial	NA	
M0131	pdb3i3l	partial	NA	
M0131	pdb4k5r	partial	NA	
M0131	pdb4k5s	partial	NA	
M0131	pdb5kow	partial	NA	
M0131	pdb5kox	partial	NA	
M0131	pdb5tti	partial	NA	
M0131	pdb5vqb	partial	NA	
M0131	pdb6brd	partial	NA	
M0131	pdb6dll	exact	0	
M0131	pdb6ju1	substituted	1	TYR>PHE
M0754	pdb1j53	exact	0	
M0754	pdb1j54	exact	0	
M0754	pdb2gui	exact	0	
M0754	pdb2ido	exact	0	
M0754	pdb2p1j	substituted	1	GLU>LYS
M0754	pdb2xy8	exact	0	
M0754	pdb4fzx	partial	NA	
M0754	pdb4fzy	partial	NA	
M0754	pdb4fzz	partial	NA	
M0754	pdb5fku	exact	0	
M0754	pdb5fkv	exact	0	
M0754	pdb5fkw	exact	0	
M0754	pdb5m1s	exact	0	
M0313	pdb1diz	exact	0	
M0313	pdb1mpg	exact	0	
M0313	pdb1pvs	exact	0	
M0313	pdb2jhj	substituted	1	TYR>LEU
M0313	pdb2jhn	substituted	1	TYR>LEU
M0313	pdb2yg8	substituted	1	TYR>MSE
M0313	pdb2yg9	substituted	1	TYR>MET
M0313	pdb3cvs	exact	0	
M0313	pdb3cvt	exact	0	
M0313	pdb3cw7	exact	0	
M0313	pdb3cwa	exact	0	
M0313	pdb3cws	exact	0	
M0313	pdb3cwt	exact	0	
M0313	pdb3cwu	exact	0	
M0313	pdb3d4v	exact	0	
M0313	pdb3ogd	exact	0	
M0313	pdb3oh6	exact	0	
M0313	pdb3oh9	exact	0	
M0313	pdb3s6i	partial	NA	
M0092	pdb1dli	exact	0	
M0092	pdb1dlj	substituted	1	CYS>SER
M0092	pdb1mfz	exact	0	
M0092	pdb1muu	exact	0	
M0092	pdb1mv8	exact	0	
M0092	pdb2o3j	exact	0	
M0092	pdb2q3e	exact	0	
M0092	pdb2qg4	exact	0	
M0092	pdb2y0c	exact	0	
M0092	pdb2y0d	exact	0	
M0092	pdb2y0e	exact	0	
M0092	pdb3gg2	exact	0	
M0092	pdb3itk	substituted	1	THR>ALA
M0092	pdb3khu	exact	0	
M0092	pdb3ojl	substituted	1	GLU>PRO
M0092	pdb3ojo	substituted	1	GLU>PRO
M0092	pdb3phl	exact	0	
M0092	pdb3pid	exact	0	
M0092	pdb3pjg	exact	0	
M0092	pdb3pln	exact	0	
M0092	pdb3plr	exact	0	
M0092	pdb3prj	exact	0	
M0092	pdb3ptz	exact	0	
M0092	pdb3tdk	exact	0	
M0092	pdb3tf5	exact	0	
M0092	pdb3vtf	exact	0	
M0092	pdb4a7p	exact	0	
M0092	pdb4edf	exact	0	
M0092	pdb4qej	partial	NA	
M0092	pdb4r16	substituted	1	GLU>PRO
M0092	pdb4rjt	exact	0	
M0092	pdb4xr9	exact	0	
M0092	pdb4xrr	exact	0	
M0092	pdb5tjh	exact	0	
M0092	pdb5vr8	exact	0	
M0092	pdb5w4x	exact	0	
M0092	pdb6c4j	exact	0	
M0092	pdb6c4k	exact	0	
M0092	pdb6c58	exact	0	
M0092	pdb6c5a	exact	0	
M0092	pdb6c5z	exact	0	
M0092	pdb6om8	exact	0	
M0092	pdb7kws	exact	0	
M0108	pdb1bwk	partial	NA	
M0108	pdb1bwl	partial	NA	
M0108	pdb1djn	partial	NA	
M0108	pdb1djq	partial	NA	
M0108	pdb1gvo	partial	NA	
M0108	pdb1gvq	partial	NA	
M0108	pdb1gvr	partial	NA	
M0108	pdb1gvs	partial	NA	
M0108	pdb1gwj	partial	NA	
M0108	pdb1h50	partial	NA	
M0108	pdb1h51	partial	NA	
M0108	pdb1h60	partial	NA	
M0108	pdb1h61	partial	NA	
M0108	pdb1h62	partial	NA	
M0108	pdb1h63	partial	NA	
M0108	pdb1icp	partial	NA	
M0108	pdb1icq	partial	NA	
M0108	pdb1ics	partial	NA	
M0108	pdb1k02	partial	NA	
M0108	pdb1k03	partial	NA	
M0108	pdb1o94	partial	NA	
M0108	pdb1o95	partial	NA	
M0108	pdb1oya	partial	NA	
M0108	pdb1oyb	partial	NA	
M0108	pdb1oyc	partial	NA	
M0108	pdb1ps9	exact	0	
M0108	pdb1q45	partial	NA	
M0108	pdb1vji	partial	NA	
M0108	pdb1vyp	partial	NA	
M0108	pdb1vyr	partial	NA	
M0108	pdb1vys	partial	NA	
M0108	pdb1z41	partial	NA	
M0108	pdb1z42	partial	NA	
M0108	pdb1z44	partial	NA	
M0108	pdb1z48	partial	NA	
M0108	pdb2aba	partial	NA	
M0108	pdb2abb	partial	NA	
M0108	pdb2g5w	partial	NA	
M0108	pdb2gou	partial	NA	
M0108	pdb2gq8	partial	NA	
M0108	pdb2gq9	partial	NA	
M0108	pdb2gqa	partial	NA	
M0108	pdb2h8x	partial	NA	
M0108	pdb2h8z	partial	NA	
M0108	pdb2h90	partial	NA	
M0108	pdb2hs6	partial	NA	
M0108	pdb2hs8	partial	NA	
M0108	pdb2hsa	partial	NA	
M0108	pdb2q3o	partial	NA	
M0108	pdb2q3r	partial	NA	
M0108	pdb2r14	partial	NA	
M0108	pdb2tmd	partial	NA	
M0108	pdb3aty	partial	NA	
M0108	pdb3atz	partial	NA	
M0108	pdb3f03	partial	NA	
M0108	pdb3gka	partial	NA	
M0108	pdb3gr7	partial	NA	
M0108	pdb3gr8	partial	NA	
M0108	pdb3gx9	partial	NA	
M0108	pdb3hf3	partial	NA	
M0108	pdb3hgj	partial	NA	
M0108	pdb3hgo	partial	NA	
M0108	pdb3hgr	partial	NA	
M0108	pdb3hgs	partial	NA	
M0108	pdb3k30	partial	NA	
M0108	pdb3kft	partial	NA	
M0108	pdb3kru	partial	NA	
M0108	pdb3krz	partial	NA	
M0108	pdb3l5a	partial	NA	
M0108	pdb3l5l	partial	NA	
M0108	pdb3l5m	partial	NA	
M0108	pdb3l65	partial	NA	
M0108	pdb3l66	partial	NA	
M0108	pdb3l67	partial	NA	
M0108	pdb3l68	partial	NA	
M0108	pdb3n14	partial	NA	
M0108	pdb3n19	partial	NA	
M0108	pdb3p62	partial	NA	
M0108	pdb3p67	partial	NA	
M0108	pdb3p74	partial	NA	
M0108	pdb3p7y	partial	NA	
M0108	pdb3p80	partial	NA	
M0108	pdb3p81	partial	NA	
M0108	pdb3p82	partial	NA	
M0108	pdb3p84	partial	NA	
M0108	pdb3p8i	partial	NA	
M0108	pdb3p8j	partial	NA	
M0108	pdb3rnd	partial	NA	
M0108	pdb3tjl	partial	NA	
M0108	pdb3tx9	partial	NA	
M0108	pdb3txz	partial	NA	
M0108	pdb3upw	partial	NA	
M0108	pdb3wjs	partial	NA	
M0108	pdb4a3u	partial	NA	
M0108	pdb4ab4	partial	NA	
M0108	pdb4aeo	partial	NA	
M0108	pdb4aws	partial	NA	
M0108	pdb4awt	partial	NA	
M0108	pdb4awu	partial	NA	
M0108	pdb4b5n	partial	NA	
M0108	pdb4df2	partial	NA	
M0108	pdb4e2b	partial	NA	
M0108	pdb4e2d	partial	NA	
M0108	pdb4gbu	partial	NA	
M0108	pdb4ge8	partial	NA	
M0108	pdb4gwe	partial	NA	
M0108	pdb4gxm	partial	NA	
M0108	pdb4h4i	partial	NA	
M0108	pdb4h6k	partial	NA	
M0108	pdb4jic	partial	NA	
M0108	pdb4jip	partial	NA	
M0108	pdb4jiq	partial	NA	
M0108	pdb4k7v	partial	NA	
M0108	pdb4k7y	partial	NA	
M0108	pdb4k8e	partial	NA	
M0108	pdb4k8h	partial	NA	
M0108	pdb4m5p	partial	NA	
M0108	pdb4ot7	partial	NA	
M0108	pdb4qai	partial	NA	
M0108	pdb4qnw	partial	NA	
M0108	pdb4rnu	partial	NA	
M0108	pdb4rnv	partial	NA	
M0108	pdb4rnw	partial	NA	
M0108	pdb4rnx	partial	NA	
M0108	pdb4tmb	partial	NA	
M0108	pdb4tmc	partial	NA	
M0108	pdb4uth	partial	NA	
M0108	pdb4uti	partial	NA	
M0108	pdb4utj	partial	NA	
M0108	pdb4utk	partial	NA	
M0108	pdb4utl	partial	NA	
M0108	pdb4utm	partial	NA	
M0108	pdb4yil	partial	NA	
M0108	pdb4ync	partial	NA	
M0108	pdb5cpl	partial	NA	
M0108	pdb5cpm	partial	NA	
M0108	pdb5cpn	partial	NA	
M0108	pdb5cpo	partial	NA	
M0108	pdb5dxx	partial	NA	
M0108	pdb5dxy	partial	NA	
M0108	pdb5dy2	partial	NA	
M0108	pdb5dy3	partial	NA	
M0108	pdb5epd	partial	NA	
M0108	pdb5k0r	partial	NA	
M0108	pdb5k1k	partial	NA	
M0108	pdb5k1m	partial	NA	
M0108	pdb5k1q	partial	NA	
M0108	pdb5k1u	partial	NA	
M0108	pdb5k1w	partial	NA	
M0108	pdb5lgx	partial	NA	
M0108	pdb5lgz	partial	NA	
M0108	pdb5lni	partial	NA	
M0108	pdb5lnj	partial	NA	
M0108	pdb5n6g	partial	NA	
M0108	pdb5n6q	partial	NA	
M0108	pdb5nux	partial	NA	
M0108	pdb5ocs	partial	NA	
M0108	pdb5ogt	partial	NA	
M0108	pdb5v4p	partial	NA	
M0108	pdb5v4v	partial	NA	
M0108	pdb6agz	partial	NA	
M0108	pdb6de6	partial	NA	
M0108	pdb6gi7	partial	NA	
M0108	pdb6gi8	partial	NA	
M0108	pdb6gi9	partial	NA	
M0108	pdb6gia	partial	NA	
M0108	pdb6l6j	partial	NA	
M0108	pdb6myw	partial	NA	
M0108	pdb6o08	partial	NA	
M0108	pdb6qkg	substituted	1	GLU>VAL
M0108	pdb6qkr	substituted	1	GLU>VAL
M0108	pdb6qkx	substituted	1	GLU>VAL
M0108	pdb6s0g	partial	NA	
M0108	pdb6s23	partial	NA	
M0108	pdb6s31	partial	NA	
M0108	pdb6s32	partial	NA	
M0108	pdb6uff	partial	NA	
M0108	pdb7o0t	partial	NA	
M0139	pdb1dgj	substituted	2	GLU>MET,GLU>PHE
M0139	pdb1ffu	substituted	3	GLU>SER,GLU>VAL,ARG>PRO
M0139	pdb1ffv	substituted	3	GLU>SER,GLU>VAL,ARG>PRO
M0139	pdb1fiq	exact	0	
M0139	pdb1fo4	exact	0	
M0139	pdb1jro	exact	0	
M0139	pdb1jrp	exact	0	
M0139	pdb1n5w	substituted	3	GLU>SER,GLU>VAL,ARG>PRO
M0139	pdb1n5x	exact	0	
M0139	pdb1n60	substituted	3	GLU>SER,GLU>VAL,ARG>PRO
M0139	pdb1n61	substituted	3	GLU>SER,GLU>VAL,ARG>PRO
M0139	pdb1n62	substituted	3	GLU>SER,GLU>VAL,ARG>PRO
M0139	pdb1n63	substituted	3	GLU>SER,GLU>VAL,ARG>PRO
M0139	pdb1rm6	substituted	3	GLU>GLY,GLU>THR,ARG>TYR
M0139	pdb1sb3	substituted	3	GLU>GLY,GLU>THR,ARG>TYR
M0139	pdb1sij	substituted	2	GLU>LEU,GLU>PHE
M0139	pdb1t3q	substituted	3	GLU>SER,GLU>ALA,ARG>GLU
M0139	pdb1v97	exact	0	
M0139	pdb1vdv	exact	0	
M0139	pdb1vlb	substituted	2	GLU>LEU,GLU>PHE
M0139	pdb1wyg	exact	0	
M0139	pdb1zxi	substituted	3	GLU>SER,GLU>VAL,ARG>PRO
M0139	pdb2ckj	exact	0	
M0139	pdb2e1q	substituted	1	GLU>VAL
M0139	pdb2e3t	exact	0	
M0139	pdb2w3r	exact	0	
M0139	pdb2w3s	exact	0	
M0139	pdb2w54	exact	0	
M0139	pdb2w55	substituted	1	GLU>GLN
M0139	pdb3am9	exact	0	
M0139	pdb3amz	exact	0	
M0139	pdb3an1	exact	0	
M0139	pdb3ax7	exact	0	
M0139	pdb3ax9	exact	0	
M0139	pdb3b9j	exact	0	
M0139	pdb3bdj	exact	0	
M0139	pdb3etr	exact	0	
M0139	pdb3eub	exact	0	
M0139	pdb3fah	substituted	2	GLU>LEU,GLU>PHE
M0139	pdb3fc4	substituted	2	GLU>LEU,GLU>PHE
M0139	pdb3hrd	partial	NA	
M0139	pdb3l4p	substituted	2	GLU>LEU,GLU>PHE
M0139	pdb3nrz	exact	0	
M0139	pdb3ns1	exact	0	
M0139	pdb3nvv	exact	0	
M0139	pdb3nvw	exact	0	
M0139	pdb3nvy	exact	0	
M0139	pdb3nvz	exact	0	
M0139	pdb3sr6	exact	0	
M0139	pdb3una	exact	0	
M0139	pdb3unc	exact	0	
M0139	pdb3uni	exact	0	
M0139	pdb3zyv	substituted	2	GLU>ALA,ARG>TYR
M0139	pdb4c7y	substituted	2	GLU>LEU,GLU>PHE
M0139	pdb4c7z	substituted	2	GLU>LEU,GLU>PHE
M0139	pdb4c80	substituted	2	GLU>LEU,GLU>PHE
M0139	pdb4uhw	substituted	2	GLU>VAL,ARG>MET
M0139	pdb4uhx	substituted	2	GLU>VAL,ARG>MET
M0139	pdb4us8	substituted	2	GLU>LEU,GLU>PHE
M0139	pdb4us9	substituted	2	GLU>LEU,GLU>PHE
M0139	pdb4usa	substituted	2	GLU>LEU,GLU>PHE
M0139	pdb4yrw	exact	0	
M0139	pdb4ysw	exact	0	
M0139	pdb4yty	exact	0	
M0139	pdb4ytz	exact	0	
M0139	pdb4zoh	substituted	3	GLU>ALA,GLU>ILE,ARG>VAL
M0139	pdb5epg	substituted	2	GLU>VAL,ARG>MET
M0139	pdb5g5g	substituted	3	GLU>LEU,GLU>LEU,ARG>PRO
M0139	pdb5g5h	substituted	3	GLU>LEU,GLU>LEU,ARG>PRO
M0139	pdb5y6q	substituted	3	GLU>LEU,GLU>PRO,ARG>ALA
M0139	pdb6a7x	exact	0	
M0139	pdb6abu	exact	0	
M0139	pdb6ac1	exact	0	
M0139	pdb6ac4	exact	0	
M0139	pdb6ad4	exact	0	
M0139	pdb6adj	exact	0	
M0139	pdb6aju	exact	0	
M0139	pdb6q6q	substituted	2	GLU>VAL,ARG>MET
M0235	pdb1bs2	exact	0	
M0235	pdb1f7u	exact	0	
M0235	pdb1f7v	exact	0	
M0235	pdb1iq0	exact	0	
M0235	pdb2zue	exact	0	
M0235	pdb2zuf	exact	0	
M0235	pdb3fnr	substituted	1	LYS>GLY
M0235	pdb4oby	exact	0	
M0235	pdb4q2t	exact	0	
M0235	pdb4q2x	exact	0	
M0235	pdb4q2y	exact	0	
M0235	pdb4r3z	exact	0	
M0235	pdb4zaj	exact	0	
M0235	pdb5b63	exact	0	
M0235	pdb5jld	exact	0	
M0235	pdb5yym	exact	0	
M0235	pdb5yyn	exact	0	
M0235	pdb6ao8	exact	0	
M0444	pdb1a39	exact	0	
M0444	pdb1cel	exact	0	
M0444	pdb1dy4	exact	0	
M0444	pdb1dym	substituted	1	GLU>ALA
M0444	pdb1eg1	exact	0	
M0444	pdb1egn	exact	0	
M0444	pdb1gpi	exact	0	
M0444	pdb1h46	exact	0	
M0444	pdb1oji	substituted	1	GLU>SER
M0444	pdb1ojj	substituted	1	GLU>SER
M0444	pdb1ojk	substituted	1	GLU>SER
M0444	pdb1ovw	exact	0	
M0444	pdb1q2b	exact	0	
M0444	pdb1q2e	exact	0	
M0444	pdb1q9h	exact	0	
M0444	pdb1z3t	exact	0	
M0444	pdb1z3v	exact	0	
M0444	pdb1z3w	exact	0	
M0444	pdb2a39	exact	0	
M0444	pdb2cel	substituted	1	GLU>GLN
M0444	pdb2ovw	exact	0	
M0444	pdb2rfw	exact	0	
M0444	pdb2rfy	exact	0	
M0444	pdb2rfz	exact	0	
M0444	pdb2rg0	exact	0	
M0444	pdb2v3i	exact	0	
M0444	pdb2v3r	exact	0	
M0444	pdb2xsp	exact	0	
M0444	pdb2y9n	exact	0	
M0444	pdb2yg1	exact	0	
M0444	pdb2yok	exact	0	
M0444	pdb3cel	substituted	1	GLU>GLN
M0444	pdb3ovw	exact	0	
M0444	pdb3pfj	exact	0	
M0444	pdb3pfx	exact	0	
M0444	pdb3pfz	exact	0	
M0444	pdb3pl3	exact	0	
M0444	pdb4c4c	substituted	1	GLU>GLN
M0444	pdb4c4d	substituted	1	GLU>GLN
M0444	pdb4cel	substituted	1	ASP>ASN
M0444	pdb4csi	exact	0	
M0444	pdb4d5i	substituted	1	GLU>GLN
M0444	pdb4d5j	substituted	1	GLU>GLN
M0444	pdb4d5o	substituted	1	GLU>GLN
M0444	pdb4d5p	substituted	1	GLU>GLN
M0444	pdb4d5q	substituted	1	GLU>GLN
M0444	pdb4d5v	substituted	1	GLU>GLN
M0444	pdb4gwa	exact	0	
M0444	pdb4hap	exact	0	
M0444	pdb4haq	exact	0	
M0444	pdb4ipm	exact	0	
M0444	pdb4ovw	exact	0	
M0444	pdb4p1h	exact	0	
M0444	pdb4p1j	exact	0	
M0444	pdb4uwt	substituted	1	GLU>GLN
M0444	pdb4v0z	exact	0	
M0444	pdb4v1z	exact	0	
M0444	pdb4v20	exact	0	
M0444	pdb4xeb	exact	0	
M0444	pdb4xnn	exact	0	
M0444	pdb4zzp	exact	0	
M0444	pdb4zzq	exact	0	
M0444	pdb4zzt	exact	0	
M0444	pdb4zzu	exact	0	
M0444	pdb4zzv	exact	0	
M0444	pdb4zzw	exact	0	
M0444	pdb5amp	exact	0	
M0444	pdb5cel	substituted	1	GLU>GLN
M0444	pdb5mcc	exact	0	
M0444	pdb5mcd	exact	0	
M0444	pdb5mce	exact	0	
M0444	pdb5mcf	exact	0	
M0444	pdb5mch	exact	0	
M0444	pdb5mci	exact	0	
M0444	pdb5mcj	exact	0	
M0444	pdb5mck	exact	0	
M0444	pdb5mcl	exact	0	
M0444	pdb5mcm	exact	0	
M0444	pdb5mcn	exact	0	
M0444	pdb5oa5	exact	0	
M0444	pdb5tc9	exact	0	
M0444	pdb6cel	substituted	1	GLU>GLN
M0444	pdb6grn	exact	0	
M0444	pdb7cel	substituted	1	GLU>GLN
M0623	pdb1dmt	exact	0	
M0623	pdb1r1h	exact	0	
M0623	pdb1r1i	exact	0	
M0623	pdb1r1j	exact	0	
M0623	pdb1y8j	exact	0	
M0623	pdb2qpj	exact	0	
M0623	pdb2yb9	exact	0	
M0623	pdb3dwb	exact	0	
M0623	pdb3zuk	exact	0	
M0623	pdb4cth	exact	0	
M0623	pdb4iuw	substituted	4	GLU>ILE,ASP>ASN,HIS>ALA,ARG>VAL
M0623	pdb4xbh	exact	0	
M0623	pdb4zr5	exact	0	
M0623	pdb5jmy	exact	0	
M0623	pdb5v48	exact	0	
M0623	pdb6gid	exact	0	
M0623	pdb6xly	exact	0	
M0919	pdb1htl	exact	0	
M0919	pdb1lt3	exact	0	
M0919	pdb1lt4	exact	0	
M0919	pdb1lta	exact	0	
M0919	pdb1ltb	substituted	3	GLU>HIS,GLU>TYR,SER>GLY
M0919	pdb1ltg	substituted	1	ARG>LYS
M0919	pdb1lti	exact	0	
M0919	pdb1lts	substituted	3	GLU>HIS,GLU>TYR,SER>GLY
M0919	pdb1ltt	substituted	3	GLU>HIS,GLU>TYR,SER>GLY
M0919	pdb1s5b	exact	0	
M0919	pdb1s5c	exact	0	
M0919	pdb1s5d	exact	0	
M0919	pdb1s5e	exact	0	
M0919	pdb1s5f	exact	0	
M0919	pdb1tii	exact	0	
M0919	pdb1xtc	exact	0	
M0919	pdb2a5d	substituted	2	GLU>ASP,GLU>ASP
M0919	pdb2a5f	substituted	2	GLU>ASP,GLU>ASP
M0919	pdb2a5g	substituted	2	GLU>ASP,GLU>ASP
M0369	pdb1a2n	substituted	1	SER>ALA
M0369	pdb1dlg	exact	0	
M0369	pdb1ejc	substituted	1	SER>CYS
M0369	pdb1ejd	substituted	1	SER>CYS
M0369	pdb1eps	substituted	3	SER>PRO,ASN>THR,ARG>LYS
M0369	pdb1eyn	substituted	1	SER>CYS
M0369	pdb1g6s	substituted	3	SER>PRO,ASN>SER,ARG>LYS
M0369	pdb1g6t	substituted	3	SER>PRO,ASN>SER,ARG>LYS
M0369	pdb1mi4	substituted	3	SER>PRO,ASN>SER,ARG>LYS
M0369	pdb1naw	substituted	1	SER>CYS
M0369	pdb1q36	substituted	4	SER>PRO,ASN>SER,ASP>ALA,ARG>LYS
M0369	pdb1q3g	substituted	2	SER>CYS,ASP>ALA
M0369	pdb1rf4	substituted	3	SER>ASP,ASN>SER,ARG>THR
M0369	pdb1rf5	substituted	3	SER>ASP,ASN>SER,ARG>THR
M0369	pdb1rf6	substituted	3	SER>ASP,ASN>SER,ARG>THR
M0369	pdb1ryw	exact	0	
M0369	pdb1uae	substituted	1	SER>CYS
M0369	pdb1x8r	substituted	3	SER>PRO,ASN>SER,ARG>LYS
M0369	pdb1x8t	substituted	3	SER>PRO,ASN>SER,ARG>LYS
M0369	pdb1ybg	substituted	1	SER>CYS
M0369	pdb2aa9	substituted	3	SER>PRO,ASN>SER,ARG>LYS
M0369	pdb2aay	substituted	3	SER>PRO,ASN>SER,ARG>LYS
M0369	pdb2gg4	partial	NA	
M0369	pdb2gg6	partial	NA	
M0369	pdb2gga	partial	NA	
M0369	pdb2ggd	partial	NA	
M0369	pdb2pq9	substituted	3	SER>PRO,ASN>SER,ARG>LYS
M0369	pdb2pqb	partial	NA	
M0369	pdb2pqc	partial	NA	
M0369	pdb2pqd	partial	NA	
M0369	pdb2qfq	substituted	3	SER>PRO,ASN>SER,ARG>LYS
M0369	pdb2qfs	substituted	3	SER>PRO,ASN>SER,ARG>LYS
M0369	pdb2qft	substituted	3	SER>PRO,ASN>SER,ARG>LYS
M0369	pdb2qfu	substituted	3	SER>PRO,ASN>SER,ARG>LYS
M0369	pdb2rl1	substituted	1	SER>CYS
M0369	pdb2rl2	substituted	1	SER>CYS
M0369	pdb2yvw	substituted	1	SER>CYS
M0369	pdb2z2c	substituted	1	SER>CYS
M0369	pdb3fjx	substituted	3	SER>PRO,ASN>SER,ARG>LYS
M0369	pdb3fjz	substituted	3	SER>PRO,ASN>SER,ARG>LYS
M0369	pdb3fk0	substituted	3	SER>PRO,ASN>SER,ARG>LYS
M0369	pdb3fk1	substituted	3	SER>PRO,ASN>SER,ARG>LYS
M0369	pdb3iss	substituted	1	SER>CYS
M0369	pdb3kqa	substituted	1	SER>CYS
M0369	pdb3kqj	substituted	1	SER>CYS
M0369	pdb3kr6	substituted	1	SER>CYS
M0369	pdb3lth	substituted	1	SER>CYS
M0369	pdb3nvs	substituted	3	SER>PRO,ASN>SER,ARG>LYS
M0369	pdb3r38	substituted	1	SER>CYS
M0369	pdb3roi	partial	NA	
M0369	pdb3sg1	substituted	1	SER>CYS
M0369	pdb3slh	partial	NA	
M0369	pdb3spb	substituted	1	SER>CYS
M0369	pdb3su9	substituted	1	SER>QPA
M0369	pdb3swa	substituted	2	SER>QPA,ARG>ALA
M0369	pdb3swd	substituted	1	SER>QPA
M0369	pdb3swe	substituted	1	SER>QPA
M0369	pdb3swg	substituted	1	SER>QPA
M0369	pdb3swi	substituted	1	SER>QPA
M0369	pdb3swq	substituted	1	SER>CYS
M0369	pdb3tr1	partial	NA	
M0369	pdb3upk	substituted	1	SER>CYS
M0369	pdb3v4t	substituted	1	SER>ASP
M0369	pdb3v5v	substituted	1	SER>ASP
M0369	pdb3vcy	substituted	1	SER>CYS
M0369	pdb3zh3	partial	NA	
M0369	pdb3zh4	partial	NA	
M0369	pdb4e7b	substituted	1	SER>CYS
M0369	pdb4e7c	substituted	1	SER>CYS
M0369	pdb4e7d	substituted	1	SER>CYS
M0369	pdb4e7e	substituted	1	SER>ASP
M0369	pdb4e7f	substituted	1	SER>ASP
M0369	pdb4e7g	substituted	2	SER>ASP,ARG>ALA
M0369	pdb4egr	partial	NA	
M0369	pdb4eii	substituted	1	SER>CYS
M0369	pdb4fqd	partial	NA	
M0369	pdb4gfp	partial	NA	
M0369	pdb4n3p	substituted	4	SER>ASP,LYS>SER,ASN>SER,ARG>THR
M0369	pdb4r7u	substituted	1	SER>CYS
M0369	pdb4znd	partial	NA	
M0369	pdb5bq2	substituted	1	SER>QPA
M0369	pdb5u4h	substituted	1	SER>CYS
M0369	pdb5ujs	substituted	1	SER>CYS
M0369	pdb5vm7	substituted	1	SER>CYS
M0369	pdb5wi5	substituted	1	SER>CYS
M0369	pdb5xwb	partial	NA	
M0369	pdb6nkj	substituted	1	SER>CYS
M0253	pdb1fps	exact	0	
M0253	pdb1rtr	partial	NA	
M0253	pdb1ubv	substituted	1	PHE>ALA
M0253	pdb1ubw	substituted	1	PHE>ALA
M0253	pdb1ubx	substituted	1	PHE>ALA
M0253	pdb1uby	substituted	1	PHE>ALA
M0253	pdb1wmw	substituted	1	PHE>TRP
M0253	pdb1wy0	substituted	2	PHE>TYR,LYS>SER
M0253	pdb1yhk	substituted	1	PHE>HIS
M0253	pdb1yhl	substituted	1	PHE>HIS
M0253	pdb1yhm	substituted	1	PHE>HIS
M0253	pdb1yq7	exact	0	
M0253	pdb1yv5	exact	0	
M0253	pdb1zw5	exact	0	
M0253	pdb2ewg	substituted	1	PHE>HIS
M0253	pdb2f7m	substituted	9	PHE>LEU,ASP>LEU,ARG>SER,ASP>GLN,LYS>VAL,PHE>GLY,ASP>GLN,ASP>ILE,LYS>ILE
M0253	pdb2f89	substituted	9	PHE>LEU,ASP>LEU,ARG>SER,ASP>GLN,LYS>VAL,PHE>GLY,ASP>GLN,ASP>ILE,LYS>ILE
M0253	pdb2f8c	substituted	9	PHE>LEU,ASP>LEU,ARG>SER,ASP>GLN,LYS>VAL,PHE>GLY,ASP>GLN,ASP>ILE,LYS>ILE
M0253	pdb2f8z	substituted	9	PHE>LEU,ASP>LEU,ARG>SER,ASP>GLN,LYS>VAL,PHE>GLY,ASP>GLN,ASP>ILE,LYS>ILE
M0253	pdb2f92	substituted	9	PHE>LEU,ASP>LEU,ARG>SER,ASP>GLN,LYS>VAL,PHE>GLY,ASP>GLN,ASP>ILE,LYS>ILE
M0253	pdb2f94	substituted	9	PHE>LEU,ASP>LEU,ARG>SER,ASP>GLN,LYS>VAL,PHE>GLY,ASP>GLN,ASP>ILE,LYS>ILE
M0253	pdb2f9k	substituted	9	PHE>LEU,ASP>LEU,ARG>SER,ASP>GLN,LYS>VAL,PHE>GLY,ASP>GLN,ASP>ILE,LYS>ILE
M0253	pdb2i19	substituted	1	PHE>HIS
M0253	pdb2o1o	substituted	3	PHE>LEU,PHE>TYR,ASP>ASN
M0253	pdb2ogd	substituted	1	PHE>HIS
M0253	pdb2opm	exact	0	
M0253	pdb2opn	exact	0	
M0253	pdb2p1c	substituted	1	PHE>HIS
M0253	pdb2q58	substituted	3	PHE>LEU,PHE>TYR,ASP>ASN
M0253	pdb2qis	exact	0	
M0253	pdb2rah	exact	0	
M0253	pdb2vf6	exact	0	
M0253	pdb3b7l	exact	0	
M0253	pdb3cc9	substituted	1	PHE>ALA
M0253	pdb3cp6	exact	0	
M0253	pdb3dyf	substituted	1	PHE>HIS
M0253	pdb3dyg	substituted	1	PHE>HIS
M0253	pdb3dyh	substituted	1	PHE>HIS
M0253	pdb3efq	substituted	1	PHE>HIS
M0253	pdb3egt	substituted	1	PHE>HIS
M0253	pdb3ez3	substituted	1	PHE>ALA
M0253	pdb3iba	substituted	1	PHE>HIS
M0253	pdb3ick	substituted	1	PHE>HIS
M0253	pdb3icm	substituted	1	PHE>HIS
M0253	pdb3icn	substituted	1	PHE>HIS
M0253	pdb3icz	substituted	1	PHE>HIS
M0253	pdb3id0	substituted	1	PHE>HIS
M0253	pdb3ldw	substituted	1	PHE>ALA
M0253	pdb3lk5	partial	NA	
M0253	pdb3mav	substituted	1	PHE>ALA
M0253	pdb3n1v	substituted	9	PHE>LEU,ASP>LEU,ARG>SER,ASP>GLN,LYS>VAL,PHE>GLY,ASP>GLN,ASP>ILE,LYS>ILE
M0253	pdb3n1w	substituted	9	PHE>LEU,ASP>LEU,ARG>SER,ASP>GLN,LYS>VAL,PHE>GLY,ASP>GLN,ASP>ILE,LYS>ILE
M0253	pdb3n3l	substituted	9	PHE>LEU,ASP>LEU,ARG>SER,ASP>GLN,LYS>VAL,PHE>GLY,ASP>GLN,ASP>ILE,LYS>ILE
M0253	pdb3n45	substituted	9	PHE>LEU,ASP>LEU,ARG>SER,ASP>GLN,LYS>VAL,PHE>GLY,ASP>GLN,ASP>ILE,LYS>ILE
M0253	pdb3n46	substituted	9	PHE>LEU,ASP>LEU,ARG>SER,ASP>GLN,LYS>VAL,PHE>GLY,ASP>GLN,ASP>ILE,LYS>ILE
M0253	pdb3n49	substituted	9	PHE>LEU,ASP>LEU,ARG>SER,ASP>GLN,LYS>VAL,PHE>GLY,ASP>GLN,ASP>ILE,LYS>ILE
M0253	pdb3n5h	substituted	9	PHE>LEU,ASP>LEU,ARG>SER,ASP>GLN,LYS>VAL,PHE>GLY,ASP>GLN,ASP>ILE,LYS>ILE
M0253	pdb3n5j	substituted	9	PHE>LEU,ASP>LEU,ARG>SER,ASP>GLN,LYS>VAL,PHE>GLY,ASP>GLN,ASP>ILE,LYS>ILE
M0253	pdb3n6k	substituted	9	PHE>LEU,ASP>LEU,ARG>SER,ASP>GLN,LYS>VAL,PHE>GLY,ASP>GLN,ASP>ILE,LYS>ILE
M0253	pdb3oyr	substituted	3	PHE>ALA,ASP>GLU,LYS>ALA
M0253	pdb3ph7	substituted	1	PHE>ALA
M0253	pdb3qqv	substituted	1	PHE>CYS
M0253	pdb3rbm	substituted	1	PHE>ALA
M0253	pdb3rmg	partial	NA	
M0253	pdb3rye	exact	0	
M0253	pdb3ryw	substituted	1	PHE>ALA
M0253	pdb3s4j	exact	0	
M0253	pdb4dem	substituted	9	PHE>MET,ASP>THR,ASP>GLN,ARG>GLN,ASP>ASN,LYS>LEU,PHE>ASP,ASP>PRO,LYS>VAL
M0253	pdb4dhd	substituted	2	PHE>TYR,ASP>LEU
M0253	pdb4dwb	substituted	1	PHE>HIS
M0253	pdb4dwg	substituted	1	PHE>HIS
M0253	pdb4dxj	substituted	1	PHE>HIS
M0253	pdb4dzw	substituted	1	PHE>HIS
M0253	pdb4e1e	substituted	1	PHE>HIS
M0253	pdb4ga3	exact	0	
M0253	pdb4gp1	substituted	2	PHE>TYR,ASP>LEU
M0253	pdb4gp2	substituted	2	PHE>TYR,ASP>LEU
M0253	pdb4h5c	substituted	10	PHE>GLN,ASP>GLY,ASP>ILE,ARG>LEU,ASP>ILE,LYS>GLU,PHE>ASP,ASP>ASN,ASP>LYS,LYS>ALA
M0253	pdb4h5d	substituted	10	PHE>GLN,ASP>GLY,ASP>ILE,ARG>LEU,ASP>ILE,LYS>GLU,PHE>ASP,ASP>ASN,ASP>LYS,LYS>ALA
M0253	pdb4h5e	substituted	10	PHE>GLN,ASP>GLY,ASP>ILE,ARG>LEU,ASP>ILE,LYS>GLU,PHE>ASP,ASP>ASN,ASP>LYS,LYS>ALA
M0253	pdb4jvj	substituted	10	PHE>GLN,ASP>GLY,ASP>ILE,ARG>LEU,ASP>ILE,LYS>GLU,PHE>ASP,ASP>ASN,ASP>LYS,LYS>ALA
M0253	pdb4jzb	substituted	1	PHE>HIS
M0253	pdb4jzx	substituted	1	PHE>HIS
M0253	pdb4k10	substituted	1	PHE>HIS
M0253	pdb4kfa	exact	0	
M0253	pdb4kk2	substituted	1	PHE>TYR
M0253	pdb4kkm	substituted	1	PHE>TYR
M0253	pdb4kpd	exact	0	
M0253	pdb4kpj	exact	0	
M0253	pdb4kq5	exact	0	
M0253	pdb4kqs	exact	0	
M0253	pdb4kqu	exact	0	
M0253	pdb4l2x	substituted	10	PHE>GLN,ASP>GLY,ASP>ILE,ARG>LEU,ASP>ILE,LYS>GLU,PHE>ASP,ASP>ASN,ASP>LYS,LYS>ALA
M0253	pdb4lfv	substituted	10	PHE>GLN,ASP>GLY,ASP>ILE,ARG>LEU,ASP>ILE,LYS>GLU,PHE>ASP,ASP>ASN,ASP>LYS,LYS>ALA
M0253	pdb4lpg	substituted	10	PHE>GLN,ASP>GLY,ASP>ILE,ARG>LEU,ASP>ILE,LYS>GLU,PHE>ASP,ASP>ASN,ASP>LYS,LYS>ALA
M0253	pdb4lph	substituted	10	PHE>GLN,ASP>GLY,ASP>ILE,ARG>LEU,ASP>ILE,LYS>GLU,PHE>ASP,ASP>ASN,ASP>LYS,LYS>ALA
M0253	pdb4n1z	substituted	10	PHE>GLU,ASP>PHE,ASP>ALA,ARG>ASP,ASP>ILE,LYS>SER,PHE>GLU,ASP>PHE,ASP>PHE,LYS>ASN
M0253	pdb4n9u	substituted	1	LYS>GLY
M0253	pdb4nfi	substituted	10	PHE>GLN,ASP>GLY,ASP>ILE,ARG>LEU,ASP>ILE,LYS>GLU,PHE>ASP,ASP>ASN,ASP>LYS,LYS>ALA
M0253	pdb4nfj	substituted	10	PHE>GLN,ASP>GLY,ASP>ILE,ARG>LEU,ASP>ILE,LYS>GLU,PHE>ASP,ASP>ASN,ASP>LYS,LYS>ALA
M0253	pdb4nfk	substituted	10	PHE>GLN,ASP>GLY,ASP>ILE,ARG>LEU,ASP>ILE,LYS>GLU,PHE>ASP,ASP>ASN,ASP>LYS,LYS>ALA
M0253	pdb4ng6	substituted	1	LYS>LEU
M0253	pdb4nke	substituted	1	PHE>ALA
M0253	pdb4nkf	substituted	1	PHE>ALA
M0253	pdb4nua	substituted	1	PHE>ALA
M0253	pdb4ogu	substituted	1	PHE>ALA
M0253	pdb4p0v	exact	0	
M0253	pdb4p0w	exact	0	
M0253	pdb4p0x	exact	0	
M0253	pdb4pvx	substituted	10	PHE>GLN,ASP>GLY,ASP>ILE,ARG>LEU,ASP>ILE,LYS>GLU,PHE>ASP,ASP>ASN,ASP>LYS,LYS>ALA
M0253	pdb4pvy	substituted	10	PHE>GLN,ASP>GLY,ASP>ILE,ARG>LEU,ASP>ILE,LYS>GLU,PHE>ASP,ASP>ASN,ASP>LYS,LYS>ALA
M0253	pdb4q23	exact	0	
M0253	pdb4qpf	exact	0	
M0253	pdb4qxs	substituted	10	PHE>GLN,ASP>GLY,ASP>ILE,ARG>LEU,ASP>ILE,LYS>GLU,PHE>ASP,ASP>ASN,ASP>LYS,LYS>ALA
M0253	pdb4rxa	exact	0	
M0253	pdb4rxc	substituted	1	PHE>HIS
M0253	pdb4rxd	substituted	1	PHE>HIS
M0253	pdb4rxe	substituted	1	PHE>HIS
M0253	pdb4ryp	substituted	1	PHE>HIS
M0253	pdb4xqr	substituted	10	PHE>GLN,ASP>GLY,ASP>ILE,ARG>LEU,ASP>ILE,LYS>GLU,PHE>ASP,ASP>ASN,ASP>LYS,LYS>ALA
M0253	pdb4xqs	substituted	10	PHE>GLN,ASP>GLY,ASP>ILE,ARG>LEU,ASP>ILE,LYS>GLU,PHE>ASP,ASP>ASN,ASP>LYS,LYS>ALA
M0253	pdb4xqt	substituted	10	PHE>GLN,ASP>GLY,ASP>ILE,ARG>LEU,ASP>ILE,LYS>GLU,PHE>ASP,ASP>ASN,ASP>LYS,LYS>ALA
M0253	pdb5ael	substituted	1	PHE>HIS
M0253	pdb5afx	substituted	1	PHE>HIS
M0253	pdb5ahu	partial	NA	
M0253	pdb5cg5	exact	0	
M0253	pdb5cg6	exact	0	
M0253	pdb5dgm	substituted	9	PHE>LEU,ASP>LEU,ARG>SER,ASP>GLN,LYS>VAL,PHE>GLY,ASP>GLN,ASP>ILE,LYS>ILE
M0253	pdb5dgn	substituted	9	PHE>LEU,ASP>LEU,ARG>SER,ASP>GLN,LYS>VAL,PHE>GLY,ASP>GLN,ASP>ILE,LYS>ILE
M0253	pdb5dgs	substituted	9	PHE>LEU,ASP>LEU,ARG>SER,ASP>GLN,LYS>VAL,PHE>GLY,ASP>GLN,ASP>ILE,LYS>ILE
M0253	pdb5diq	substituted	9	PHE>LEU,ASP>LEU,ARG>SER,ASP>GLN,LYS>VAL,PHE>GLY,ASP>GLN,ASP>ILE,LYS>ILE
M0253	pdb5djp	substituted	9	PHE>LEU,ASP>LEU,ARG>SER,ASP>GLN,LYS>VAL,PHE>GLY,ASP>GLN,ASP>ILE,LYS>ILE
M0253	pdb5djr	substituted	9	PHE>LEU,ASP>LEU,ARG>SER,ASP>GLN,LYS>VAL,PHE>GLY,ASP>GLN,ASP>ILE,LYS>ILE
M0253	pdb5djv	substituted	9	PHE>LEU,ASP>LEU,ARG>SER,ASP>GLN,LYS>VAL,PHE>GLY,ASP>GLN,ASP>ILE,LYS>ILE
M0253	pdb5hn7	substituted	1	PHE>ALA
M0253	pdb5hn8	substituted	1	PHE>ALA
M0253	pdb5hn9	substituted	1	PHE>ALA
M0253	pdb5hna	substituted	1	PHE>ALA
M0253	pdb5ja0	substituted	10	PHE>GLN,ASP>GLY,ASP>ILE,ARG>LEU,ASP>ILE,LYS>GLU,PHE>ASP,ASP>ASN,ASP>LYS,LYS>ALA
M0253	pdb5juz	substituted	10	PHE>GLN,ASP>GLY,ASP>ILE,ARG>LEU,ASP>ILE,LYS>GLU,PHE>ASP,ASP>ASN,ASP>LYS,LYS>ALA
M0253	pdb5jv0	substituted	10	PHE>GLN,ASP>GLY,ASP>ILE,ARG>LEU,ASP>ILE,LYS>GLU,PHE>ASP,ASP>ASN,ASP>LYS,LYS>ALA
M0253	pdb5jv1	substituted	10	PHE>GLN,ASP>GLY,ASP>ILE,ARG>LEU,ASP>ILE,LYS>GLU,PHE>ASP,ASP>ASN,ASP>LYS,LYS>ALA
M0253	pdb5jv2	substituted	10	PHE>GLN,ASP>GLY,ASP>ILE,ARG>LEU,ASP>ILE,LYS>GLU,PHE>ASP,ASP>ASN,ASP>LYS,LYS>ALA
M0253	pdb5ksx	substituted	10	PHE>GLN,ASP>GLY,ASP>ILE,ARG>LEU,ASP>ILE,LYS>GLU,PHE>ASP,ASP>ASN,ASP>LYS,LYS>ALA
M0253	pdb5qpd	substituted	1	PHE>HIS
M0253	pdb5qpe	substituted	1	PHE>HIS
M0253	pdb5qpf	substituted	1	PHE>HIS
M0253	pdb5qpg	substituted	1	PHE>HIS
M0253	pdb5qph	substituted	1	PHE>HIS
M0253	pdb5qpi	substituted	1	PHE>HIS
M0253	pdb5qpj	substituted	1	PHE>HIS
M0253	pdb5qpk	substituted	1	PHE>HIS
M0253	pdb5qpl	substituted	1	PHE>HIS
M0253	pdb5qpm	substituted	1	PHE>HIS
M0253	pdb5qpn	substituted	1	PHE>HIS
M0253	pdb5qpo	substituted	1	PHE>HIS
M0253	pdb5qpp	substituted	1	PHE>HIS
M0253	pdb5qpq	substituted	1	PHE>HIS
M0253	pdb5qpr	substituted	1	PHE>HIS
M0253	pdb5qps	substituted	1	PHE>HIS
M0253	pdb5qpt	substituted	1	PHE>HIS
M0253	pdb5qpu	substituted	1	PHE>HIS
M0253	pdb5qpv	substituted	1	PHE>HIS
M0253	pdb5qpw	substituted	1	PHE>HIS
M0253	pdb5qpx	substituted	1	PHE>HIS
M0253	pdb5qpy	substituted	1	PHE>HIS
M0253	pdb5qpz	substituted	1	PHE>HIS
M0253	pdb5qq0	substituted	1	PHE>HIS
M0253	pdb5qq1	substituted	1	PHE>HIS
M0253	pdb5qq2	substituted	1	PHE>HIS
M0253	pdb5qq3	substituted	1	PHE>HIS
M0253	pdb5qq4	substituted	1	PHE>HIS
M0253	pdb5qq5	substituted	1	PHE>HIS
M0253	pdb5qq6	substituted	1	PHE>HIS
M0253	pdb5qq7	substituted	1	PHE>HIS
M0253	pdb5qq8	substituted	1	PHE>HIS
M0253	pdb5qq9	substituted	1	PHE>HIS
M0253	pdb5qqa	substituted	1	PHE>HIS
M0253	pdb5qqb	substituted	1	PHE>HIS
M0253	pdb5qqc	substituted	1	PHE>HIS
M0253	pdb5qt4	partial	NA	
M0253	pdb5qt5	partial	NA	
M0253	pdb5qt6	partial	NA	
M0253	pdb5qt7	partial	NA	
M0253	pdb5qt8	partial	NA	
M0253	pdb5qt9	partial	NA	
M0253	pdb5qta	partial	NA	
M0253	pdb5qtb	partial	NA	
M0253	pdb5qtc	partial	NA	
M0253	pdb5qtd	partial	NA	
M0253	pdb5qte	partial	NA	
M0253	pdb5qtf	partial	NA	
M0253	pdb5qtg	partial	NA	
M0253	pdb5qth	partial	NA	
M0253	pdb5qti	partial	NA	
M0253	pdb5qtj	partial	NA	
M0253	pdb5qtk	partial	NA	
M0253	pdb5ygi	exact	0	
M0253	pdb6b02	exact	0	
M0253	pdb6b04	exact	0	
M0253	pdb6b06	exact	0	
M0253	pdb6b07	exact	0	
M0253	pdb6kd7	exact	0	
M0253	pdb6n7y	exact	0	
M0253	pdb6n7z	exact	0	
M0253	pdb6n82	exact	0	
M0253	pdb6n83	exact	0	
M0253	pdb6oag	exact	0	
M0253	pdb6oah	exact	0	
M0253	pdb6r04	substituted	1	PHE>HIS
M0253	pdb6r05	substituted	1	PHE>HIS
M0253	pdb6r06	substituted	1	PHE>HIS
M0253	pdb6r07	substituted	1	PHE>HIS
M0253	pdb6r08	substituted	1	PHE>HIS
M0253	pdb6r09	substituted	1	PHE>HIS
M0253	pdb6r0a	substituted	1	PHE>HIS
M0253	pdb6r0b	substituted	1	PHE>HIS
M0253	pdb6r36	partial	NA	
M0253	pdb6r37	partial	NA	
M0253	pdb6r38	partial	NA	
M0253	pdb6r39	partial	NA	
M0253	pdb6sdn	substituted	1	PHE>HIS
M0253	pdb6sdo	substituted	1	PHE>HIS
M0253	pdb6sdp	substituted	1	PHE>HIS
M0253	pdb6sdq	substituted	1	PHE>HIS
M0253	pdb6se2	substituted	1	PHE>HIS
M0253	pdb6sf8	substituted	1	PHE>HIS
M0253	pdb6sf9	substituted	1	PHE>HIS
M0253	pdb6sfa	substituted	1	PHE>HIS
M0253	pdb6shv	substituted	1	PHE>HIS
M0253	pdb6si5	substituted	1	PHE>HIS
M0253	pdb6sii	partial	NA	
M0253	pdb6t7n	partial	NA	
M0253	pdb6vjc	substituted	1	PHE>HIS
M0253	pdb6w7i	substituted	1	PHE>HIS
M0253	pdb6ww1	substituted	1	PHE>HIS
M0253	pdb7buu	substituted	1	PHE>CYS
M0253	pdb7buv	substituted	2	PHE>CYS,ARG>ALA
M0253	pdb7buw	substituted	2	PHE>TYR,ARG>MET
M0253	pdb7bux	substituted	1	PHE>TYR
M0254	pdb1gsz	exact	0	
M0254	pdb1h35	exact	0	
M0254	pdb1h36	exact	0	
M0254	pdb1h37	exact	0	
M0254	pdb1h39	exact	0	
M0254	pdb1h3a	exact	0	
M0254	pdb1h3b	exact	0	
M0254	pdb1h3c	exact	0	
M0254	pdb1o6h	exact	0	
M0254	pdb1o6q	exact	0	
M0254	pdb1o6r	exact	0	
M0254	pdb1o79	exact	0	
M0254	pdb1sqc	exact	0	
M0254	pdb1ump	exact	0	
M0254	pdb1w6j	substituted	9	ARG>PRO,TRP>HIS,GLN>SER,ASP>THR,ASP>ALA,GLU>GLY,HIS>ALA,PHE>CYS,GLU>LEU
M0254	pdb1w6k	substituted	9	ARG>PRO,TRP>HIS,GLN>SER,ASP>THR,ASP>ALA,GLU>GLY,HIS>ALA,PHE>CYS,GLU>LEU
M0254	pdb2sqc	substituted	1	ASP>CYS
M0254	pdb3sqc	substituted	1	ASP>CYS
M0254	pdb5bp8	partial	NA	
M0301	pdb1mki	exact	0	
M0301	pdb1u60	substituted	1	SEP>SER
M0301	pdb2osu	substituted	1	SEP>SER
M0301	pdb2pby	substituted	1	SEP>SER
M0301	pdb3agd	substituted	1	SEP>SER
M0301	pdb3age	substituted	1	SEP>SER
M0301	pdb3agf	substituted	1	SEP>SER
M0301	pdb3brm	substituted	1	SEP>SER
M0301	pdb3czd	substituted	1	SEP>SER
M0301	pdb3if5	substituted	1	SEP>SER
M0301	pdb3ih8	substituted	1	SEP>SER
M0301	pdb3ih9	substituted	1	SEP>SER
M0301	pdb3iha	substituted	1	SEP>SER
M0301	pdb3ihb	substituted	1	SEP>SER
M0301	pdb3ss3	substituted	1	SEP>SER
M0301	pdb3ss4	substituted	1	SEP>SER
M0301	pdb3ss5	substituted	1	SEP>SER
M0301	pdb3unw	substituted	1	SEP>SER
M0301	pdb3uo9	substituted	1	SEP>SER
M0301	pdb3voy	substituted	1	SEP>SER
M0301	pdb3voz	substituted	1	SEP>SER
M0301	pdb3vp0	substituted	1	SEP>SER
M0301	pdb3vp1	substituted	1	SEP>SER
M0301	pdb3vp2	substituted	1	SEP>SER
M0301	pdb3vp3	substituted	1	SEP>SER
M0301	pdb3vp4	substituted	1	SEP>SER
M0301	pdb4bqm	substituted	1	SEP>SER
M0301	pdb4jkt	substituted	1	SEP>SER
M0301	pdb4o7d	substituted	1	SEP>SER
M0301	pdb5d3o	substituted	1	SEP>SER
M0301	pdb5fi2	substituted	1	SEP>SER
M0301	pdb5fi6	substituted	1	SEP>SER
M0301	pdb5fi7	substituted	1	SEP>SER
M0301	pdb5hl1	substituted	1	SEP>SER
M0301	pdb5i94	substituted	1	SEP>SER
M0301	pdb5jyo	substituted	1	SEP>SER
M0301	pdb5jyp	substituted	1	SEP>SER
M0301	pdb5uqe	substituted	1	SEP>SER
M0301	pdb5w2j	substituted	1	SEP>SER
M0301	pdb5wj6	substituted	1	SEP>SER
M0301	pdb6lox	substituted	1	SEP>SER
M0301	pdb6ujg	substituted	1	SEP>SER
M0301	pdb6ujm	substituted	1	SEP>SER
M0301	pdb6uk6	substituted	1	SEP>SER
M0301	pdb6ukb	substituted	1	SEP>SER
M0301	pdb6ul9	substituted	1	SEP>SER
M0301	pdb6ula	substituted	1	SEP>SER
M0301	pdb6ulj	substituted	1	SEP>SER
M0301	pdb6umc	substituted	1	SEP>SER
M0301	pdb6umd	substituted	1	SEP>SER
M0301	pdb6ume	substituted	1	SEP>SER
M0301	pdb6umf	substituted	1	SEP>SER
M0674	pdb1erz	substituted	1	ALA>CYS
M0674	pdb1f89	partial	NA	
M0674	pdb1fo6	substituted	1	ALA>CYS
M0674	pdb1j31	substituted	1	ALA>CYS
M0674	pdb1uf4	exact	0	
M0674	pdb1uf5	exact	0	
M0674	pdb1uf7	exact	0	
M0674	pdb1uf8	exact	0	
M0674	pdb2dyu	substituted	2	LYS>ASP,ALA>CYS
M0674	pdb2dyv	substituted	2	LYS>ASP,ALA>CYS
M0674	pdb2e2k	substituted	2	LYS>ASP,ALA>SER
M0674	pdb2e2l	substituted	2	LYS>ASP,ALA>SER
M0674	pdb2ggk	substituted	1	ALA>CYS
M0674	pdb2ggl	substituted	1	ALA>CYS
M0674	pdb2plq	substituted	2	LYS>ASN,ALA>CYS
M0674	pdb2uxy	substituted	2	LYS>TYR,ALA>C3Y
M0674	pdb2vhh	substituted	1	ALA>CYS
M0674	pdb2vhi	substituted	1	ALA>CYS
M0674	pdb2w1v	substituted	1	ALA>CYS
M0674	pdb3ivz	substituted	1	ALA>CSX
M0674	pdb3iw3	substituted	1	ALA>CSD
M0674	pdb3ki8	substituted	1	ALA>CSD
M0674	pdb3klc	substituted	1	ALA>CSX
M0674	pdb3p8k	partial	NA	
M0674	pdb4gyl	substituted	2	LYS>GLY,ALA>CYS
M0674	pdb4gyn	substituted	2	LYS>GLY,ALA>CYS
M0674	pdb4h5u	partial	NA	
M0674	pdb4hg3	partial	NA	
M0674	pdb4hg5	partial	NA	
M0674	pdb4hgd	partial	NA	
M0674	pdb4kzf	substituted	2	LYS>GLY,ALA>CYS
M0674	pdb4lf0	substituted	2	LYS>ASN,ALA>CYS
M0674	pdb5g3o	substituted	2	LYS>ILE,ALA>QCS
M0674	pdb5g3p	substituted	2	LYS>ILE,ALA>SCY
M0674	pdb5h8i	substituted	1	ALA>CYS
M0674	pdb5h8j	substituted	1	ALA>CYS
M0674	pdb5h8k	substituted	1	ALA>SER
M0674	pdb5h8l	substituted	1	ALA>SER
M0100	pdb1a4s	exact	0	
M0100	pdb1a4z	exact	0	
M0100	pdb1ad3	substituted	1	GLU>TYR
M0100	pdb1ag8	exact	0	
M0100	pdb1bi9	partial	NA	
M0100	pdb1bpw	exact	0	
M0100	pdb1bxs	exact	0	
M0100	pdb1cw3	exact	0	
M0100	pdb1euh	substituted	1	GLU>GLN
M0100	pdb1eyy	partial	NA	
M0100	pdb1ez0	partial	NA	
M0100	pdb1ky8	exact	0	
M0100	pdb1nzw	substituted	1	CYS>SER
M0100	pdb1nzx	exact	0	
M0100	pdb1nzz	exact	0	
M0100	pdb1o00	exact	0	
M0100	pdb1o01	exact	0	
M0100	pdb1o02	exact	0	
M0100	pdb1o04	substituted	1	CYS>SER
M0100	pdb1o05	exact	0	
M0100	pdb1o9j	exact	0	
M0100	pdb1qi1	substituted	2	CYS>SER,GLU>GLN
M0100	pdb1qi6	substituted	1	GLU>GLN
M0100	pdb1t90	substituted	2	GLU>LEU,GLU>ALA
M0100	pdb1uxn	exact	0	
M0100	pdb1uxp	exact	0	
M0100	pdb1uxq	exact	0	
M0100	pdb1uxr	exact	0	
M0100	pdb1uxt	exact	0	
M0100	pdb1uxu	exact	0	
M0100	pdb1uxv	exact	0	
M0100	pdb1uzb	substituted	1	GLU>THR
M0100	pdb1wnb	substituted	1	GLU>ASP
M0100	pdb1wnd	substituted	1	GLU>ASP
M0100	pdb1zum	exact	0	
M0100	pdb2bhp	substituted	1	GLU>THR
M0100	pdb2bhq	substituted	1	GLU>THR
M0100	pdb2bja	substituted	2	CYS>CSO,GLU>THR
M0100	pdb2bjk	substituted	1	GLU>THR
M0100	pdb2d4e	exact	0	
M0100	pdb2ehq	substituted	1	GLU>THR
M0100	pdb2ehu	substituted	1	GLU>THR
M0100	pdb2eii	substituted	1	GLU>THR
M0100	pdb2eit	substituted	1	GLU>THR
M0100	pdb2eiw	substituted	1	GLU>THR
M0100	pdb2ej6	substituted	1	GLU>THR
M0100	pdb2ejd	substituted	2	CYS>CSO,GLU>THR
M0100	pdb2ejl	substituted	2	CYS>CSO,GLU>THR
M0100	pdb2esd	substituted	2	GLU>ALA,GLU>GLN
M0100	pdb2euh	substituted	1	GLU>GLN
M0100	pdb2hg2	substituted	1	GLU>ALA
M0100	pdb2id2	substituted	1	GLU>GLN
M0100	pdb2ilu	substituted	1	GLU>ALA
M0100	pdb2imp	substituted	1	GLU>ALA
M0100	pdb2iy6	substituted	1	GLU>THR
M0100	pdb2j40	substituted	2	CYS>CSO,GLU>THR
M0100	pdb2j5n	substituted	1	GLU>THR
M0100	pdb2j6l	exact	0	
M0100	pdb2jg7	exact	0	
M0100	pdb2o2p	substituted	1	GLU>ASP
M0100	pdb2o2q	substituted	1	GLU>ASP
M0100	pdb2o2r	substituted	1	GLU>ASP
M0100	pdb2onm	exact	0	
M0100	pdb2onn	exact	0	
M0100	pdb2ono	exact	0	
M0100	pdb2onp	exact	0	
M0100	pdb2opx	substituted	1	GLU>ALA
M0100	pdb2qe0	substituted	2	GLU>ALA,GLU>GLN
M0100	pdb2vle	exact	0	
M0100	pdb2vro	substituted	1	GLU>LEU
M0100	pdb2w8n	exact	0	
M0100	pdb2w8o	exact	0	
M0100	pdb2w8p	substituted	1	CYS>ALA
M0100	pdb2w8q	substituted	1	CYS>ALA
M0100	pdb2w8r	substituted	1	CYS>ALA
M0100	pdb2wme	exact	0	
M0100	pdb2wox	exact	0	
M0100	pdb2xdr	substituted	1	GLU>ALA
M0100	pdb2y51	substituted	1	GLU>LEU
M0100	pdb2y52	substituted	1	GLU>LEU
M0100	pdb2y53	substituted	2	GLU>GLN,GLU>LEU
M0100	pdb2y5d	substituted	2	CYS>ALA,GLU>LEU
M0100	pdb3b4w	exact	0	
M0100	pdb3efv	exact	0	
M0100	pdb3ek1	exact	0	
M0100	pdb3etf	exact	0	
M0100	pdb3haz	substituted	1	GLU>ALA
M0100	pdb3i44	exact	0	
M0100	pdb3inj	exact	0	
M0100	pdb3inl	substituted	1	CYS>SER
M0100	pdb3iwj	exact	0	
M0100	pdb3iwk	exact	0	
M0100	pdb3ju8	substituted	1	GLU>PRO
M0100	pdb3jz4	exact	0	
M0100	pdb3k2w	exact	0	
M0100	pdb3my7	partial	NA	
M0100	pdb3n80	substituted	1	CYS>CSO
M0100	pdb3n81	exact	0	
M0100	pdb3n82	exact	0	
M0100	pdb3n83	exact	0	
M0100	pdb3pqa	exact	0	
M0100	pdb3prl	substituted	1	GLU>GLN
M0100	pdb3qan	substituted	1	GLU>ALA
M0100	pdb3r31	exact	0	
M0100	pdb3r64	substituted	1	GLU>PHE
M0100	pdb3rh9	exact	0	
M0100	pdb3rhd	exact	0	
M0100	pdb3rhh	substituted	1	GLU>GLN
M0100	pdb3rhj	substituted	2	GLU>ALA,GLU>ASP
M0100	pdb3rhl	substituted	3	GLU>ALA,CYS>ALA,GLU>ASP
M0100	pdb3rhm	substituted	2	GLU>GLN,GLU>ASP
M0100	pdb3rho	substituted	2	GLU>GLN,GLU>ASP
M0100	pdb3rhp	substituted	2	CYS>ALA,GLU>ASP
M0100	pdb3rhq	substituted	2	CYS>ALA,GLU>ASP
M0100	pdb3rhr	substituted	2	CYS>ALA,GLU>ASP
M0100	pdb3rjl	substituted	1	GLU>ALA
M0100	pdb3ros	exact	0	
M0100	pdb3sz9	exact	0	
M0100	pdb3sza	substituted	1	GLU>TYR
M0100	pdb3szb	substituted	1	GLU>TYR
M0100	pdb3ty7	partial	NA	
M0100	pdb3u4j	exact	0	
M0100	pdb3v4c	substituted	1	GLU>SER
M0100	pdb3v9g	substituted	1	GLU>PRO
M0100	pdb3v9h	substituted	1	GLU>PRO
M0100	pdb3v9i	partial	NA	
M0100	pdb3v9j	substituted	1	GLU>PRO
M0100	pdb3v9k	substituted	1	GLU>PRO
M0100	pdb3v9l	substituted	1	GLU>PRO
M0100	pdb3vz0	exact	0	
M0100	pdb3vz1	exact	0	
M0100	pdb3vz2	exact	0	
M0100	pdb3vz3	substituted	1	CYS>ALA
M0100	pdb3zqa	substituted	1	CYS>ALA
M0100	pdb4a0m	exact	0	
M0100	pdb4caz	exact	0	
M0100	pdb4cbb	exact	0	
M0100	pdb4dal	substituted	1	GLU>ASP
M0100	pdb4dng	partial	NA	
M0100	pdb4e3x	substituted	1	GLU>PRO
M0100	pdb4e4g	substituted	2	GLU>PHE,GLU>GLN
M0100	pdb4f3x	substituted	1	GLU>ASP
M0100	pdb4fqf	exact	0	
M0100	pdb4fr8	substituted	1	GLU>GLN
M0100	pdb4gnz	substituted	2	CYS>SER,GLU>ASP
M0100	pdb4go0	substituted	2	CYS>SER,GLU>ASP
M0100	pdb4go2	substituted	1	GLU>ASP
M0100	pdb4go3	exact	0	
M0100	pdb4go4	exact	0	
M0100	pdb4h73	exact	0	
M0100	pdb4h7n	substituted	1	GLU>ARG
M0100	pdb4h80	substituted	1	GLU>TYR
M0100	pdb4i1w	exact	0	
M0100	pdb4i25	exact	0	
M0100	pdb4i26	exact	0	
M0100	pdb4i2r	exact	0	
M0100	pdb4i3t	exact	0	
M0100	pdb4i3u	exact	0	
M0100	pdb4i3v	exact	0	
M0100	pdb4i3w	exact	0	
M0100	pdb4i3x	exact	0	
M0100	pdb4i8p	exact	0	
M0100	pdb4i8q	substituted	2	GLU>ALA,GLU>ASP
M0100	pdb4i9b	substituted	1	GLU>ASP
M0100	pdb4idm	substituted	1	GLU>ALA
M0100	pdb4ids	substituted	2	CYS>CME,GLU>ALA
M0100	pdb4ihi	substituted	1	GLU>ALA
M0100	pdb4it9	exact	0	
M0100	pdb4ita	exact	0	
M0100	pdb4itb	exact	0	
M0100	pdb4iym	substituted	2	GLU>PHE,GLU>GLN
M0100	pdb4jdc	substituted	2	CYS>CME,GLU>ALA
M0100	pdb4jz6	substituted	1	GLU>PHE
M0100	pdb4k57	substituted	1	GLU>THR
M0100	pdb4kna	substituted	1	GLU>PRO
M0100	pdb4kwf	exact	0	
M0100	pdb4kwg	exact	0	
M0100	pdb4l1o	substituted	1	GLU>TYR
M0100	pdb4l2o	substituted	1	GLU>TYR
M0100	pdb4lem	substituted	2	CYS>CME,GLU>ALA
M0100	pdb4lgz	substituted	1	GLU>PRO
M0100	pdb4lh0	substituted	1	GLU>PRO
M0100	pdb4lh1	substituted	1	GLU>PRO
M0100	pdb4lh2	substituted	1	GLU>PRO
M0100	pdb4lh3	substituted	1	GLU>PRO
M0100	pdb4lih	substituted	1	GLU>ASP
M0100	pdb4mpb	substituted	1	CYS>CME
M0100	pdb4mpy	substituted	1	CYS>CME
M0100	pdb4nea	exact	0	
M0100	pdb4nm9	substituted	1	GLU>ALA
M0100	pdb4nma	substituted	1	GLU>ALA
M0100	pdb4nmb	substituted	1	GLU>ALA
M0100	pdb4nmc	substituted	1	GLU>ALA
M0100	pdb4nmd	substituted	1	GLU>ALA
M0100	pdb4nme	substituted	1	GLU>ALA
M0100	pdb4nmf	substituted	1	GLU>ALA
M0100	pdb4nmj	exact	0	
M0100	pdb4nmk	exact	0	
M0100	pdb4npi	exact	0	
M0100	pdb4ns3	substituted	2	CYS>CME,GLU>ALA
M0100	pdb4nu9	exact	0	
M0100	pdb4o5h	exact	0	
M0100	pdb4o6r	exact	0	
M0100	pdb4oe2	substituted	1	GLU>ALA
M0100	pdb4oe4	partial	NA	
M0100	pdb4oe5	substituted	1	GLU>PRO
M0100	pdb4oe6	partial	NA	
M0100	pdb4ogd	exact	0	
M0100	pdb4oht	exact	0	
M0100	pdb4ou2	substituted	1	GLU>ALA
M0100	pdb4oub	substituted	1	GLU>ALA
M0100	pdb4ps9	partial	NA	
M0100	pdb4pt0	partial	NA	
M0100	pdb4pt3	partial	NA	
M0100	pdb4pxl	substituted	1	GLU>ASP
M0100	pdb4pxn	exact	0	
M0100	pdb4pz2	substituted	1	GLU>ASP
M0100	pdb4q71	substituted	1	GLU>ALA
M0100	pdb4q72	substituted	1	GLU>ALA
M0100	pdb4q73	substituted	1	GLU>ALA
M0100	pdb4q92	substituted	1	CYS>CME
M0100	pdb4qet	exact	0	
M0100	pdb4qf6	exact	0	
M0100	pdb4qgk	substituted	1	GLU>TYR
M0100	pdb4qje	exact	0	
M0100	pdb4qn2	exact	0	
M0100	pdb4qto	substituted	1	CYS>CME
M0100	pdb4qyj	exact	0	
M0100	pdb4u3w	exact	0	
M0100	pdb4v37	substituted	1	CYS>ALA
M0100	pdb4v3f	substituted	1	CYS>CSO
M0100	pdb4v6h	partial	NA	
M0100	pdb4wb9	exact	0	
M0100	pdb4wj9	exact	0	
M0100	pdb4wp7	exact	0	
M0100	pdb4wpn	exact	0	
M0100	pdb4x0t	exact	0	
M0100	pdb4x0u	exact	0	
M0100	pdb4x2q	substituted	1	GLU>PHE
M0100	pdb4x4l	exact	0	
M0100	pdb4ywe	exact	0	
M0100	pdb4ywu	exact	0	
M0100	pdb4ywv	exact	0	
M0100	pdb4zuk	exact	0	
M0100	pdb4zul	exact	0	
M0100	pdb4zvw	exact	0	
M0100	pdb4zvx	partial	NA	
M0100	pdb4zvy	partial	NA	
M0100	pdb4zwl	exact	0	
M0100	pdb4zxu	exact	0	
M0100	pdb4zz7	substituted	2	GLU>LEU,GLU>ALA
M0100	pdb5a2d	exact	0	
M0100	pdb5abm	exact	0	
M0100	pdb5ac0	exact	0	
M0100	pdb5ac1	exact	0	
M0100	pdb5ac2	exact	0	
M0100	pdb5dib	substituted	1	CYS>CME
M0100	pdb5eeb	exact	0	
M0100	pdb5ek6	exact	0	
M0100	pdb5ekc	exact	0	
M0100	pdb5euy	exact	0	
M0100	pdb5exf	exact	0	
M0100	pdb5eyu	substituted	1	CYS>CME
M0100	pdb5ez4	substituted	1	CYS>CME
M0100	pdb5f2c	exact	0	
M0100	pdb5fhz	exact	0	
M0100	pdb5gt6	exact	0	
M0100	pdb5gtk	exact	0	
M0100	pdb5gtl	exact	0	
M0100	pdb5iuu	partial	NA	
M0100	pdb5iuv	substituted	1	GLU>ASP
M0100	pdb5iuw	substituted	1	GLU>ASP
M0100	pdb5izd	substituted	1	CYS>CSD
M0100	pdb5j6b	exact	0	
M0100	pdb5j77	exact	0	
M0100	pdb5jry	exact	0	
M0100	pdb5kf0	exact	0	
M0100	pdb5kf6	substituted	1	GLU>ALA
M0100	pdb5kf7	substituted	1	GLU>ALA
M0100	pdb5kj5	substituted	1	ASN>ASP
M0100	pdb5klk	substituted	1	ASN>ASP
M0100	pdb5kll	substituted	1	ASN>ASP
M0100	pdb5klm	substituted	1	ASN>ASP
M0100	pdb5kln	substituted	1	ASN>ALA
M0100	pdb5klo	substituted	1	ASN>ALA
M0100	pdb5l13	exact	0	
M0100	pdb5l2m	substituted	1	CYS>CSO
M0100	pdb5l2n	substituted	1	CYS>CSO
M0100	pdb5l2o	exact	0	
M0100	pdb5m4x	partial	NA	
M0100	pdb5myp	substituted	1	GLU>TYR
M0100	pdb5mz5	exact	0	
M0100	pdb5mz8	exact	0	
M0100	pdb5n5s	exact	0	
M0100	pdb5nno	substituted	2	CYS>SER,GLU>TYR
M0100	pdb5tei	exact	0	
M0100	pdb5tjr	substituted	2	GLU>LEU,GLU>ALA
M0100	pdb5u0l	substituted	1	GLU>PRO
M0100	pdb5u0m	substituted	1	GLU>PRO
M0100	pdb5ucd	substituted	2	CYS>ZBZ,GLU>TYR
M0100	pdb5uju	partial	NA	
M0100	pdb5ur2	substituted	1	GLU>THR
M0100	pdb5ux5	substituted	3	ASN>PRO,GLU>SER,GLU>LYS
M0100	pdb5vbf	exact	0	
M0100	pdb5x5t	exact	0	
M0100	pdb5x5u	exact	0	
M0100	pdb6alj	exact	0	
M0100	pdb6b4r	substituted	1	GLU>ASP
M0100	pdb6b5g	exact	0	
M0100	pdb6b5h	exact	0	
M0100	pdb6b5i	exact	0	
M0100	pdb6bjp	partial	NA	
M0100	pdb6bpg	exact	0	
M0100	pdb6bsn	substituted	2	CYS>ALA,GLU>ALA
M0100	pdb6c43	substituted	1	GLU>ASP
M0100	pdb6dbb	exact	0	
M0100	pdb6dum	exact	0	
M0100	pdb6fjx	exact	0	
M0100	pdb6fk3	exact	0	
M0100	pdb6fku	exact	0	
M0100	pdb6fkv	exact	0	
M0100	pdb6j75	exact	0	
M0100	pdb6j76	exact	0	
M0100	pdb6jql	substituted	1	GLU>LEU
M0100	pdb6jqm	substituted	1	GLU>LEU
M0100	pdb6jqn	substituted	1	GLU>LEU
M0100	pdb6jqo	substituted	1	GLU>LEU
M0100	pdb6k0z	substituted	2	CYS>SER,GLU>TYR
M0100	pdb6k10	substituted	2	CYS>SER,GLU>TYR
M0100	pdb6mvr	exact	0	
M0100	pdb6mvs	exact	0	
M0100	pdb6mvt	exact	0	
M0100	pdb6mvu	substituted	1	CYS>ALA
M0100	pdb6o4b	exact	0	
M0100	pdb6o4c	exact	0	
M0100	pdb6o4d	exact	0	
M0100	pdb6o4e	substituted	1	ASN>SER
M0100	pdb6o4f	substituted	1	ASN>SER
M0100	pdb6o4g	exact	0	
M0100	pdb6o4h	exact	0	
M0100	pdb6o4i	exact	0	
M0100	pdb6o4k	exact	0	
M0100	pdb6o4l	exact	0	
M0100	pdb6pnu	substituted	1	GLU>ASP
M0100	pdb6pop	substituted	1	GLU>ASP
M0100	pdb6qak	substituted	1	GLU>ASP
M0100	pdb6qao	substituted	1	GLU>ASP
M0100	pdb6qap	substituted	1	GLU>ASP
M0100	pdb6qhn	substituted	1	GLU>PHE
M0100	pdb6rtr	exact	0	
M0100	pdb6rts	exact	0	
M0100	pdb6rtt	exact	0	
M0100	pdb6rtu	exact	0	
M0100	pdb6s6w	exact	0	
M0100	pdb6te5	exact	0	
M0100	pdb6tgw	exact	0	
M0100	pdb6try	exact	0	
M0100	pdb6u2x	exact	0	
M0100	pdb6ufp	substituted	1	GLU>ALA
M0100	pdb6v0z	exact	0	
M0100	pdb6vr6	exact	0	
M0100	pdb6vwf	partial	NA	
M0100	pdb6vz9	substituted	1	GLU>ALA
M0100	pdb6wsa	exact	0	
M0100	pdb6wsb	exact	0	
M0100	pdb6x99	substituted	1	GLU>ALA
M0100	pdb6x9a	substituted	1	GLU>ALA
M0100	pdb6x9b	substituted	1	GLU>ALA
M0100	pdb6x9c	substituted	1	GLU>ALA
M0100	pdb6x9d	substituted	1	GLU>ALA
M0100	pdb6x9l	substituted	1	CYS>ALA
M0100	pdb7a6q	exact	0	
M0100	pdb7bzv	exact	0	
M0100	pdb7jso	substituted	2	CYS>ALA,GLU>ASP
M0100	pdb7jws	exact	0	
M0100	pdb7jwt	exact	0	
M0100	pdb7jwu	exact	0	
M0100	pdb7jwv	exact	0	
M0100	pdb7jww	exact	0	
M0100	pdb7mer	substituted	1	GLU>PRO
M0100	pdb7mes	substituted	1	GLU>PRO
M0231	pdb1j58	exact	0	
M0231	pdb1l3j	exact	0	
M0231	pdb1uw8	exact	0	
M0231	pdb2uy8	substituted	1	ARG>ALA
M0231	pdb2uy9	substituted	1	GLU>ALA
M0231	pdb2uya	partial	NA	
M0231	pdb2uyb	exact	0	
M0231	pdb2v09	substituted	1	GLU>SER
M0231	pdb2vqa	exact	0	
M0231	pdb3s0m	exact	0	
M0231	pdb4met	exact	0	
M0231	pdb5hi0	partial	NA	
M0231	pdb5vg3	exact	0	
M0231	pdb6l9i	exact	0	
M0231	pdb6tzp	exact	0	
M0231	pdb6ufi	exact	0	
M0816	pdb1bmq	substituted	1	ARG>PRO
M0816	pdb1cp3	substituted	1	ARG>THR
M0816	pdb1f1j	substituted	1	ARG>GLY
M0816	pdb1f9e	exact	0	
M0816	pdb1gfw	substituted	1	ARG>THR
M0816	pdb1gqf	substituted	2	ARG>GLY,CYS>ALA
M0816	pdb1i3o	substituted	2	ARG>THR,CYS>ALA
M0816	pdb1i4e	exact	0	
M0816	pdb1i4o	substituted	1	ARG>GLY
M0816	pdb1i51	substituted	1	ARG>GLY
M0816	pdb1ibc	substituted	1	ARG>PRO
M0816	pdb1ice	substituted	1	ARG>PRO
M0816	pdb1jxq	exact	0	
M0816	pdb1k86	substituted	1	ARG>GLY
M0816	pdb1k88	substituted	2	ARG>GLY,CYS>ALA
M0816	pdb1kmc	substituted	2	ARG>GLY,CYS>ALA
M0816	pdb1m72	substituted	1	ARG>LYS
M0816	pdb1nme	substituted	1	ARG>THR
M0816	pdb1nmq	substituted	1	ARG>THR
M0816	pdb1nms	substituted	1	ARG>THR
M0816	pdb1nw9	exact	0	
M0816	pdb1pau	substituted	1	ARG>THR
M0816	pdb1pyo	substituted	1	ARG>GLU
M0816	pdb1qdu	exact	0	
M0816	pdb1qtn	exact	0	
M0816	pdb1qx3	substituted	1	ARG>THR
M0816	pdb1re1	substituted	1	ARG>THR
M0816	pdb1rhj	substituted	1	ARG>THR
M0816	pdb1rhk	substituted	1	ARG>THR
M0816	pdb1rhm	substituted	1	ARG>THR
M0816	pdb1rhq	substituted	1	ARG>THR
M0816	pdb1rhr	substituted	1	ARG>THR
M0816	pdb1rhu	substituted	1	ARG>THR
M0816	pdb1rwk	substituted	1	ARG>PRO
M0816	pdb1rwm	substituted	1	ARG>PRO
M0816	pdb1rwn	substituted	1	ARG>PRO
M0816	pdb1rwo	substituted	1	ARG>PRO
M0816	pdb1rwp	substituted	1	ARG>PRO
M0816	pdb1rwv	substituted	1	ARG>PRO
M0816	pdb1rww	substituted	1	ARG>PRO
M0816	pdb1rwx	substituted	1	ARG>PRO
M0816	pdb1sc1	partial	NA	
M0816	pdb1sc3	partial	NA	
M0816	pdb1sc4	partial	NA	
M0816	pdb1shj	substituted	1	ARG>GLY
M0816	pdb1shl	substituted	1	ARG>GLY
M0816	pdb2ar9	substituted	1	CYS>SER
M0816	pdb2c1e	substituted	1	ARG>THR
M0816	pdb2c2k	substituted	1	ARG>THR
M0816	pdb2c2m	substituted	1	ARG>THR
M0816	pdb2c2o	substituted	1	ARG>THR
M0816	pdb2c2z	exact	0	
M0816	pdb2cdr	substituted	1	ARG>THR
M0816	pdb2cjx	substituted	1	ARG>THR
M0816	pdb2cjy	substituted	1	ARG>THR
M0816	pdb2cnk	substituted	1	ARG>THR
M0816	pdb2cnl	substituted	1	ARG>THR
M0816	pdb2cnn	substituted	1	ARG>THR
M0816	pdb2cno	substituted	1	ARG>THR
M0816	pdb2dko	substituted	1	ARG>THR
M0816	pdb2fp3	substituted	1	CYS>ALA
M0816	pdb2fqq	partial	NA	
M0816	pdb2fun	exact	0	
M0816	pdb2h48	substituted	1	ARG>PRO
M0816	pdb2h4w	substituted	1	ARG>PRO
M0816	pdb2h4y	substituted	1	ARG>PRO
M0816	pdb2h51	substituted	1	ARG>PRO
M0816	pdb2h54	substituted	1	ARG>PRO
M0816	pdb2h5i	substituted	1	ARG>THR
M0816	pdb2h5j	substituted	1	ARG>THR
M0816	pdb2h65	substituted	1	ARG>THR
M0816	pdb2hbq	substituted	1	ARG>PRO
M0816	pdb2hbr	substituted	1	ARG>PRO
M0816	pdb2hby	substituted	1	ARG>PRO
M0816	pdb2hbz	substituted	1	ARG>PRO
M0816	pdb2j30	substituted	1	ARG>THR
M0816	pdb2j31	substituted	1	ARG>THR
M0816	pdb2j32	substituted	1	ARG>THR
M0816	pdb2j33	substituted	1	ARG>THR
M0816	pdb2k7z	substituted	1	CYS>ALA
M0816	pdb2nn3	substituted	2	ARG>LYS,HIS>ALA
M0816	pdb2p2c	substituted	1	ARG>GLU
M0816	pdb2ql5	substituted	1	ARG>GLY
M0816	pdb2ql7	substituted	1	ARG>GLY
M0816	pdb2ql9	substituted	1	ARG>GLY
M0816	pdb2qlb	substituted	1	ARG>GLY
M0816	pdb2qlf	substituted	1	ARG>GLY
M0816	pdb2qlj	substituted	1	ARG>GLY
M0816	pdb2wdp	substituted	1	ARG>PRO
M0816	pdb2xyg	substituted	1	ARG>THR
M0816	pdb2xyh	substituted	1	ARG>THR
M0816	pdb2xyp	substituted	1	ARG>THR
M0816	pdb2xzd	substituted	2	ARG>THR,CYS>CSO
M0816	pdb2xzt	substituted	2	ARG>THR,CYS>CSO
M0816	pdb2y0b	substituted	2	ARG>THR,CYS>CSO
M0816	pdb2y1l	exact	0	
M0816	pdb3d6f	substituted	1	ARG>PRO
M0816	pdb3d6h	substituted	1	ARG>PRO
M0816	pdb3d6m	substituted	1	ARG>PRO
M0816	pdb3deh	substituted	2	ARG>THR,CYS>OCS
M0816	pdb3dei	substituted	2	ARG>THR,CYS>OCS
M0816	pdb3dej	substituted	2	ARG>THR,CYS>OCS
M0816	pdb3dek	substituted	2	ARG>THR,CYS>OCS
M0816	pdb3e4c	substituted	2	ARG>PRO,CYS>ALA
M0816	pdb3edq	substituted	1	ARG>THR
M0816	pdb3edr	substituted	1	ARG>GLY
M0816	pdb3gjq	substituted	1	ARG>THR
M0816	pdb3gjr	substituted	1	ARG>THR
M0816	pdb3gjs	substituted	1	ARG>THR
M0816	pdb3gjt	substituted	1	ARG>THR
M0816	pdb3h0e	substituted	1	ARG>THR
M0816	pdb3h11	exact	0	
M0816	pdb3h1p	substituted	1	ARG>GLY
M0816	pdb3ibc	substituted	1	ARG>GLY
M0816	pdb3ibf	substituted	1	ARG>GLY
M0816	pdb3itn	substituted	1	ARG>THR
M0816	pdb3j9k	partial	NA	
M0816	pdb3k7e	substituted	1	ARG>PRO
M0816	pdb3kjf	substituted	1	ARG>THR
M0816	pdb3kjn	exact	0	
M0816	pdb3kjq	exact	0	
M0816	pdb3nkf	substituted	1	ARG>PRO
M0816	pdb3nr2	substituted	2	ARG>PRO,CYS>ALA
M0816	pdb3ns7	substituted	1	ARG>PRO
M0816	pdb3od5	substituted	1	ARG>PRO
M0816	pdb3p45	substituted	1	ARG>PRO
M0816	pdb3p4u	substituted	1	ARG>PRO
M0816	pdb3pcx	substituted	1	ARG>THR
M0816	pdb3pd0	substituted	1	ARG>THR
M0816	pdb3pd1	substituted	1	ARG>THR
M0816	pdb3qnw	substituted	1	ARG>PRO
M0816	pdb3r5j	substituted	1	ARG>GLU
M0816	pdb3r5k	substituted	1	ARG>GLY
M0816	pdb3r6g	substituted	1	ARG>GLU
M0816	pdb3r6l	substituted	1	ARG>GLU
M0816	pdb3r7b	substituted	1	ARG>GLU
M0816	pdb3r7n	substituted	1	ARG>GLU
M0816	pdb3r7s	substituted	1	ARG>GLU
M0816	pdb3rjm	substituted	1	ARG>GLU
M0816	pdb3s70	substituted	1	ARG>PRO
M0816	pdb3s8e	substituted	1	ARG>PRO
M0816	pdb3sip	substituted	1	ARG>LYS
M0816	pdb3sir	partial	NA	
M0816	pdb3v3k	exact	0	
M0816	pdb3v6l	substituted	1	ARG>PRO
M0816	pdb3v6m	substituted	1	ARG>PRO
M0816	pdb4dcj	substituted	1	ARG>THR
M0816	pdb4dco	substituted	1	ARG>THR
M0816	pdb4dcp	substituted	1	ARG>THR
M0816	pdb4eha	substituted	1	ARG>THR
M0816	pdb4ehd	substituted	1	ARG>THR
M0816	pdb4ehf	substituted	1	ARG>THR
M0816	pdb4ehh	substituted	1	ARG>THR
M0816	pdb4ehk	substituted	1	ARG>THR
M0816	pdb4ehl	substituted	1	ARG>THR
M0816	pdb4ehn	substituted	1	ARG>THR
M0816	pdb4ejf	substituted	2	ARG>PRO,CYS>ALA
M0816	pdb4fdl	substituted	1	ARG>GLY
M0816	pdb4fea	substituted	1	ARG>GLY
M0816	pdb4fxo	substituted	1	ARG>PRO
M0816	pdb4hq0	substituted	1	ARG>GLY
M0816	pdb4hqr	substituted	1	ARG>GLY
M0816	pdb4hva	substituted	1	ARG>PRO
M0816	pdb4iyr	substituted	1	HIS>ALA
M0816	pdb4jb8	substituted	1	ARG>GLY
M0816	pdb4jj7	exact	0	
M0816	pdb4jj8	substituted	1	ARG>GLY
M0816	pdb4jje	substituted	1	ARG>THR
M0816	pdb4jqy	substituted	2	ARG>ASN,CYS>ALA
M0816	pdb4jqz	partial	NA	
M0816	pdb4jr0	substituted	1	ARG>THR
M0816	pdb4jr1	substituted	1	ARG>GLY
M0816	pdb4jr2	substituted	1	ARG>GLY
M0816	pdb4lsz	substituted	1	ARG>GLY
M0816	pdb4m9r	substituted	2	ARG>PRO,CYS>SER
M0816	pdb4n5d	substituted	2	ARG>PRO,CYS>ALA
M0816	pdb4n6g	substituted	2	ARG>PRO,CYS>ALA
M0816	pdb4n7j	substituted	2	ARG>PRO,CYS>ALA
M0816	pdb4n7m	substituted	2	ARG>PRO,CYS>ALA
M0816	pdb4nbk	substituted	2	ARG>PRO,CYS>ALA
M0816	pdb4nbl	substituted	2	ARG>PRO,CYS>ALA
M0816	pdb4nbn	substituted	2	ARG>PRO,CYS>ALA
M0816	pdb4pry	substituted	1	ARG>THR
M0816	pdb4prz	exact	0	
M0816	pdb4ps0	substituted	1	ARG>THR
M0816	pdb4ps1	exact	0	
M0816	pdb4qtx	substituted	1	ARG>THR
M0816	pdb4qty	substituted	1	ARG>THR
M0816	pdb4qu0	substituted	1	ARG>THR
M0816	pdb4qu5	substituted	1	ARG>THR
M0816	pdb4qu8	substituted	1	ARG>THR
M0816	pdb4qu9	substituted	1	ARG>THR
M0816	pdb4qua	substituted	1	ARG>THR
M0816	pdb4qub	substituted	1	ARG>THR
M0816	pdb4qud	substituted	1	ARG>THR
M0816	pdb4que	substituted	1	ARG>THR
M0816	pdb4qug	substituted	1	ARG>THR
M0816	pdb4quh	substituted	1	ARG>THR
M0816	pdb4qui	substituted	1	ARG>THR
M0816	pdb4quj	substituted	1	ARG>THR
M0816	pdb4qul	substituted	1	ARG>THR
M0816	pdb4zvo	substituted	1	ARG>GLY
M0816	pdb4zvp	substituted	1	ARG>GLY
M0816	pdb4zvq	substituted	1	ARG>GLY
M0816	pdb4zvr	substituted	1	ARG>GLY
M0816	pdb4zvs	substituted	1	ARG>GLY
M0816	pdb4zvt	substituted	1	ARG>GLY
M0816	pdb4zvu	substituted	1	ARG>GLY
M0816	pdb5i9b	substituted	1	ARG>THR
M0816	pdb5i9t	substituted	1	ARG>THR
M0816	pdb5iab	substituted	1	ARG>THR
M0816	pdb5iae	substituted	1	ARG>THR
M0816	pdb5iag	substituted	1	ARG>THR
M0816	pdb5iaj	substituted	1	ARG>THR
M0816	pdb5iak	substituted	1	ARG>THR
M0816	pdb5ian	substituted	1	ARG>THR
M0816	pdb5iar	substituted	1	ARG>THR
M0816	pdb5ias	substituted	1	ARG>THR
M0816	pdb5ibc	substituted	1	ARG>THR
M0816	pdb5ibp	substituted	1	ARG>THR
M0816	pdb5ibr	substituted	1	ARG>THR
M0816	pdb5ic4	substituted	1	ARG>THR
M0816	pdb5ic6	substituted	1	ARG>GLY
M0816	pdb5jft	substituted	1	ARG>ASN
M0816	pdb5k20	substituted	1	ARG>GLY
M0816	pdb5mmv	substituted	1	ARG>PRO
M0816	pdb5mtk	substituted	1	ARG>PRO
M0816	pdb5v6u	substituted	1	ARG>GLY
M0816	pdb5v6z	substituted	1	ARG>GLY
M0816	pdb6bfj	substituted	1	ARG>THR
M0816	pdb6bfk	substituted	1	ARG>THR
M0816	pdb6bfo	substituted	1	ARG>THR
M0816	pdb6bz9	substituted	1	ARG>PRO
M0816	pdb6ckz	substituted	1	ARG>THR
M0816	pdb6cl0	substituted	1	ARG>THR
M0816	pdb6cl1	substituted	1	ARG>GLY
M0816	pdb6cl2	substituted	1	ARG>GLY
M0816	pdb6pzp	substituted	1	ARG>PRO
M0816	pdb6x8i	substituted	1	ARG>THR
M0816	pdb6x8j	substituted	1	ARG>GLY
M0816	pdb6x8k	substituted	1	ARG>THR
M0816	pdb6x8l	substituted	1	ARG>GLY
M0472	pdb1aui	exact	0	
M0472	pdb1fjm	exact	0	
M0472	pdb1it6	exact	0	
M0472	pdb1jk7	exact	0	
M0472	pdb1m63	exact	0	
M0472	pdb1mf8	exact	0	
M0472	pdb1s70	exact	0	
M0472	pdb1s95	exact	0	
M0472	pdb1tco	exact	0	
M0472	pdb1u32	exact	0	
M0472	pdb1wao	substituted	9	ASP>LEU,HIS>LYS,ASP>ASN,ARG>ILE,ASN>GLU,HIS>VAL,HIS>LEU,ARG>SER,HIS>GLN
M0472	pdb2bcd	exact	0	
M0472	pdb2bdx	exact	0	
M0472	pdb2iae	substituted	1	ASP>ASN
M0472	pdb2ie3	exact	0	
M0472	pdb2ie4	exact	0	
M0472	pdb2jog	exact	0	
M0472	pdb2npp	exact	0	
M0472	pdb2nyl	exact	0	
M0472	pdb2nym	exact	0	
M0472	pdb2o8a	exact	0	
M0472	pdb2o8g	exact	0	
M0472	pdb2p6b	substituted	8	ASP>GLY,HIS>PHE,ASP>TYR,ARG>PHE,ASN>CYS,HIS>ARG,ARG>SER,HIS>GLN
M0472	pdb3c5w	partial	NA	
M0472	pdb3dw8	exact	0	
M0472	pdb3e7a	exact	0	
M0472	pdb3e7b	exact	0	
M0472	pdb3egg	exact	0	
M0472	pdb3egh	exact	0	
M0472	pdb3fga	substituted	1	ASP>ASN
M0472	pdb3h60	exact	0	
M0472	pdb3h61	exact	0	
M0472	pdb3h62	exact	0	
M0472	pdb3h63	exact	0	
M0472	pdb3h64	exact	0	
M0472	pdb3h66	exact	0	
M0472	pdb3h67	exact	0	
M0472	pdb3h68	exact	0	
M0472	pdb3h69	exact	0	
M0472	pdb3hvq	exact	0	
M0472	pdb3icf	exact	0	
M0472	pdb3k7v	exact	0	
M0472	pdb3k7w	exact	0	
M0472	pdb3ll8	substituted	9	ASP>ASN,HIS>LEU,ASP>GLY,ASP>PRO,ARG>ALA,ASN>LYS,HIS>ILE,ARG>ASN,HIS>PHE
M0472	pdb3n5u	exact	0	
M0472	pdb3p71	exact	0	
M0472	pdb3v4y	exact	0	
M0472	pdb4f0z	exact	0	
M0472	pdb4g9j	exact	0	
M0472	pdb4i5l	exact	0	
M0472	pdb4i5n	exact	0	
M0472	pdb4il1	exact	0	
M0472	pdb4iyp	partial	NA	
M0472	pdb4ja7	exact	0	
M0472	pdb4ja9	exact	0	
M0472	pdb4lac	exact	0	
M0472	pdb4mov	exact	0	
M0472	pdb4moy	exact	0	
M0472	pdb4mp0	exact	0	
M0472	pdb4or9	exact	0	
M0472	pdb4ora	exact	0	
M0472	pdb4orb	exact	0	
M0472	pdb4orc	exact	0	
M0472	pdb4ut2	exact	0	
M0472	pdb4ut3	exact	0	
M0472	pdb4v0u	exact	0	
M0472	pdb4v0v	exact	0	
M0472	pdb4v0w	exact	0	
M0472	pdb4v0x	exact	0	
M0472	pdb4xpn	exact	0	
M0472	pdb4zvz	exact	0	
M0472	pdb4zx2	exact	0	
M0472	pdb5b8i	exact	0	
M0472	pdb5c1v	exact	0	
M0472	pdb5hpe	exact	0	
M0472	pdb5inb	exact	0	
M0472	pdb5ioh	exact	0	
M0472	pdb5j28	exact	0	
M0472	pdb5jjt	exact	0	
M0472	pdb5jpe	substituted	1	ASP>ASN
M0472	pdb5jpf	substituted	1	ASP>ASN
M0472	pdb5sve	exact	0	
M0472	pdb5ui1	exact	0	
M0472	pdb5w0w	exact	0	
M0472	pdb5wg8	exact	0	
M0472	pdb6alz	exact	0	
M0472	pdb6czo	exact	0	
M0472	pdb6dno	exact	0	
M0472	pdb6g0i	exact	0	
M0472	pdb6g0j	exact	0	
M0472	pdb6ghm	exact	0	
M0472	pdb6nuc	exact	0	
M0472	pdb6nuf	exact	0	
M0472	pdb6zee	exact	0	
M0472	pdb6zef	exact	0	
M0472	pdb7cun	exact	0	
M0472	pdb7k36	exact	0	
M0962	pdb1dtn	substituted	1	GLU>GLN
M0962	pdb1mdl	exact	0	
M0962	pdb1mdr	exact	0	
M0962	pdb1mns	exact	0	
M0962	pdb1mra	substituted	1	ASP>ASN
M0962	pdb1rvk	substituted	1	ASP>GLY
M0962	pdb2gdq	partial	NA	
M0962	pdb2gge	partial	NA	
M0962	pdb2gl5	substituted	1	ASP>GLU
M0962	pdb2gsh	exact	0	
M0962	pdb2hzg	partial	NA	
M0962	pdb2i5q	exact	0	
M0962	pdb2mnr	exact	0	
M0962	pdb2nql	substituted	1	ASP>GLU
M0962	pdb2o56	substituted	1	ASP>GLU
M0962	pdb2og9	exact	0	
M0962	pdb2ovl	exact	0	
M0962	pdb2ox4	substituted	1	ASP>GLU
M0962	pdb2oz3	exact	0	
M0962	pdb2p0i	exact	0	
M0962	pdb2p3z	exact	0	
M0962	pdb2p88	substituted	2	ASP>LYS,HIS>GLY
M0962	pdb2p8b	substituted	2	ASP>LYS,HIS>GLY
M0962	pdb2p8c	substituted	2	ASP>LYS,HIS>GLY
M0962	pdb2pgw	substituted	3	GLU>GLN,ASP>GLY,GLU>GLN
M0962	pdb2pod	substituted	1	ASP>GLU
M0962	pdb2poz	exact	0	
M0962	pdb2ppg	substituted	1	ASP>GLU
M0962	pdb2qde	substituted	3	ASP>LYS,HIS>GLY,GLU>GLN
M0962	pdb2qjj	substituted	1	ASP>THR
M0962	pdb2qjm	substituted	1	ASP>THR
M0962	pdb2qjn	substituted	1	ASP>THR
M0962	pdb2qq6	exact	0	
M0962	pdb3bjs	exact	0	
M0962	pdb3box	exact	0	
M0962	pdb3bsm	substituted	1	ASP>PRO
M0962	pdb3cb3	exact	0	
M0962	pdb3ck5	exact	0	
M0962	pdb3ct2	substituted	4	GLU>ILE,ASP>LYS,HIS>TYR,GLU>HIS
M0962	pdb3cxo	exact	0	
M0962	pdb3cyj	exact	0	
M0962	pdb3d46	exact	0	
M0962	pdb3d47	exact	0	
M0962	pdb3ddm	substituted	1	GLU>GLY
M0962	pdb3dfh	substituted	1	ASP>HIS
M0962	pdb3dgb	substituted	4	GLU>ILE,ASP>LYS,HIS>TYR,GLU>HIS
M0962	pdb3dip	partial	NA	
M0962	pdb3ekg	exact	0	
M0962	pdb3fj4	substituted	4	GLU>ILE,ASP>LYS,HIS>TYR,GLU>HIS
M0962	pdb3fxg	exact	0	
M0962	pdb3gy1	substituted	1	ASP>HIS
M0962	pdb3h12	exact	0	
M0962	pdb3i6e	partial	NA	
M0962	pdb3jva	partial	NA	
M0962	pdb3jw7	partial	NA	
M0962	pdb3jzu	partial	NA	
M0962	pdb3k1g	partial	NA	
M0962	pdb3kum	partial	NA	
M0962	pdb3mkc	exact	0	
M0962	pdb3mqt	exact	0	
M0962	pdb3msy	substituted	1	GLU>GLN
M0962	pdb3n4e	substituted	1	GLU>VAL
M0962	pdb3no1	substituted	1	GLU>GLN
M0962	pdb3nzg	exact	0	
M0962	pdb3op2	exact	0	
M0962	pdb3ow1	substituted	1	ASP>PRO
M0962	pdb3ozm	exact	0	
M0962	pdb3ozy	exact	0	
M0962	pdb3p93	substituted	1	ASP>PRO
M0962	pdb3pk7	substituted	1	ASP>PRO
M0962	pdb3qke	substituted	1	ASP>PRO
M0962	pdb3r25	substituted	1	ASP>HIS
M0962	pdb3rcy	substituted	5	ASP>THR,GLU>ARG,ASP>LEU,HIS>LEU,GLU>SER
M0962	pdb3rgt	substituted	1	ASP>PRO
M0962	pdb3rr1	exact	0	
M0962	pdb3rra	exact	0	
M0962	pdb3s47	substituted	1	ASP>HIS
M0962	pdb3sbf	substituted	1	ASP>HIS
M0962	pdb3sjn	exact	0	
M0962	pdb3sqs	substituted	1	ASP>GLU
M0962	pdb3ssz	substituted	1	ASP>GLU
M0962	pdb3stp	substituted	1	ASP>GLU
M0962	pdb3t4w	substituted	2	ASP>GLY,ASP>ALA
M0962	pdb3t6c	substituted	1	ASP>HIS
M0962	pdb3t8q	exact	0	
M0962	pdb3t9p	exact	0	
M0962	pdb3tcs	exact	0	
M0962	pdb3thu	substituted	1	ASP>THR
M0962	pdb3tj4	exact	0	
M0962	pdb3tji	substituted	1	ASP>HIS
M0962	pdb3toy	exact	0	
M0962	pdb3tte	exact	0	
M0962	pdb3tw9	substituted	1	ASP>HIS
M0962	pdb3twa	substituted	1	ASP>HIS
M0962	pdb3twb	substituted	1	ASP>HIS
M0962	pdb3u4f	exact	0	
M0962	pdb3ugv	exact	0	
M0962	pdb3uxk	exact	0	
M0962	pdb3uxl	exact	0	
M0962	pdb3v3w	substituted	1	ASP>THR
M0962	pdb3v4b	substituted	1	ASP>THR
M0962	pdb3vcn	substituted	1	ASP>THR
M0962	pdb4dn1	substituted	1	ASP>GLU
M0962	pdb4dwd	substituted	1	GLU>VAL
M0962	pdb4dx3	substituted	1	ASP>GLU
M0962	pdb4dxk	substituted	1	ASP>GLU
M0962	pdb4e4u	substituted	2	ASP>GLY,ASP>ASN
M0962	pdb4e5t	substituted	5	ASP>THR,GLU>ARG,ASP>LEU,HIS>LEU,GLU>SER
M0962	pdb4e6m	substituted	1	ASP>GLU
M0962	pdb4f4r	substituted	1	ASP>PRO
M0962	pdb4fi4	substituted	1	ASP>THR
M0962	pdb4fp1	exact	0	
M0962	pdb4ggb	exact	0	
M0962	pdb4ggh	substituted	1	ASP>HIS
M0962	pdb4gir	substituted	1	ASP>HIS
M0962	pdb4gis	substituted	1	ASP>HIS
M0962	pdb4gme	substituted	1	ASP>THR
M0962	pdb4h19	exact	0	
M0962	pdb4h1z	substituted	1	ASP>GLU
M0962	pdb4h83	substituted	1	GLU>GLN
M0962	pdb4hcd	substituted	1	ASP>GLY
M0962	pdb4hch	substituted	1	ASP>GLY
M0962	pdb4hcl	substituted	1	ASP>GLY
M0962	pdb4hnc	exact	0	
M0962	pdb4hnl	substituted	1	ASP>HIS
M0962	pdb4hpn	exact	0	
M0962	pdb4ihc	substituted	1	ASP>HIS
M0962	pdb4il2	substituted	1	ASP>THR
M0962	pdb4j3z	substituted	2	ASP>GLY,ASP>ALA
M0962	pdb4jhm	partial	NA	
M0962	pdb4jn7	exact	0	
M0962	pdb4jn8	exact	0	
M0962	pdb4k1w	substituted	1	ASP>THR
M0962	pdb4k2s	substituted	1	ASP>PRO
M0962	pdb4k8g	substituted	1	ASP>THR
M0962	pdb4kem	partial	NA	
M0962	pdb4kpl	substituted	1	ASP>PRO
M0962	pdb4kt2	substituted	1	ASP>PRO
M0962	pdb4kws	substituted	1	ASP>PRO
M0962	pdb4m6u	exact	0	
M0962	pdb4mgg	substituted	4	GLU>GLN,GLU>VAL,ASP>LYS,HIS>TRP
M0962	pdb4mmw	substituted	1	ASP>GLY
M0962	pdb4x2p	exact	0	
M0962	pdb5xd7	exact	0	
M0962	pdb5xd8	exact	0	
M0962	pdb5xd9	substituted	1	HIS>ASN
M0962	pdb6vim	exact	0	
M0795	pdb1dve	substituted	3	VAL>THR,ASN>ASP,HIS>ASN
M0795	pdb1dvg	substituted	3	VAL>THR,ASN>ASP,HIS>ASN
M0795	pdb1irm	substituted	3	VAL>THR,ASN>ASP,HIS>ASN
M0795	pdb1ivj	substituted	3	VAL>THR,ASN>ASP,HIS>ASN
M0795	pdb1iw0	substituted	1	ASN>ASP
M0795	pdb1iw1	substituted	1	ASN>ASP
M0795	pdb1ix3	substituted	3	VAL>THR,ASN>ASP,HIS>ASN
M0795	pdb1ix4	substituted	3	VAL>THR,ASN>ASP,HIS>ASN
M0795	pdb1j02	substituted	3	VAL>THR,ASN>ASP,HIS>ASN
M0795	pdb1j2c	substituted	3	VAL>THR,ASN>ASP,HIS>ASN
M0795	pdb1n3u	substituted	3	VAL>THR,ASN>ASP,HIS>ASN
M0795	pdb1n45	substituted	3	VAL>THR,ASN>ASP,HIS>ASN
M0795	pdb1ni6	substituted	3	VAL>THR,ASN>ASP,HIS>ASN
M0795	pdb1oyk	substituted	3	VAL>THR,ASN>ALA,HIS>ASN
M0795	pdb1oyl	substituted	3	VAL>THR,ASN>ALA,HIS>ASN
M0795	pdb1oze	substituted	3	VAL>THR,ASN>ALA,HIS>ASN
M0795	pdb1ozl	substituted	3	VAL>THR,ASN>ALA,HIS>ASN
M0795	pdb1ozr	substituted	3	VAL>THR,ASN>ASP,HIS>ASN
M0795	pdb1ozw	substituted	3	VAL>THR,ASN>ASP,HIS>ASN
M0795	pdb1s13	substituted	3	VAL>THR,ASN>ASP,HIS>ASN
M0795	pdb1s8c	substituted	3	VAL>THR,ASN>ASP,HIS>ASN
M0795	pdb1t5p	substituted	3	VAL>THR,ASN>ASP,HIS>ASN
M0795	pdb1twn	substituted	3	VAL>THR,ASN>ASP,HIS>ASN
M0795	pdb1twr	substituted	3	VAL>THR,ASN>ASP,HIS>ASN
M0795	pdb1ubb	substituted	3	VAL>THR,ASN>ASP,HIS>ASN
M0795	pdb1ulx	substituted	3	VAL>THR,ASN>ASP,HIS>ASN
M0795	pdb1v8x	substituted	1	ASN>ASP
M0795	pdb1vgi	substituted	3	VAL>THR,ASN>ASP,HIS>ASN
M0795	pdb1we1	substituted	3	VAL>THR,ASN>ASP,HIS>ASN
M0795	pdb1wnv	substituted	1	ASN>ALA
M0795	pdb1wnw	exact	0	
M0795	pdb1wnx	substituted	1	ASN>GLU
M0795	pdb1wov	substituted	3	VAL>THR,ASN>ASP,HIS>ASN
M0795	pdb1wow	substituted	3	VAL>THR,ASN>ASP,HIS>ASN
M0795	pdb1wox	substituted	3	VAL>THR,ASN>ASP,HIS>ASN
M0795	pdb1wzd	substituted	1	ASN>ASP
M0795	pdb1wzf	substituted	1	ASN>ASP
M0795	pdb1wzg	substituted	1	ASN>ASP
M0795	pdb1xjz	substituted	4	VAL>THR,GLY>ALA,ASN>ASP,HIS>ASN
M0795	pdb1xk0	substituted	4	VAL>THR,GLY>ALA,ASN>ASP,HIS>ASN
M0795	pdb1xk1	substituted	3	VAL>THR,ASN>ASP,HIS>ASN
M0795	pdb1xk2	substituted	3	VAL>THR,ASN>ASP,HIS>ASN
M0795	pdb1xk3	substituted	3	VAL>THR,ASN>ASP,HIS>ASN
M0795	pdb2dy5	substituted	3	VAL>THR,ASN>ASP,HIS>ASN
M0795	pdb2e7e	substituted	3	VAL>THR,ASN>ASP,HIS>ASN
M0795	pdb2q32	substituted	3	VAL>THR,ASN>ASP,HIS>ASN
M0795	pdb2qpp	substituted	3	VAL>THR,ASN>ASP,HIS>ASN
M0795	pdb2rgz	substituted	3	VAL>THR,ASN>ASP,HIS>ASN
M0795	pdb2z68	substituted	1	ASN>ASP
M0795	pdb2zvu	substituted	3	VAL>THR,ASN>ASP,HIS>ASN
M0795	pdb3czy	substituted	3	VAL>THR,ASN>ASP,HIS>ASN
M0795	pdb3hok	substituted	3	VAL>THR,ASN>ASP,HIS>ASN
M0795	pdb3i8r	substituted	1	ASN>ASP
M0795	pdb3i9t	substituted	3	VAL>THR,ASN>ASP,HIS>ASN
M0795	pdb3i9u	substituted	3	VAL>THR,ASN>ASP,HIS>ASN
M0795	pdb3k4f	substituted	3	VAL>THR,ASN>ASP,HIS>ASN
M0795	pdb3moo	substituted	1	ASN>ASP
M0795	pdb3tgm	substituted	3	VAL>THR,ASN>ASP,HIS>ASN
M0795	pdb3wkt	substituted	3	VAL>THR,ASN>ASP,HIS>ASN
M0795	pdb4g7l	substituted	3	VAL>THR,ASN>ASP,HIS>ASN
M0795	pdb4g7p	substituted	3	VAL>THR,ASN>ASP,HIS>ASN
M0795	pdb4g7t	substituted	3	VAL>THR,ASN>ASP,HIS>ASN
M0795	pdb4g7u	substituted	3	VAL>THR,ASN>ASP,HIS>ASN
M0795	pdb4g8p	substituted	3	VAL>THR,ASN>ASP,HIS>ASN
M0795	pdb4g8u	substituted	3	VAL>THR,ASN>ASP,HIS>ASN
M0795	pdb4g8w	substituted	3	VAL>THR,ASN>ASP,HIS>ASN
M0795	pdb4g98	substituted	3	VAL>THR,ASN>ASP,HIS>ASN
M0795	pdb4g99	substituted	3	VAL>THR,ASN>ASP,HIS>ASN
M0795	pdb4goh	substituted	1	ASN>ASP
M0795	pdb4gpc	substituted	1	ASN>ASP
M0795	pdb4gpf	substituted	1	ASN>ASP
M0795	pdb4gph	substituted	1	ASN>ASP
M0795	pdb4mec	substituted	3	VAL>THR,ASN>ASP,HIS>ASN
M0795	pdb4wd4	substituted	3	VAL>THR,ASN>ASP,HIS>ASN
M0795	pdb4wmh	substituted	3	VAL>THR,ASN>ASP,HIS>ASN
M0795	pdb5btq	substituted	3	VAL>THR,ASN>ASP,HIS>ASN
M0795	pdb5kzl	substituted	2	ASN>ASP,HIS>SER
M0795	pdb5uc8	substituted	3	VAL>THR,ASN>ASP,HIS>ASN
M0795	pdb5uc9	substituted	3	VAL>THR,ASN>ASP,HIS>ASN
M0795	pdb5uca	substituted	3	VAL>THR,ASN>ASP,HIS>ASN
M0727	pdb1f5s	exact	0	
M0727	pdb1j97	exact	0	
M0727	pdb1l7m	exact	0	
M0727	pdb1l7n	exact	0	
M0727	pdb1l7o	substituted	1	ASP>ASN
M0727	pdb1l7p	substituted	1	ASP>ASN
M0727	pdb1l8l	substituted	1	PHE>VAL
M0727	pdb1l8o	substituted	1	PHE>VAL
M0727	pdb1nnl	substituted	1	PHE>VAL
M0727	pdb3kd3	partial	NA	
M0727	pdb3m1y	exact	0	
M0727	pdb3n28	substituted	1	PHE>MET
M0727	pdb3p96	substituted	1	PHE>VAL
M0727	pdb4ap9	substituted	2	PHE>ILE,ASP>GLU
M0727	pdb4b6j	substituted	2	PHE>ILE,ASP>GLU
M0727	pdb4eze	substituted	1	PHE>MET
M0727	pdb5is2	substituted	1	PHE>VAL
M0727	pdb5it0	substituted	2	PHE>VAL,ASP>ASN
M0727	pdb5it4	substituted	1	PHE>VAL
M0727	pdb5jjb	substituted	1	PHE>VAL
M0727	pdb5jlp	substituted	1	PHE>VAL
M0727	pdb5jlr	substituted	1	PHE>VAL
M0727	pdb5jma	substituted	1	PHE>VAL
M0727	pdb5t41	substituted	1	PHE>VAL
M0497	pdb1e5d	exact	0	
M0497	pdb1vme	substituted	1	HIS>GLU
M0497	pdb1ycf	exact	0	
M0497	pdb1ycg	exact	0	
M0497	pdb1ych	exact	0	
M0497	pdb2ohh	substituted	1	TYR>PHE
M0497	pdb2ohi	substituted	1	TYR>PHE
M0497	pdb2ohj	substituted	1	TYR>PHE
M0497	pdb2q9u	exact	0	
M0497	pdb4d02	exact	0	
M0497	pdb4dik	substituted	1	HIS>GLU
M0497	pdb4dil	substituted	1	HIS>GLU
M0497	pdb4fek	substituted	5	HIS>ARG,ASP>LYS,HIS>GLU,GLU>SER,ASP>ASN
M0497	pdb5lld	exact	0	
M0497	pdb5lmc	exact	0	
M0497	pdb5v8s	substituted	1	HIS>GLU
M0338	pdb2id0	exact	0	
M0338	pdb2ix0	exact	0	
M0338	pdb2ix1	exact	0	
M0338	pdb2r7d	exact	0	
M0338	pdb2r7f	exact	0	
M0338	pdb2vnu	substituted	2	TYR>ASP,ARG>MSE
M0338	pdb2wp8	substituted	2	TYR>LEU,ARG>ALA
M0338	pdb4ifd	exact	0	
M0338	pdb4pmw	exact	0	
M0338	pdb4ro1	exact	0	
M0338	pdb5c0w	exact	0	
M0338	pdb5c0x	exact	0	
M0338	pdb5g06	exact	0	
M0338	pdb5jea	exact	0	
M0338	pdb5k36	exact	0	
M0338	pdb5vzj	exact	0	
M0338	pdb5xgu	exact	0	
M0338	pdb6d6q	exact	0	
M0338	pdb6d6r	exact	0	
M0338	pdb6fsz	partial	NA	
M0338	pdb6h25	exact	0	
M0338	pdb6lqs	partial	NA	
M0338	pdb7ajt	partial	NA	
M0338	pdb7aju	partial	NA	
M0338	pdb7dcy	exact	0	
M0338	pdb7dic	exact	0	
M0338	pdb7did	exact	0	
M0338	pdb7dol	exact	0	
M0947	pdb1pm3	partial	NA	
M0947	pdb1u1z	exact	0	
M0947	pdb1z6b	exact	0	
M0947	pdb1zhg	exact	0	
M0947	pdb2az1	partial	NA	
M0947	pdb2cf2	partial	NA	
M0947	pdb2d36	substituted	4	HIS>ARG,ILE>SER,GLY>PHE,GLU>THR
M0947	pdb2d37	substituted	4	HIS>ARG,ILE>SER,GLY>PHE,GLU>THR
M0947	pdb2d38	substituted	4	HIS>ARG,ILE>SER,GLY>PHE,GLU>THR
M0947	pdb2fvh	substituted	3	HIS>VAL,ILE>LEU,VAL>ARG
M0947	pdb2gll	exact	0	
M0947	pdb2glm	exact	0	
M0947	pdb2glp	exact	0	
M0947	pdb2glv	exact	0	
M0947	pdb2gwf	partial	NA	
M0947	pdb2jyl	substituted	3	HIS>ALA,ILE>LEU,VAL>ALA
M0947	pdb2l6e	substituted	4	HIS>ALA,ILE>LEU,GLY>ALA,VAL>ALA
M0947	pdb2okh	partial	NA	
M0947	pdb2oki	partial	NA	
M0947	pdb2q1w	partial	NA	
M0947	pdb2yjn	substituted	4	HIS>GLY,ILE>VAL,GLY>ASP,GLU>ASP
M0947	pdb2zua	partial	NA	
M0947	pdb3az8	exact	0	
M0947	pdb3az9	exact	0	
M0947	pdb3aza	exact	0	
M0947	pdb3azb	exact	0	
M0947	pdb3b7j	exact	0	
M0947	pdb3bgk	partial	NA	
M0947	pdb3cf8	exact	0	
M0947	pdb3cf9	exact	0	
M0947	pdb3d04	exact	0	
M0947	pdb3d6x	exact	0	
M0947	pdb3doy	exact	0	
M0947	pdb3doz	exact	0	
M0947	pdb3dp0	exact	0	
M0947	pdb3dp1	exact	0	
M0947	pdb3dp2	exact	0	
M0947	pdb3dp3	exact	0	
M0947	pdb3ed0	exact	0	
M0947	pdb3egt	substituted	5	HIS>TYR,ILE>VAL,GLY>VAL,VAL>ALA,GLU>LEU
M0947	pdb3el6	substituted	3	ILE>LEU,VAL>SER,GLU>ASP
M0947	pdb3g1l	substituted	5	HIS>TYR,ILE>ALA,GLY>LEU,VAL>THR,GLU>ARG
M0947	pdb3l7u	partial	NA	
M0947	pdb3w2v	partial	NA	
M0947	pdb3w2w	partial	NA	
M0947	pdb3x1l	partial	NA	
M0947	pdb4h4g	substituted	1	ILE>VAL
M0947	pdb4hac	substituted	3	HIS>ASP,ILE>TYR,GLY>ALA
M0947	pdb4i83	substituted	1	ILE>VAL
M0947	pdb4kpc	partial	NA	
M0947	pdb4ln9	substituted	1	VAL>THR
M0947	pdb4n57	partial	NA	
M0947	pdb4n82	partial	NA	
M0947	pdb4od4	substituted	3	HIS>ARG,ILE>LEU,VAL>ALA
M0947	pdb4od5	substituted	3	HIS>ARG,ILE>LEU,VAL>ALA
M0947	pdb4r36	partial	NA	
M0947	pdb4r37	partial	NA	
M0947	pdb4zjb	exact	0	
M0947	pdb4zw0	substituted	1	ILE>VAL
M0947	pdb5buw	exact	0	
M0947	pdb5bux	exact	0	
M0947	pdb5buy	substituted	1	ILE>VAL
M0947	pdb5c4k	partial	NA	
M0947	pdb5c4l	partial	NA	
M0947	pdb5c7p	partial	NA	
M0947	pdb5caa	partial	NA	
M0947	pdb5cab	partial	NA	
M0947	pdb5m1t	partial	NA	
M0163	pdb1f21	exact	0	
M0163	pdb1g15	partial	NA	
M0163	pdb1goa	exact	0	
M0163	pdb1gob	exact	0	
M0163	pdb1goc	exact	0	
M0163	pdb1jl1	substituted	1	ASP>ALA
M0163	pdb1jl2	exact	0	
M0163	pdb1jxb	exact	0	
M0163	pdb1kva	substituted	1	ASP>ALA
M0163	pdb1kvb	substituted	1	ASP>HIS
M0163	pdb1kvc	substituted	1	ASP>ASN
M0163	pdb1lav	exact	0	
M0163	pdb1law	exact	0	
M0163	pdb1rbr	exact	0	
M0163	pdb1rbs	exact	0	
M0163	pdb1rbt	exact	0	
M0163	pdb1rbu	exact	0	
M0163	pdb1rbv	exact	0	
M0163	pdb1rch	exact	0	
M0163	pdb1rda	substituted	1	ASP>ASN
M0163	pdb1rdb	substituted	1	GLU>GLN
M0163	pdb1rdc	substituted	1	ASP>ASN
M0163	pdb1rdd	exact	0	
M0163	pdb1ril	exact	0	
M0163	pdb1rnh	exact	0	
M0163	pdb1wse	substituted	1	GLU>ALA
M0163	pdb1wsf	substituted	1	ASP>ALA
M0163	pdb1wsg	substituted	2	ASP>ASN,GLU>ALA
M0163	pdb1wsh	partial	NA	
M0163	pdb1wsi	partial	NA	
M0163	pdb1wsj	substituted	1	HIS>ALA
M0163	pdb2e4l	exact	0	
M0163	pdb2qk9	partial	NA	
M0163	pdb2qkb	partial	NA	
M0163	pdb2qkk	substituted	1	ASP>ASN
M0163	pdb2rn2	exact	0	
M0163	pdb2rpi	partial	NA	
M0163	pdb2yv0	substituted	1	ASP>HIS
M0163	pdb2z1g	exact	0	
M0163	pdb2z1h	exact	0	
M0163	pdb2z1i	exact	0	
M0163	pdb2z1j	exact	0	
M0163	pdb2zqb	substituted	1	ASP>HIS
M0163	pdb3aa2	exact	0	
M0163	pdb3aa3	exact	0	
M0163	pdb3aa4	exact	0	
M0163	pdb3aa5	exact	0	
M0163	pdb3h08	partial	NA	
M0163	pdb3hyf	exact	0	
M0163	pdb3qin	exact	0	
M0163	pdb3qio	exact	0	
M0163	pdb4ibn	substituted	3	GLY>GLU,ASP>ASN,GLU>ALA
M0163	pdb4ly7	exact	0	
M0163	pdb4z0u	exact	0	
M0163	pdb6vrd	substituted	1	ASP>ASN
M0959	pdb1bkh	substituted	1	GLN>MET
M0959	pdb1bqg	substituted	3	ASP>ASN,LYS>ASP,GLN>ASN
M0959	pdb1dtn	substituted	3	ASP>GLY,LYS>ASP,GLN>PHE
M0959	pdb1f9c	substituted	1	GLN>MET
M0959	pdb1jpd	substituted	2	GLU>LEU,GLN>MET
M0959	pdb1jpm	substituted	1	GLN>MET
M0959	pdb1mdl	substituted	4	LYS>ARG,ASP>GLY,LYS>ASP,GLN>PHE
M0959	pdb1mdr	substituted	3	ASP>GLY,LYS>ASP,GLN>PHE
M0959	pdb1mns	substituted	3	ASP>GLY,LYS>ASP,GLN>PHE
M0959	pdb1mra	substituted	3	ASP>GLY,LYS>ASN,GLN>PHE
M0959	pdb1muc	substituted	1	GLN>MET
M0959	pdb1nu5	substituted	1	GLN>MET
M0959	pdb1r0m	substituted	1	GLN>MET
M0959	pdb1rvk	substituted	4	LYS>HIS,ASP>PRO,LYS>GLY,GLN>ASN
M0959	pdb1sja	substituted	1	GLN>MET
M0959	pdb1sjb	substituted	1	GLN>MET
M0959	pdb1sjc	substituted	1	GLN>MET
M0959	pdb1sjd	substituted	1	GLN>MET
M0959	pdb1tkk	substituted	1	GLN>MET
M0959	pdb1wue	substituted	1	GLN>MET
M0959	pdb1wuf	substituted	1	GLN>MET
M0959	pdb1xpy	substituted	1	GLN>MET
M0959	pdb1xs2	substituted	1	GLN>MET
M0959	pdb1yey	substituted	3	ASP>GLY,LYS>ASP,GLN>PRO
M0959	pdb2chr	substituted	1	GLN>MET
M0959	pdb2fkp	substituted	1	GLN>MET
M0959	pdb2gdq	partial	NA	
M0959	pdb2gge	partial	NA	
M0959	pdb2ggg	substituted	1	GLN>MET
M0959	pdb2ggh	substituted	1	GLN>MET
M0959	pdb2ggi	substituted	1	GLN>MET
M0959	pdb2ggj	substituted	1	GLN>MET
M0959	pdb2hne	substituted	3	ASP>GLY,LYS>ASP,GLN>PRO
M0959	pdb2hxt	substituted	3	ASP>GLY,LYS>ASP,GLN>PRO
M0959	pdb2hxu	substituted	4	LYS>ALA,ASP>GLY,LYS>ASP,GLN>PRO
M0959	pdb2mnr	substituted	3	ASP>GLY,LYS>ASP,GLN>PHE
M0959	pdb2muc	substituted	1	GLN>MET
M0959	pdb2nql	substituted	4	LYS>ALA,ASP>GLY,LYS>GLU,GLN>THR
M0959	pdb2og9	substituted	3	ASP>GLY,LYS>ASP,GLN>ALA
M0959	pdb2opj	partial	NA	
M0959	pdb2oqh	substituted	3	ASP>ASN,LYS>ASP,GLN>GLY
M0959	pdb2oqy	partial	NA	
M0959	pdb2ovl	substituted	3	ASP>GLY,LYS>ASP,GLN>VAL
M0959	pdb2p88	substituted	1	GLN>MET
M0959	pdb2p8b	substituted	1	GLN>MET
M0959	pdb2p8c	substituted	1	GLN>MET
M0959	pdb2pce	substituted	1	GLN>THR
M0959	pdb2pgw	substituted	2	LYS>GLY,GLN>SER
M0959	pdb2pmq	substituted	1	GLN>ALA
M0959	pdb2poz	substituted	4	LYS>TYR,ASP>GLY,LYS>ASP,GLN>CYS
M0959	pdb2ppg	substituted	4	LYS>ALA,ASP>GLY,LYS>GLU,GLN>THR
M0959	pdb2ps2	substituted	1	GLN>THR
M0959	pdb2qdd	substituted	1	GLN>VAL
M0959	pdb2qde	substituted	1	GLN>MET
M0959	pdb2qvh	substituted	1	GLN>ALA
M0959	pdb2rdx	substituted	1	GLN>SER
M0959	pdb2zad	substituted	1	GLN>MSE
M0959	pdb2zc8	substituted	1	GLN>MET
M0959	pdb3bjs	substituted	4	LYS>ARG,ASP>GLY,LYS>ASP,GLN>SER
M0959	pdb3bsm	partial	NA	
M0959	pdb3cb3	substituted	3	ASP>GLY,LYS>ASP,GLN>ALA
M0959	pdb3ck5	substituted	3	ASP>GLY,LYS>ASP,GLN>VAL
M0959	pdb3ct2	substituted	1	GLN>MET
M0959	pdb3cyj	partial	NA	
M0959	pdb3ddm	partial	NA	
M0959	pdb3deq	substituted	1	GLN>MET
M0959	pdb3der	substituted	1	GLN>MET
M0959	pdb3des	substituted	1	GLN>MET
M0959	pdb3dfy	substituted	1	GLN>MET
M0959	pdb3dg3	exact	0	
M0959	pdb3dg6	exact	0	
M0959	pdb3dg7	exact	0	
M0959	pdb3dgb	substituted	1	GLN>MET
M0959	pdb3eez	substituted	1	GLN>THR
M0959	pdb3es7	partial	NA	
M0959	pdb3es8	partial	NA	
M0959	pdb3fcp	substituted	1	GLN>MET
M0959	pdb3fj4	substituted	1	GLN>MET
M0959	pdb3fv9	substituted	1	GLN>THR
M0959	pdb3fvd	substituted	1	GLN>VAL
M0959	pdb3fyy	partial	NA	
M0959	pdb3gd6	partial	NA	
M0959	pdb3h12	substituted	3	ASP>GLY,LYS>ASP,GLN>PHE
M0959	pdb3hpf	partial	NA	
M0959	pdb3i4k	substituted	1	GLN>SER
M0959	pdb3i6e	substituted	1	GLN>MET
M0959	pdb3i6t	substituted	1	GLN>MET
M0959	pdb3iji	substituted	1	GLN>MET
M0959	pdb3ijl	substituted	1	GLN>MET
M0959	pdb3ijq	substituted	1	GLN>MET
M0959	pdb3ik4	substituted	1	GLN>MET
M0959	pdb3jva	substituted	1	GLN>MET
M0959	pdb3jw7	substituted	1	GLN>MET
M0959	pdb3jzu	substituted	1	GLN>MET
M0959	pdb3k1g	substituted	1	GLN>MET
M0959	pdb3kum	substituted	1	GLN>MET
M0959	pdb3msy	substituted	3	ASP>GLY,LYS>ASP,GLN>GLU
M0959	pdb3muc	substituted	1	GLN>MET
M0959	pdb3mwc	substituted	1	GLN>MET
M0959	pdb3my9	substituted	1	GLN>LEU
M0959	pdb3n4e	substituted	4	LYS>ARG,ASP>GLY,LYS>ASP,GLN>THR
M0959	pdb3no1	substituted	3	ASP>GLY,LYS>ASP,GLN>GLU
M0959	pdb3op2	substituted	3	ASP>GLY,LYS>ASP,GLN>PHE
M0959	pdb3ow1	partial	NA	
M0959	pdb3ozm	substituted	3	ASP>GLY,LYS>ASP,GLN>PHE
M0959	pdb3ozy	substituted	3	ASP>GLY,LYS>ASP,GLN>PHE
M0959	pdb3p93	partial	NA	
M0959	pdb3pk7	partial	NA	
M0959	pdb3q45	substituted	1	GLN>PHE
M0959	pdb3q4d	substituted	1	GLN>PHE
M0959	pdb3qke	partial	NA	
M0959	pdb3qld	substituted	1	GLN>MSE
M0959	pdb3r0k	substituted	1	GLN>MSE
M0959	pdb3r0u	substituted	1	GLN>MSE
M0959	pdb3r10	substituted	1	GLN>MSE
M0959	pdb3r11	substituted	1	GLN>MSE
M0959	pdb3r1z	substituted	1	GLN>MSE
M0959	pdb3rgt	partial	NA	
M0959	pdb3rit	substituted	1	GLN>MET
M0959	pdb3ro6	substituted	1	GLN>MET
M0959	pdb3rr1	substituted	4	LYS>ASN,ASP>GLY,LYS>ASP,GLN>PRO
M0959	pdb3rra	substituted	4	LYS>ASN,ASP>GLY,LYS>ASP,GLN>PRO
M0959	pdb3s5s	substituted	1	GLN>MET
M0959	pdb3sjn	substituted	4	LYS>GLY,ASP>GLY,LYS>ASP,GLN>PHE
M0959	pdb3sqs	substituted	5	LYS>ARG,ASP>GLU,ASP>GLY,LYS>ASP,GLN>GLY
M0959	pdb3ssz	substituted	5	LYS>ARG,ASP>GLU,ASP>GLY,LYS>ASP,GLN>GLY
M0959	pdb3stp	partial	NA	
M0959	pdb3t8q	substituted	4	LYS>ARG,ASP>GLY,LYS>ASP,GLN>ALA
M0959	pdb3t9p	partial	NA	
M0959	pdb3tcs	substituted	4	LYS>ARG,ASP>GLY,LYS>ASP,GLN>ALA
M0959	pdb3tj4	substituted	3	ASP>GLY,LYS>ASP,GLN>GLY
M0959	pdb3toy	substituted	3	ASP>GLY,LYS>ASP,GLN>LEU
M0959	pdb3tte	substituted	3	ASP>GLY,LYS>ASP,GLN>LEU
M0959	pdb3u4f	substituted	4	LYS>ARG,ASP>GLY,LYS>ASP,GLN>ALA
M0959	pdb3u9i	substituted	1	GLN>MET
M0959	pdb3ugv	substituted	4	LYS>ARG,ASP>GLY,LYS>ASP,GLN>TYR
M0959	pdb3uxk	substituted	3	ASP>GLY,LYS>ASP,GLN>PHE
M0959	pdb3uxl	substituted	3	ASP>GLY,LYS>ASP,GLN>PHE
M0959	pdb3vc5	substituted	3	ASP>ASN,LYS>ASP,GLN>ASN
M0959	pdb3vc6	substituted	3	ASP>ASN,LYS>ASP,GLN>ASN
M0959	pdb4a6g	substituted	1	GLN>MET
M0959	pdb4dhg	substituted	3	ASP>ASN,LYS>ASP,GLN>ASN
M0959	pdb4dn1	substituted	4	LYS>ALA,ASP>GLY,LYS>GLU,GLN>THR
M0959	pdb4dwd	substituted	4	LYS>ARG,ASP>GLY,LYS>ASP,GLN>THR
M0959	pdb4dye	substituted	3	ASP>ASN,LYS>ASP,GLN>GLY
M0959	pdb4e8g	substituted	1	GLN>ALA
M0959	pdb4fp1	substituted	3	ASP>GLY,LYS>ASP,GLN>PHE
M0959	pdb4ggb	substituted	3	ASP>GLY,LYS>ASP,GLN>TRP
M0959	pdb4gyp	substituted	3	ASP>ASN,LYS>ASP,GLN>ASN
M0959	pdb4h19	substituted	3	ASP>GLY,LYS>ASP,GLN>GLY
M0959	pdb4h1z	substituted	4	LYS>ALA,ASP>GLY,LYS>GLU,GLN>THR
M0959	pdb4h2h	substituted	1	GLN>ALA
M0959	pdb4h83	substituted	3	ASP>GLY,LYS>ASP,GLN>GLU
M0959	pdb4hcd	substituted	4	LYS>HIS,ASP>PRO,LYS>GLY,GLN>ASN
M0959	pdb4hch	substituted	4	LYS>HIS,ASP>PRO,LYS>GLY,GLN>ASN
M0959	pdb4hcl	substituted	4	LYS>HIS,ASP>PRO,LYS>GLY,GLN>ASN
M0959	pdb4hnc	substituted	4	LYS>CYS,ASP>GLY,LYS>ASP,GLN>PHE
M0959	pdb4hpn	substituted	3	ASP>GLY,LYS>ASP,GLN>TRP
M0959	pdb4il0	substituted	3	ASP>ASN,LYS>ASP,GLN>ASN
M0959	pdb4izg	substituted	1	GLN>ALA
M0959	pdb4j1o	substituted	1	GLN>ALA
M0959	pdb4kpl	partial	NA	
M0959	pdb4kt2	partial	NA	
M0959	pdb4kws	partial	NA	
M0959	pdb4m0x	substituted	1	GLN>THR
M0959	pdb4m6u	substituted	3	ASP>GLY,LYS>ASP,GLN>PHE
M0959	pdb4mgg	substituted	1	GLN>THR
M0959	pdb4mmw	substituted	4	LYS>HIS,ASP>PRO,LYS>GLY,GLN>ASN
M0959	pdb4x2p	substituted	3	ASP>GLY,LYS>ASP,GLN>PHE
M0959	pdb5fjo	substituted	1	GLN>MET
M0959	pdb5fjp	substituted	1	GLN>MET
M0959	pdb5fjr	substituted	1	GLN>MET
M0959	pdb5fjt	substituted	1	GLN>MET
M0959	pdb5fju	substituted	1	GLN>MET
M0959	pdb5xd7	substituted	3	ASP>GLY,LYS>ASP,GLN>MET
M0959	pdb5xd8	substituted	3	ASP>GLY,LYS>ASP,GLN>MET
M0959	pdb5xd9	substituted	3	ASP>GLY,LYS>ASP,GLN>MET
M0959	pdb6vim	substituted	3	ASP>GLY,LYS>ASP,GLN>PHE
M0433	pdb1a47	exact	0	
M0433	pdb1bvz	exact	0	
M0433	pdb1cdg	exact	0	
M0433	pdb1cgt	exact	0	
M0433	pdb1cgu	substituted	1	ASP>ALA
M0433	pdb1cgv	exact	0	
M0433	pdb1cgw	exact	0	
M0433	pdb1cgx	exact	0	
M0433	pdb1cgy	exact	0	
M0433	pdb1ciu	exact	0	
M0433	pdb1cxe	exact	0	
M0433	pdb1cxf	substituted	2	ASP>ASN,GLU>GLN
M0433	pdb1cxh	exact	0	
M0433	pdb1cxi	exact	0	
M0433	pdb1cxk	substituted	2	ASP>ASN,GLU>GLN
M0433	pdb1cxl	substituted	1	GLU>GLN
M0433	pdb1cyg	exact	0	
M0433	pdb1d3c	substituted	2	ASP>ASN,GLU>GLN
M0433	pdb1d7f	exact	0	
M0433	pdb1ded	exact	0	
M0433	pdb1dtu	exact	0	
M0433	pdb1ea9	exact	0	
M0433	pdb1eh9	exact	0	
M0433	pdb1eha	exact	0	
M0433	pdb1eo5	substituted	2	ASP>ALA,GLU>ALA
M0433	pdb1eo7	substituted	2	ASP>ALA,GLU>ALA
M0433	pdb1g1y	substituted	1	GLU>ALA
M0433	pdb1g5a	exact	0	
M0433	pdb1gvi	substituted	1	GLU>LEU
M0433	pdb1h3g	exact	0	
M0433	pdb1i75	exact	0	
M0433	pdb1iv8	substituted	2	GLU>LYS,ASP>GLU
M0433	pdb1izj	exact	0	
M0433	pdb1izk	exact	0	
M0433	pdb1j0h	exact	0	
M0433	pdb1j0i	exact	0	
M0433	pdb1j0j	substituted	1	GLU>GLN
M0433	pdb1j0k	substituted	1	GLU>GLN
M0433	pdb1jf5	exact	0	
M0433	pdb1jf6	exact	0	
M0433	pdb1jg9	exact	0	
M0433	pdb1jgi	substituted	1	GLU>GLN
M0433	pdb1ji1	exact	0	
M0433	pdb1ji2	exact	0	
M0433	pdb1jib	substituted	1	ASP>ASN
M0433	pdb1jl8	substituted	1	ASP>ASN
M0433	pdb1kck	exact	0	
M0433	pdb1kcl	exact	0	
M0433	pdb1lwh	exact	0	
M0433	pdb1lwj	exact	0	
M0433	pdb1m53	exact	0	
M0433	pdb1mvy	substituted	1	GLU>GLN
M0433	pdb1mw0	substituted	1	GLU>GLN
M0433	pdb1mw1	exact	0	
M0433	pdb1mw2	exact	0	
M0433	pdb1mw3	exact	0	
M0433	pdb1ot1	exact	0	
M0433	pdb1ot2	exact	0	
M0433	pdb1pam	exact	0	
M0433	pdb1pez	exact	0	
M0433	pdb1pj9	exact	0	
M0433	pdb1qho	exact	0	
M0433	pdb1qhp	exact	0	
M0433	pdb1s46	substituted	1	GLU>GLN
M0433	pdb1sma	exact	0	
M0433	pdb1tcm	exact	0	
M0433	pdb1uh2	substituted	2	ASP>ASN,GLU>GLN
M0433	pdb1uh3	exact	0	
M0433	pdb1uh4	substituted	2	ASP>ASN,GLU>GLN
M0433	pdb1ukq	exact	0	
M0433	pdb1uks	exact	0	
M0433	pdb1ukt	exact	0	
M0433	pdb1uok	exact	0	
M0433	pdb1v3j	exact	0	
M0433	pdb1v3k	exact	0	
M0433	pdb1v3l	exact	0	
M0433	pdb1v3m	exact	0	
M0433	pdb1vb9	substituted	1	ASP>ASN
M0433	pdb1vfm	substituted	2	ASP>ASN,ASP>ASN
M0433	pdb1vfo	substituted	2	ASP>ASN,ASP>ASN
M0433	pdb1vfu	substituted	2	ASP>ASN,ASP>ASN
M0433	pdb1wza	exact	0	
M0433	pdb1wzk	exact	0	
M0433	pdb1wzl	exact	0	
M0433	pdb1wzm	exact	0	
M0433	pdb1zja	exact	0	
M0433	pdb1zjb	exact	0	
M0433	pdb1zs2	substituted	1	GLU>GLN
M0433	pdb2aaa	exact	0	
M0433	pdb2cxg	exact	0	
M0433	pdb2d0f	substituted	1	ASP>ASN
M0433	pdb2d0g	substituted	2	ASP>ASN,GLU>GLN
M0433	pdb2d0h	substituted	2	ASP>ASN,GLU>GLN
M0433	pdb2d2o	substituted	1	ASP>ASN
M0433	pdb2dh2	substituted	3	ASP>ARG,GLU>GLY,ASP>SER
M0433	pdb2dh3	substituted	3	ASP>ARG,GLU>GLY,ASP>SER
M0433	pdb2dij	exact	0	
M0433	pdb2guy	exact	0	
M0433	pdb2gvy	exact	0	
M0433	pdb2pwd	exact	0	
M0433	pdb2pwe	substituted	1	GLU>GLN
M0433	pdb2pwf	substituted	1	ASP>ALA
M0433	pdb2pwg	exact	0	
M0433	pdb2pwh	exact	0	
M0433	pdb2taa	exact	0	
M0433	pdb2wc7	exact	0	
M0433	pdb2wcs	exact	0	
M0433	pdb2wkg	exact	0	
M0433	pdb2z1k	exact	0	
M0433	pdb2ze0	exact	0	
M0433	pdb2zic	exact	0	
M0433	pdb2zid	substituted	1	GLU>GLN
M0433	pdb3a47	exact	0	
M0433	pdb3a4a	exact	0	
M0433	pdb3a6o	exact	0	
M0433	pdb3aj7	exact	0	
M0433	pdb3axh	substituted	1	GLU>ALA
M0433	pdb3axi	substituted	1	GLU>ALA
M0433	pdb3bmv	exact	0	
M0433	pdb3bmw	exact	0	
M0433	pdb3cgt	substituted	1	GLU>ALA
M0433	pdb3dhu	exact	0	
M0433	pdb3edd	substituted	1	GLU>GLN
M0433	pdb3ede	exact	0	
M0433	pdb3edf	substituted	1	GLU>GLN
M0433	pdb3edj	substituted	1	GLU>GLN
M0433	pdb3edk	substituted	1	GLU>GLN
M0433	pdb3hje	substituted	1	GLU>LYS
M0433	pdb3k8k	exact	0	
M0433	pdb3k8l	substituted	1	ASP>ASN
M0433	pdb3k8m	exact	0	
M0433	pdb3kwx	exact	0	
M0433	pdb3ueq	exact	0	
M0433	pdb3vgb	exact	0	
M0433	pdb3vgd	substituted	1	ASP>GLU
M0433	pdb3vge	substituted	1	ASP>SER
M0433	pdb3vgf	substituted	1	ASP>SER
M0433	pdb3vgg	substituted	1	GLU>GLN
M0433	pdb3vgh	substituted	1	GLU>GLN
M0433	pdb3vm7	exact	0	
M0433	pdb3vx0	exact	0	
M0433	pdb3vx1	exact	0	
M0433	pdb3wdh	partial	NA	
M0433	pdb3wdi	partial	NA	
M0433	pdb3wdj	partial	NA	
M0433	pdb3wms	exact	0	
M0433	pdb3wy1	exact	0	
M0433	pdb3wy2	exact	0	
M0433	pdb3wy3	substituted	1	ASP>ASN
M0433	pdb3wy4	substituted	1	GLU>GLN
M0433	pdb3zo9	exact	0	
M0433	pdb3zoa	exact	0	
M0433	pdb4aee	exact	0	
M0433	pdb4aef	exact	0	
M0433	pdb4aie	exact	0	
M0433	pdb4ays	exact	0	
M0433	pdb4cgt	exact	0	
M0433	pdb4e2o	exact	0	
M0433	pdb4flo	exact	0	
M0433	pdb4flq	exact	0	
M0433	pdb4flr	exact	0	
M0433	pdb4fls	substituted	1	GLU>GLN
M0433	pdb4gi6	exact	0	
M0433	pdb4gi8	exact	0	
M0433	pdb4gi9	exact	0	
M0433	pdb4gia	exact	0	
M0433	pdb4gin	exact	0	
M0433	pdb4gkl	exact	0	
M0433	pdb4go8	exact	0	
M0433	pdb4go9	exact	0	
M0433	pdb4h2c	exact	0	
M0433	pdb4h7v	substituted	1	ASP>ALA
M0433	pdb4h8h	substituted	1	GLU>GLN
M0433	pdb4h8u	substituted	1	ASP>ALA
M0433	pdb4h8v	exact	0	
M0433	pdb4ha1	substituted	1	ASP>ALA
M0433	pdb4how	exact	0	
M0433	pdb4hox	exact	0	
M0433	pdb4hoz	substituted	1	ASP>ALA
M0433	pdb4hp5	substituted	1	GLU>ALA
M0433	pdb4hph	substituted	1	GLU>GLN
M0433	pdb4jcl	exact	0	
M0433	pdb4jcm	exact	0	
M0433	pdb4lxf	substituted	3	ASP>THR,GLU>GLY,ASP>TYR
M0433	pdb4m56	exact	0	
M0433	pdb4m8u	exact	0	
M0433	pdb4maz	exact	0	
M0433	pdb4mb1	exact	0	
M0433	pdb4tvu	exact	0	
M0433	pdb4wf7	exact	0	
M0433	pdb4wlc	substituted	1	GLU>GLN
M0433	pdb4xb3	substituted	1	GLU>GLN
M0433	pdb5a2a	exact	0	
M0433	pdb5a2b	exact	0	
M0433	pdb5a2c	exact	0	
M0433	pdb5bn7	exact	0	
M0433	pdb5brp	exact	0	
M0433	pdb5brq	exact	0	
M0433	pdb5cgt	substituted	1	ASP>ALA
M0433	pdb5do8	exact	0	
M0433	pdb5gtw	exact	0	
M0433	pdb5h05	substituted	3	ASP>GLN,GLU>ILE,ASP>LEU
M0433	pdb5h06	substituted	3	ASP>GLN,GLU>ILE,ASP>LEU
M0433	pdb5h2t	exact	0	
M0433	pdb5jy7	exact	0	
M0433	pdb5m99	exact	0	
M0433	pdb5n7j	exact	0	
M0433	pdb5ykb	exact	0	
M0433	pdb6cgt	exact	0	
M0433	pdb6taa	exact	0	
M0433	pdb7cgt	substituted	1	ASP>ALA
M0433	pdb7taa	exact	0	
M0433	pdb8cgt	substituted	1	GLU>ALA
M0433	pdb9cgt	substituted	1	GLU>ALA
M0416	pdb1h78	exact	0	
M0416	pdb1h79	exact	0	
M0416	pdb1h7a	exact	0	
M0416	pdb1h7b	exact	0	
M0416	pdb1hk8	exact	0	
M0850	pdb1euq	exact	0	
M0850	pdb1euy	exact	0	
M0850	pdb1exd	exact	0	
M0850	pdb1gsg	exact	0	
M0850	pdb1gtr	exact	0	
M0850	pdb1gts	exact	0	
M0850	pdb1nyl	exact	0	
M0850	pdb1nzj	partial	NA	
M0850	pdb1o0b	substituted	3	ARG>LEU,LYS>ARG,GLU>PRO
M0850	pdb1o0c	substituted	3	ARG>LEU,LYS>ARG,GLU>PRO
M0850	pdb1qrs	exact	0	
M0850	pdb1qrt	exact	0	
M0850	pdb1qru	exact	0	
M0850	pdb1qtq	exact	0	
M0850	pdb1zjw	exact	0	
M0850	pdb2cfo	substituted	2	ARG>LEU,GLU>SER
M0850	pdb2hz7	substituted	1	GLU>ASP
M0850	pdb2o5r	substituted	2	ARG>THR,GLU>SER
M0850	pdb2rd2	substituted	3	ARG>LEU,LYS>ARG,GLU>PRO
M0850	pdb2re8	substituted	3	ARG>LEU,LYS>ARG,GLU>PRO
M0850	pdb3afh	partial	NA	
M0850	pdb3aii	substituted	2	LYS>THR,GLU>ASN
M0850	pdb3akz	partial	NA	
M0850	pdb3al0	partial	NA	
M0850	pdb4a91	partial	NA	
M0850	pdb4g6z	substituted	2	ARG>THR,GLU>SER
M0850	pdb4gri	partial	NA	
M0850	pdb4h3s	exact	0	
M0850	pdb4jxx	exact	0	
M0850	pdb4jxz	exact	0	
M0850	pdb4jyz	exact	0	
M0850	pdb4p2b	exact	0	
M0850	pdb4r3z	exact	0	
M0850	pdb4ye6	exact	0	
M0850	pdb4ye8	exact	0	
M0850	pdb4ye9	exact	0	
M0850	pdb5bnz	exact	0	
M0850	pdb5h4v	partial	NA	
M0850	pdb5tgt	partial	NA	
M0850	pdb6b1p	substituted	2	ARG>MET,GLU>SER
M0454	pdb1cvi	exact	0	
M0454	pdb1nd5	exact	0	
M0454	pdb1nd6	exact	0	
M0454	pdb1rpa	exact	0	
M0454	pdb1rpt	exact	0	
M0454	pdb2hpa	exact	0	
M0454	pdb3it0	exact	0	
M0454	pdb3it1	exact	0	
M0454	pdb3it2	exact	0	
M0454	pdb3it3	substituted	1	ASP>ALA
M0454	pdb4e3w	substituted	2	HIS>ASN,ASP>ALA
M0454	pdb4job	exact	0	
M0454	pdb4joc	exact	0	
M0454	pdb4jod	exact	0	
M0454	pdb5cdh	exact	0	
M0351	pdb1l7j	exact	0	
M0351	pdb1l7k	exact	0	
M0351	pdb1lur	partial	NA	
M0351	pdb1mmu	exact	0	
M0351	pdb1mmx	exact	0	
M0351	pdb1mmy	exact	0	
M0351	pdb1mmz	exact	0	
M0351	pdb1mn0	exact	0	
M0351	pdb1ns0	substituted	1	GLU>GLN
M0351	pdb1ns2	substituted	1	GLU>ALA
M0351	pdb1ns4	substituted	1	GLU>GLN
M0351	pdb1ns7	substituted	1	GLU>ALA
M0351	pdb1ns8	exact	0	
M0351	pdb1nsm	exact	0	
M0351	pdb1nsr	exact	0	
M0351	pdb1nss	exact	0	
M0351	pdb1nsu	substituted	1	HIS>ASN
M0351	pdb1nsv	substituted	1	HIS>ASN
M0351	pdb1nsx	substituted	1	HIS>ASN
M0351	pdb1nsz	substituted	1	HIS>ASN
M0351	pdb1snz	exact	0	
M0351	pdb1so0	exact	0	
M0351	pdb1yga	substituted	1	GLU>GLN
M0351	pdb1z45	exact	0	
M0351	pdb3imh	exact	0	
M0351	pdb4rnl	exact	0	
M0425	pdb1a0h	exact	0	
M0425	pdb1a0j	exact	0	
M0425	pdb1a0l	exact	0	
M0425	pdb1a2c	substituted	4	HIS>GLY,ASP>LEU,SER>ASN,GLY>ARG
M0425	pdb1a3b	substituted	4	HIS>GLY,ASP>LEU,SER>ASN,GLY>ARG
M0425	pdb1a3e	substituted	4	HIS>GLY,ASP>LEU,SER>ASN,GLY>ARG
M0425	pdb1a46	substituted	4	HIS>GLY,ASP>LEU,SER>ASN,GLY>ARG
M0425	pdb1a4w	substituted	4	HIS>GLY,ASP>LEU,SER>ASN,GLY>ARG
M0425	pdb1a5g	substituted	4	HIS>GLY,ASP>LEU,SER>ASN,GLY>ARG
M0425	pdb1a5h	exact	0	
M0425	pdb1a5i	exact	0	
M0425	pdb1a61	substituted	4	HIS>GLY,ASP>LEU,SER>ASN,GLY>ARG
M0425	pdb1a7s	substituted	2	HIS>SER,SER>GLY
M0425	pdb1ab9	partial	NA	
M0425	pdb1abi	substituted	4	HIS>GLY,ASP>LEU,SER>ASN,GLY>ARG
M0425	pdb1abj	substituted	4	HIS>GLY,ASP>LEU,SER>ASN,GLY>ARG
M0425	pdb1acb	exact	0	
M0425	pdb1ad8	substituted	4	HIS>GLY,ASP>LEU,SER>ASN,GLY>ARG
M0425	pdb1ae5	substituted	2	HIS>SER,SER>GLY
M0425	pdb1ae8	substituted	4	HIS>GLY,ASP>LEU,SER>ASN,GLY>ARG
M0425	pdb1afe	substituted	4	HIS>GLY,ASP>LEU,SER>ASN,GLY>ARG
M0425	pdb1afq	partial	NA	
M0425	pdb1aht	substituted	4	HIS>GLY,ASP>LEU,SER>ASN,GLY>ARG
M0425	pdb1ai8	substituted	4	HIS>GLY,ASP>LEU,SER>ASN,GLY>ARG
M0425	pdb1aix	substituted	4	HIS>GLY,ASP>LEU,SER>ASN,GLY>ARG
M0425	pdb1aks	partial	NA	
M0425	pdb1amh	exact	0	
M0425	pdb1an1	substituted	1	ASP>ASN
M0425	pdb1anb	exact	0	
M0425	pdb1anc	exact	0	
M0425	pdb1and	exact	0	
M0425	pdb1ane	exact	0	
M0425	pdb1ao5	exact	0	
M0425	pdb1aq7	exact	0	
M0425	pdb1au8	exact	0	
M0425	pdb1auj	exact	0	
M0425	pdb1aut	substituted	4	HIS>CYS,ASP>VAL,SER>CYS,GLY>GLU
M0425	pdb1avg	substituted	4	HIS>GLY,ASP>LEU,SER>ASN,GLY>ARG
M0425	pdb1avw	exact	0	
M0425	pdb1avx	exact	0	
M0425	pdb1awf	substituted	4	HIS>GLY,ASP>LEU,SER>ASN,GLY>ARG
M0425	pdb1awh	exact	0	
M0425	pdb1ay6	substituted	4	HIS>GLY,ASP>LEU,SER>ASN,GLY>ARG
M0425	pdb1az8	exact	0	
M0425	pdb1azz	exact	0	
M0425	pdb1b0e	exact	0	
M0425	pdb1b0f	exact	0	
M0425	pdb1b5g	substituted	4	HIS>GLY,ASP>LEU,SER>ASN,GLY>ARG
M0425	pdb1b7x	exact	0	
M0425	pdb1ba8	exact	0	
M0425	pdb1bb0	exact	0	
M0425	pdb1bbr	substituted	4	HIS>GLY,ASP>LEU,SER>ASN,GLY>ARG
M0425	pdb1bcu	substituted	4	HIS>GLY,ASP>LEU,SER>ASN,GLY>ARG
M0425	pdb1bda	exact	0	
M0425	pdb1bhx	partial	NA	
M0425	pdb1bio	exact	0	
M0425	pdb1bit	exact	0	
M0425	pdb1bju	exact	0	
M0425	pdb1bjv	exact	0	
M0425	pdb1bma	exact	0	
M0425	pdb1bml	substituted	1	SER>ALA
M0425	pdb1bmm	substituted	4	HIS>GLY,ASP>LEU,SER>ASN,GLY>ARG
M0425	pdb1bmn	substituted	4	HIS>GLY,ASP>LEU,SER>ASN,GLY>ARG
M0425	pdb1bqy	exact	0	
M0425	pdb1bra	exact	0	
M0425	pdb1brb	substituted	1	ASP>ASN
M0425	pdb1brc	substituted	1	ASP>ASN
M0425	pdb1bru	substituted	3	HIS>THR,SER>ILE,GLY>SER
M0425	pdb1bth	substituted	4	HIS>GLY,ASP>LEU,SER>ASN,GLY>ARG
M0425	pdb1btp	exact	0	
M0425	pdb1btu	exact	0	
M0425	pdb1btw	exact	0	
M0425	pdb1btx	exact	0	
M0425	pdb1bty	exact	0	
M0425	pdb1btz	exact	0	
M0425	pdb1bui	exact	0	
M0425	pdb1bzx	substituted	1	ASP>SER
M0425	pdb1c1m	exact	0	
M0425	pdb1c1n	exact	0	
M0425	pdb1c1o	exact	0	
M0425	pdb1c1p	exact	0	
M0425	pdb1c1q	exact	0	
M0425	pdb1c1r	exact	0	
M0425	pdb1c1s	exact	0	
M0425	pdb1c1t	exact	0	
M0425	pdb1c1u	substituted	4	HIS>GLY,ASP>LEU,SER>PHE,GLY>VAL
M0425	pdb1c1v	substituted	4	HIS>GLY,ASP>LEU,SER>PHE,GLY>VAL
M0425	pdb1c1w	substituted	4	HIS>GLY,ASP>LEU,SER>PHE,GLY>VAL
M0425	pdb1c2d	exact	0	
M0425	pdb1c2e	exact	0	
M0425	pdb1c2f	exact	0	
M0425	pdb1c2g	exact	0	
M0425	pdb1c2h	exact	0	
M0425	pdb1c2i	exact	0	
M0425	pdb1c2j	exact	0	
M0425	pdb1c2k	exact	0	
M0425	pdb1c2l	exact	0	
M0425	pdb1c2m	exact	0	
M0425	pdb1c4u	substituted	4	HIS>GLY,ASP>LEU,SER>ASN,GLY>ARG
M0425	pdb1c4v	substituted	4	HIS>GLY,ASP>LEU,SER>ASN,GLY>ARG
M0425	pdb1c4y	substituted	4	HIS>GLY,ASP>LEU,SER>ASN,GLY>ARG
M0425	pdb1c5l	substituted	4	HIS>GLY,ASP>LEU,SER>ASN,GLY>ARG
M0425	pdb1c5m	substituted	4	HIS>CYS,ASP>VAL,SER>TYR,GLY>LYS
M0425	pdb1c5n	substituted	4	HIS>GLY,ASP>LEU,SER>ASN,GLY>ARG
M0425	pdb1c5o	substituted	4	HIS>GLY,ASP>LEU,SER>ASN,GLY>ARG
M0425	pdb1c5p	exact	0	
M0425	pdb1c5q	exact	0	
M0425	pdb1c5r	exact	0	
M0425	pdb1c5s	exact	0	
M0425	pdb1c5t	exact	0	
M0425	pdb1c5u	exact	0	
M0425	pdb1c5v	exact	0	
M0425	pdb1c5w	exact	0	
M0425	pdb1c5x	exact	0	
M0425	pdb1c5y	exact	0	
M0425	pdb1c5z	exact	0	
M0425	pdb1c9p	exact	0	
M0425	pdb1c9t	exact	0	
M0425	pdb1ca0	partial	NA	
M0425	pdb1ca8	exact	0	
M0425	pdb1cbw	partial	NA	
M0425	pdb1ce5	exact	0	
M0425	pdb1cgh	exact	0	
M0425	pdb1cgi	exact	0	
M0425	pdb1cgj	exact	0	
M0425	pdb1chg	exact	0	
M0425	pdb1cho	partial	NA	
M0425	pdb1co7	substituted	2	HIS>ARG,ASP>ILE
M0425	pdb1cvw	substituted	3	HIS>LEU,ASP>ILE,SER>LYS
M0425	pdb1d3d	exact	0	
M0425	pdb1d3p	exact	0	
M0425	pdb1d3q	exact	0	
M0425	pdb1d3t	exact	0	
M0425	pdb1d4p	exact	0	
M0425	pdb1d6r	exact	0	
M0425	pdb1d6w	exact	0	
M0425	pdb1d9i	exact	0	
M0425	pdb1dan	substituted	3	HIS>LEU,ASP>ILE,SER>LYS
M0425	pdb1ddj	substituted	1	SER>ALA
M0425	pdb1de7	substituted	4	HIS>GLY,ASP>LEU,SER>ASN,GLY>ARG
M0425	pdb1dfp	exact	0	
M0425	pdb1dic	exact	0	
M0425	pdb1dit	substituted	4	HIS>GLY,ASP>LEU,SER>ASN,GLY>ARG
M0425	pdb1dle	exact	0	
M0425	pdb1dlk	exact	0	
M0425	pdb1dm4	substituted	1	SER>ALA
M0425	pdb1doj	exact	0	
M0425	pdb1dpo	substituted	1	SER>CYS
M0425	pdb1dst	exact	0	
M0425	pdb1dsu	exact	0	
M0425	pdb1dva	substituted	3	HIS>LEU,ASP>ILE,SER>LYS
M0425	pdb1dwb	substituted	4	HIS>GLY,ASP>LEU,SER>ASN,GLY>ARG
M0425	pdb1dwc	substituted	4	HIS>GLY,ASP>LEU,SER>ASN,GLY>ARG
M0425	pdb1dwd	substituted	4	HIS>GLY,ASP>LEU,SER>ASN,GLY>ARG
M0425	pdb1dwe	substituted	4	HIS>GLY,ASP>LEU,SER>ASN,GLY>ARG
M0425	pdb1dx5	substituted	4	HIS>GLY,ASP>LEU,SER>ASN,GLY>ARG
M0425	pdb1e0f	exact	0	
M0425	pdb1e34	substituted	4	HIS>THR,ASP>TYR,SER>VAL,GLY>SER
M0425	pdb1e35	substituted	4	HIS>THR,ASP>TYR,SER>VAL,GLY>SER
M0425	pdb1e36	substituted	4	HIS>THR,ASP>TYR,SER>VAL,GLY>SER
M0425	pdb1e37	substituted	4	HIS>THR,ASP>TYR,SER>VAL,GLY>SER
M0425	pdb1e38	substituted	4	HIS>THR,ASP>TYR,SER>VAL,GLY>SER
M0425	pdb1eai	exact	0	
M0425	pdb1eas	exact	0	
M0425	pdb1eat	exact	0	
M0425	pdb1eau	exact	0	
M0425	pdb1eaw	exact	0	
M0425	pdb1eax	exact	0	
M0425	pdb1eb1	substituted	4	HIS>GLY,ASP>LEU,SER>ASN,GLY>ARG
M0425	pdb1eb2	exact	0	
M0425	pdb1eja	exact	0	
M0425	pdb1ejm	exact	0	
M0425	pdb1ejn	exact	0	
M0425	pdb1ekb	exact	0	
M0425	pdb1ela	exact	0	
M0425	pdb1elb	exact	0	
M0425	pdb1elc	exact	0	
M0425	pdb1eld	substituted	4	HIS>CYS,ASP>VAL,SER>VAL,GLY>CYS
M0425	pdb1ele	substituted	4	HIS>CYS,ASP>VAL,SER>VAL,GLY>CYS
M0425	pdb1elf	exact	0	
M0425	pdb1elg	exact	0	
M0425	pdb1elt	exact	0	
M0425	pdb1elv	exact	0	
M0425	pdb1eoj	exact	0	
M0425	pdb1eol	exact	0	
M0425	pdb1ept	partial	NA	
M0425	pdb1eq9	exact	0	
M0425	pdb1esa	exact	0	
M0425	pdb1esb	exact	0	
M0425	pdb1est	exact	0	
M0425	pdb1etr	substituted	4	HIS>GLY,ASP>LEU,SER>ASN,GLY>ARG
M0425	pdb1ets	substituted	4	HIS>GLY,ASP>LEU,SER>ASN,GLY>ARG
M0425	pdb1ett	substituted	4	HIS>GLY,ASP>LEU,SER>ASN,GLY>ARG
M0425	pdb1euf	exact	0	
M0425	pdb1ex3	exact	0	
M0425	pdb1ezq	exact	0	
M0425	pdb1ezs	substituted	1	ASP>ASN
M0425	pdb1ezu	substituted	1	ASP>ASN
M0425	pdb1ezx	exact	0	
M0425	pdb1f0r	exact	0	
M0425	pdb1f0s	exact	0	
M0425	pdb1f0t	exact	0	
M0425	pdb1f0u	exact	0	
M0425	pdb1f2s	substituted	1	ASP>SER
M0425	pdb1f5k	substituted	3	HIS>LEU,SER>PRO,GLY>LEU
M0425	pdb1f5l	exact	0	
M0425	pdb1f5r	exact	0	
M0425	pdb1f7z	exact	0	
M0425	pdb1f92	exact	0	
M0425	pdb1fak	substituted	3	HIS>LEU,ASP>ILE,SER>LYS
M0425	pdb1fax	exact	0	
M0425	pdb1fdp	exact	0	
M0425	pdb1fi8	exact	0	
M0425	pdb1fiw	exact	0	
M0425	pdb1fiz	exact	0	
M0425	pdb1fjs	exact	0	
M0425	pdb1fle	substituted	4	HIS>THR,ASP>TYR,SER>VAL,GLY>SER
M0425	pdb1fmg	exact	0	
M0425	pdb1fn6	exact	0	
M0425	pdb1fn8	exact	0	
M0425	pdb1fni	exact	0	
M0425	pdb1fon	exact	0	
M0425	pdb1fpc	substituted	4	HIS>GLY,ASP>LEU,SER>ASN,GLY>ARG
M0425	pdb1fph	substituted	4	HIS>GLY,ASP>LEU,SER>ASN,GLY>ARG
M0425	pdb1fq3	exact	0	
M0425	pdb1fuj	exact	0	
M0425	pdb1fv9	exact	0	
M0425	pdb1fxy	exact	0	
M0425	pdb1fy1	substituted	2	HIS>SER,SER>GLY
M0425	pdb1fy3	substituted	2	HIS>SER,SER>GLN
M0425	pdb1fy4	exact	0	
M0425	pdb1fy5	exact	0	
M0425	pdb1fy8	substituted	2	HIS>ASN,ASP>PRO
M0425	pdb1fzz	exact	0	
M0425	pdb1g2l	exact	0	
M0425	pdb1g2m	exact	0	
M0425	pdb1g30	exact	0	
M0425	pdb1g32	exact	0	
M0425	pdb1g36	exact	0	
M0425	pdb1g37	exact	0	
M0425	pdb1g3b	exact	0	
M0425	pdb1g3c	exact	0	
M0425	pdb1g3d	exact	0	
M0425	pdb1g3e	exact	0	
M0425	pdb1g9i	substituted	1	ASP>SER
M0425	pdb1gbt	exact	0	
M0425	pdb1gcd	exact	0	
M0425	pdb1gct	partial	NA	
M0425	pdb1gdn	exact	0	
M0425	pdb1gdq	exact	0	
M0425	pdb1gdu	exact	0	
M0425	pdb1gg6	partial	NA	
M0425	pdb1ggd	partial	NA	
M0425	pdb1gha	partial	NA	
M0425	pdb1ghb	partial	NA	
M0425	pdb1ghv	substituted	4	HIS>GLY,ASP>LEU,SER>ASN,GLY>ARG
M0425	pdb1ghw	substituted	4	HIS>GLY,ASP>LEU,SER>ASN,GLY>ARG
M0425	pdb1ghx	substituted	4	HIS>GLY,ASP>LEU,SER>ASN,GLY>ARG
M0425	pdb1ghy	substituted	4	HIS>GLY,ASP>LEU,SER>ASN,GLY>ARG
M0425	pdb1ghz	exact	0	
M0425	pdb1gi0	exact	0	
M0425	pdb1gi1	exact	0	
M0425	pdb1gi2	exact	0	
M0425	pdb1gi3	exact	0	
M0425	pdb1gi4	exact	0	
M0425	pdb1gi5	exact	0	
M0425	pdb1gi6	exact	0	
M0425	pdb1gi7	exact	0	
M0425	pdb1gi8	exact	0	
M0425	pdb1gi9	exact	0	
M0425	pdb1gj4	substituted	4	HIS>GLY,ASP>LEU,SER>ASN,GLY>ARG
M0425	pdb1gj5	substituted	4	HIS>GLY,ASP>LEU,SER>ASN,GLY>ARG
M0425	pdb1gj6	exact	0	
M0425	pdb1gj7	exact	0	
M0425	pdb1gj8	exact	0	
M0425	pdb1gj9	exact	0	
M0425	pdb1gja	exact	0	
M0425	pdb1gjb	exact	0	
M0425	pdb1gjc	exact	0	
M0425	pdb1gjd	exact	0	
M0425	pdb1gl0	exact	0	
M0425	pdb1gl1	exact	0	
M0425	pdb1gmc	partial	NA	
M0425	pdb1gmd	partial	NA	
M0425	pdb1gmh	partial	NA	
M0425	pdb1gpz	exact	0	
M0425	pdb1gvk	exact	0	
M0425	pdb1gvl	exact	0	
M0425	pdb1gvz	exact	0	
M0425	pdb1gwa	exact	0	
M0425	pdb1h1b	exact	0	
M0425	pdb1h4w	exact	0	
M0425	pdb1h8d	substituted	4	HIS>GLY,ASP>LEU,SER>PRO,GLY>PHE
M0425	pdb1h8i	substituted	4	HIS>GLY,ASP>LEU,SER>PHE,GLY>VAL
M0425	pdb1h9h	substituted	1	ASP>ASN
M0425	pdb1h9i	substituted	1	ASP>ASN
M0425	pdb1h9l	exact	0	
M0425	pdb1hag	substituted	4	HIS>ILE,ASP>LYS,SER>VAL,GLY>ILE
M0425	pdb1hah	substituted	4	HIS>GLY,ASP>LEU,SER>ASN,GLY>ARG
M0425	pdb1hai	substituted	4	HIS>GLY,ASP>LEU,SER>ASN,GLY>ARG
M0425	pdb1hao	substituted	4	HIS>GLY,ASP>LEU,SER>ASN,GLY>ARG
M0425	pdb1hap	substituted	4	HIS>GLY,ASP>LEU,SER>ASN,GLY>ARG
M0425	pdb1hax	exact	0	
M0425	pdb1hay	substituted	4	HIS>THR,ASP>TYR,SER>VAL,GLY>SER
M0425	pdb1haz	exact	0	
M0425	pdb1hb0	substituted	4	HIS>THR,ASP>TYR,SER>VAL,GLY>SER
M0425	pdb1hbt	substituted	4	HIS>GLY,ASP>LEU,SER>ASN,GLY>ARG
M0425	pdb1hcg	exact	0	
M0425	pdb1hdt	substituted	4	HIS>GLY,ASP>LEU,SER>ASN,GLY>ARG
M0425	pdb1hfd	exact	0	
M0425	pdb1hgt	substituted	4	HIS>GLY,ASP>LEU,SER>ASN,GLY>ARG
M0425	pdb1hia	partial	NA	
M0425	pdb1hj8	exact	0	
M0425	pdb1hj9	exact	0	
M0425	pdb1hja	partial	NA	
M0425	pdb1hlt	substituted	4	HIS>GLY,ASP>LEU,SER>ASN,GLY>ARG
M0425	pdb1hne	substituted	2	HIS>PHE,ASP>ILE
M0425	pdb1hrt	substituted	4	HIS>GLY,ASP>LEU,SER>ASN,GLY>ARG
M0425	pdb1hut	substituted	4	HIS>GLY,ASP>LEU,SER>ASN,GLY>ARG
M0425	pdb1hv7	exact	0	
M0425	pdb1hxe	substituted	4	HIS>GLY,ASP>LEU,SER>ASN,GLY>ARG
M0425	pdb1hxf	substituted	4	HIS>GLY,ASP>LEU,SER>ASN,GLY>ARG
M0425	pdb1hyl	exact	0	
M0425	pdb1iau	exact	0	
M0425	pdb1id5	substituted	4	HIS>GLY,ASP>LEU,SER>ASN,GLY>ARG
M0425	pdb1ihs	substituted	4	HIS>GLY,ASP>LEU,SER>ASN,GLY>ARG
M0425	pdb1iht	substituted	4	HIS>GLY,ASP>LEU,SER>ASN,GLY>ARG
M0425	pdb1inc	exact	0	
M0425	pdb1ioe	exact	0	
M0425	pdb1iqe	exact	0	
M0425	pdb1iqf	exact	0	
M0425	pdb1iqg	exact	0	
M0425	pdb1iqh	exact	0	
M0425	pdb1iqi	exact	0	
M0425	pdb1iqj	exact	0	
M0425	pdb1iqk	exact	0	
M0425	pdb1iql	exact	0	
M0425	pdb1iqm	exact	0	
M0425	pdb1iqn	exact	0	
M0425	pdb1j14	exact	0	
M0425	pdb1j15	exact	0	
M0425	pdb1j16	exact	0	
M0425	pdb1j17	substituted	1	ASP>ASN
M0425	pdb1j8a	exact	0	
M0425	pdb1j9c	substituted	3	HIS>LEU,ASP>ILE,SER>LYS
M0425	pdb1jbu	substituted	3	HIS>LEU,ASP>ILE,SER>LYS
M0425	pdb1jim	exact	0	
M0425	pdb1jir	exact	0	
M0425	pdb1jmo	substituted	3	HIS>ALA,SER>ARG,GLY>TRP
M0425	pdb1jou	substituted	1	SER>ALA
M0425	pdb1jrs	exact	0	
M0425	pdb1jrt	exact	0	
M0425	pdb1jwt	exact	0	
M0425	pdb1k1i	exact	0	
M0425	pdb1k1j	exact	0	
M0425	pdb1k1l	exact	0	
M0425	pdb1k1m	exact	0	
M0425	pdb1k1n	exact	0	
M0425	pdb1k1o	exact	0	
M0425	pdb1k1p	exact	0	
M0425	pdb1k21	substituted	4	HIS>GLY,ASP>LEU,SER>ASN,GLY>ARG
M0425	pdb1k22	substituted	4	HIS>GLY,ASP>LEU,SER>ASN,GLY>ARG
M0425	pdb1k2i	exact	0	
M0425	pdb1k9o	substituted	2	ASP>ASN,SER>ALA
M0425	pdb1kdq	partial	NA	
M0425	pdb1kig	substituted	4	HIS>CYS,ASP>THR,SER>TYR,GLY>GLN
M0425	pdb1kli	substituted	3	HIS>LEU,ASP>ILE,SER>LYS
M0425	pdb1klj	substituted	3	HIS>LEU,ASP>ILE,SER>LYS
M0425	pdb1klt	exact	0	
M0425	pdb1ksn	exact	0	
M0425	pdb1kts	exact	0	
M0425	pdb1ktt	exact	0	
M0425	pdb1kyn	exact	0	
M0425	pdb1l0z	exact	0	
M0425	pdb1l1g	exact	0	
M0425	pdb1l2e	exact	0	
M0425	pdb1l4d	substituted	1	SER>ALA
M0425	pdb1l4z	substituted	1	SER>ALA
M0425	pdb1ldt	substituted	1	ASP>ASN
M0425	pdb1lhc	substituted	4	HIS>GLY,ASP>LEU,SER>ASN,GLY>ARG
M0425	pdb1lhd	substituted	4	HIS>GLY,ASP>LEU,SER>ASN,GLY>ARG
M0425	pdb1lhe	substituted	4	HIS>GLY,ASP>LEU,SER>ASN,GLY>ARG
M0425	pdb1lhf	substituted	4	HIS>GLY,ASP>LEU,SER>ASN,GLY>ARG
M0425	pdb1lhg	substituted	4	HIS>GLY,ASP>LEU,SER>ASN,GLY>ARG
M0425	pdb1lka	exact	0	
M0425	pdb1lkb	exact	0	
M0425	pdb1lmw	exact	0	
M0425	pdb1lo6	exact	0	
M0425	pdb1lpg	exact	0	
M0425	pdb1lpk	exact	0	
M0425	pdb1lpz	exact	0	
M0425	pdb1lqd	exact	0	
M0425	pdb1lqe	exact	0	
M0425	pdb1lto	exact	0	
M0425	pdb1lvy	exact	0	
M0425	pdb1m9u	exact	0	
M0425	pdb1max	exact	0	
M0425	pdb1may	exact	0	
M0425	pdb1mbq	exact	0	
M0425	pdb1mct	exact	0	
M0425	pdb1mcv	exact	0	
M0425	pdb1md7	substituted	1	SER>ALA
M0425	pdb1md8	exact	0	
M0425	pdb1mh0	exact	0	
M0425	pdb1mkw	substituted	4	HIS>GLY,ASP>LEU,SER>ASN,GLY>ARG
M0425	pdb1mkx	substituted	4	HIS>GLY,ASP>LEU,SER>ASN,GLY>ARG
M0425	pdb1mmj	exact	0	
M0425	pdb1mq5	exact	0	
M0425	pdb1mq6	exact	0	
M0425	pdb1mtn	partial	NA	
M0425	pdb1mts	exact	0	
M0425	pdb1mtu	exact	0	
M0425	pdb1mtv	exact	0	
M0425	pdb1mtw	exact	0	
M0425	pdb1mu6	exact	0	
M0425	pdb1mu8	exact	0	
M0425	pdb1mue	exact	0	
M0425	pdb1mza	substituted	1	SER>ALA
M0425	pdb1mzd	substituted	1	SER>ALA
M0425	pdb1n6x	exact	0	
M0425	pdb1n6y	exact	0	
M0425	pdb1n8o	partial	NA	
M0425	pdb1nc6	exact	0	
M0425	pdb1nes	substituted	4	HIS>THR,ASP>TYR,SER>VAL,GLY>SER
M0425	pdb1nfu	exact	0	
M0425	pdb1nfw	exact	0	
M0425	pdb1nfx	exact	0	
M0425	pdb1nfy	exact	0	
M0425	pdb1nm6	exact	0	
M0425	pdb1nn6	exact	0	
M0425	pdb1no9	substituted	4	HIS>GLY,ASP>LEU,SER>ASN,GLY>ARG
M0425	pdb1npm	exact	0	
M0425	pdb1nrn	substituted	4	HIS>GLY,ASP>LEU,SER>ASN,GLY>ARG
M0425	pdb1nro	substituted	4	HIS>GLY,ASP>LEU,SER>ASN,GLY>ARG
M0425	pdb1nrp	substituted	4	HIS>GLY,ASP>LEU,SER>ASN,GLY>ARG
M0425	pdb1nrq	substituted	4	HIS>GLY,ASP>LEU,SER>ASN,GLY>ARG
M0425	pdb1nrr	substituted	4	HIS>GLY,ASP>LEU,SER>ASN,GLY>ARG
M0425	pdb1nrs	substituted	4	HIS>GLY,ASP>LEU,SER>ASN,GLY>ARG
M0425	pdb1nt1	exact	0	
M0425	pdb1ntp	exact	0	
M0425	pdb1nu7	exact	0	
M0425	pdb1nu9	exact	0	
M0425	pdb1ny2	substituted	4	HIS>GLY,ASP>LEU,SER>ASN,GLY>ARG
M0425	pdb1nzq	substituted	4	HIS>GLY,ASP>LEU,SER>ASN,GLY>ARG
M0425	pdb1o0d	substituted	4	HIS>GLY,ASP>LEU,SER>ASN,GLY>ARG
M0425	pdb1o2g	substituted	4	HIS>GLY,ASP>LEU,SER>ASN,GLY>ARG
M0425	pdb1o2h	exact	0	
M0425	pdb1o2i	exact	0	
M0425	pdb1o2j	exact	0	
M0425	pdb1o2k	exact	0	
M0425	pdb1o2l	exact	0	
M0425	pdb1o2m	exact	0	
M0425	pdb1o2n	exact	0	
M0425	pdb1o2o	exact	0	
M0425	pdb1o2p	exact	0	
M0425	pdb1o2q	exact	0	
M0425	pdb1o2r	exact	0	
M0425	pdb1o2s	exact	0	
M0425	pdb1o2t	exact	0	
M0425	pdb1o2u	exact	0	
M0425	pdb1o2v	exact	0	
M0425	pdb1o2w	exact	0	
M0425	pdb1o2x	exact	0	
M0425	pdb1o2y	exact	0	
M0425	pdb1o2z	exact	0	
M0425	pdb1o30	exact	0	
M0425	pdb1o31	exact	0	
M0425	pdb1o32	exact	0	
M0425	pdb1o33	exact	0	
M0425	pdb1o34	exact	0	
M0425	pdb1o35	exact	0	
M0425	pdb1o36	exact	0	
M0425	pdb1o37	exact	0	
M0425	pdb1o38	exact	0	
M0425	pdb1o39	exact	0	
M0425	pdb1o3a	exact	0	
M0425	pdb1o3b	exact	0	
M0425	pdb1o3c	exact	0	
M0425	pdb1o3d	exact	0	
M0425	pdb1o3e	exact	0	
M0425	pdb1o3f	exact	0	
M0425	pdb1o3g	exact	0	
M0425	pdb1o3h	exact	0	
M0425	pdb1o3i	exact	0	
M0425	pdb1o3j	exact	0	
M0425	pdb1o3k	exact	0	
M0425	pdb1o3l	exact	0	
M0425	pdb1o3m	exact	0	
M0425	pdb1o3n	exact	0	
M0425	pdb1o3o	exact	0	
M0425	pdb1o3p	exact	0	
M0425	pdb1o5a	exact	0	
M0425	pdb1o5b	exact	0	
M0425	pdb1o5c	exact	0	
M0425	pdb1o5d	substituted	3	HIS>LEU,ASP>ILE,SER>LYS
M0425	pdb1o5e	substituted	4	HIS>LEU,ASP>LEU,SER>CYS,GLY>GLN
M0425	pdb1o5f	substituted	4	HIS>LEU,ASP>LEU,SER>CYS,GLY>GLN
M0425	pdb1o5g	substituted	4	HIS>GLY,ASP>LEU,SER>ASN,GLY>ARG
M0425	pdb1okx	exact	0	
M0425	pdb1ook	exact	0	
M0425	pdb1op0	exact	0	
M0425	pdb1op2	exact	0	
M0425	pdb1op8	exact	0	
M0425	pdb1oph	substituted	1	SER>ALA
M0425	pdb1orf	exact	0	
M0425	pdb1os8	exact	0	
M0425	pdb1oss	exact	0	
M0425	pdb1owd	exact	0	
M0425	pdb1owe	exact	0	
M0425	pdb1owh	exact	0	
M0425	pdb1owi	exact	0	
M0425	pdb1owj	exact	0	
M0425	pdb1owk	exact	0	
M0425	pdb1ox1	exact	0	
M0425	pdb1oxg	exact	0	
M0425	pdb1oyq	exact	0	
M0425	pdb1oyt	substituted	4	HIS>GLY,ASP>LEU,SER>ASN,GLY>ARG
M0425	pdb1p0s	substituted	4	HIS>CYS,ASP>VAL,SER>TYR,GLY>LYS
M0425	pdb1p2i	exact	0	
M0425	pdb1p2j	exact	0	
M0425	pdb1p2k	exact	0	
M0425	pdb1p2m	exact	0	
M0425	pdb1p2n	exact	0	
M0425	pdb1p2o	exact	0	
M0425	pdb1p2q	exact	0	
M0425	pdb1p57	exact	0	
M0425	pdb1p8v	exact	0	
M0425	pdb1pfx	substituted	4	HIS>PHE,ASP>ILE,SER>HIS,GLY>GLU
M0425	pdb1pjp	exact	0	
M0425	pdb1ppb	substituted	4	HIS>GLY,ASP>LEU,SER>ASN,GLY>ARG
M0425	pdb1ppc	substituted	1	ASP>SER
M0425	pdb1ppe	substituted	1	ASP>SER
M0425	pdb1ppf	substituted	2	HIS>PHE,ASP>ILE
M0425	pdb1ppg	substituted	2	HIS>PHE,ASP>ILE
M0425	pdb1pph	substituted	1	ASP>SER
M0425	pdb1ppz	substituted	1	SER>MIS
M0425	pdb1pq5	exact	0	
M0425	pdb1pq7	exact	0	
M0425	pdb1pq8	exact	0	
M0425	pdb1pqa	substituted	1	SER>SEB
M0425	pdb1pyt	exact	0	
M0425	pdb1q3x	exact	0	
M0425	pdb1qa0	exact	0	
M0425	pdb1qb1	exact	0	
M0425	pdb1qb6	exact	0	
M0425	pdb1qb9	exact	0	
M0425	pdb1qbn	exact	0	
M0425	pdb1qbo	exact	0	
M0425	pdb1qbv	substituted	4	HIS>GLY,ASP>LEU,SER>ASN,GLY>ARG
M0425	pdb1qcp	exact	0	
M0425	pdb1qfk	partial	NA	
M0425	pdb1qgf	exact	0	
M0425	pdb1qhr	exact	0	
M0425	pdb1qix	exact	0	
M0425	pdb1qj1	exact	0	
M0425	pdb1qj6	exact	0	
M0425	pdb1qj7	exact	0	
M0425	pdb1ql7	exact	0	
M0425	pdb1ql8	exact	0	
M0425	pdb1ql9	exact	0	
M0425	pdb1qnj	exact	0	
M0425	pdb1qqu	exact	0	
M0425	pdb1qr3	substituted	4	HIS>THR,ASP>TYR,SER>VAL,GLY>SER
M0425	pdb1qrz	exact	0	
M0425	pdb1qur	substituted	4	HIS>GLY,ASP>LEU,SER>ASN,GLY>ARG
M0425	pdb1rd3	exact	0	
M0425	pdb1rfn	exact	0	
M0425	pdb1riw	partial	NA	
M0425	pdb1rjx	partial	NA	
M0425	pdb1rrk	exact	0	
M0425	pdb1rs0	exact	0	
M0425	pdb1rtf	exact	0	
M0425	pdb1rtk	exact	0	
M0425	pdb1rxp	exact	0	
M0425	pdb1s0q	exact	0	
M0425	pdb1s0r	exact	0	
M0425	pdb1s5s	exact	0	
M0425	pdb1s6f	exact	0	
M0425	pdb1s6h	exact	0	
M0425	pdb1s81	exact	0	
M0425	pdb1s82	exact	0	
M0425	pdb1s83	exact	0	
M0425	pdb1s84	exact	0	
M0425	pdb1s85	exact	0	
M0425	pdb1sb1	substituted	4	HIS>GLY,ASP>LEU,SER>ASN,GLY>ARG
M0425	pdb1sbw	exact	0	
M0425	pdb1sc8	substituted	4	HIS>LYS,ASP>ALA,SER>VAL,GLY>SER
M0425	pdb1sfi	exact	0	
M0425	pdb1sfq	exact	0	
M0425	pdb1sg8	exact	0	
M0425	pdb1sgf	exact	0	
M0425	pdb1sgi	exact	0	
M0425	pdb1sgt	exact	0	
M0425	pdb1shh	exact	0	
M0425	pdb1shy	substituted	2	HIS>GLN,SER>TYR
M0425	pdb1si5	partial	NA	
M0425	pdb1sl3	exact	0	
M0425	pdb1slu	exact	0	
M0425	pdb1slv	exact	0	
M0425	pdb1slw	exact	0	
M0425	pdb1slx	exact	0	
M0425	pdb1smf	substituted	1	ASP>SER
M0425	pdb1spj	exact	0	
M0425	pdb1sqa	exact	0	
M0425	pdb1sqo	exact	0	
M0425	pdb1sqt	exact	0	
M0425	pdb1sr5	exact	0	
M0425	pdb1t31	exact	0	
M0425	pdb1t32	exact	0	
M0425	pdb1t4u	substituted	4	HIS>ALA,ASP>ILE,SER>ASP,GLY>SER
M0425	pdb1t4v	substituted	4	HIS>ALA,ASP>ILE,SER>ASP,GLY>SER
M0425	pdb1t7c	exact	0	
M0425	pdb1t8l	exact	0	
M0425	pdb1t8m	exact	0	
M0425	pdb1t8n	exact	0	
M0425	pdb1t8o	exact	0	
M0425	pdb1ta2	exact	0	
M0425	pdb1ta6	exact	0	
M0425	pdb1tab	substituted	1	ASP>SER
M0425	pdb1taw	exact	0	
M0425	pdb1tb6	substituted	4	HIS>GLY,ASP>LEU,SER>ASN,GLY>ARG
M0425	pdb1tbq	substituted	4	HIS>GLY,ASP>LEU,SER>ASN,GLY>ARG
M0425	pdb1tbr	substituted	4	HIS>GLY,ASP>LEU,SER>ASN,GLY>ARG
M0425	pdb1tbz	substituted	4	HIS>GLY,ASP>LEU,SER>ASN,GLY>ARG
M0425	pdb1tfx	exact	0	
M0425	pdb1tgb	exact	0	
M0425	pdb1tgc	exact	0	
M0425	pdb1tgn	exact	0	
M0425	pdb1tgs	substituted	2	HIS>LEU,ASP>VAL
M0425	pdb1tgt	exact	0	
M0425	pdb1thp	exact	0	
M0425	pdb1thr	substituted	4	HIS>GLY,ASP>LEU,SER>ASN,GLY>ARG
M0425	pdb1ths	substituted	4	HIS>GLY,ASP>LEU,SER>ASN,GLY>ARG
M0425	pdb1tio	exact	0	
M0425	pdb1tld	exact	0	
M0425	pdb1tmb	substituted	4	HIS>GLY,ASP>LEU,SER>ASN,GLY>ARG
M0425	pdb1tmt	substituted	4	HIS>GLY,ASP>LEU,SER>ASN,GLY>ARG
M0425	pdb1tmu	substituted	4	HIS>GLY,ASP>LEU,SER>ASN,GLY>ARG
M0425	pdb1tng	exact	0	
M0425	pdb1tnh	exact	0	
M0425	pdb1tni	exact	0	
M0425	pdb1tnj	exact	0	
M0425	pdb1tnk	exact	0	
M0425	pdb1tnl	exact	0	
M0425	pdb1toc	exact	0	
M0425	pdb1tom	substituted	4	HIS>GLY,ASP>LEU,SER>ASN,GLY>ARG
M0425	pdb1ton	exact	0	
M0425	pdb1tpa	substituted	1	ASP>SER
M0425	pdb1tpo	exact	0	
M0425	pdb1tpp	exact	0	
M0425	pdb1tps	exact	0	
M0425	pdb1tq0	exact	0	
M0425	pdb1tq7	exact	0	
M0425	pdb1trm	substituted	1	ASP>ASN
M0425	pdb1trn	exact	0	
M0425	pdb1try	exact	0	
M0425	pdb1twx	exact	0	
M0425	pdb1tx6	exact	0	
M0425	pdb1tx7	exact	0	
M0425	pdb1tx8	exact	0	
M0425	pdb1tyn	exact	0	
M0425	pdb1u6q	exact	0	
M0425	pdb1ucy	substituted	4	HIS>GLY,ASP>LEU,SER>ASN,GLY>ARG
M0425	pdb1uhb	partial	NA	
M0425	pdb1uma	substituted	4	HIS>GLY,ASP>LEU,SER>ASN,GLY>ARG
M0425	pdb1uo6	exact	0	
M0425	pdb1utj	exact	0	
M0425	pdb1utk	exact	0	
M0425	pdb1utl	substituted	2	HIS>LYS,ASP>MET
M0425	pdb1utm	exact	0	
M0425	pdb1utn	exact	0	
M0425	pdb1uto	exact	0	
M0425	pdb1utp	exact	0	
M0425	pdb1utq	exact	0	
M0425	pdb1uvo	exact	0	
M0425	pdb1uvp	exact	0	
M0425	pdb1uvs	substituted	4	HIS>GLY,ASP>LEU,SER>ASN,GLY>ARG
M0425	pdb1uvt	substituted	4	HIS>GLY,ASP>LEU,SER>ASN,GLY>ARG
M0425	pdb1uvu	substituted	4	HIS>GLY,ASP>LEU,SER>ASN,GLY>ARG
M0425	pdb1v2j	substituted	1	ASP>SER
M0425	pdb1v2k	substituted	1	ASP>SER
M0425	pdb1v2l	substituted	1	ASP>SER
M0425	pdb1v2m	substituted	1	ASP>SER
M0425	pdb1v2n	substituted	1	ASP>SER
M0425	pdb1v2o	substituted	1	ASP>SER
M0425	pdb1v2p	substituted	1	ASP>SER
M0425	pdb1v2q	substituted	1	ASP>SER
M0425	pdb1v2r	substituted	1	ASP>SER
M0425	pdb1v2s	substituted	1	ASP>SER
M0425	pdb1v2t	substituted	1	ASP>SER
M0425	pdb1v2u	substituted	1	ASP>SER
M0425	pdb1v2v	substituted	1	ASP>SER
M0425	pdb1v2w	substituted	1	ASP>SER
M0425	pdb1v3x	exact	0	
M0425	pdb1v6d	exact	0	
M0425	pdb1vgc	partial	NA	
M0425	pdb1vit	substituted	4	HIS>GLY,ASP>LEU,SER>ASN,GLY>ARG
M0425	pdb1vj9	substituted	4	HIS>LYS,ASP>ALA,SER>VAL,GLY>SER
M0425	pdb1vja	substituted	4	HIS>LYS,ASP>ALA,SER>VAL,GLY>SER
M0425	pdb1vr1	substituted	4	HIS>ILE,ASP>ILE,SER>GLN,GLY>MET
M0425	pdb1vzq	substituted	4	HIS>GLY,ASP>LEU,SER>PRO,GLY>PHE
M0425	pdb1w0y	substituted	3	HIS>LEU,ASP>ILE,SER>LYS
M0425	pdb1w0z	substituted	3	HIS>LEU,SER>PRO,GLY>LEU
M0425	pdb1w10	substituted	3	HIS>LEU,SER>PRO,GLY>LEU
M0425	pdb1w11	substituted	3	HIS>LEU,SER>PRO,GLY>LEU
M0425	pdb1w12	substituted	3	HIS>LEU,SER>PRO,GLY>LEU
M0425	pdb1w13	substituted	3	HIS>LEU,SER>PRO,GLY>LEU
M0425	pdb1w14	substituted	3	HIS>LEU,SER>PRO,GLY>LEU
M0425	pdb1w2k	substituted	3	HIS>LEU,ASP>ILE,SER>LYS
M0425	pdb1w7g	substituted	4	HIS>GLY,ASP>LEU,SER>ASN,GLY>ARG
M0425	pdb1w7x	substituted	3	HIS>LEU,ASP>ILE,SER>LYS
M0425	pdb1w8b	substituted	3	HIS>LEU,ASP>ILE,SER>LYS
M0425	pdb1way	exact	0	
M0425	pdb1wbg	exact	0	
M0425	pdb1wqv	substituted	3	HIS>LEU,ASP>ILE,SER>LYS
M0425	pdb1wss	substituted	3	HIS>LEU,ASP>ILE,SER>LYS
M0425	pdb1wtg	substituted	3	HIS>LEU,ASP>ILE,SER>LYS
M0425	pdb1wu1	exact	0	
M0425	pdb1wun	substituted	3	HIS>LEU,ASP>ILE,SER>LYS
M0425	pdb1wv7	substituted	3	HIS>LEU,ASP>ILE,SER>LYS
M0425	pdb1x7a	substituted	4	HIS>PHE,ASP>ILE,SER>HIS,GLY>GLU
M0425	pdb1xka	substituted	4	HIS>CYS,ASP>VAL,SER>TYR,GLY>LYS
M0425	pdb1xkb	exact	0	
M0425	pdb1xm1	exact	0	
M0425	pdb1xmn	exact	0	
M0425	pdb1xuf	exact	0	
M0425	pdb1xug	exact	0	
M0425	pdb1xuh	exact	0	
M0425	pdb1xui	exact	0	
M0425	pdb1xuj	exact	0	
M0425	pdb1xuk	exact	0	
M0425	pdb1xvm	exact	0	
M0425	pdb1xvo	exact	0	
M0425	pdb1xx9	exact	0	
M0425	pdb1xxd	exact	0	
M0425	pdb1xxf	exact	0	
M0425	pdb1y3u	exact	0	
M0425	pdb1y3v	exact	0	
M0425	pdb1y3w	exact	0	
M0425	pdb1y3x	exact	0	
M0425	pdb1y3y	exact	0	
M0425	pdb1y59	substituted	1	ASP>SER
M0425	pdb1y5a	substituted	1	ASP>SER
M0425	pdb1y5b	substituted	1	ASP>SER
M0425	pdb1y5u	substituted	1	ASP>SER
M0425	pdb1ybw	exact	0	
M0425	pdb1yc0	exact	0	
M0425	pdb1ycp	substituted	4	HIS>GLY,ASP>LEU,SER>ASN,GLY>ARG
M0425	pdb1yf4	exact	0	
M0425	pdb1ygc	substituted	3	HIS>LEU,ASP>ILE,SER>LYS
M0425	pdb1ykt	substituted	1	SER>ALA
M0425	pdb1ylc	substituted	1	SER>ALA
M0425	pdb1yld	substituted	1	SER>ALA
M0425	pdb1ym0	exact	0	
M0425	pdb1yp9	exact	0	
M0425	pdb1ype	substituted	4	HIS>GLY,ASP>LEU,SER>ASN,GLY>ARG
M0425	pdb1ypg	substituted	4	HIS>GLY,ASP>LEU,SER>ASN,GLY>ARG
M0425	pdb1yph	partial	NA	
M0425	pdb1ypj	substituted	4	HIS>GLY,ASP>LEU,SER>ASN,GLY>ARG
M0425	pdb1ypk	substituted	4	HIS>GLY,ASP>LEU,SER>ASN,GLY>ARG
M0425	pdb1ypl	substituted	4	HIS>GLY,ASP>LEU,SER>ASN,GLY>ARG
M0425	pdb1ypm	substituted	4	HIS>GLY,ASP>LEU,SER>ASN,GLY>ARG
M0425	pdb1yyy	substituted	1	ASP>SER
M0425	pdb1z6e	exact	0	
M0425	pdb1z6j	substituted	3	HIS>LEU,ASP>ILE,SER>LYS
M0425	pdb1z71	exact	0	
M0425	pdb1z7k	exact	0	
M0425	pdb1z8g	exact	0	
M0425	pdb1z8i	exact	0	
M0425	pdb1z8j	exact	0	
M0425	pdb1zgi	exact	0	
M0425	pdb1zgv	exact	0	
M0425	pdb1zhm	exact	0	
M0425	pdb1zhp	exact	0	
M0425	pdb1zhr	exact	0	
M0425	pdb1zjd	exact	0	
M0425	pdb1zjk	exact	0	
M0425	pdb1zlr	exact	0	
M0425	pdb1zmj	exact	0	
M0425	pdb1zml	exact	0	
M0425	pdb1zmn	exact	0	
M0425	pdb1zom	exact	0	
M0425	pdb1zpb	exact	0	
M0425	pdb1zpc	exact	0	
M0425	pdb1zpz	exact	0	
M0425	pdb1zr0	exact	0	
M0425	pdb1zrb	exact	0	
M0425	pdb1zrk	exact	0	
M0425	pdb1zsj	exact	0	
M0425	pdb1zsk	exact	0	
M0425	pdb1zsl	exact	0	
M0425	pdb1ztj	exact	0	
M0425	pdb1ztk	exact	0	
M0425	pdb1ztl	exact	0	
M0425	pdb1zzz	exact	0	
M0425	pdb2a0q	exact	0	
M0425	pdb2a1d	exact	0	
M0425	pdb2a2q	substituted	3	HIS>LEU,ASP>ILE,SER>LYS
M0425	pdb2a2x	substituted	4	HIS>GLY,ASP>LEU,SER>ASN,GLY>ARG
M0425	pdb2a31	exact	0	
M0425	pdb2a32	exact	0	
M0425	pdb2a45	exact	0	
M0425	pdb2a7c	exact	0	
M0425	pdb2a7h	exact	0	
M0425	pdb2a7j	exact	0	
M0425	pdb2aei	substituted	3	HIS>LEU,ASP>ILE,SER>LYS
M0425	pdb2aer	substituted	3	HIS>LEU,ASP>ILE,SER>LYS
M0425	pdb2afq	exact	0	
M0425	pdb2age	substituted	1	ASP>SER
M0425	pdb2agg	substituted	1	ASP>SER
M0425	pdb2agi	substituted	1	ASP>SER
M0425	pdb2ah4	substituted	1	ASP>SER
M0425	pdb2aip	exact	0	
M0425	pdb2aiq	exact	0	
M0425	pdb2ank	substituted	4	HIS>GLY,ASP>LEU,SER>ASN,GLY>ARG
M0425	pdb2anm	substituted	4	HIS>GLY,ASP>LEU,SER>ASN,GLY>ARG
M0425	pdb2anw	exact	0	
M0425	pdb2any	exact	0	
M0425	pdb2asu	substituted	3	HIS>GLN,ASP>GLN,SER>TYR
M0425	pdb2ayw	exact	0	
M0425	pdb2b5t	substituted	1	SER>ALA
M0425	pdb2b7d	substituted	3	HIS>LEU,ASP>ILE,SER>LYS
M0425	pdb2b8o	substituted	3	HIS>LEU,ASP>ILE,SER>LYS
M0425	pdb2b9l	substituted	1	SER>GLY
M0425	pdb2bb4	substituted	4	HIS>THR,ASP>TYR,SER>VAL,GLY>SER
M0425	pdb2bd2	substituted	4	HIS>THR,ASP>TYR,SER>VAL,GLY>SER
M0425	pdb2bd3	substituted	4	HIS>THR,ASP>TYR,SER>VAL,GLY>SER
M0425	pdb2bd4	substituted	4	HIS>THR,ASP>TYR,SER>VAL,GLY>SER
M0425	pdb2bd5	substituted	4	HIS>THR,ASP>TYR,SER>VAL,GLY>SER
M0425	pdb2bd7	substituted	4	HIS>THR,ASP>TYR,SER>VAL,GLY>SER
M0425	pdb2bd8	substituted	4	HIS>THR,ASP>TYR,SER>VAL,GLY>SER
M0425	pdb2bd9	exact	0	
M0425	pdb2bda	substituted	4	HIS>THR,ASP>TYR,SER>VAL,GLY>SER
M0425	pdb2bdb	exact	0	
M0425	pdb2bdc	exact	0	
M0425	pdb2bdg	exact	0	
M0425	pdb2bdh	exact	0	
M0425	pdb2bdi	exact	0	
M0425	pdb2bdy	exact	0	
M0425	pdb2blo	exact	0	
M0425	pdb2blq	exact	0	
M0425	pdb2blv	exact	0	
M0425	pdb2blw	exact	0	
M0425	pdb2bm2	exact	0	
M0425	pdb2bmg	exact	0	
M0425	pdb2boh	exact	0	
M0425	pdb2bok	exact	0	
M0425	pdb2bq6	exact	0	
M0425	pdb2bq7	exact	0	
M0425	pdb2bqw	exact	0	
M0425	pdb2btc	substituted	1	ASP>SER
M0425	pdb2bvr	substituted	4	HIS>GLY,ASP>LEU,SER>PRO,GLY>PHE
M0425	pdb2bvs	substituted	4	HIS>GLY,ASP>LEU,SER>ASN,GLY>ARG
M0425	pdb2bvx	substituted	4	HIS>GLY,ASP>LEU,SER>ASN,GLY>ARG
M0425	pdb2bxt	substituted	4	HIS>GLY,ASP>LEU,SER>ASN,GLY>ARG
M0425	pdb2bxu	substituted	4	HIS>GLY,ASP>LEU,SER>ASN,GLY>ARG
M0425	pdb2by5	substituted	2	HIS>LYS,ASP>MET
M0425	pdb2by6	substituted	2	HIS>LYS,ASP>MET
M0425	pdb2by7	substituted	2	HIS>LYS,ASP>MET
M0425	pdb2by8	substituted	2	HIS>LYS,ASP>MET
M0425	pdb2by9	substituted	2	HIS>LYS,ASP>MET
M0425	pdb2bya	substituted	2	HIS>LYS,ASP>MET
M0425	pdb2bz6	substituted	3	HIS>LEU,ASP>ILE,SER>LYS
M0425	pdb2bza	exact	0	
M0425	pdb2c4f	substituted	3	HIS>LEU,ASP>ILE,SER>LYS
M0425	pdb2c8w	exact	0	
M0425	pdb2c8x	exact	0	
M0425	pdb2c8y	exact	0	
M0425	pdb2c8z	exact	0	
M0425	pdb2c90	exact	0	
M0425	pdb2c93	exact	0	
M0425	pdb2cf8	substituted	4	HIS>GLY,ASP>LEU,SER>ASN,GLY>ARG
M0425	pdb2cf9	substituted	4	HIS>GLY,ASP>LEU,SER>ASN,GLY>ARG
M0425	pdb2cga	exact	0	
M0425	pdb2cha	partial	NA	
M0425	pdb2cji	exact	0	
M0425	pdb2cmy	exact	0	
M0425	pdb2cn0	substituted	4	HIS>GLY,ASP>LEU,SER>ASN,GLY>ARG
M0425	pdb2cv3	exact	0	
M0425	pdb2d1j	exact	0	
M0425	pdb2d26	exact	0	
M0425	pdb2d8w	exact	0	
M0425	pdb2de8	exact	0	
M0425	pdb2de9	exact	0	
M0425	pdb2ec9	substituted	3	HIS>LEU,ASP>ILE,SER>LYS
M0425	pdb2eek	exact	0	
M0425	pdb2ei6	exact	0	
M0425	pdb2ei7	exact	0	
M0425	pdb2ei8	exact	0	
M0425	pdb2est	substituted	4	HIS>THR,ASP>TYR,SER>VAL,GLY>SER
M0425	pdb2f3c	substituted	2	HIS>CYS,ASP>LYS
M0425	pdb2f83	partial	NA	
M0425	pdb2f91	exact	0	
M0425	pdb2f9b	substituted	3	HIS>LEU,ASP>ILE,SER>LYS
M0425	pdb2f9n	exact	0	
M0425	pdb2f9o	exact	0	
M0425	pdb2f9p	exact	0	
M0425	pdb2fda	exact	0	
M0425	pdb2feq	substituted	4	HIS>GLY,ASP>LEU,SER>ASN,GLY>ARG
M0425	pdb2fes	substituted	4	HIS>GLY,ASP>LEU,SER>ASN,GLY>ARG
M0425	pdb2fi3	substituted	1	ASP>SER
M0425	pdb2fi4	substituted	1	ASP>SER
M0425	pdb2fi5	substituted	1	ASP>SER
M0425	pdb2fir	substituted	3	HIS>LEU,ASP>ILE,SER>LYS
M0425	pdb2flb	substituted	3	HIS>LEU,ASP>ILE,SER>LYS
M0425	pdb2flr	substituted	3	HIS>LEU,ASP>ILE,SER>LYS
M0425	pdb2fmj	exact	0	
M0425	pdb2fo9	exact	0	
M0425	pdb2foa	exact	0	
M0425	pdb2fob	exact	0	
M0425	pdb2foc	exact	0	
M0425	pdb2fod	exact	0	
M0425	pdb2foe	exact	0	
M0425	pdb2fof	exact	0	
M0425	pdb2fog	exact	0	
M0425	pdb2foh	exact	0	
M0425	pdb2fpz	exact	0	
M0425	pdb2fs8	exact	0	
M0425	pdb2fs9	exact	0	
M0425	pdb2ftl	substituted	1	ASP>SER
M0425	pdb2ftm	exact	0	
M0425	pdb2fww	exact	0	
M0425	pdb2fx4	exact	0	
M0425	pdb2fx6	exact	0	
M0425	pdb2fxr	exact	0	
M0425	pdb2fzz	exact	0	
M0425	pdb2g00	exact	0	
M0425	pdb2g4t	exact	0	
M0425	pdb2g4u	exact	0	
M0425	pdb2g51	exact	0	
M0425	pdb2g52	exact	0	
M0425	pdb2g55	exact	0	
M0425	pdb2g5n	exact	0	
M0425	pdb2g5v	exact	0	
M0425	pdb2g81	substituted	1	ASP>SER
M0425	pdb2g8t	exact	0	
M0425	pdb2gch	partial	NA	
M0425	pdb2gct	partial	NA	
M0425	pdb2gd4	substituted	1	SER>ALA
M0425	pdb2gdd	exact	0	
M0425	pdb2gde	substituted	4	HIS>GLY,ASP>LEU,SER>ASN,GLY>ARG
M0425	pdb2gmt	partial	NA	
M0425	pdb2gp9	substituted	1	ASP>ASN
M0425	pdb2gv6	exact	0	
M0425	pdb2gv7	exact	0	
M0425	pdb2h1u	substituted	4	HIS>THR,ASP>TYR,SER>VAL,GLY>SER
M0425	pdb2h9e	substituted	4	HIS>CYS,ASP>VAL,SER>ASP,GLY>LYS
M0425	pdb2h9t	substituted	4	HIS>GLY,ASP>LEU,SER>ASN,GLY>ARG
M0425	pdb2hgt	substituted	4	HIS>GLY,ASP>LEU,SER>ASN,GLY>ARG
M0425	pdb2hlc	exact	0	
M0425	pdb2hnt	partial	NA	
M0425	pdb2hpp	substituted	4	HIS>GLY,ASP>LEU,SER>ASN,GLY>ARG
M0425	pdb2hpq	substituted	4	HIS>GLY,ASP>LEU,SER>ASN,GLY>ARG
M0425	pdb2hvx	exact	0	
M0425	pdb2hwl	exact	0	
M0425	pdb2i6q	partial	NA	
M0425	pdb2i6s	partial	NA	
M0425	pdb2iln	exact	0	
M0425	pdb2iot	exact	0	
M0425	pdb2j2u	exact	0	
M0425	pdb2j34	exact	0	
M0425	pdb2j38	exact	0	
M0425	pdb2j4i	exact	0	
M0425	pdb2j94	exact	0	
M0425	pdb2j95	exact	0	
M0425	pdb2j9n	exact	0	
M0425	pdb2jet	partial	NA	
M0425	pdb2jh0	substituted	4	HIS>GLY,ASP>LEU,SER>ASN,GLY>ARG
M0425	pdb2jh5	substituted	4	HIS>GLY,ASP>LEU,SER>ASN,GLY>ARG
M0425	pdb2jh6	substituted	4	HIS>GLY,ASP>LEU,SER>ASN,GLY>ARG
M0425	pdb2jkh	exact	0	
M0425	pdb2kai	partial	NA	
M0425	pdb2nwn	exact	0	
M0425	pdb2o8t	exact	0	
M0425	pdb2o8u	substituted	1	SER>ALA
M0425	pdb2o8w	substituted	1	SER>ALA
M0425	pdb2o9q	exact	0	
M0425	pdb2ocv	exact	0	
M0425	pdb2od3	exact	0	
M0425	pdb2odp	partial	NA	
M0425	pdb2odq	partial	NA	
M0425	pdb2ody	exact	0	
M0425	pdb2ok5	exact	0	
M0425	pdb2olg	exact	0	
M0425	pdb2oq5	exact	0	
M0425	pdb2oqu	exact	0	
M0425	pdb2otv	exact	0	
M0425	pdb2oxs	exact	0	
M0425	pdb2p16	exact	0	
M0425	pdb2p3f	substituted	4	HIS>CYS,ASP>VAL,SER>TYR,GLY>LYS
M0425	pdb2p3t	exact	0	
M0425	pdb2p3u	exact	0	
M0425	pdb2p8o	partial	NA	
M0425	pdb2p93	exact	0	
M0425	pdb2p94	exact	0	
M0425	pdb2p95	exact	0	
M0425	pdb2pgb	exact	0	
M0425	pdb2pgq	exact	0	
M0425	pdb2phb	exact	0	
M0425	pdb2pka	partial	NA	
M0425	pdb2pks	partial	NA	
M0425	pdb2plx	exact	0	
M0425	pdb2pr3	exact	0	
M0425	pdb2psx	exact	0	
M0425	pdb2psy	exact	0	
M0425	pdb2ptc	substituted	1	ASP>SER
M0425	pdb2ptn	exact	0	
M0425	pdb2puq	partial	NA	
M0425	pdb2pux	substituted	1	SER>ALA
M0425	pdb2pv9	substituted	1	SER>ALA
M0425	pdb2pw8	substituted	4	HIS>GLY,ASP>LEU,SER>ASN,GLY>ARG
M0425	pdb2q1j	exact	0	
M0425	pdb2qn5	substituted	2	HIS>TYR,ASP>SER
M0425	pdb2qxg	exact	0	
M0425	pdb2qxh	exact	0	
M0425	pdb2qxi	exact	0	
M0425	pdb2qxj	exact	0	
M0425	pdb2qy0	exact	0	
M0425	pdb2qyi	exact	0	
M0425	pdb2r0k	exact	0	
M0425	pdb2r0l	substituted	4	HIS>SER,ASP>PRO,SER>CYS,GLY>GLN
M0425	pdb2r2m	exact	0	
M0425	pdb2r2w	substituted	3	HIS>LEU,SER>PRO,GLY>LEU
M0425	pdb2r9p	substituted	1	SER>ALA
M0425	pdb2ra0	exact	0	
M0425	pdb2ra3	substituted	1	SER>ALA
M0425	pdb2rdl	exact	0	
M0425	pdb2rg3	substituted	1	SER>BG1
M0425	pdb2sta	substituted	1	ASP>SER
M0425	pdb2stb	substituted	1	ASP>SER
M0425	pdb2tbs	exact	0	
M0425	pdb2tga	exact	0	
M0425	pdb2tgd	exact	0	
M0425	pdb2tgp	substituted	2	HIS>LEU,ASP>VAL
M0425	pdb2tgt	exact	0	
M0425	pdb2thf	exact	0	
M0425	pdb2tio	exact	0	
M0425	pdb2tld	substituted	1	ASP>SER
M0425	pdb2tpi	substituted	2	HIS>LEU,ASP>VAL
M0425	pdb2trm	substituted	1	ASP>ASN
M0425	pdb2uuf	exact	0	
M0425	pdb2uuj	exact	0	
M0425	pdb2uuk	exact	0	
M0425	pdb2uuy	exact	0	
M0425	pdb2uwl	exact	0	
M0425	pdb2uwo	exact	0	
M0425	pdb2uwp	exact	0	
M0425	pdb2v0b	exact	0	
M0425	pdb2v35	exact	0	
M0425	pdb2v3h	substituted	4	HIS>GLY,ASP>LEU,SER>ASN,GLY>ARG
M0425	pdb2v3o	substituted	4	HIS>GLY,ASP>LEU,SER>ASN,GLY>ARG
M0425	pdb2vgc	partial	NA	
M0425	pdb2vh0	exact	0	
M0425	pdb2vh6	exact	0	
M0425	pdb2vin	exact	0	
M0425	pdb2vio	exact	0	
M0425	pdb2vip	exact	0	
M0425	pdb2viq	exact	0	
M0425	pdb2viv	exact	0	
M0425	pdb2viw	exact	0	
M0425	pdb2vnt	exact	0	
M0425	pdb2vu8	substituted	4	HIS>TRP,ASP>SER,SER>MET,GLY>PHE
M0425	pdb2vvc	exact	0	
M0425	pdb2vvu	exact	0	
M0425	pdb2vvv	exact	0	
M0425	pdb2vwl	exact	0	
M0425	pdb2vwm	exact	0	
M0425	pdb2vwn	exact	0	
M0425	pdb2vwo	exact	0	
M0425	pdb2w26	exact	0	
M0425	pdb2w3i	exact	0	
M0425	pdb2w3k	exact	0	
M0425	pdb2win	exact	0	
M0425	pdb2wph	substituted	4	HIS>PHE,ASP>ILE,SER>HIS,GLY>GLU
M0425	pdb2wpi	substituted	4	HIS>PHE,ASP>ILE,SER>HIS,GLY>GLU
M0425	pdb2wpj	substituted	4	HIS>PHE,ASP>ILE,SER>HIS,GLY>GLU
M0425	pdb2wpk	substituted	4	HIS>PHE,ASP>ILE,SER>HIS,GLY>GLU
M0425	pdb2wpl	substituted	4	HIS>PHE,ASP>ILE,SER>HIS,GLY>GLU
M0425	pdb2wpm	substituted	4	HIS>PHE,ASP>ILE,SER>HIS,GLY>GLU
M0425	pdb2wub	exact	0	
M0425	pdb2wuc	exact	0	
M0425	pdb2wyg	exact	0	
M0425	pdb2wyj	exact	0	
M0425	pdb2xbv	exact	0	
M0425	pdb2xbw	exact	0	
M0425	pdb2xbx	exact	0	
M0425	pdb2xby	exact	0	
M0425	pdb2xc0	exact	0	
M0425	pdb2xc4	exact	0	
M0425	pdb2xc5	exact	0	
M0425	pdb2xrc	exact	0	
M0425	pdb2xtt	exact	0	
M0425	pdb2xw9	substituted	1	SER>ALA
M0425	pdb2xwa	exact	0	
M0425	pdb2xwb	exact	0	
M0425	pdb2xwj	exact	0	
M0425	pdb2xxl	exact	0	
M0425	pdb2y5f	exact	0	
M0425	pdb2y5g	exact	0	
M0425	pdb2y5h	exact	0	
M0425	pdb2y6t	exact	0	
M0425	pdb2y7x	exact	0	
M0425	pdb2y7z	exact	0	
M0425	pdb2y80	exact	0	
M0425	pdb2y81	exact	0	
M0425	pdb2y82	exact	0	
M0425	pdb2z7f	substituted	2	HIS>PHE,ASP>ILE
M0425	pdb2za5	exact	0	
M0425	pdb2zc9	substituted	4	HIS>GLY,ASP>LEU,SER>ASN,GLY>ARG
M0425	pdb2zch	substituted	3	HIS>VAL,ASP>GLY,GLY>THR
M0425	pdb2zck	substituted	3	HIS>VAL,ASP>GLY,GLY>THR
M0425	pdb2zcl	substituted	3	HIS>VAL,ASP>GLY,GLY>THR
M0425	pdb2zda	substituted	4	HIS>GLY,ASP>LEU,SER>ASN,GLY>ARG
M0425	pdb2zdk	exact	0	
M0425	pdb2zdl	exact	0	
M0425	pdb2zdm	exact	0	
M0425	pdb2zdn	exact	0	
M0425	pdb2zdv	substituted	4	HIS>GLY,ASP>LEU,SER>ASN,GLY>ARG
M0425	pdb2zeb	exact	0	
M0425	pdb2zec	exact	0	
M0425	pdb2zf0	substituted	4	HIS>GLY,ASP>LEU,SER>ASN,GLY>ARG
M0425	pdb2zff	substituted	4	HIS>GLY,ASP>LEU,SER>ASN,GLY>ARG
M0425	pdb2zfp	substituted	4	HIS>GLY,ASP>LEU,SER>ASN,GLY>ARG
M0425	pdb2zfq	substituted	4	HIS>GLY,ASP>LEU,SER>ASN,GLY>ARG
M0425	pdb2zfr	substituted	4	HIS>GLY,ASP>LEU,SER>ASN,GLY>ARG
M0425	pdb2zfs	exact	0	
M0425	pdb2zft	exact	0	
M0425	pdb2zg0	substituted	4	HIS>GLY,ASP>LEU,SER>ASN,GLY>ARG
M0425	pdb2zgb	substituted	4	HIS>GLY,ASP>LEU,SER>ASN,GLY>ARG
M0425	pdb2zgc	exact	0	
M0425	pdb2zgh	exact	0	
M0425	pdb2zgj	substituted	1	ASP>ASN
M0425	pdb2zgx	substituted	4	HIS>GLY,ASP>LEU,SER>ASN,GLY>ARG
M0425	pdb2zhd	exact	0	
M0425	pdb2zhe	substituted	4	HIS>GLY,ASP>LEU,SER>ASN,GLY>ARG
M0425	pdb2zhf	substituted	4	HIS>GLY,ASP>LEU,SER>ASN,GLY>ARG
M0425	pdb2zhq	substituted	4	HIS>GLY,ASP>LEU,SER>ASN,GLY>ARG
M0425	pdb2zhw	substituted	4	HIS>GLY,ASP>LEU,SER>ASN,GLY>ARG
M0425	pdb2zi2	substituted	4	HIS>GLY,ASP>LEU,SER>ASN,GLY>ARG
M0425	pdb2ziq	substituted	4	HIS>GLY,ASP>LEU,SER>ASN,GLY>ARG
M0425	pdb2zks	exact	0	
M0425	pdb2znk	substituted	4	HIS>GLY,ASP>LEU,SER>ASN,GLY>ARG
M0425	pdb2zo3	substituted	4	HIS>GLY,ASP>LEU,SER>ASN,GLY>ARG
M0425	pdb2zp0	substituted	3	HIS>LEU,ASP>ILE,SER>LYS
M0425	pdb2zpq	exact	0	
M0425	pdb2zpr	exact	0	
M0425	pdb2zps	exact	0	
M0425	pdb2zq1	exact	0	
M0425	pdb2zq2	exact	0	
M0425	pdb2zwl	substituted	3	HIS>LEU,ASP>ILE,SER>LYS
M0425	pdb2zzu	substituted	3	HIS>LEU,ASP>ILE,SER>LYS
M0425	pdb3a7t	exact	0	
M0425	pdb3a7v	exact	0	
M0425	pdb3a7w	exact	0	
M0425	pdb3a7x	exact	0	
M0425	pdb3a7y	exact	0	
M0425	pdb3a7z	exact	0	
M0425	pdb3a80	exact	0	
M0425	pdb3a81	exact	0	
M0425	pdb3a82	exact	0	
M0425	pdb3a83	exact	0	
M0425	pdb3a84	exact	0	
M0425	pdb3a85	exact	0	
M0425	pdb3a86	exact	0	
M0425	pdb3a87	exact	0	
M0425	pdb3a88	exact	0	
M0425	pdb3a89	exact	0	
M0425	pdb3a8a	exact	0	
M0425	pdb3a8b	exact	0	
M0425	pdb3a8c	exact	0	
M0425	pdb3a8d	exact	0	
M0425	pdb3aas	exact	0	
M0425	pdb3aau	exact	0	
M0425	pdb3aav	exact	0	
M0425	pdb3ati	exact	0	
M0425	pdb3atk	exact	0	
M0425	pdb3atl	exact	0	
M0425	pdb3atm	exact	0	
M0425	pdb3b23	exact	0	
M0425	pdb3b9f	substituted	4	HIS>GLY,ASP>LEU,SER>ASN,GLY>ARG
M0425	pdb3bef	substituted	1	ASP>ASN
M0425	pdb3bei	substituted	1	ASP>ASN
M0425	pdb3beu	exact	0	
M0425	pdb3bf6	substituted	4	HIS>GLY,ASP>LEU,SER>ASN,GLY>ARG
M0425	pdb3bg4	partial	NA	
M0425	pdb3bg8	exact	0	
M0425	pdb3biu	substituted	4	HIS>GLY,ASP>LEU,SER>ASN,GLY>ARG
M0425	pdb3biv	substituted	4	HIS>GLY,ASP>LEU,SER>ASN,GLY>ARG
M0425	pdb3bn9	exact	0	
M0425	pdb3bsq	exact	0	
M0425	pdb3btd	substituted	1	ASP>SER
M0425	pdb3bte	substituted	1	ASP>SER
M0425	pdb3btf	substituted	1	ASP>SER
M0425	pdb3btg	substituted	1	ASP>SER
M0425	pdb3bth	substituted	1	ASP>SER
M0425	pdb3btk	substituted	1	ASP>SER
M0425	pdb3btm	substituted	1	ASP>SER
M0425	pdb3btq	substituted	1	ASP>SER
M0425	pdb3btt	substituted	1	ASP>SER
M0425	pdb3btw	substituted	1	ASP>SER
M0425	pdb3bv9	exact	0	
M0425	pdb3c1k	exact	0	
M0425	pdb3c27	exact	0	
M0425	pdb3cen	exact	0	
M0425	pdb3cs7	exact	0	
M0425	pdb3d49	substituted	4	HIS>GLY,ASP>LEU,SER>ASN,GLY>ARG
M0425	pdb3d65	substituted	1	ASP>SER
M0425	pdb3da9	exact	0	
M0425	pdb3dd2	substituted	4	HIS>GLY,ASP>LEU,SER>ASN,GLY>ARG
M0425	pdb3dfj	exact	0	
M0425	pdb3dfl	exact	0	
M0425	pdb3dhk	substituted	4	HIS>GLY,ASP>LEU,SER>ASN,GLY>ARG
M0425	pdb3dt0	substituted	4	HIS>GLY,ASP>LEU,SER>ASN,GLY>ARG
M0425	pdb3dux	substituted	4	HIS>GLY,ASP>LEU,SER>ASN,GLY>ARG
M0425	pdb3e0n	substituted	4	HIS>VAL,ASP>PRO,SER>ASP,GLY>SER
M0425	pdb3e0p	substituted	4	HIS>VAL,ASP>PRO,SER>ASP,GLY>SER
M0425	pdb3e16	substituted	4	HIS>VAL,ASP>PRO,SER>ASP,GLY>SER
M0425	pdb3e1x	substituted	4	HIS>VAL,ASP>PRO,SER>ASP,GLY>SER
M0425	pdb3e3t	exact	0	
M0425	pdb3e6p	substituted	4	HIS>GLY,ASP>LEU,SER>ASN,GLY>ARG
M0425	pdb3e8l	exact	0	
M0425	pdb3edx	exact	0	
M0425	pdb3ee0	exact	0	
M0425	pdb3egk	substituted	4	HIS>GLY,ASP>LEU,SER>ASN,GLY>ARG
M0425	pdb3ela	partial	NA	
M0425	pdb3ens	exact	0	
M0425	pdb3eq0	substituted	4	HIS>GLY,ASP>LEU,SER>ASN,GLY>ARG
M0425	pdb3est	exact	0	
M0425	pdb3f1s	partial	NA	
M0425	pdb3f68	substituted	4	HIS>GLY,ASP>LEU,SER>ASN,GLY>ARG
M0425	pdb3f6u	substituted	4	HIS>CYS,ASP>VAL,SER>CYS,GLY>GLU
M0425	pdb3ffg	exact	0	
M0425	pdb3fp6	substituted	1	ASP>ASN
M0425	pdb3fp7	substituted	2	ASP>ASN,SER>ALA
M0425	pdb3fp8	substituted	2	ASP>ASN,SER>ALA
M0425	pdb3fvf	substituted	4	HIS>VAL,ASP>PRO,SER>ASP,GLY>SER
M0425	pdb3fzz	exact	0	
M0425	pdb3g01	exact	0	
M0425	pdb3gch	partial	NA	
M0425	pdb3gct	partial	NA	
M0425	pdb3gic	exact	0	
M0425	pdb3gis	substituted	1	SER>ALA
M0425	pdb3gov	exact	0	
M0425	pdb3gy2	exact	0	
M0425	pdb3gy3	exact	0	
M0425	pdb3gy4	exact	0	
M0425	pdb3gy5	exact	0	
M0425	pdb3gy6	exact	0	
M0425	pdb3gy7	exact	0	
M0425	pdb3gy8	exact	0	
M0425	pdb3gyl	substituted	4	HIS>VAL,ASP>PRO,SER>ASP,GLY>SER
M0425	pdb3gym	exact	0	
M0425	pdb3h5c	partial	NA	
M0425	pdb3hat	substituted	4	HIS>GLY,ASP>LEU,SER>ASN,GLY>ARG
M0425	pdb3hgn	exact	0	
M0425	pdb3hgp	exact	0	
M0425	pdb3hk3	exact	0	
M0425	pdb3hk6	exact	0	
M0425	pdb3hki	exact	0	
M0425	pdb3hkj	exact	0	
M0425	pdb3hpt	exact	0	
M0425	pdb3hrz	exact	0	
M0425	pdb3hs0	exact	0	
M0425	pdb3htc	substituted	4	HIS>GLY,ASP>LEU,SER>ASN,GLY>ARG
M0425	pdb3i29	exact	0	
M0425	pdb3i77	exact	0	
M0425	pdb3i78	exact	0	
M0425	pdb3ig6	exact	0	
M0425	pdb3iit	exact	0	
M0425	pdb3iti	exact	0	
M0425	pdb3jz1	exact	0	
M0425	pdb3jz2	exact	0	
M0425	pdb3k2u	exact	0	
M0425	pdb3k65	substituted	1	SER>ALA
M0425	pdb3k9x	exact	0	
M0425	pdb3kcg	substituted	4	HIS>PHE,ASP>ILE,SER>HIS,GLY>GLU
M0425	pdb3kgp	exact	0	
M0425	pdb3khv	exact	0	
M0425	pdb3kid	partial	NA	
M0425	pdb3kl6	exact	0	
M0425	pdb3kqb	exact	0	
M0425	pdb3kqc	exact	0	
M0425	pdb3kqd	exact	0	
M0425	pdb3kqe	exact	0	
M0425	pdb3l33	substituted	1	SER>ALA
M0425	pdb3l3t	substituted	1	SER>ALA
M0425	pdb3lc3	exact	0	
M0425	pdb3lc5	exact	0	
M0425	pdb3ldx	substituted	4	HIS>GLY,ASP>LEU,SER>ASN,GLY>ARG
M0425	pdb3liw	exact	0	
M0425	pdb3ljj	exact	0	
M0425	pdb3ljo	exact	0	
M0425	pdb3lu9	substituted	1	SER>ALA
M0425	pdb3m35	exact	0	
M0425	pdb3m36	exact	0	
M0425	pdb3m37	exact	0	
M0425	pdb3m61	substituted	3	HIS>LEU,SER>PRO,GLY>LEU
M0425	pdb3m7q	exact	0	
M0425	pdb3mfj	exact	0	
M0425	pdb3mhw	substituted	3	HIS>LEU,SER>PRO,GLY>LEU
M0425	pdb3mi4	exact	0	
M0425	pdb3mnb	exact	0	
M0425	pdb3mnc	exact	0	
M0425	pdb3mns	exact	0	
M0425	pdb3mnx	exact	0	
M0425	pdb3mo3	exact	0	
M0425	pdb3mo6	exact	0	
M0425	pdb3mo9	exact	0	
M0425	pdb3moc	exact	0	
M0425	pdb3mty	exact	0	
M0425	pdb3mu0	exact	0	
M0425	pdb3mu1	exact	0	
M0425	pdb3mu4	exact	0	
M0425	pdb3mu5	exact	0	
M0425	pdb3mu8	exact	0	
M0425	pdb3mwi	substituted	3	HIS>LEU,SER>PRO,GLY>LEU
M0425	pdb3myw	exact	0	
M0425	pdb3n7o	exact	0	
M0425	pdb3ncl	exact	0	
M0425	pdb3nk8	exact	0	
M0425	pdb3nkk	exact	0	
M0425	pdb3nps	exact	0	
M0425	pdb3nxp	exact	0	
M0425	pdb3odd	exact	0	
M0425	pdb3odf	exact	0	
M0425	pdb3otj	substituted	1	ASP>SER
M0425	pdb3ox7	substituted	4	HIS>LEU,ASP>LEU,SER>PRO,GLY>LEU
M0425	pdb3oy5	substituted	4	HIS>LEU,ASP>THR,SER>PRO,GLY>LEU
M0425	pdb3oy6	substituted	3	HIS>LEU,SER>PRO,GLY>LEU
M0425	pdb3p17	substituted	4	HIS>GLY,ASP>LEU,SER>ASN,GLY>ARG
M0425	pdb3p6z	exact	0	
M0425	pdb3p70	exact	0	
M0425	pdb3p8f	exact	0	
M0425	pdb3p8g	exact	0	
M0425	pdb3p92	substituted	1	SER>ALA
M0425	pdb3p95	substituted	1	SER>ALA
M0425	pdb3pb1	substituted	3	HIS>LEU,SER>PRO,GLY>LEU
M0425	pdb3plb	exact	0	
M0425	pdb3plk	exact	0	
M0425	pdb3plp	exact	0	
M0425	pdb3pm3	exact	0	
M0425	pdb3pma	exact	0	
M0425	pdb3pmb	exact	0	
M0425	pdb3pmh	exact	0	
M0425	pdb3pmj	exact	0	
M0425	pdb3po1	partial	NA	
M0425	pdb3ptb	exact	0	
M0425	pdb3ptn	exact	0	
M0425	pdb3pwb	exact	0	
M0425	pdb3pwc	exact	0	
M0425	pdb3pyh	exact	0	
M0425	pdb3q00	exact	0	
M0425	pdb3q3k	exact	0	
M0425	pdb3q76	exact	0	
M0425	pdb3q77	exact	0	
M0425	pdb3qdz	substituted	1	ASP>ASN
M0425	pdb3qgn	exact	0	
M0425	pdb3qk1	exact	0	
M0425	pdb3qlp	substituted	4	HIS>GLY,ASP>LEU,SER>ASN,GLY>ARG
M0425	pdb3qn7	exact	0	
M0425	pdb3qto	substituted	4	HIS>GLY,ASP>LEU,SER>ASN,GLY>ARG
M0425	pdb3qtv	substituted	4	HIS>GLY,ASP>LEU,SER>ASN,GLY>ARG
M0425	pdb3qum	substituted	3	HIS>VAL,ASP>GLY,GLY>THR
M0425	pdb3qwc	substituted	4	HIS>GLY,ASP>LEU,SER>ASN,GLY>ARG
M0425	pdb3qx5	substituted	4	HIS>GLY,ASP>LEU,SER>ASN,GLY>ARG
M0425	pdb3r3g	exact	0	
M0425	pdb3rdz	exact	0	
M0425	pdb3rlw	substituted	4	HIS>GLY,ASP>LEU,SER>ASN,GLY>ARG
M0425	pdb3rly	substituted	4	HIS>GLY,ASP>LEU,SER>ASN,GLY>ARG
M0425	pdb3rm0	substituted	4	HIS>GLY,ASP>LEU,SER>ASN,GLY>ARG
M0425	pdb3rm2	substituted	4	HIS>GLY,ASP>LEU,SER>ASN,GLY>ARG
M0425	pdb3rml	substituted	4	HIS>GLY,ASP>LEU,SER>ASN,GLY>ARG
M0425	pdb3rmm	substituted	4	HIS>GLY,ASP>LEU,SER>ASN,GLY>ARG
M0425	pdb3rmn	substituted	4	HIS>GLY,ASP>LEU,SER>ASN,GLY>ARG
M0425	pdb3rmo	substituted	4	HIS>GLY,ASP>LEU,SER>ASN,GLY>ARG
M0425	pdb3rp2	exact	0	
M0425	pdb3ru4	substituted	2	HIS>CYS,ASP>LYS
M0425	pdb3rxa	exact	0	
M0425	pdb3rxb	exact	0	
M0425	pdb3rxc	exact	0	
M0425	pdb3rxd	exact	0	
M0425	pdb3rxe	exact	0	
M0425	pdb3rxf	exact	0	
M0425	pdb3rxg	exact	0	
M0425	pdb3rxh	exact	0	
M0425	pdb3rxi	exact	0	
M0425	pdb3rxj	exact	0	
M0425	pdb3rxk	exact	0	
M0425	pdb3rxl	exact	0	
M0425	pdb3rxm	exact	0	
M0425	pdb3rxo	exact	0	
M0425	pdb3rxp	exact	0	
M0425	pdb3rxq	exact	0	
M0425	pdb3rxr	exact	0	
M0425	pdb3rxs	exact	0	
M0425	pdb3rxt	exact	0	
M0425	pdb3rxu	exact	0	
M0425	pdb3rxv	exact	0	
M0425	pdb3s0n	exact	0	
M0425	pdb3s69	exact	0	
M0425	pdb3s7h	exact	0	
M0425	pdb3s7k	exact	0	
M0425	pdb3s9a	exact	0	
M0425	pdb3s9b	exact	0	
M0425	pdb3s9c	exact	0	
M0425	pdb3sbk	exact	0	
M0425	pdb3sha	substituted	4	HIS>GLY,ASP>LEU,SER>ASN,GLY>ARG
M0425	pdb3shc	substituted	4	HIS>GLY,ASP>LEU,SER>ASN,GLY>ARG
M0425	pdb3si3	substituted	4	HIS>GLY,ASP>LEU,SER>ASN,GLY>ARG
M0425	pdb3si4	substituted	4	HIS>GLY,ASP>LEU,SER>ASN,GLY>ARG
M0425	pdb3so3	exact	0	
M0425	pdb3sor	exact	0	
M0425	pdb3sos	exact	0	
M0425	pdb3sqe	substituted	4	HIS>THR,ASP>LEU,SER>LYS,GLY>TRP
M0425	pdb3sqh	substituted	4	HIS>THR,ASP>LEU,SER>LYS,GLY>TRP
M0425	pdb3sv2	substituted	4	HIS>GLY,ASP>LEU,SER>ASN,GLY>ARG
M0425	pdb3sw2	exact	0	
M0425	pdb3t25	exact	0	
M0425	pdb3t26	exact	0	
M0425	pdb3t27	exact	0	
M0425	pdb3t28	exact	0	
M0425	pdb3t29	exact	0	
M0425	pdb3t2n	exact	0	
M0425	pdb3t5f	substituted	4	HIS>GLY,ASP>LEU,SER>ASN,GLY>ARG
M0425	pdb3t62	exact	0	
M0425	pdb3tgi	substituted	1	ASP>ASN
M0425	pdb3tgj	substituted	3	HIS>GLN,ASP>PHE,SER>ALA
M0425	pdb3tgk	substituted	2	HIS>ASN,ASP>PRO
M0425	pdb3th2	substituted	3	HIS>LEU,ASP>ILE,SER>LYS
M0425	pdb3th3	substituted	3	HIS>LEU,ASP>ILE,SER>LYS
M0425	pdb3th4	substituted	3	HIS>LEU,ASP>ILE,SER>LYS
M0425	pdb3tju	substituted	1	ASP>ASN
M0425	pdb3tjv	substituted	1	ASP>ASN
M0425	pdb3tk5	exact	0	
M0425	pdb3tk6	exact	0	
M0425	pdb3tk9	substituted	1	ASP>ASN
M0425	pdb3tpi	substituted	2	HIS>LEU,ASP>VAL
M0425	pdb3tu7	substituted	4	HIS>GLY,ASP>LEU,SER>ASN,GLY>ARG
M0425	pdb3tvj	exact	0	
M0425	pdb3u69	partial	NA	
M0425	pdb3u8o	partial	NA	
M0425	pdb3u8r	partial	NA	
M0425	pdb3u8t	partial	NA	
M0425	pdb3u98	substituted	4	HIS>GLY,ASP>LEU,SER>ASN,GLY>ARG
M0425	pdb3u9a	substituted	4	HIS>GLY,ASP>LEU,SER>ASN,GLY>ARG
M0425	pdb3uir	exact	0	
M0425	pdb3unq	exact	0	
M0425	pdb3unr	partial	NA	
M0425	pdb3uns	exact	0	
M0425	pdb3uop	exact	0	
M0425	pdb3uou	exact	0	
M0425	pdb3upe	exact	0	
M0425	pdb3uqo	exact	0	
M0425	pdb3uqv	exact	0	
M0425	pdb3utu	substituted	4	HIS>GLY,ASP>LEU,SER>ASN,GLY>ARG
M0425	pdb3uuz	exact	0	
M0425	pdb3uwi	exact	0	
M0425	pdb3uwj	substituted	4	HIS>GLY,ASP>LEU,SER>ASN,GLY>ARG
M0425	pdb3uy9	exact	0	
M0425	pdb3v0x	exact	0	
M0425	pdb3v12	exact	0	
M0425	pdb3v13	exact	0	
M0425	pdb3v7t	exact	0	
M0425	pdb3veq	partial	NA	
M0425	pdb3vfe	exact	0	
M0425	pdb3vgc	partial	NA	
M0425	pdb3vpk	exact	0	
M0425	pdb3vxe	substituted	4	HIS>GLY,ASP>LEU,SER>ASN,GLY>ARG
M0425	pdb3vxf	substituted	4	HIS>GLY,ASP>LEU,SER>ASN,GLY>ARG
M0425	pdb3w94	exact	0	
M0425	pdb4a5t	exact	0	
M0425	pdb4a6l	exact	0	
M0425	pdb4a7i	exact	0	
M0425	pdb4ab8	exact	0	
M0425	pdb4ab9	exact	0	
M0425	pdb4aba	exact	0	
M0425	pdb4abb	exact	0	
M0425	pdb4abd	exact	0	
M0425	pdb4abe	exact	0	
M0425	pdb4abf	exact	0	
M0425	pdb4abg	exact	0	
M0425	pdb4abh	exact	0	
M0425	pdb4abi	exact	0	
M0425	pdb4abj	exact	0	
M0425	pdb4afq	exact	0	
M0425	pdb4afs	exact	0	
M0425	pdb4afu	exact	0	
M0425	pdb4afz	exact	0	
M0425	pdb4ag1	exact	0	
M0425	pdb4ag2	exact	0	
M0425	pdb4an7	exact	0	
M0425	pdb4aoq	exact	0	
M0425	pdb4aor	exact	0	
M0425	pdb4ax9	substituted	4	HIS>GLY,ASP>LEU,SER>ASN,GLY>ARG
M0425	pdb4ayv	exact	0	
M0425	pdb4ayy	exact	0	
M0425	pdb4az2	exact	0	
M0425	pdb4b1t	substituted	1	SER>ALA
M0425	pdb4b2a	substituted	1	SER>ALA
M0425	pdb4b2b	substituted	1	SER>ALA
M0425	pdb4b2c	substituted	1	SER>ALA
M0425	pdb4bah	exact	0	
M0425	pdb4bak	exact	0	
M0425	pdb4bam	exact	0	
M0425	pdb4ban	exact	0	
M0425	pdb4bao	exact	0	
M0425	pdb4baq	exact	0	
M0425	pdb4bnr	exact	0	
M0425	pdb4boh	exact	0	
M0425	pdb4bti	exact	0	
M0425	pdb4btt	exact	0	
M0425	pdb4btu	exact	0	
M0425	pdb4bxs	exact	0	
M0425	pdb4bxw	exact	0	
M0425	pdb4cbn	exact	0	
M0425	pdb4cbo	exact	0	
M0425	pdb4ch2	exact	0	
M0425	pdb4ch8	exact	0	
M0425	pdb4cha	partial	NA	
M0425	pdb4cr5	exact	0	
M0425	pdb4cr9	exact	0	
M0425	pdb4cra	exact	0	
M0425	pdb4crb	exact	0	
M0425	pdb4crc	exact	0	
M0425	pdb4crd	exact	0	
M0425	pdb4cre	exact	0	
M0425	pdb4crf	exact	0	
M0425	pdb4crg	exact	0	
M0425	pdb4d76	exact	0	
M0425	pdb4d7f	exact	0	
M0425	pdb4d7g	exact	0	
M0425	pdb4d8n	exact	0	
M0425	pdb4d9q	exact	0	
M0425	pdb4d9r	exact	0	
M0425	pdb4dg4	substituted	1	SER>ALA
M0425	pdb4dgj	exact	0	
M0425	pdb4dih	substituted	4	HIS>GLY,ASP>LEU,SER>ASN,GLY>ARG
M0425	pdb4dii	substituted	4	HIS>GLY,ASP>LEU,SER>ASN,GLY>ARG
M0425	pdb4djz	exact	0	
M0425	pdb4doq	exact	0	
M0425	pdb4dt7	substituted	1	SER>ALA
M0425	pdb4dur	exact	0	
M0425	pdb4duu	exact	0	
M0425	pdb4dva	substituted	3	HIS>LEU,SER>PRO,GLY>LEU
M0425	pdb4dw2	substituted	3	HIS>LEU,SER>PRO,GLY>LEU
M0425	pdb4dy7	substituted	1	SER>ALA
M0425	pdb4e05	partial	NA	
M0425	pdb4e06	partial	NA	
M0425	pdb4e7n	substituted	4	HIS>GLY,ASP>LYS,SER>GLY,GLY>ILE
M0425	pdb4e7r	substituted	4	HIS>GLY,ASP>LEU,SER>ASN,GLY>ARG
M0425	pdb4est	substituted	4	HIS>THR,ASP>TYR,SER>VAL,GLY>SER
M0425	pdb4f4o	substituted	2	HIS>LYS,SER>ALA
M0425	pdb4fu7	exact	0	
M0425	pdb4fu8	exact	0	
M0425	pdb4fu9	exact	0	
M0425	pdb4fub	exact	0	
M0425	pdb4fuc	exact	0	
M0425	pdb4fud	exact	0	
M0425	pdb4fue	exact	0	
M0425	pdb4fuf	exact	0	
M0425	pdb4fug	exact	0	
M0425	pdb4fuh	exact	0	
M0425	pdb4fui	exact	0	
M0425	pdb4fuj	exact	0	
M0425	pdb4fxg	partial	NA	
M0425	pdb4gaw	exact	0	
M0425	pdb4gch	partial	NA	
M0425	pdb4gly	exact	0	
M0425	pdb4gso	exact	0	
M0425	pdb4gux	exact	0	
M0425	pdb4gvu	exact	0	
M0425	pdb4h42	substituted	3	HIS>LEU,SER>PRO,GLY>LEU
M0425	pdb4h4f	exact	0	
M0425	pdb4h6s	substituted	1	SER>ALA
M0425	pdb4h6t	substituted	1	SER>ALA
M0425	pdb4hfp	substituted	1	SER>ALA
M0425	pdb4hgc	exact	0	
M0425	pdb4htc	substituted	4	HIS>GLY,ASP>LEU,SER>ASN,GLY>ARG
M0425	pdb4hzh	substituted	1	SER>ALA
M0425	pdb4i7y	substituted	4	HIS>GLY,ASP>LEU,SER>ASN,GLY>ARG
M0425	pdb4i8g	exact	0	
M0425	pdb4i8h	exact	0	
M0425	pdb4i8j	exact	0	
M0425	pdb4i8k	exact	0	
M0425	pdb4i8l	exact	0	
M0425	pdb4ibl	substituted	3	HIS>LEU,ASP>ILE,SER>LYS
M0425	pdb4igd	exact	0	
M0425	pdb4is5	substituted	1	SER>ALA
M0425	pdb4ish	substituted	3	HIS>LEU,ASP>ILE,SER>LYS
M0425	pdb4isi	substituted	3	HIS>LEU,ASP>ILE,SER>LYS
M0425	pdb4isl	partial	NA	
M0425	pdb4isn	partial	NA	
M0425	pdb4iso	exact	0	
M0425	pdb4iw4	partial	NA	
M0425	pdb4j1y	exact	0	
M0425	pdb4j2y	exact	0	
M0425	pdb4jk5	exact	0	
M0425	pdb4jk6	exact	0	
M0425	pdb4jni	partial	NA	
M0425	pdb4jnl	partial	NA	
M0425	pdb4jyt	exact	0	
M0425	pdb4jyu	substituted	3	HIS>LEU,ASP>ILE,SER>LYS
M0425	pdb4jyv	substituted	3	HIS>LEU,ASP>ILE,SER>LYS
M0425	pdb4jz1	exact	0	
M0425	pdb4jzd	substituted	3	HIS>LEU,ASP>ILE,SER>LYS
M0425	pdb4jze	substituted	3	HIS>LEU,ASP>ILE,SER>LYS
M0425	pdb4jzf	substituted	3	HIS>LEU,ASP>ILE,SER>LYS
M0425	pdb4jzi	exact	0	
M0425	pdb4k1e	exact	0	
M0425	pdb4k2y	exact	0	
M0425	pdb4k3j	substituted	2	HIS>GLN,SER>TYR
M0425	pdb4k5z	exact	0	
M0425	pdb4k60	exact	0	
M0425	pdb4k69	exact	0	
M0425	pdb4k8y	exact	0	
M0425	pdb4kel	exact	0	
M0425	pdb4kga	exact	0	
M0425	pdb4kkd	exact	0	
M0425	pdb4kp0	exact	0	
M0425	pdb4kts	exact	0	
M0425	pdb4ktu	exact	0	
M0425	pdb4lk4	substituted	1	SER>ALA
M0425	pdb4loy	substituted	4	HIS>GLY,ASP>LEU,SER>ASN,GLY>ARG
M0425	pdb4lxb	substituted	4	HIS>GLY,ASP>LEU,SER>ASN,GLY>ARG
M0425	pdb4lz1	substituted	4	HIS>GLY,ASP>LEU,SER>ASN,GLY>ARG
M0425	pdb4lz4	exact	0	
M0425	pdb4m7g	exact	0	
M0425	pdb4mlf	substituted	1	ASP>ASN
M0425	pdb4mnv	exact	0	
M0425	pdb4mnw	exact	0	
M0425	pdb4mnx	exact	0	
M0425	pdb4mny	exact	0	
M0425	pdb4mpu	exact	0	
M0425	pdb4mpv	exact	0	
M0425	pdb4mpw	exact	0	
M0425	pdb4mpx	exact	0	
M0425	pdb4mqa	exact	0	
M0425	pdb4mtb	exact	0	
M0425	pdb4n3l	partial	NA	
M0425	pdb4na7	exact	0	
M0425	pdb4na8	exact	0	
M0425	pdb4na9	substituted	3	HIS>LEU,ASP>ILE,SER>LYS
M0425	pdb4ncy	exact	0	
M0425	pdb4nfe	exact	0	
M0425	pdb4nff	exact	0	
M0425	pdb4ng9	substituted	3	HIS>LEU,ASP>ILE,SER>LYS
M0425	pdb4nga	substituted	3	HIS>LEU,ASP>ILE,SER>LYS
M0425	pdb4niv	exact	0	
M0425	pdb4niw	exact	0	
M0425	pdb4nix	exact	0	
M0425	pdb4niy	exact	0	
M0425	pdb4nze	partial	NA	
M0425	pdb4nzl	exact	0	
M0425	pdb4nzq	exact	0	
M0425	pdb4o03	exact	0	
M0425	pdb4o3t	substituted	2	HIS>GLN,SER>TYR
M0425	pdb4o3u	substituted	2	HIS>GLN,SER>TYR
M0425	pdb4o97	exact	0	
M0425	pdb4o9v	exact	0	
M0425	pdb4ogx	exact	0	
M0425	pdb4ogy	exact	0	
M0425	pdb4os1	exact	0	
M0425	pdb4os2	exact	0	
M0425	pdb4os4	exact	0	
M0425	pdb4os5	exact	0	
M0425	pdb4os6	exact	0	
M0425	pdb4os7	exact	0	
M0425	pdb4q2k	exact	0	
M0425	pdb4q7x	exact	0	
M0425	pdb4q7y	exact	0	
M0425	pdb4q7z	exact	0	
M0425	pdb4q80	exact	0	
M0425	pdb4qt8	substituted	3	HIS>GLN,ASP>GLN,SER>TYR
M0425	pdb4r0i	exact	0	
M0425	pdb4rkj	substituted	1	SER>THR
M0425	pdb4rko	substituted	4	HIS>GLY,ASP>LEU,SER>ASN,GLY>ARG
M0425	pdb4rn6	substituted	1	SER>ALA
M0425	pdb4thn	substituted	4	HIS>GLY,ASP>LEU,SER>ASN,GLY>ARG
M0425	pdb4tpi	substituted	2	HIS>LEU,ASP>VAL
M0425	pdb4tpy	exact	0	
M0425	pdb4ty6	exact	0	
M0425	pdb4ty7	exact	0	
M0425	pdb4u2w	substituted	2	HIS>SER,ASP>ASN
M0425	pdb4u30	substituted	1	SER>ALA
M0425	pdb4u32	substituted	2	ASP>ASN,SER>ALA
M0425	pdb4ud9	substituted	4	HIS>GLY,ASP>LEU,SER>ASN,GLY>ARG
M0425	pdb4udw	substituted	4	HIS>GLY,ASP>LEU,SER>ASN,GLY>ARG
M0425	pdb4ue7	substituted	4	HIS>GLY,ASP>LEU,SER>ASN,GLY>ARG
M0425	pdb4ueh	substituted	4	HIS>GLY,ASP>LEU,SER>ASN,GLY>ARG
M0425	pdb4ufd	substituted	4	HIS>GLY,ASP>LEU,SER>ASN,GLY>ARG
M0425	pdb4ufe	substituted	4	HIS>GLY,ASP>LEU,SER>ASN,GLY>ARG
M0425	pdb4uff	substituted	4	HIS>GLY,ASP>LEU,SER>ASN,GLY>ARG
M0425	pdb4ufg	substituted	4	HIS>GLY,ASP>LEU,SER>ASN,GLY>ARG
M0425	pdb4vgc	partial	NA	
M0425	pdb4wjg	substituted	2	HIS>LYS,SER>ALA
M0425	pdb4wvp	substituted	2	HIS>PHE,ASP>ILE
M0425	pdb4wwy	exact	0	
M0425	pdb4wxi	exact	0	
M0425	pdb4wxv	substituted	1	SER>ALA
M0425	pdb4x0l	substituted	2	HIS>LYS,SER>ALA
M0425	pdb4x0w	substituted	3	HIS>LEU,SER>PRO,GLY>LEU
M0425	pdb4x1n	substituted	3	HIS>LEU,SER>PRO,GLY>LEU
M0425	pdb4x1p	substituted	3	HIS>LEU,SER>PRO,GLY>LEU
M0425	pdb4x1q	substituted	3	HIS>LEU,SER>PRO,GLY>LEU
M0425	pdb4x1r	substituted	3	HIS>LEU,SER>PRO,GLY>LEU
M0425	pdb4x1s	substituted	3	HIS>LEU,SER>PRO,GLY>LEU
M0425	pdb4x6m	exact	0	
M0425	pdb4x6n	exact	0	
M0425	pdb4x6o	exact	0	
M0425	pdb4x6p	exact	0	
M0425	pdb4x8s	substituted	3	HIS>LEU,ASP>ILE,SER>LYS
M0425	pdb4x8t	substituted	3	HIS>LEU,ASP>ILE,SER>LYS
M0425	pdb4x8u	substituted	3	HIS>LEU,ASP>ILE,SER>LYS
M0425	pdb4x8v	substituted	3	HIS>LEU,ASP>ILE,SER>LYS
M0425	pdb4xde	exact	0	
M0425	pdb4xe4	exact	0	
M0425	pdb4xoj	exact	0	
M0425	pdb4xsk	substituted	3	HIS>LEU,SER>PRO,GLY>LEU
M0425	pdb4y0y	substituted	1	ASP>SER
M0425	pdb4y0z	substituted	1	ASP>SER
M0425	pdb4y10	substituted	1	ASP>SER
M0425	pdb4y11	substituted	1	ASP>SER
M0425	pdb4y6d	exact	0	
M0425	pdb4y71	exact	0	
M0425	pdb4y76	exact	0	
M0425	pdb4y79	exact	0	
M0425	pdb4y7a	exact	0	
M0425	pdb4y7b	exact	0	
M0425	pdb4y8x	exact	0	
M0425	pdb4y8y	exact	0	
M0425	pdb4y8z	exact	0	
M0425	pdb4yes	exact	0	
M0425	pdb4ylq	substituted	4	HIS>CYS,ASP>ILE,SER>GLY,GLY>LYS
M0425	pdb4ym9	exact	0	
M0425	pdb4yt6	substituted	3	HIS>LEU,ASP>ILE,SER>LYS
M0425	pdb4yt7	substituted	3	HIS>LEU,ASP>ILE,SER>LYS
M0425	pdb4yta	exact	0	
M0425	pdb4yzu	exact	0	
M0425	pdb4z0k	exact	0	
M0425	pdb4z6a	substituted	4	HIS>CYS,ASP>ILE,SER>GLY,GLY>LYS
M0425	pdb4zae	exact	0	
M0425	pdb4zh8	exact	0	
M0425	pdb4zha	exact	0	
M0425	pdb4zhl	substituted	3	HIS>LEU,SER>PRO,GLY>LEU
M0425	pdb4zhm	substituted	3	HIS>LEU,SER>PRO,GLY>LEU
M0425	pdb4zkn	substituted	3	HIS>LEU,SER>PRO,GLY>LEU
M0425	pdb4zko	substituted	3	HIS>LEU,SER>PRO,GLY>LEU
M0425	pdb4zkr	substituted	3	HIS>LEU,SER>PRO,GLY>LEU
M0425	pdb4zks	substituted	3	HIS>LEU,SER>PRO,GLY>LEU
M0425	pdb4zma	substituted	4	HIS>CYS,ASP>ILE,SER>GLY,GLY>LYS
M0425	pdb4zxx	substituted	3	HIS>LEU,ASP>ILE,SER>LYS
M0425	pdb4zxy	substituted	3	HIS>LEU,ASP>ILE,SER>LYS
M0425	pdb5a09	exact	0	
M0425	pdb5a0a	substituted	2	HIS>PHE,ASP>ILE
M0425	pdb5a0b	exact	0	
M0425	pdb5a0c	exact	0	
M0425	pdb5a2m	substituted	4	HIS>GLY,ASP>LEU,SER>ASN,GLY>ARG
M0425	pdb5a8x	exact	0	
M0425	pdb5a8y	exact	0	
M0425	pdb5a8z	exact	0	
M0425	pdb5abw	exact	0	
M0425	pdb5af9	substituted	4	HIS>GLY,ASP>LEU,SER>ASN,GLY>ARG
M0425	pdb5afy	substituted	4	HIS>GLY,ASP>LEU,SER>ASN,GLY>ARG
M0425	pdb5afz	substituted	4	HIS>GLY,ASP>LEU,SER>ASN,GLY>ARG
M0425	pdb5ahg	substituted	4	HIS>GLY,ASP>LEU,SER>ASN,GLY>ARG
M0425	pdb5avd	exact	0	
M0425	pdb5brr	substituted	3	HIS>ILE,SER>ASN,GLY>ASP
M0425	pdb5c67	substituted	1	SER>ALA
M0425	pdb5ce1	exact	0	
M0425	pdb5cha	partial	NA	
M0425	pdb5cmx	substituted	4	HIS>GLY,ASP>LEU,SER>ASN,GLY>ARG
M0425	pdb5dj7	exact	0	
M0425	pdb5dk1	exact	0	
M0425	pdb5dkm	exact	0	
M0425	pdb5do4	exact	0	
M0425	pdb5e2o	exact	0	
M0425	pdb5e2p	exact	0	
M0425	pdb5e8e	partial	NA	
M0425	pdb5edk	exact	0	
M0425	pdb5edm	exact	0	
M0425	pdb5eg4	exact	0	
M0425	pdb5egm	exact	0	
M0425	pdb5eod	exact	0	
M0425	pdb5eok	exact	0	
M0425	pdb5est	substituted	4	HIS>THR,ASP>TYR,SER>VAL,GLY>SER
M0425	pdb5ew1	substituted	4	HIS>GLY,ASP>LEU,SER>ASN,GLY>ARG
M0425	pdb5ew2	substituted	4	HIS>GLY,ASP>LEU,SER>ASN,GLY>ARG
M0425	pdb5exl	exact	0	
M0425	pdb5exm	exact	0	
M0425	pdb5exn	exact	0	
M0425	pdb5f03	exact	0	
M0425	pdb5f6m	exact	0	
M0425	pdb5f8t	exact	0	
M0425	pdb5f8x	exact	0	
M0425	pdb5f8z	exact	0	
M0425	pdb5fah	exact	0	
M0425	pdb5fbe	exact	0	
M0425	pdb5fbi	exact	0	
M0425	pdb5fck	exact	0	
M0425	pdb5fcr	exact	0	
M0425	pdb5fxl	exact	0	
M0425	pdb5gch	partial	NA	
M0425	pdb5gds	substituted	4	HIS>GLY,ASP>LEU,SER>ASN,GLY>ARG
M0425	pdb5gib	exact	0	
M0425	pdb5gim	exact	0	
M0425	pdb5gvt	exact	0	
M0425	pdb5gxp	exact	0	
M0425	pdb5hgg	exact	0	
M0425	pdb5hu6	substituted	2	HIS>LYS,SER>ALA
M0425	pdb5i25	exact	0	
M0425	pdb5i46	substituted	3	HIS>LEU,ASP>ILE,SER>LYS
M0425	pdb5j4q	exact	0	
M0425	pdb5j4s	exact	0	
M0425	pdb5jb8	substituted	4	HIS>PHE,ASP>ILE,SER>HIS,GLY>GLU
M0425	pdb5jb9	substituted	4	HIS>PHE,ASP>ILE,SER>HIS,GLY>GLU
M0425	pdb5jba	substituted	4	HIS>PHE,ASP>ILE,SER>HIS,GLY>GLU
M0425	pdb5jbb	substituted	4	HIS>PHE,ASP>ILE,SER>HIS,GLY>GLU
M0425	pdb5jbc	substituted	4	HIS>PHE,ASP>ILE,SER>HIS,GLY>GLU
M0425	pdb5jbt	substituted	1	SER>ALA
M0425	pdb5jdu	exact	0	
M0425	pdb5jfd	substituted	4	HIS>GLY,ASP>LEU,SER>ASN,GLY>ARG
M0425	pdb5jpm	substituted	1	SER>ALA
M0425	pdb5jyi	exact	0	
M0425	pdb5jzy	substituted	4	HIS>GLY,ASP>LEU,SER>ASN,GLY>ARG
M0425	pdb5k0h	exact	0	
M0425	pdb5k7r	exact	0	
M0425	pdb5kwm	exact	0	
M0425	pdb5l2y	substituted	3	HIS>LEU,ASP>ILE,SER>LYS
M0425	pdb5l2z	substituted	3	HIS>LEU,ASP>ILE,SER>LYS
M0425	pdb5l30	substituted	3	HIS>LEU,ASP>ILE,SER>LYS
M0425	pdb5l6n	partial	NA	
M0425	pdb5lce	substituted	4	HIS>GLY,ASP>LEU,SER>ASN,GLY>ARG
M0425	pdb5lgo	exact	0	
M0425	pdb5lh4	exact	0	
M0425	pdb5lh8	exact	0	
M0425	pdb5lhn	exact	0	
M0425	pdb5lhp	exact	0	
M0425	pdb5lhq	exact	0	
M0425	pdb5lhr	exact	0	
M0425	pdb5lhs	exact	0	
M0425	pdb5lpd	substituted	4	HIS>GLY,ASP>LEU,SER>ASN,GLY>ARG
M0425	pdb5lpe	exact	0	
M0425	pdb5lpf	exact	0	
M0425	pdb5luw	partial	NA	
M0425	pdb5luy	partial	NA	
M0425	pdb5lyo	substituted	1	SER>ALA
M0425	pdb5m6w	partial	NA	
M0425	pdb5mn1	exact	0	
M0425	pdb5mna	exact	0	
M0425	pdb5mnb	exact	0	
M0425	pdb5mnc	exact	0	
M0425	pdb5mne	exact	0	
M0425	pdb5mnf	exact	0	
M0425	pdb5mng	exact	0	
M0425	pdb5mnh	exact	0	
M0425	pdb5mnk	exact	0	
M0425	pdb5mnl	exact	0	
M0425	pdb5mnm	exact	0	
M0425	pdb5mnn	exact	0	
M0425	pdb5mno	exact	0	
M0425	pdb5mnp	exact	0	
M0425	pdb5mnq	exact	0	
M0425	pdb5mnx	exact	0	
M0425	pdb5mny	exact	0	
M0425	pdb5mnz	exact	0	
M0425	pdb5mo0	exact	0	
M0425	pdb5mo1	exact	0	
M0425	pdb5mo2	exact	0	
M0425	pdb5mon	exact	0	
M0425	pdb5moo	exact	0	
M0425	pdb5mop	exact	0	
M0425	pdb5moq	exact	0	
M0425	pdb5mor	exact	0	
M0425	pdb5mos	exact	0	
M0425	pdb5mt0	exact	0	
M0425	pdb5mt4	exact	0	
M0425	pdb5nar	exact	0	
M0425	pdb5nat	exact	0	
M0425	pdb5naw	exact	0	
M0425	pdb5nb6	exact	0	
M0425	pdb5nb7	exact	0	
M0425	pdb5nba	exact	0	
M0425	pdb5nhu	partial	NA	
M0425	pdb5nx1	exact	0	
M0425	pdb5nx3	exact	0	
M0425	pdb5o32	exact	0	
M0425	pdb5pa8	partial	NA	
M0425	pdb5pa9	partial	NA	
M0425	pdb5paa	partial	NA	
M0425	pdb5pab	exact	0	
M0425	pdb5pac	exact	0	
M0425	pdb5pae	exact	0	
M0425	pdb5paf	exact	0	
M0425	pdb5pag	exact	0	
M0425	pdb5pai	exact	0	
M0425	pdb5paj	exact	0	
M0425	pdb5pak	partial	NA	
M0425	pdb5pam	exact	0	
M0425	pdb5pan	exact	0	
M0425	pdb5pao	partial	NA	
M0425	pdb5paq	exact	0	
M0425	pdb5par	partial	NA	
M0425	pdb5pas	partial	NA	
M0425	pdb5pat	exact	0	
M0425	pdb5pau	partial	NA	
M0425	pdb5pav	partial	NA	
M0425	pdb5paw	exact	0	
M0425	pdb5pax	partial	NA	
M0425	pdb5pay	partial	NA	
M0425	pdb5pb0	exact	0	
M0425	pdb5pb1	partial	NA	
M0425	pdb5pb2	partial	NA	
M0425	pdb5pb3	partial	NA	
M0425	pdb5pb4	partial	NA	
M0425	pdb5pb5	exact	0	
M0425	pdb5pb6	partial	NA	
M0425	pdb5ptp	substituted	1	SER>MIS
M0425	pdb5q0d	exact	0	
M0425	pdb5q0e	exact	0	
M0425	pdb5q0f	exact	0	
M0425	pdb5q0g	exact	0	
M0425	pdb5q0h	exact	0	
M0425	pdb5qck	exact	0	
M0425	pdb5qcl	exact	0	
M0425	pdb5qcm	exact	0	
M0425	pdb5qcn	exact	0	
M0425	pdb5qqo	exact	0	
M0425	pdb5qqp	exact	0	
M0425	pdb5qtt	exact	0	
M0425	pdb5qtu	exact	0	
M0425	pdb5qtv	exact	0	
M0425	pdb5qtw	exact	0	
M0425	pdb5qtx	exact	0	
M0425	pdb5qty	exact	0	
M0425	pdb5t3h	exact	0	
M0425	pdb5tca	exact	0	
M0425	pdb5tcc	exact	0	
M0425	pdb5tjx	exact	0	
M0425	pdb5tks	exact	0	
M0425	pdb5tkt	exact	0	
M0425	pdb5tku	exact	0	
M0425	pdb5tno	exact	0	
M0425	pdb5tnt	exact	0	
M0425	pdb5to3	exact	0	
M0425	pdb5tp0	exact	0	
M0425	pdb5tqe	substituted	3	HIS>LEU,ASP>ILE,SER>LYS
M0425	pdb5tqf	substituted	3	HIS>LEU,ASP>ILE,SER>LYS
M0425	pdb5tqg	substituted	3	HIS>LEU,ASP>ILE,SER>LYS
M0425	pdb5tz9	partial	NA	
M0425	pdb5u6j	substituted	3	HIS>LEU,ASP>ILE,SER>LYS
M0425	pdb5ubm	exact	0	
M0425	pdb5ugd	exact	0	
M0425	pdb5ugg	exact	0	
M0425	pdb5wb6	exact	0	
M0425	pdb5wxf	exact	0	
M0425	pdb5wxo	exact	0	
M0425	pdb5wxp	exact	0	
M0425	pdb5wxq	exact	0	
M0425	pdb5wxr	exact	0	
M0425	pdb5wxs	exact	0	
M0425	pdb5wxt	substituted	1	SER>ALA
M0425	pdb5xg4	substituted	3	HIS>LEU,SER>PRO,GLY>LEU
M0425	pdb5xw1	partial	NA	
M0425	pdb5xw8	partial	NA	
M0425	pdb5xw9	partial	NA	
M0425	pdb5xwa	partial	NA	
M0425	pdb5xwj	exact	0	
M0425	pdb5xwl	exact	0	
M0425	pdb5y9l	exact	0	
M0425	pdb5yc6	exact	0	
M0425	pdb5yc7	exact	0	
M0425	pdb5yjk	exact	0	
M0425	pdb5z1c	exact	0	
M0425	pdb5za7	exact	0	
M0425	pdb5za8	exact	0	
M0425	pdb5za9	exact	0	
M0425	pdb5zae	exact	0	
M0425	pdb5zaf	exact	0	
M0425	pdb5zag	exact	0	
M0425	pdb5zah	exact	0	
M0425	pdb5zaj	exact	0	
M0425	pdb5zc5	exact	0	
M0425	pdb6a8g	exact	0	
M0425	pdb6a8n	exact	0	
M0425	pdb6ag2	exact	0	
M0425	pdb6ag3	exact	0	
M0425	pdb6ag7	exact	0	
M0425	pdb6ag9	exact	0	
M0425	pdb6avl	exact	0	
M0425	pdb6b6n	exact	0	
M0425	pdb6b6o	exact	0	
M0425	pdb6b6p	exact	0	
M0425	pdb6b6q	exact	0	
M0425	pdb6b6r	exact	0	
M0425	pdb6b6s	exact	0	
M0425	pdb6b6t	exact	0	
M0425	pdb6bfp	exact	0	
M0425	pdb6bvh	exact	0	
M0425	pdb6bx8	substituted	1	SER>ALA
M0425	pdb6c0s	exact	0	
M0425	pdb6cha	partial	NA	
M0425	pdb6cym	exact	0	
M0425	pdb6d3y	exact	0	
M0425	pdb6di8	partial	NA	
M0425	pdb6dwf	exact	0	
M0425	pdb6dwh	exact	0	
M0425	pdb6dwu	partial	NA	
M0425	pdb6dzf	exact	0	
M0425	pdb6e5m	exact	0	
M0425	pdb6e69	exact	0	
M0425	pdb6eat	exact	0	
M0425	pdb6eau	exact	0	
M0425	pdb6eav	exact	0	
M0425	pdb6eaw	exact	0	
M0425	pdb6eax	exact	0	
M0425	pdb6eo6	partial	NA	
M0425	pdb6eo7	partial	NA	
M0425	pdb6eo8	substituted	4	HIS>GLY,ASP>LEU,SER>ASN,GLY>ARG
M0425	pdb6eo9	substituted	4	HIS>GLY,ASP>LEU,SER>ASN,GLY>ARG
M0425	pdb6est	exact	0	
M0425	pdb6evv	exact	0	
M0425	pdb6f5m	exact	0	
M0425	pdb6fid	exact	0	
M0425	pdb6fty	exact	0	
M0425	pdb6ftz	exact	0	
M0425	pdb6fug	exact	0	
M0425	pdb6fuh	exact	0	
M0425	pdb6fui	exact	0	
M0425	pdb6fuj	exact	0	
M0425	pdb6fut	exact	0	
M0425	pdb6gbw	exact	0	
M0425	pdb6gch	partial	NA	
M0425	pdb6gfi	substituted	1	SER>ALA
M0425	pdb6gn7	exact	0	
M0425	pdb6gwe	exact	0	
M0425	pdb6har	substituted	1	SER>ALA
M0425	pdb6hhc	exact	0	
M0425	pdb6hsx	exact	0	
M0425	pdb6i51	exact	0	
M0425	pdb6i58	exact	0	
M0425	pdb6m3b	exact	0	
M0425	pdb6m3c	exact	0	
M0425	pdb6mv4	exact	0	
M0425	pdb6n4t	exact	0	
M0425	pdb6o1s	exact	0	
M0425	pdb6o21	exact	0	
M0425	pdb6px5	substituted	1	SER>ALA
M0425	pdb6q8s	exact	0	
M0425	pdb6qbu	exact	0	
M0425	pdb6qen	exact	0	
M0425	pdb6qeo	exact	0	
M0425	pdb6qfe	exact	0	
M0425	pdb6qh9	exact	0	
M0425	pdb6qha	exact	0	
M0425	pdb6qhb	exact	0	
M0425	pdb6qhc	exact	0	
M0425	pdb6qih	exact	0	
M0425	pdb6ql0	exact	0	
M0425	pdb6r8x	exact	0	
M0425	pdb6rot	exact	0	
M0425	pdb6rur	substituted	1	SER>ALA
M0425	pdb6ruv	substituted	1	SER>ALA
M0425	pdb6shh	exact	0	
M0425	pdb6shi	exact	0	
M0425	pdb6sju	exact	0	
M0425	pdb6sma	exact	0	
M0425	pdb6sux	exact	0	
M0425	pdb6sv0	exact	0	
M0425	pdb6sv6	exact	0	
M0425	pdb6sv8	exact	0	
M0425	pdb6sv9	exact	0	
M0425	pdb6svb	exact	0	
M0425	pdb6svd	exact	0	
M0425	pdb6svg	exact	0	
M0425	pdb6svi	exact	0	
M0425	pdb6svj	exact	0	
M0425	pdb6svn	exact	0	
M0425	pdb6svr	exact	0	
M0425	pdb6svu	exact	0	
M0425	pdb6svv	exact	0	
M0425	pdb6svw	exact	0	
M0425	pdb6svx	exact	0	
M0425	pdb6svz	exact	0	
M0425	pdb6sw0	exact	0	
M0425	pdb6swv	partial	NA	
M0425	pdb6sy3	exact	0	
M0425	pdb6t0m	exact	0	
M0425	pdb6t0p	exact	0	
M0425	pdb6t3m	exact	0	
M0425	pdb6t3q	exact	0	
M0425	pdb6t4a	exact	0	
M0425	pdb6t52	exact	0	
M0425	pdb6t53	exact	0	
M0425	pdb6t54	exact	0	
M0425	pdb6t55	exact	0	
M0425	pdb6t56	exact	0	
M0425	pdb6t57	exact	0	
M0425	pdb6t5w	exact	0	
M0425	pdb6t7h	exact	0	
M0425	pdb6t89	exact	0	
M0425	pdb6t8a	exact	0	
M0425	pdb6t9t	exact	0	
M0425	pdb6t9u	exact	0	
M0425	pdb6t9v	exact	0	
M0425	pdb6tdt	exact	0	
M0425	pdb6th7	exact	0	
M0425	pdb6tkg	exact	0	
M0425	pdb6tkh	exact	0	
M0425	pdb6tki	exact	0	
M0425	pdb6tkj	exact	0	
M0425	pdb6tkl	exact	0	
M0425	pdb6ts5	exact	0	
M0425	pdb6ts6	exact	0	
M0425	pdb6ts7	exact	0	
M0425	pdb6twc	exact	0	
M0425	pdb6u22	exact	0	
M0425	pdb6usy	exact	0	
M0425	pdb6v64	exact	0	
M0425	pdb6vlu	exact	0	
M0425	pdb6vlv	exact	0	
M0425	pdb6vmj	exact	0	
M0425	pdb6vmk	exact	0	
M0425	pdb6vtm	exact	0	
M0425	pdb6vxy	exact	0	
M0425	pdb6w50	exact	0	
M0425	pdb6x5j	exact	0	
M0425	pdb6x5p	exact	0	
M0425	pdb6xvd	exact	0	
M0425	pdb6xyg	exact	0	
M0425	pdb6xyk	exact	0	
M0425	pdb6y02	exact	0	
M0425	pdb6y4s	exact	0	
M0425	pdb6y9h	exact	0	
M0425	pdb6yb6	exact	0	
M0425	pdb6ydy	exact	0	
M0425	pdb6yhg	exact	0	
M0425	pdb6yhj	exact	0	
M0425	pdb6yis	exact	0	
M0425	pdb6yit	exact	0	
M0425	pdb6yiu	exact	0	
M0425	pdb6yiv	exact	0	
M0425	pdb6yiw	exact	0	
M0425	pdb6yix	exact	0	
M0425	pdb6yiy	exact	0	
M0425	pdb6ymp	exact	0	
M0425	pdb6yn3	exact	0	
M0425	pdb6yqv	exact	0	
M0425	pdb6ysj	exact	0	
M0425	pdb6ysx	exact	0	
M0425	pdb6yza	exact	0	
M0425	pdb6yzc	exact	0	
M0425	pdb6z8v	exact	0	
M0425	pdb6z8w	exact	0	
M0425	pdb6z8x	exact	0	
M0425	pdb6zfj	exact	0	
M0425	pdb6zfk	exact	0	
M0425	pdb6zgo	exact	0	
M0425	pdb6zov	exact	0	
M0425	pdb6zug	exact	0	
M0425	pdb6zuh	exact	0	
M0425	pdb6zun	exact	0	
M0425	pdb6zuu	exact	0	
M0425	pdb6zuw	exact	0	
M0425	pdb6zux	exact	0	
M0425	pdb6zv7	exact	0	
M0425	pdb6zv8	exact	0	
M0425	pdb7a0d	partial	NA	
M0425	pdb7a0e	partial	NA	
M0425	pdb7a0f	partial	NA	
M0425	pdb7ahu	exact	0	
M0425	pdb7ahv	exact	0	
M0425	pdb7ays	exact	0	
M0425	pdb7brv	exact	0	
M0425	pdb7brw	exact	0	
M0425	pdb7brx	exact	0	
M0425	pdb7bry	exact	0	
M0425	pdb7brz	exact	0	
M0425	pdb7bs0	exact	0	
M0425	pdb7bs1	exact	0	
M0425	pdb7bs2	exact	0	
M0425	pdb7bs3	exact	0	
M0425	pdb7bs4	exact	0	
M0425	pdb7bs5	exact	0	
M0425	pdb7bs6	exact	0	
M0425	pdb7bs7	exact	0	
M0425	pdb7bs8	exact	0	
M0425	pdb7bs9	exact	0	
M0425	pdb7bsa	exact	0	
M0425	pdb7est	substituted	4	HIS>THR,ASP>TYR,SER>VAL,GLY>SER
M0425	pdb7gch	partial	NA	
M0425	pdb7kme	substituted	4	HIS>GLY,ASP>LEU,SER>ASN,GLY>ARG
M0425	pdb7kty	exact	0	
M0425	pdb7ktz	exact	0	
M0425	pdb7ku0	exact	0	
M0425	pdb7ku1	exact	0	
M0425	pdb7ku2	exact	0	
M0425	pdb7ku3	exact	0	
M0425	pdb7ntu	exact	0	
M0425	pdb8est	substituted	4	HIS>THR,ASP>TYR,SER>VAL,GLY>SER
M0425	pdb8gch	partial	NA	
M0425	pdb8kme	substituted	4	HIS>GLY,ASP>LEU,SER>ASN,GLY>ARG
M0425	pdb9est	exact	0	
M0067	pdb1f8g	substituted	4	ASP>GLU,LYS>GLN,TYR>HIS,HIS>GLY
M0067	pdb1hzz	substituted	4	ASP>GLU,LYS>GLN,TYR>HIS,HIS>GLY
M0067	pdb1l7d	substituted	4	ASP>GLU,LYS>GLN,TYR>HIS,HIS>GLY
M0067	pdb1l7e	substituted	4	ASP>GLU,LYS>GLN,TYR>HIS,HIS>GLY
M0067	pdb1nm5	substituted	4	ASP>GLU,LYS>GLN,TYR>HIS,HIS>GLY
M0067	pdb1pjb	exact	0	
M0067	pdb1pjc	exact	0	
M0067	pdb1ptj	substituted	4	ASP>GLU,LYS>GLN,TYR>HIS,HIS>GLY
M0067	pdb1say	exact	0	
M0067	pdb1u28	substituted	4	ASP>GLU,LYS>GLN,TYR>HIS,HIS>GLY
M0067	pdb1u2d	substituted	4	ASP>GLU,LYS>GLN,TYR>HIS,HIS>GLY
M0067	pdb1u2g	substituted	4	ASP>GLU,LYS>GLN,TYR>HIS,HIS>GLY
M0067	pdb1x13	substituted	5	GLU>ASP,ASP>GLN,LYS>ASN,TYR>PHE,HIS>TRP
M0067	pdb1x14	substituted	5	GLU>ASP,ASP>GLN,LYS>ASN,TYR>PHE,HIS>TRP
M0067	pdb1x15	substituted	5	GLU>ASP,ASP>GLN,LYS>ASN,TYR>PHE,HIS>TRP
M0067	pdb1xlt	substituted	4	ASP>GLU,LYS>GLN,TYR>HIS,HIS>GLY
M0067	pdb2bru	substituted	5	GLU>ASP,ASP>GLN,LYS>ASN,TYR>PHE,HIS>TRP
M0067	pdb2eez	partial	NA	
M0067	pdb2fr8	substituted	4	ASP>GLU,LYS>GLN,TYR>HIS,HIS>GLY
M0067	pdb2frd	substituted	4	ASP>GLU,LYS>GLN,TYR>HIS,HIS>GLY
M0067	pdb2fsv	substituted	4	ASP>GLU,LYS>GLN,TYR>HIS,HIS>GLY
M0067	pdb2oo5	substituted	4	ASP>GLU,LYS>GLN,TYR>HIS,HIS>GLY
M0067	pdb2oor	substituted	4	ASP>GLU,LYS>GLN,TYR>HIS,HIS>GLY
M0067	pdb2vhv	substituted	2	ASP>ASN,TYR>PHE
M0067	pdb2vhw	substituted	1	TYR>PHE
M0067	pdb2vhx	substituted	1	TYR>PHE
M0067	pdb2vhy	partial	NA	
M0067	pdb2vhz	substituted	1	TYR>PHE
M0067	pdb2voe	substituted	1	TYR>PHE
M0067	pdb2voj	substituted	1	TYR>PHE
M0067	pdb3p2y	substituted	4	ASP>GLU,LYS>ASN,TYR>PHE,HIS>ALA
M0067	pdb4dio	substituted	4	ASP>GLU,LYS>ARG,TYR>ILE,HIS>ASP
M0067	pdb4izh	substituted	4	ASP>GLU,LYS>GLN,TYR>PHE,HIS>GLN
M0067	pdb4izi	substituted	4	ASP>GLU,LYS>GLN,TYR>PHE,HIS>GLN
M0067	pdb4j16	substituted	4	ASP>GLU,LYS>GLN,TYR>PHE,HIS>GLN
M0067	pdb4j1t	substituted	4	ASP>GLU,LYS>GLN,TYR>PHE,HIS>GLN
M0067	pdb4lmp	substituted	1	TYR>PHE
M0067	pdb4o9u	substituted	4	ASP>GLU,LYS>GLN,TYR>PHE,HIS>GLN
M0067	pdb6o7f	substituted	1	TYR>PHE
M0067	pdb6qti	substituted	5	GLU>ASP,ASP>GLU,LYS>ARG,TYR>PHE,HIS>TYR
M0067	pdb6que	substituted	5	GLU>ASP,ASP>GLU,LYS>ARG,TYR>PHE,HIS>TYR
M0067	pdb6s59	substituted	5	GLU>ASP,ASP>GLU,LYS>ARG,TYR>PHE,HIS>TYR
M0550	pdb1eua	exact	0	
M0550	pdb1eun	exact	0	
M0550	pdb1fq0	exact	0	
M0550	pdb1fwr	substituted	1	LYS>GLN
M0550	pdb1mxs	exact	0	
M0550	pdb1vhc	exact	0	
M0550	pdb1vlw	substituted	1	ARG>THR
M0550	pdb1wa3	substituted	1	ARG>THR
M0550	pdb1wau	substituted	1	GLU>ASN
M0550	pdb1wbh	substituted	1	GLU>ASN
M0550	pdb2c0a	substituted	1	GLU>ASN
M0550	pdb2v81	substituted	1	ARG>ASN
M0550	pdb2v82	substituted	1	ARG>ASN
M0550	pdb2yw3	exact	0	
M0550	pdb2yw4	exact	0	
M0550	pdb3vcr	exact	0	
M0550	pdb4bk9	exact	0	
M0550	pdb4e38	exact	0	
M0550	pdb4qcc	substituted	1	ARG>ASN
M0550	pdb5im5	exact	0	
M0550	pdb5kp9	substituted	3	LYS>PHE,GLU>LYS,ARG>ALA
M0792	pdb1ego	substituted	1	SER>CYS
M0792	pdb1egr	substituted	1	SER>CYS
M0792	pdb1fov	substituted	3	GLY>THR,SER>CYS,ARG>LYS
M0792	pdb1grx	exact	0	
M0792	pdb1qfn	exact	0	
M0792	pdb2khp	substituted	2	SER>CYS,TYR>CYS
M0792	pdb2klx	substituted	4	GLY>ASN,SER>CYS,LYS>ARG,TYR>CYS
M0792	pdb2mzc	substituted	2	SER>CYS,TYR>SER
M0792	pdb3grx	substituted	2	GLY>THR,ARG>LYS
M0792	pdb3lgc	substituted	2	SER>CYS,TYR>PHE
M0792	pdb3msz	substituted	2	SER>CYS,TYR>PHE
M0961	pdb1bkh	partial	NA	
M0961	pdb1dtn	exact	0	
M0961	pdb1f9c	partial	NA	
M0961	pdb1jpm	substituted	2	ASP>LYS,HIS>GLY
M0961	pdb1mdl	substituted	1	LYS>ARG
M0961	pdb1mdr	exact	0	
M0961	pdb1mns	exact	0	
M0961	pdb1mra	substituted	1	ASP>ASN
M0961	pdb1muc	partial	NA	
M0961	pdb1r0m	substituted	2	ASP>LYS,HIS>GLY
M0961	pdb1rvk	substituted	2	LYS>HIS,ASP>GLY
M0961	pdb1sja	substituted	2	ASP>LYS,HIS>GLY
M0961	pdb1sjb	substituted	2	ASP>LYS,HIS>GLY
M0961	pdb1sjc	substituted	2	ASP>LYS,HIS>GLY
M0961	pdb1sjd	substituted	2	ASP>LYS,HIS>GLY
M0961	pdb1tkk	substituted	2	ASP>LYS,HIS>GLY
M0961	pdb1tzz	exact	0	
M0961	pdb1xpy	substituted	2	ASP>LYS,HIS>GLY
M0961	pdb1xs2	substituted	2	ASP>LYS,HIS>GLY
M0961	pdb1yey	exact	0	
M0961	pdb2dw6	substituted	1	LYS>ALA
M0961	pdb2dw7	exact	0	
M0961	pdb2fkp	substituted	2	ASP>LYS,HIS>GLY
M0961	pdb2gdq	exact	0	
M0961	pdb2gge	exact	0	
M0961	pdb2ggg	substituted	2	ASP>LYS,HIS>GLY
M0961	pdb2ggh	substituted	2	ASP>LYS,HIS>GLY
M0961	pdb2ggi	substituted	2	ASP>LYS,HIS>GLY
M0961	pdb2ggj	substituted	2	ASP>LYS,HIS>GLY
M0961	pdb2gl5	substituted	2	LYS>ASP,ASP>GLU
M0961	pdb2hne	exact	0	
M0961	pdb2hxt	exact	0	
M0961	pdb2hxu	substituted	1	LYS>ALA
M0961	pdb2mnr	exact	0	
M0961	pdb2muc	partial	NA	
M0961	pdb2o56	substituted	2	LYS>LEU,ASP>GLU
M0961	pdb2og9	exact	0	
M0961	pdb2oo6	substituted	1	LYS>ASN
M0961	pdb2opj	partial	NA	
M0961	pdb2oqh	substituted	1	GLU>MSE
M0961	pdb2ovl	exact	0	
M0961	pdb2ox4	substituted	2	LYS>ASP,ASP>GLU
M0961	pdb2oz3	substituted	1	LYS>PRO
M0961	pdb2oz8	substituted	2	ASP>HIS,HIS>GLY
M0961	pdb2p0i	substituted	1	LYS>PRO
M0961	pdb2p88	substituted	2	ASP>LYS,HIS>GLY
M0961	pdb2p8b	substituted	2	ASP>LYS,HIS>GLY
M0961	pdb2p8c	substituted	2	ASP>LYS,HIS>GLY
M0961	pdb2pgw	substituted	2	GLU>GLN,ASP>GLY
M0961	pdb2poz	substituted	1	LYS>TYR
M0961	pdb2qde	substituted	2	ASP>LYS,HIS>GLY
M0961	pdb2qq6	substituted	1	LYS>ASP
M0961	pdb2qvh	partial	NA	
M0961	pdb2zad	substituted	2	ASP>LYS,HIS>GLY
M0961	pdb2zc8	substituted	2	ASP>LYS,HIS>GLY
M0961	pdb3bjs	substituted	1	LYS>ARG
M0961	pdb3cb3	exact	0	
M0961	pdb3ck5	exact	0	
M0961	pdb3ct2	substituted	2	ASP>LYS,HIS>GLY
M0961	pdb3cyj	exact	0	
M0961	pdb3ddm	exact	0	
M0961	pdb3deq	substituted	2	ASP>LYS,HIS>GLY
M0961	pdb3der	substituted	2	ASP>LYS,HIS>GLY
M0961	pdb3des	substituted	2	ASP>LYS,HIS>GLY
M0961	pdb3dfy	substituted	2	ASP>LYS,HIS>GLY
M0961	pdb3dg3	substituted	2	ASP>LYS,HIS>GLY
M0961	pdb3dg6	substituted	2	ASP>LYS,HIS>GLY
M0961	pdb3dg7	substituted	2	ASP>LYS,HIS>GLY
M0961	pdb3dgb	substituted	2	ASP>LYS,HIS>GLY
M0961	pdb3dip	partial	NA	
M0961	pdb3ekg	substituted	1	LYS>PRO
M0961	pdb3fcp	substituted	2	ASP>LYS,HIS>GLY
M0961	pdb3fj4	substituted	2	ASP>LYS,HIS>GLY
M0961	pdb3fxg	substituted	1	LYS>PRO
M0961	pdb3go2	substituted	1	LYS>ASN
M0961	pdb3h12	exact	0	
M0961	pdb3i4k	partial	NA	
M0961	pdb3i6e	substituted	2	ASP>LYS,HIS>GLY
M0961	pdb3jva	substituted	2	ASP>LYS,HIS>GLY
M0961	pdb3jw7	substituted	2	ASP>LYS,HIS>GLY
M0961	pdb3jzu	substituted	2	ASP>LYS,HIS>GLY
M0961	pdb3k1g	substituted	2	ASP>LYS,HIS>GLY
M0961	pdb3kum	substituted	2	ASP>LYS,HIS>GLY
M0961	pdb3mqt	substituted	1	LYS>CYS
M0961	pdb3msy	substituted	1	GLU>GLN
M0961	pdb3muc	partial	NA	
M0961	pdb3n4e	substituted	1	LYS>ARG
M0961	pdb3no1	substituted	1	GLU>GLN
M0961	pdb3op2	exact	0	
M0961	pdb3ozm	exact	0	
M0961	pdb3ozy	exact	0	
M0961	pdb3q45	substituted	2	ASP>LYS,HIS>GLY
M0961	pdb3q4d	substituted	2	ASP>LYS,HIS>GLY
M0961	pdb3qld	partial	NA	
M0961	pdb3rcy	substituted	5	LYS>PRO,ASP>THR,GLU>ARG,ASP>LEU,HIS>LEU
M0961	pdb3rr1	substituted	1	LYS>ASN
M0961	pdb3rra	substituted	1	LYS>ASN
M0961	pdb3sjn	substituted	1	LYS>GLY
M0961	pdb3sn0	substituted	1	LYS>ASN
M0961	pdb3sn1	substituted	1	LYS>ASN
M0961	pdb3sn4	substituted	1	LYS>ASN
M0961	pdb3sqs	substituted	2	LYS>ARG,ASP>GLU
M0961	pdb3ssz	substituted	2	LYS>ARG,ASP>GLU
M0961	pdb3stp	substituted	2	LYS>ARG,ASP>GLU
M0961	pdb3t4w	substituted	3	LYS>ASP,ASP>GLY,ASP>ALA
M0961	pdb3t8q	substituted	1	LYS>ARG
M0961	pdb3t9p	substituted	1	LYS>ARG
M0961	pdb3tcs	substituted	1	LYS>ARG
M0961	pdb3tj4	exact	0	
M0961	pdb3toy	exact	0	
M0961	pdb3tte	exact	0	
M0961	pdb3u4f	substituted	1	LYS>ARG
M0961	pdb3ugv	substituted	1	LYS>ARG
M0961	pdb3uxk	exact	0	
M0961	pdb3uxl	exact	0	
M0961	pdb3v3w	substituted	3	LYS>GLU,ASP>THR,HIS>PHE
M0961	pdb3v4b	substituted	3	LYS>GLU,ASP>THR,HIS>PHE
M0961	pdb4a35	exact	0	
M0961	pdb4a6g	substituted	2	ASP>LYS,HIS>GLY
M0961	pdb4dwd	substituted	1	LYS>ARG
M0961	pdb4dx3	substituted	2	LYS>TRP,ASP>GLU
M0961	pdb4dxk	substituted	2	LYS>TRP,ASP>GLU
M0961	pdb4dye	substituted	1	GLU>MET
M0961	pdb4e4u	substituted	3	LYS>ASP,ASP>GLY,ASP>ASN
M0961	pdb4e5t	substituted	5	LYS>PRO,ASP>THR,GLU>ARG,ASP>LEU,HIS>LEU
M0961	pdb4e6m	substituted	2	LYS>ASP,ASP>GLU
M0961	pdb4fi4	substituted	3	LYS>SER,ASP>THR,HIS>CYS
M0961	pdb4fp1	exact	0	
M0961	pdb4ggb	exact	0	
M0961	pdb4h19	exact	0	
M0961	pdb4h83	substituted	1	GLU>GLN
M0961	pdb4hcd	substituted	2	LYS>HIS,ASP>GLY
M0961	pdb4hch	substituted	2	LYS>HIS,ASP>GLY
M0961	pdb4hcl	substituted	2	LYS>HIS,ASP>GLY
M0961	pdb4hnc	substituted	1	LYS>CYS
M0961	pdb4hpn	exact	0	
M0961	pdb4ip4	exact	0	
M0961	pdb4ip5	exact	0	
M0961	pdb4j3z	substituted	3	LYS>ASP,ASP>GLY,ASP>ALA
M0961	pdb4jn7	substituted	1	LYS>SER
M0961	pdb4jn8	substituted	1	LYS>SER
M0961	pdb4kem	exact	0	
M0961	pdb4m0x	substituted	2	ASP>LYS,HIS>ALA
M0961	pdb4m6u	exact	0	
M0961	pdb4mmw	substituted	2	LYS>HIS,ASP>GLY
M0961	pdb4x2p	exact	0	
M0961	pdb5fjo	substituted	2	ASP>LYS,HIS>GLY
M0961	pdb5fjp	substituted	2	ASP>LYS,HIS>GLY
M0961	pdb5fjr	substituted	2	ASP>LYS,HIS>GLY
M0961	pdb5fjt	substituted	2	ASP>LYS,HIS>GLY
M0961	pdb5fju	substituted	2	ASP>LYS,HIS>GLY
M0961	pdb5xd7	exact	0	
M0961	pdb5xd8	exact	0	
M0961	pdb5xd9	substituted	1	HIS>ASN
M0961	pdb6vim	exact	0	
M0109	pdb1d3g	exact	0	
M0109	pdb1d3h	exact	0	
M0109	pdb1dor	substituted	4	PHE>LEU,SER>CYS,THR>VAL,ASN>VAL
M0109	pdb1ep1	substituted	3	PHE>LEU,SER>CYS,THR>VAL
M0109	pdb1ep2	partial	NA	
M0109	pdb1ep3	substituted	3	PHE>LEU,SER>CYS,THR>VAL
M0109	pdb1f76	exact	0	
M0109	pdb1gt8	substituted	6	ASN>GLY,PHE>SER,SER>CYS,ASN>HIS,THR>GLY,ASN>THR
M0109	pdb1gte	substituted	6	ASN>GLY,PHE>SER,SER>CYS,ASN>HIS,THR>GLY,ASN>THR
M0109	pdb1gth	substituted	6	ASN>GLY,PHE>SER,SER>CYS,ASN>HIS,THR>GLY,ASN>THR
M0109	pdb1h7w	substituted	6	ASN>GLY,PHE>SER,SER>CYS,ASN>HIS,THR>GLY,ASN>THR
M0109	pdb1h7x	substituted	6	ASN>GLY,PHE>SER,SER>ALA,ASN>HIS,THR>GLY,ASN>THR
M0109	pdb1jqv	substituted	4	PHE>LEU,SER>CYS,THR>VAL,ASN>VAL
M0109	pdb1jqx	substituted	4	PHE>LEU,SER>CYS,THR>VAL,ASN>VAL
M0109	pdb1jrb	substituted	4	PHE>LEU,SER>CYS,THR>VAL,ASN>VAL
M0109	pdb1jrc	substituted	5	ASN>ALA,PHE>LEU,SER>CYS,THR>VAL,ASN>VAL
M0109	pdb1jub	substituted	4	PHE>LEU,SER>CYS,THR>VAL,ASN>VAL
M0109	pdb1jue	substituted	4	PHE>LEU,SER>CYS,THR>VAL,ASN>VAL
M0109	pdb1ovd	substituted	4	PHE>LEU,SER>CYS,THR>VAL,ASN>VAL
M0109	pdb1tv5	exact	0	
M0109	pdb1uum	substituted	2	ASN>ALA,THR>ASP
M0109	pdb1uuo	substituted	2	ASN>ALA,THR>ASP
M0109	pdb2b0m	exact	0	
M0109	pdb2b4g	substituted	4	PHE>LEU,SER>CYS,THR>VAL,ASN>VAL
M0109	pdb2bsl	substituted	4	PHE>LEU,SER>CYS,THR>VAL,ASN>VAL
M0109	pdb2bx7	substituted	4	PHE>LEU,SER>CYS,THR>VAL,ASN>VAL
M0109	pdb2bxv	exact	0	
M0109	pdb2djl	substituted	4	PHE>LEU,SER>CYS,THR>VAL,ASN>VAL
M0109	pdb2djx	substituted	4	PHE>LEU,SER>CYS,THR>VAL,ASN>VAL
M0109	pdb2dor	substituted	4	PHE>LEU,SER>CYS,THR>VAL,ASN>VAL
M0109	pdb2e68	substituted	4	PHE>LEU,SER>CYS,THR>VAL,ASN>VAL
M0109	pdb2e6a	substituted	4	PHE>LEU,SER>CYS,THR>VAL,ASN>VAL
M0109	pdb2e6d	substituted	4	PHE>LEU,SER>CYS,THR>VAL,ASN>VAL
M0109	pdb2e6f	substituted	4	PHE>LEU,SER>CYS,THR>VAL,ASN>VAL
M0109	pdb2fpt	exact	0	
M0109	pdb2fpv	exact	0	
M0109	pdb2fpy	exact	0	
M0109	pdb2fqi	exact	0	
M0109	pdb2prh	substituted	2	ASN>SER,THR>VAL
M0109	pdb2prl	exact	0	
M0109	pdb2prm	exact	0	
M0109	pdb2wv8	exact	0	
M0109	pdb3c3n	substituted	4	PHE>LEU,SER>CYS,THR>VAL,ASN>VAL
M0109	pdb3c61	substituted	4	PHE>LEU,SER>CYS,THR>VAL,ASN>ILE
M0109	pdb3f1q	exact	0	
M0109	pdb3fj6	exact	0	
M0109	pdb3fjl	exact	0	
M0109	pdb3g0u	exact	0	
M0109	pdb3g0x	exact	0	
M0109	pdb3gye	substituted	5	PHE>LEU,SER>LYS,ASN>PRO,THR>PRO,ASN>ILE
M0109	pdb3gz3	substituted	5	PHE>LEU,SER>LYS,ASN>PRO,THR>PRO,ASN>ILE
M0109	pdb3i65	substituted	1	THR>ALA
M0109	pdb3i68	exact	0	
M0109	pdb3i6r	exact	0	
M0109	pdb3kvj	exact	0	
M0109	pdb3kvk	exact	0	
M0109	pdb3kvl	exact	0	
M0109	pdb3kvm	exact	0	
M0109	pdb3mhu	substituted	5	PHE>LEU,SER>CYS,ASN>PRO,THR>PRO,ASN>ILE
M0109	pdb3mjy	substituted	5	PHE>LEU,SER>LYS,ASN>PRO,THR>PRO,ASN>ILE
M0109	pdb3o8a	exact	0	
M0109	pdb3oix	substituted	4	PHE>LEU,SER>CYS,THR>VAL,ASN>ILE
M0109	pdb3sfk	substituted	1	THR>CYS
M0109	pdb3tjx	substituted	5	PHE>LEU,SER>LYS,ASN>PRO,THR>PRO,ASN>ILE
M0109	pdb3tq0	substituted	4	PHE>LEU,SER>CYS,THR>VAL,ASN>ILE
M0109	pdb3tro	substituted	5	PHE>LEU,SER>LYS,ASN>PRO,THR>PRO,ASN>ILE
M0109	pdb3u2o	exact	0	
M0109	pdb3w1a	substituted	4	PHE>LEU,SER>CYS,THR>VAL,ASN>VAL
M0109	pdb3w1l	substituted	4	PHE>LEU,SER>CYS,THR>VAL,ASN>VAL
M0109	pdb3w1m	substituted	4	PHE>LEU,SER>CYS,THR>VAL,ASN>VAL
M0109	pdb3w1n	substituted	4	PHE>LEU,SER>CYS,THR>VAL,ASN>VAL
M0109	pdb3w1p	substituted	4	PHE>LEU,SER>CYS,THR>VAL,ASN>VAL
M0109	pdb3w1q	substituted	4	PHE>LEU,SER>CYS,THR>VAL,ASN>VAL
M0109	pdb3w1r	substituted	4	PHE>LEU,SER>CYS,THR>VAL,ASN>VAL
M0109	pdb3w1t	substituted	4	PHE>LEU,SER>CYS,THR>VAL,ASN>VAL
M0109	pdb3w1u	substituted	4	PHE>LEU,SER>CYS,THR>VAL,ASN>VAL
M0109	pdb3w1x	substituted	4	PHE>LEU,SER>CYS,THR>VAL,ASN>VAL
M0109	pdb3w22	substituted	4	PHE>LEU,SER>CYS,THR>VAL,ASN>VAL
M0109	pdb3w23	substituted	4	PHE>LEU,SER>CYS,THR>VAL,ASN>VAL
M0109	pdb3w2j	substituted	4	PHE>LEU,SER>CYS,THR>VAL,ASN>VAL
M0109	pdb3w2k	substituted	4	PHE>LEU,SER>CYS,THR>VAL,ASN>VAL
M0109	pdb3w2l	substituted	4	PHE>LEU,SER>CYS,THR>VAL,ASN>VAL
M0109	pdb3w2m	substituted	4	PHE>LEU,SER>CYS,THR>VAL,ASN>VAL
M0109	pdb3w2n	substituted	4	PHE>LEU,SER>CYS,THR>VAL,ASN>VAL
M0109	pdb3w2u	substituted	4	PHE>LEU,SER>CYS,THR>VAL,ASN>VAL
M0109	pdb3w3o	substituted	4	PHE>LEU,SER>CYS,THR>VAL,ASN>VAL
M0109	pdb3w6y	substituted	4	PHE>LEU,SER>CYS,THR>VAL,ASN>VAL
M0109	pdb3w70	substituted	4	PHE>LEU,SER>CYS,THR>VAL,ASN>VAL
M0109	pdb3w71	substituted	4	PHE>LEU,SER>CYS,THR>VAL,ASN>VAL
M0109	pdb3w72	substituted	4	PHE>LEU,SER>CYS,THR>VAL,ASN>VAL
M0109	pdb3w73	substituted	4	PHE>LEU,SER>CYS,THR>VAL,ASN>VAL
M0109	pdb3w74	substituted	4	PHE>LEU,SER>CYS,THR>VAL,ASN>VAL
M0109	pdb3w75	substituted	4	PHE>LEU,SER>CYS,THR>VAL,ASN>VAL
M0109	pdb3w76	substituted	4	PHE>LEU,SER>CYS,THR>VAL,ASN>VAL
M0109	pdb3w7c	substituted	4	PHE>LEU,SER>CYS,THR>VAL,ASN>VAL
M0109	pdb3w7d	substituted	4	PHE>LEU,SER>CYS,THR>VAL,ASN>VAL
M0109	pdb3w7e	substituted	4	PHE>LEU,SER>CYS,THR>VAL,ASN>VAL
M0109	pdb3w7g	substituted	4	PHE>LEU,SER>CYS,THR>VAL,ASN>VAL
M0109	pdb3w7h	substituted	4	PHE>LEU,SER>CYS,THR>VAL,ASN>VAL
M0109	pdb3w7i	substituted	4	PHE>LEU,SER>CYS,THR>VAL,ASN>VAL
M0109	pdb3w7j	substituted	4	PHE>LEU,SER>CYS,THR>VAL,ASN>VAL
M0109	pdb3w7k	substituted	4	PHE>LEU,SER>CYS,THR>VAL,ASN>VAL
M0109	pdb3w7l	substituted	4	PHE>LEU,SER>CYS,THR>VAL,ASN>VAL
M0109	pdb3w7m	substituted	4	PHE>LEU,SER>CYS,THR>VAL,ASN>VAL
M0109	pdb3w7n	substituted	4	PHE>LEU,SER>CYS,THR>VAL,ASN>VAL
M0109	pdb3w7o	substituted	4	PHE>LEU,SER>CYS,THR>VAL,ASN>VAL
M0109	pdb3w7p	substituted	4	PHE>LEU,SER>CYS,THR>VAL,ASN>VAL
M0109	pdb3w7q	substituted	4	PHE>LEU,SER>CYS,THR>VAL,ASN>VAL
M0109	pdb3w7r	exact	0	
M0109	pdb3w83	substituted	4	PHE>LEU,SER>CYS,THR>VAL,ASN>VAL
M0109	pdb3w84	substituted	4	PHE>LEU,SER>CYS,THR>VAL,ASN>VAL
M0109	pdb3w85	substituted	4	PHE>LEU,SER>CYS,THR>VAL,ASN>VAL
M0109	pdb3w86	substituted	4	PHE>LEU,SER>CYS,THR>VAL,ASN>VAL
M0109	pdb3w87	substituted	4	PHE>LEU,SER>CYS,THR>VAL,ASN>VAL
M0109	pdb3w88	substituted	4	PHE>LEU,SER>CYS,THR>VAL,ASN>VAL
M0109	pdb3zws	exact	0	
M0109	pdb3zwt	exact	0	
M0109	pdb4cq8	exact	0	
M0109	pdb4cq9	exact	0	
M0109	pdb4cqa	exact	0	
M0109	pdb4ef8	substituted	4	PHE>LEU,SER>CYS,THR>VAL,ASN>ILE
M0109	pdb4ef9	substituted	4	PHE>LEU,SER>CYS,THR>VAL,ASN>ILE
M0109	pdb4igh	exact	0	
M0109	pdb4jd4	substituted	4	PHE>LEU,SER>CYS,THR>VAL,ASN>VAL
M0109	pdb4jdb	substituted	4	PHE>LEU,SER>CYS,THR>VAL,ASN>VAL
M0109	pdb4jgd	exact	0	
M0109	pdb4js3	exact	0	
M0109	pdb4jts	exact	0	
M0109	pdb4jtt	exact	0	
M0109	pdb4jtu	exact	0	
M0109	pdb4ls0	exact	0	
M0109	pdb4ls1	exact	0	
M0109	pdb4ls2	exact	0	
M0109	pdb4oqv	substituted	1	THR>LYS
M0109	pdb4ori	exact	0	
M0109	pdb4orm	exact	0	
M0109	pdb4rk8	exact	0	
M0109	pdb4rka	exact	0	
M0109	pdb4rli	exact	0	
M0109	pdb4rr4	exact	0	
M0109	pdb4rx0	substituted	1	ASN>CYS
M0109	pdb4wzh	substituted	5	PHE>LEU,SER>LYS,ASN>PRO,THR>PRO,ASN>ILE
M0109	pdb4xq6	exact	0	
M0109	pdb4ylw	exact	0	
M0109	pdb4zl1	exact	0	
M0109	pdb4zmg	exact	0	
M0109	pdb5boo	exact	0	
M0109	pdb5del	exact	0	
M0109	pdb5e93	substituted	4	PHE>LEU,SER>CYS,THR>VAL,ASN>VAL
M0109	pdb5ea9	substituted	4	PHE>LEU,SER>CYS,THR>VAL,ASN>VAL
M0109	pdb5fi8	substituted	2	SER>TYR,ASN>CYS
M0109	pdb5h2z	exact	0	
M0109	pdb5h73	exact	0	
M0109	pdb5hin	exact	0	
M0109	pdb5hqe	exact	0	
M0109	pdb5k9c	exact	0	
M0109	pdb5k9d	exact	0	
M0109	pdb5ksw	substituted	3	PHE>LEU,SER>CYS,THR>VAL
M0109	pdb5mut	substituted	2	SER>LYS,ASN>LYS
M0109	pdb5mvc	substituted	2	ASN>VAL,THR>ASN
M0109	pdb5mvd	substituted	2	ASN>LYS,THR>ASN
M0109	pdb5tbo	substituted	2	SER>TYR,ASN>CYS
M0109	pdb5ue9	substituted	3	PHE>LEU,SER>CYS,THR>VAL
M0109	pdb5xfv	substituted	4	PHE>LEU,SER>CYS,THR>VAL,ASN>VAL
M0109	pdb5xfw	substituted	4	PHE>LEU,SER>CYS,THR>VAL,ASN>VAL
M0109	pdb5zf4	exact	0	
M0109	pdb5zf7	exact	0	
M0109	pdb5zf8	exact	0	
M0109	pdb5zf9	exact	0	
M0109	pdb5zfa	exact	0	
M0109	pdb5zfb	exact	0	
M0109	pdb6aj5	exact	0	
M0109	pdb6aje	exact	0	
M0109	pdb6b8s	partial	NA	
M0109	pdb6cjf	substituted	1	THR>LYS
M0109	pdb6cjg	substituted	1	THR>LYS
M0109	pdb6dgs	substituted	5	PHE>LEU,SER>LYS,ASN>PRO,THR>PRO,ASN>ILE
M0109	pdb6dwg	substituted	5	PHE>LEU,SER>LYS,ASN>PRO,THR>PRO,ASN>ILE
M0109	pdb6e0b	exact	0	
M0109	pdb6ebs	substituted	4	PHE>LEU,SER>CYS,THR>VAL,ASN>ILE
M0109	pdb6et4	exact	0	
M0109	pdb6fmd	partial	NA	
M0109	pdb6gjg	exact	0	
M0109	pdb6gk0	exact	0	
M0109	pdb6i4b	exact	0	
M0109	pdb6i55	exact	0	
M0109	pdb6idj	exact	0	
M0109	pdb6j3b	exact	0	
M0109	pdb6j3c	exact	0	
M0109	pdb6jmd	exact	0	
M0109	pdb6jme	exact	0	
M0109	pdb6lp6	exact	0	
M0109	pdb6lp7	exact	0	
M0109	pdb6lp8	exact	0	
M0109	pdb6lzl	exact	0	
M0109	pdb6m2b	exact	0	
M0109	pdb6oc0	exact	0	
M0109	pdb6oc1	exact	0	
M0109	pdb6qu7	exact	0	
M0109	pdb6syp	partial	NA	
M0109	pdb6uy4	exact	0	
M0109	pdb6vnd	exact	0	
M0109	pdb6vtn	exact	0	
M0109	pdb6vty	exact	0	
M0109	pdb7k2u	exact	0	
M0109	pdb7kyk	exact	0	
M0109	pdb7kyv	exact	0	
M0109	pdb7kyy	exact	0	
M0109	pdb7kz4	exact	0	
M0109	pdb7kzy	exact	0	
M0109	pdb7l01	exact	0	
M0109	pdb7l0k	exact	0	
M0257	pdb1bls	exact	0	
M0257	pdb1c3b	substituted	1	SER>ALA
M0257	pdb1cef	partial	NA	
M0257	pdb1ceg	partial	NA	
M0257	pdb1ci8	partial	NA	
M0257	pdb1ci9	partial	NA	
M0257	pdb1fcm	substituted	2	TYR>GLU,SER>ALA
M0257	pdb1fcn	substituted	2	TYR>GLU,SER>ALA
M0257	pdb1fco	substituted	1	SER>ALA
M0257	pdb1fr1	exact	0	
M0257	pdb1fr6	exact	0	
M0257	pdb1fsw	substituted	1	SER>ALA
M0257	pdb1fsy	substituted	1	SER>ALA
M0257	pdb1ga0	exact	0	
M0257	pdb1ga9	substituted	1	SER>ALA
M0257	pdb1gce	exact	0	
M0257	pdb1hvb	partial	NA	
M0257	pdb1i5q	substituted	1	SER>ALA
M0257	pdb1iel	substituted	1	SER>ALA
M0257	pdb1iem	substituted	1	SER>ALA
M0257	pdb1ikg	partial	NA	
M0257	pdb1iki	partial	NA	
M0257	pdb1kds	substituted	1	SER>ALA
M0257	pdb1kdw	substituted	1	SER>ALA
M0257	pdb1ke0	substituted	1	SER>ALA
M0257	pdb1ke3	substituted	1	SER>ALA
M0257	pdb1ke4	substituted	1	SER>ALA
M0257	pdb1kvl	substituted	2	SER>ALA,SER>GLY
M0257	pdb1kvm	substituted	1	SER>ALA
M0257	pdb1l0d	substituted	2	SER>ALA,SER>ASP
M0257	pdb1l0e	substituted	2	SER>ALA,LYS>GLN
M0257	pdb1l0f	substituted	1	SER>ALA
M0257	pdb1l0g	substituted	2	SER>ALA,SER>GLY
M0257	pdb1l2s	substituted	1	SER>ALA
M0257	pdb1ll5	substituted	1	SER>ALA
M0257	pdb1ll9	substituted	1	SER>ALA
M0257	pdb1llb	substituted	1	SER>ALA
M0257	pdb1mpl	partial	NA	
M0257	pdb1mxo	substituted	1	SER>ALA
M0257	pdb1my8	substituted	1	SER>ALA
M0257	pdb1o07	substituted	2	TYR>GLU,SER>ALA
M0257	pdb1onh	exact	0	
M0257	pdb1pi4	substituted	1	SER>ALA
M0257	pdb1pi5	substituted	1	SER>ALA
M0257	pdb1pw1	partial	NA	
M0257	pdb1pw8	partial	NA	
M0257	pdb1pwc	partial	NA	
M0257	pdb1pwd	partial	NA	
M0257	pdb1pwg	partial	NA	
M0257	pdb1q2q	exact	0	
M0257	pdb1rgy	exact	0	
M0257	pdb1rgz	exact	0	
M0257	pdb1s6r	exact	0	
M0257	pdb1scw	partial	NA	
M0257	pdb1sde	partial	NA	
M0257	pdb1xgi	substituted	1	SER>ALA
M0257	pdb1xgj	substituted	1	SER>ALA
M0257	pdb1xx2	exact	0	
M0257	pdb1y54	exact	0	
M0257	pdb1yqs	partial	NA	
M0257	pdb1zc2	exact	0	
M0257	pdb1zkj	exact	0	
M0257	pdb2bls	substituted	1	SER>ALA
M0257	pdb2dns	partial	NA	
M0257	pdb2drw	partial	NA	
M0257	pdb2efu	partial	NA	
M0257	pdb2efx	partial	NA	
M0257	pdb2ffy	substituted	1	SER>ALA
M0257	pdb2hdq	substituted	1	SER>ALA
M0257	pdb2hdr	substituted	1	SER>ALA
M0257	pdb2hds	substituted	1	SER>ALA
M0257	pdb2hdu	substituted	1	SER>ALA
M0257	pdb2i72	substituted	1	SER>ALA
M0257	pdb2p9v	substituted	1	SER>ALA
M0257	pdb2pu2	substituted	1	SER>ALA
M0257	pdb2pu4	substituted	1	SER>ALA
M0257	pdb2q9m	exact	0	
M0257	pdb2q9n	exact	0	
M0257	pdb2qmi	substituted	1	LYS>HIS
M0257	pdb2qz6	exact	0	
M0257	pdb2r9w	substituted	1	SER>ALA
M0257	pdb2r9x	substituted	1	SER>ALA
M0257	pdb2rcx	substituted	1	SER>ALA
M0257	pdb2wzx	exact	0	
M0257	pdb2wzz	exact	0	
M0257	pdb2zc7	exact	0	
M0257	pdb2zj9	substituted	1	SER>ALA
M0257	pdb3bls	substituted	1	SER>ALA
M0257	pdb3bm6	substituted	1	SER>ALA
M0257	pdb3fkv	substituted	2	SER>ALA,LYS>ARG
M0257	pdb3fkw	substituted	2	SER>ALA,LYS>ARG
M0257	pdb3gqz	substituted	1	SER>ALA
M0257	pdb3gr2	substituted	1	SER>ALA
M0257	pdb3grj	substituted	1	SER>ALA
M0257	pdb3gsg	substituted	1	SER>ALA
M0257	pdb3gtc	substituted	1	SER>ALA
M0257	pdb3gv9	substituted	1	SER>ALA
M0257	pdb3gvb	substituted	1	SER>ALA
M0257	pdb3iwi	substituted	1	SER>ALA
M0257	pdb3iwo	substituted	1	SER>ALA
M0257	pdb3iwq	substituted	1	SER>ALA
M0257	pdb3ixb	substituted	1	SER>ALA
M0257	pdb3ixd	substituted	1	SER>ALA
M0257	pdb3ixg	substituted	1	SER>ALA
M0257	pdb3ixh	substituted	1	SER>ALA
M0257	pdb3o3v	partial	NA	
M0257	pdb3o86	substituted	1	SER>ALA
M0257	pdb3o87	substituted	1	SER>ALA
M0257	pdb3o88	substituted	1	SER>ALA
M0257	pdb3ozh	partial	NA	
M0257	pdb3pte	partial	NA	
M0257	pdb3rju	partial	NA	
M0257	pdb3s1y	exact	0	
M0257	pdb3s22	exact	0	
M0257	pdb3s4x	exact	0	
M0257	pdb3w8k	substituted	1	SER>SEP
M0257	pdb3wrt	exact	0	
M0257	pdb3wrz	exact	0	
M0257	pdb3ws0	exact	0	
M0257	pdb3ws1	exact	0	
M0257	pdb3ws2	exact	0	
M0257	pdb3ws4	exact	0	
M0257	pdb3ws5	exact	0	
M0257	pdb3wwx	partial	NA	
M0257	pdb3zyt	partial	NA	
M0257	pdb4e3i	substituted	1	SER>ALA
M0257	pdb4e3j	substituted	1	SER>ALA
M0257	pdb4e3k	substituted	1	SER>ALA
M0257	pdb4e3l	substituted	1	SER>ALA
M0257	pdb4e3m	substituted	1	SER>ALA
M0257	pdb4e3n	substituted	1	SER>ALA
M0257	pdb4e3o	substituted	1	SER>ALA
M0257	pdb4e6w	partial	NA	
M0257	pdb4e6x	partial	NA	
M0257	pdb4gdn	partial	NA	
M0257	pdb4gzb	exact	0	
M0257	pdb4hef	exact	0	
M0257	pdb4ivi	partial	NA	
M0257	pdb4ivk	partial	NA	
M0257	pdb4jxg	substituted	1	SER>ALA
M0257	pdb4jxs	substituted	1	SER>ALA
M0257	pdb4jxv	substituted	1	SER>ALA
M0257	pdb4jxw	substituted	1	SER>ALA
M0257	pdb4ken	substituted	6	TYR>GLN,GLU>LEU,LYS>TRP,SER>LYS,SER>GLU,LYS>SER
M0257	pdb4kg2	substituted	1	SER>ALA
M0257	pdb4kg5	substituted	1	SER>ALA
M0257	pdb4kg6	substituted	1	SER>ALA
M0257	pdb4kz3	substituted	1	SER>ALA
M0257	pdb4kz4	substituted	1	SER>ALA
M0257	pdb4kz5	substituted	1	SER>ALA
M0257	pdb4kz6	substituted	1	SER>ALA
M0257	pdb4kz7	substituted	1	SER>ALA
M0257	pdb4kz8	substituted	1	SER>ALA
M0257	pdb4kz9	substituted	1	SER>ALA
M0257	pdb4kza	substituted	1	SER>ALA
M0257	pdb4kzb	substituted	1	SER>ALA
M0257	pdb4lv0	substituted	1	SER>ALA
M0257	pdb4lv1	substituted	1	SER>ALA
M0257	pdb4lv2	substituted	1	SER>ALA
M0257	pdb4lv3	substituted	1	SER>ALA
M0257	pdb4net	exact	0	
M0257	pdb4nk3	exact	0	
M0257	pdb4okp	substituted	1	SER>ALA
M0257	pdb4old	substituted	1	SER>ALA
M0257	pdb4olg	substituted	1	SER>ALA
M0257	pdb4ooy	exact	0	
M0257	pdb4qd4	exact	0	
M0257	pdb4u0t	exact	0	
M0257	pdb4u0x	exact	0	
M0257	pdb4wbg	exact	0	
M0257	pdb4wyy	exact	0	
M0257	pdb4wz4	exact	0	
M0257	pdb4x68	exact	0	
M0257	pdb4xux	exact	0	
M0257	pdb4y7p	substituted	2	GLU>THR,LYS>HIS
M0257	pdb5cgs	exact	0	
M0257	pdb5cgw	substituted	1	TYR>PHE
M0257	pdb5cgx	substituted	1	TYR>PHE
M0257	pdb5chj	exact	0	
M0257	pdb5chm	exact	0	
M0257	pdb5chu	exact	0	
M0257	pdb5e2g	exact	0	
M0257	pdb5e2h	exact	0	
M0257	pdb5evi	exact	0	
M0257	pdb5evl	exact	0	
M0257	pdb5f1f	exact	0	
M0257	pdb5f1g	substituted	1	SER>ALA
M0257	pdb5ggw	substituted	1	SER>ALA
M0257	pdb5gsc	exact	0	
M0257	pdb5gzw	substituted	1	SER>ALA
M0257	pdb5hai	substituted	1	SER>GLY
M0257	pdb5joc	substituted	2	SER>ALA,SER>ALA
M0257	pdb5k1d	exact	0	
M0257	pdb5k1f	exact	0	
M0257	pdb5w12	exact	0	
M0257	pdb5w13	exact	0	
M0257	pdb5w14	exact	0	
M0257	pdb5wac	exact	0	
M0257	pdb5wad	exact	0	
M0257	pdb5wae	exact	0	
M0257	pdb5waf	exact	0	
M0257	pdb5wag	exact	0	
M0257	pdb5xhr	exact	0	
M0257	pdb5za2	exact	0	
M0257	pdb5zyb	exact	0	
M0257	pdb6dpt	substituted	1	SER>ALA
M0257	pdb6dpx	substituted	1	SER>ALA
M0257	pdb6dpy	substituted	1	SER>ALA
M0257	pdb6dpz	substituted	1	SER>ALA
M0257	pdb6fm6	exact	0	
M0257	pdb6fm7	exact	0	
M0257	pdb6g9t	exact	0	
M0257	pdb6i30	exact	0	
M0257	pdb6k8x	exact	0	
M0257	pdb6k9t	exact	0	
M0257	pdb6ka5	exact	0	
M0257	pdb6kby	exact	0	
M0257	pdb6ksu	partial	NA	
M0257	pdb6ksv	partial	NA	
M0257	pdb6lc7	exact	0	
M0257	pdb6lc8	exact	0	
M0257	pdb6lc9	exact	0	
M0257	pdb6m5h	substituted	1	TYR>PHE
M0257	pdb6m5p	substituted	1	TYR>PHE
M0257	pdb6m5q	substituted	1	TYR>PHE
M0257	pdb6n9k	substituted	1	SER>ALA
M0257	pdb6njk	substituted	1	SER>ALA
M0257	pdb6pwl	exact	0	
M0257	pdb6pwm	exact	0	
M0257	pdb6s1s	exact	0	
M0257	pdb6t35	substituted	1	SER>ALA
M0257	pdb6t3d	substituted	1	SER>ALA
M0257	pdb6t5y	substituted	1	SER>ALA
M0257	pdb6t7l	substituted	1	SER>ALA
M0257	pdb6tbw	substituted	1	SER>ALA
M0257	pdb6tpm	substituted	1	SER>ALA
M0257	pdb6tzf	exact	0	
M0257	pdb6tzg	exact	0	
M0257	pdb6tzh	exact	0	
M0257	pdb6tzi	exact	0	
M0257	pdb6tzj	exact	0	
M0257	pdb6uqs	exact	0	
M0257	pdb6uqt	exact	0	
M0257	pdb6uqu	exact	0	
M0257	pdb6ur3	exact	0	
M0257	pdb6wgq	substituted	1	SER>ALA
M0257	pdb6whf	substituted	1	SER>ALA
M0257	pdb6wif	exact	0	
M0257	pdb6x9y	substituted	1	SER>ALA
M0257	pdb6xfs	substituted	1	SER>ALA
M0257	pdb6xg1	substituted	1	SER>ALA
M0257	pdb6yen	substituted	1	SER>ALA
M0257	pdb6yeo	substituted	1	SER>ALA
M0257	pdb6ypd	substituted	1	SER>ALA
M0257	pdb7cin	substituted	1	SER>ALA
M0257	pdb7mqn	exact	0	
M0789	pdb1nb8	exact	0	
M0789	pdb1nbf	exact	0	
M0789	pdb1vjv	substituted	1	ASP>ASN
M0789	pdb2ayn	partial	NA	
M0789	pdb2ayo	partial	NA	
M0789	pdb2f1z	exact	0	
M0789	pdb2gfo	exact	0	
M0789	pdb2hd5	substituted	1	ASP>ASN
M0789	pdb2ibi	substituted	1	ASP>ASN
M0789	pdb2y5b	substituted	1	ASP>ASN
M0789	pdb2y6e	substituted	1	CYS>CME
M0789	pdb3i3t	substituted	1	ASP>ASN
M0789	pdb3m99	substituted	1	ASP>ASN
M0789	pdb3mhh	substituted	1	ASP>ASN
M0789	pdb3mhs	substituted	1	ASP>ASN
M0789	pdb3mtn	substituted	1	ASP>ASN
M0789	pdb3n3k	exact	0	
M0789	pdb3nhe	substituted	2	CYS>CME,ASP>ASN
M0789	pdb3v6c	substituted	1	ASP>ASN
M0789	pdb3v6e	substituted	1	ASP>ASN
M0789	pdb4fip	substituted	1	ASP>ASN
M0789	pdb4fjc	substituted	2	ASN>CYS,ASP>ASN
M0789	pdb4fk5	substituted	1	ASP>ASN
M0789	pdb4m5w	exact	0	
M0789	pdb4m5x	exact	0	
M0789	pdb4w4u	substituted	1	ASP>ASN
M0789	pdb4wa6	substituted	1	ASP>ASN
M0789	pdb4zux	substituted	2	CYS>ALA,ASP>ASN
M0789	pdb5a5b	partial	NA	
M0789	pdb5cht	substituted	1	ASP>ASN
M0789	pdb5chv	substituted	1	ASP>ASN
M0789	pdb5cvm	exact	0	
M0789	pdb5cvn	exact	0	
M0789	pdb5cvo	exact	0	
M0789	pdb5fwi	partial	NA	
M0789	pdb5gjq	partial	NA	
M0789	pdb5j7t	exact	0	
M0789	pdb5jtj	exact	0	
M0789	pdb5jtv	exact	0	
M0789	pdb5k16	exact	0	
M0789	pdb5k1a	exact	0	
M0789	pdb5k1b	substituted	2	ASN>GLY,CYS>GLY
M0789	pdb5k1c	exact	0	
M0789	pdb5kyb	exact	0	
M0789	pdb5kyc	partial	NA	
M0789	pdb5kyd	partial	NA	
M0789	pdb5kye	exact	0	
M0789	pdb5kyf	partial	NA	
M0789	pdb5l8h	exact	0	
M0789	pdb5l8w	exact	0	
M0789	pdb5mpc	partial	NA	
M0789	pdb5nge	exact	0	
M0789	pdb5ngf	exact	0	
M0789	pdb5ohk	substituted	1	ASP>SER
M0789	pdb5ohn	partial	NA	
M0789	pdb5ohp	substituted	2	CYS>ALA,ASP>SER
M0789	pdb5uqv	exact	0	
M0789	pdb5uqx	exact	0	
M0789	pdb5vs6	exact	0	
M0789	pdb5vsb	exact	0	
M0789	pdb5vsk	exact	0	
M0789	pdb6t9l	substituted	1	ASP>ASN
M0363	pdb1c2t	exact	0	
M0363	pdb1c3e	exact	0	
M0363	pdb1cdd	exact	0	
M0363	pdb1cde	exact	0	
M0363	pdb1gar	exact	0	
M0363	pdb1grc	exact	0	
M0363	pdb1jkx	exact	0	
M0363	pdb1mej	substituted	1	SER>THR
M0363	pdb1men	substituted	1	SER>THR
M0363	pdb1meo	partial	NA	
M0363	pdb1njs	substituted	1	SER>THR
M0363	pdb1rbm	substituted	1	SER>THR
M0363	pdb1rbq	substituted	1	SER>THR
M0363	pdb1rby	substituted	1	SER>THR
M0363	pdb1rbz	substituted	1	SER>THR
M0363	pdb1rc0	substituted	1	SER>THR
M0363	pdb1rc1	substituted	1	SER>THR
M0363	pdb1zlx	substituted	1	SER>THR
M0363	pdb1zly	substituted	1	SER>THR
M0363	pdb2gar	exact	0	
M0363	pdb2ywr	substituted	1	SER>THR
M0363	pdb3auf	substituted	1	SER>THR
M0363	pdb3av3	substituted	1	SER>THR
M0363	pdb3da8	substituted	1	SER>THR
M0363	pdb3dcj	substituted	1	SER>THR
M0363	pdb3gar	exact	0	
M0363	pdb3kcq	substituted	1	SER>THR
M0363	pdb3lou	substituted	1	SER>THR
M0363	pdb3n0v	substituted	1	SER>THR
M0363	pdb3nrb	substituted	1	SER>THR
M0363	pdb3o1l	substituted	1	SER>THR
M0363	pdb3obi	substituted	1	SER>THR
M0363	pdb3p9x	substituted	1	SER>THR
M0363	pdb3tqr	exact	0	
M0363	pdb3w7b	substituted	1	SER>THR
M0363	pdb4ds3	substituted	1	SER>THR
M0363	pdb4ew1	substituted	1	SER>THR
M0363	pdb4ew2	substituted	1	SER>THR
M0363	pdb4ew3	substituted	1	SER>THR
M0363	pdb4s1n	substituted	1	SER>THR
M0363	pdb4zyt	substituted	1	SER>THR
M0363	pdb4zyu	substituted	1	SER>THR
M0363	pdb4zyv	substituted	1	SER>THR
M0363	pdb4zyw	substituted	1	SER>THR
M0363	pdb4zyx	substituted	1	SER>THR
M0363	pdb4zyy	substituted	1	SER>THR
M0363	pdb4zyz	substituted	1	SER>THR
M0363	pdb4zz0	substituted	1	SER>THR
M0363	pdb4zz1	substituted	1	SER>THR
M0363	pdb4zz2	substituted	1	SER>THR
M0363	pdb4zz3	substituted	1	SER>THR
M0363	pdb5cjj	exact	0	
M0363	pdb5j9f	substituted	1	SER>THR
M0363	pdb5uai	substituted	1	SER>THR
M0363	pdb5uij	substituted	1	SER>THR
M0363	pdb5uik	substituted	1	SER>THR
M0363	pdb5uil	substituted	1	SER>THR
M0363	pdb5uim	substituted	1	SER>THR
M0363	pdb5uin	substituted	1	SER>THR
M0363	pdb5vyr	exact	0	
M0363	pdb5vys	exact	0	
M0363	pdb5vyt	exact	0	
M0363	pdb5vyu	exact	0	
M0363	pdb7jg0	substituted	1	SER>THR
M0363	pdb7jg3	substituted	1	SER>THR
M0363	pdb7jg4	substituted	1	SER>THR
M0391	pdb1a95	exact	0	
M0391	pdb1a96	exact	0	
M0391	pdb1a97	exact	0	
M0391	pdb1a98	exact	0	
M0391	pdb1nul	exact	0	
M0391	pdb4jit	exact	0	
M0391	pdb4jls	exact	0	
M0391	pdb4trb	exact	0	
M0391	pdb4trc	exact	0	
M0391	pdb4ts5	exact	0	
M0391	pdb4ts7	exact	0	
M0391	pdb4z1o	exact	0	
M0391	pdb4zfn	exact	0	
M0391	pdb5bqo	exact	0	
M0391	pdb5bqp	exact	0	
M0826	pdb1axk	exact	0	
M0826	pdb1byh	exact	0	
M0826	pdb1cpm	exact	0	
M0826	pdb1cpn	exact	0	
M0826	pdb1gbg	exact	0	
M0826	pdb1glh	exact	0	
M0826	pdb1mac	exact	0	
M0826	pdb1u0a	substituted	2	GLU>GLN,GLU>GLN
M0826	pdb1umz	exact	0	
M0826	pdb1un1	exact	0	
M0826	pdb2ayh	exact	0	
M0826	pdb2uwa	exact	0	
M0826	pdb2uwb	exact	0	
M0826	pdb2uwc	exact	0	
M0826	pdb2vh9	exact	0	
M0826	pdb3d6e	exact	0	
M0826	pdb3o5s	exact	0	
M0826	pdb3wvj	exact	0	
M0826	pdb5dze	substituted	1	GLU>ALA
M0826	pdb5dzf	substituted	1	GLU>ALA
M0826	pdb5dzg	substituted	1	GLU>ALA
M0826	pdb5sv8	exact	0	
M0952	pdb2ai6	exact	0	
M0952	pdb2bas	partial	NA	
M0952	pdb2ble	partial	NA	
M0952	pdb2bwg	partial	NA	
M0952	pdb2f6q	partial	NA	
M0952	pdb2fne	partial	NA	
M0952	pdb2h1i	partial	NA	
M0952	pdb2hw4	exact	0	
M0952	pdb2iwo	partial	NA	
M0952	pdb2iwp	partial	NA	
M0952	pdb2jak	partial	NA	
M0952	pdb2jku	partial	NA	
M0952	pdb2m4e	partial	NA	
M0952	pdb2nmm	exact	0	
M0952	pdb2nzl	partial	NA	
M0952	pdb2ozw	exact	0	
M0952	pdb2ozx	exact	0	
M0952	pdb2p8u	partial	NA	
M0952	pdb2pn8	partial	NA	
M0952	pdb2r4h	partial	NA	
M0952	pdb2uxw	partial	NA	
M0952	pdb2vo1	partial	NA	
M0952	pdb2w27	partial	NA	
M0952	pdb2w4m	partial	NA	
M0952	pdb2wa0	partial	NA	
M0952	pdb2xs6	partial	NA	
M0952	pdb3ec8	partial	NA	
M0952	pdb3fe1	partial	NA	
M0952	pdb3fxt	partial	NA	
M0952	pdb3gdq	partial	NA	
M0952	pdb3hjb	partial	NA	
M0952	pdb3i33	partial	NA	
M0952	pdb3iuc	partial	NA	
M0952	pdb3kcz	partial	NA	
M0952	pdb3kjd	partial	NA	
M0952	pdb3loq	partial	NA	
M0952	pdb3ly5	partial	NA	
M0952	pdb3n3w	partial	NA	
M0952	pdb3n8e	partial	NA	
M0952	pdb3o2r	partial	NA	
M0952	pdb3p0c	partial	NA	
M0952	pdb3q71	partial	NA	
M0952	pdb3tcs	partial	NA	
M0952	pdb4az9	partial	NA	
M0952	pdb4c8b	partial	NA	
M0952	pdb4dqx	partial	NA	
M0952	pdb4dup	partial	NA	
M0952	pdb4eek	partial	NA	
M0952	pdb4eel	partial	NA	
M0952	pdb4een	partial	NA	
M0952	pdb4had	partial	NA	
M0952	pdb4has	partial	NA	
M0952	pdb4hlx	partial	NA	
M0952	pdb4hly	partial	NA	
M0952	pdb4hnl	partial	NA	
M0952	pdb4jbb	partial	NA	
M0952	pdb4jwt	partial	NA	
M0952	pdb4jwv	partial	NA	
M0952	pdb4jyj	partial	NA	
M0952	pdb4k7g	partial	NA	
M0952	pdb4k7x	partial	NA	
M0952	pdb4l8t	partial	NA	
M0952	pdb4lk5	substituted	6	LYS>PHE,HIS>ILE,ALA>THR,ARG>GLY,SER>ALA,ALA>PRO
M0952	pdb4lls	partial	NA	
M0952	pdb4llt	partial	NA	
M0952	pdb4lnh	partial	NA	
M0952	pdb4mch	partial	NA	
M0952	pdb4mci	partial	NA	
M0952	pdb4mpf	partial	NA	
M0952	pdb4mpg	partial	NA	
M0952	pdb4n18	partial	NA	
M0952	pdb4nx1	partial	NA	
M0952	pdb4onx	partial	NA	
M0952	pdb4ovp	partial	NA	
M0952	pdb4pjv	partial	NA	
M0952	pdb4q60	partial	NA	
M0952	pdb4tvj	partial	NA	
M0952	pdb4u18	partial	NA	
M0952	pdb4u19	partial	NA	
M0952	pdb4u1a	partial	NA	
M0952	pdb4yqy	partial	NA	
M0952	pdb4z0n	partial	NA	
M0952	pdb4zzl	partial	NA	
M0952	pdb5bp9	partial	NA	
M0952	pdb5cqe	partial	NA	
M0952	pdb5hko	partial	NA	
M0952	pdb5hsg	partial	NA	
M0952	pdb5uzb	partial	NA	
M0952	pdb5x29	partial	NA	
M0117	pdb1amo	exact	0	
M0117	pdb1b2r	substituted	2	ASP>ALA,TRP>TYR
M0117	pdb1bjk	substituted	2	ASP>GLU,TRP>TYR
M0117	pdb1bqe	substituted	2	ASP>GLU,TRP>TYR
M0117	pdb1bx0	substituted	2	ASP>LEU,TRP>TYR
M0117	pdb1bx1	substituted	2	ASP>GLN,TRP>TYR
M0117	pdb1ddg	substituted	1	TRP>TYR
M0117	pdb1ddi	substituted	1	TRP>TYR
M0117	pdb1e62	substituted	2	ASP>GLU,TRP>TYR
M0117	pdb1e63	substituted	2	ASP>GLU,TRP>TYR
M0117	pdb1e64	substituted	2	ASP>GLU,TRP>TYR
M0117	pdb1ewy	substituted	2	ASP>GLU,TRP>TYR
M0117	pdb1f20	substituted	1	TRP>PHE
M0117	pdb1fnb	substituted	2	ASP>GLU,TRP>TYR
M0117	pdb1fnc	substituted	2	ASP>GLU,TRP>TYR
M0117	pdb1fnd	substituted	2	ASP>GLU,TRP>TYR
M0117	pdb1frn	substituted	3	SER>VAL,ASP>GLU,TRP>TYR
M0117	pdb1frq	substituted	2	ASP>ALA,TRP>TYR
M0117	pdb1gaq	substituted	2	ASP>GLU,TRP>TYR
M0117	pdb1gaw	substituted	2	ASP>GLU,TRP>TYR
M0117	pdb1gjr	substituted	2	ASP>GLU,TRP>TYR
M0117	pdb1go2	substituted	2	ASP>GLU,TRP>TYR
M0117	pdb1gr1	substituted	2	ASP>GLU,TRP>TYR
M0117	pdb1h42	substituted	2	ASP>GLU,TRP>TYR
M0117	pdb1h85	substituted	2	ASP>GLU,TRP>TYR
M0117	pdb1j9z	substituted	1	TRP>GLY
M0117	pdb1ja0	partial	NA	
M0117	pdb1ja1	substituted	3	SER>ALA,CYS>ALA,ASP>ASN
M0117	pdb1jb9	partial	NA	
M0117	pdb1ogi	substituted	2	ASP>GLU,TRP>TYR
M0117	pdb1ogj	substituted	2	ASP>GLU,TRP>TYR
M0117	pdb1qfy	substituted	2	ASP>GLU,TRP>SER
M0117	pdb1qfz	substituted	2	ASP>GLU,TRP>SER
M0117	pdb1qg0	substituted	2	ASP>GLU,TRP>TYR
M0117	pdb1qga	substituted	1	ASP>GLU
M0117	pdb1qgy	substituted	2	ASP>GLU,TRP>TYR
M0117	pdb1qgz	substituted	2	ASP>GLU,TRP>TYR
M0117	pdb1qh0	substituted	2	ASP>GLU,TRP>TYR
M0117	pdb1que	substituted	2	ASP>GLU,TRP>TYR
M0117	pdb1quf	substituted	2	ASP>GLU,TRP>TYR
M0117	pdb1sm4	substituted	2	ASP>GLU,TRP>TYR
M0117	pdb1tll	substituted	1	TRP>PHE
M0117	pdb1w34	substituted	2	ASP>GLU,TRP>SER
M0117	pdb1w35	substituted	1	ASP>GLU
M0117	pdb1w87	substituted	1	ASP>GLU
M0117	pdb2b5o	substituted	2	ASP>GLU,TRP>TYR
M0117	pdb2bf4	exact	0	
M0117	pdb2bmw	substituted	2	ASP>GLU,TRP>TYR
M0117	pdb2bn4	exact	0	
M0117	pdb2bpo	exact	0	
M0117	pdb2bsa	substituted	2	ASP>GLU,TRP>SER
M0117	pdb2qtl	exact	0	
M0117	pdb2qtz	exact	0	
M0117	pdb2rc5	partial	NA	
M0117	pdb2rc6	partial	NA	
M0117	pdb2vyq	substituted	2	ASP>GLU,TRP>SER
M0117	pdb2vzl	substituted	2	ASP>GLU,TRP>SER
M0117	pdb2x3u	substituted	2	ASP>GLU,TRP>PHE
M0117	pdb2xnc	substituted	2	ASP>GLU,TRP>TYR
M0117	pdb3es9	exact	0	
M0117	pdb3fjo	exact	0	
M0117	pdb3hr4	partial	NA	
M0117	pdb3lo8	partial	NA	
M0117	pdb3lvb	partial	NA	
M0117	pdb3mhp	substituted	2	ASP>GLU,TRP>TYR
M0117	pdb3ojw	exact	0	
M0117	pdb3ojx	exact	0	
M0117	pdb3qe2	exact	0	
M0117	pdb3qfc	exact	0	
M0117	pdb3qfr	exact	0	
M0117	pdb3qfs	exact	0	
M0117	pdb3qft	exact	0	
M0117	pdb3vo1	substituted	2	ASP>GLU,TRP>TYR
M0117	pdb3vo2	substituted	2	ASP>GLU,TRP>TYR
M0117	pdb3w5u	substituted	2	ASP>GLU,TRP>TYR
M0117	pdb3w5v	substituted	2	ASP>GLU,TRP>TYR
M0117	pdb3wkt	exact	0	
M0117	pdb3zbt	substituted	2	ASP>GLU,TRP>TYR
M0117	pdb3zbu	substituted	3	SER>ALA,ASP>GLU,TRP>TYR
M0117	pdb3zc3	substituted	3	SER>ALA,ASP>GLU,TRP>TYR
M0117	pdb4af6	substituted	2	ASP>GLU,TRP>TYR
M0117	pdb4af7	substituted	3	CYS>MET,ASP>GLU,TRP>TYR
M0117	pdb4bpr	substituted	2	ASP>GLU,TRP>TYR
M0117	pdb4dqk	exact	0	
M0117	pdb4dql	exact	0	
M0117	pdb4y7c	exact	0	
M0117	pdb4y9r	exact	0	
M0117	pdb4y9u	exact	0	
M0117	pdb4yaf	exact	0	
M0117	pdb4yal	exact	0	
M0117	pdb4yao	exact	0	
M0117	pdb4yau	exact	0	
M0117	pdb4yaw	exact	0	
M0117	pdb5emn	exact	0	
M0117	pdb5fa6	exact	0	
M0117	pdb5gxu	exact	0	
M0117	pdb5h59	partial	NA	
M0117	pdb5h5j	partial	NA	
M0117	pdb5urd	exact	0	
M0117	pdb5ure	exact	0	
M0117	pdb5urg	exact	0	
M0117	pdb5urh	exact	0	
M0117	pdb5uri	exact	0	
M0117	pdb5vw2	partial	NA	
M0117	pdb5vw3	partial	NA	
M0117	pdb5vw4	partial	NA	
M0117	pdb5vw5	partial	NA	
M0117	pdb5vw6	partial	NA	
M0117	pdb5vw7	partial	NA	
M0117	pdb5vw8	partial	NA	
M0117	pdb5vw9	partial	NA	
M0117	pdb5vwa	partial	NA	
M0117	pdb5vwb	partial	NA	
M0117	pdb6efv	substituted	1	TRP>TYR
M0117	pdb6j79	exact	0	
M0117	pdb6j7a	exact	0	
M0117	pdb6j7i	exact	0	
M0117	pdb6njr	substituted	1	CYS>ALA
M0117	pdb6t1t	exact	0	
M0117	pdb6t1u	exact	0	
M0117	pdb7l18	partial	NA	
M0563	pdb1aa6	exact	0	
M0563	pdb1fdi	exact	0	
M0563	pdb1fdo	exact	0	
M0563	pdb1h0h	exact	0	
M0563	pdb1kqf	exact	0	
M0563	pdb1kqg	exact	0	
M0563	pdb1ogy	substituted	3	SEC>CYS,HIS>MET,HIS>MET
M0563	pdb2e7z	substituted	3	SEC>CYS,HIS>ILE,HIS>ILE
M0563	pdb2iv2	exact	0	
M0563	pdb2ivf	substituted	3	SEC>ASP,HIS>ILE,HIS>ILE
M0563	pdb2jim	substituted	3	SEC>CYS,HIS>MET,HIS>MET
M0563	pdb2jio	substituted	3	SEC>CYS,HIS>MET,HIS>MET
M0563	pdb2jip	substituted	3	SEC>CYS,HIS>MET,HIS>MET
M0563	pdb2jiq	substituted	3	SEC>CYS,HIS>MET,HIS>MET
M0563	pdb2jir	substituted	3	SEC>CYS,HIS>MET,HIS>MET
M0563	pdb2nap	substituted	3	SEC>CYS,HIS>MET,HIS>MET
M0563	pdb2nya	substituted	3	SEC>CYS,HIS>MET,HIS>MET
M0563	pdb2v3v	substituted	3	SEC>CYS,HIS>MET,HIS>MET
M0563	pdb2v45	substituted	3	SEC>CYS,HIS>MET,HIS>MET
M0563	pdb2vpw	substituted	3	SEC>CYS,HIS>THR,HIS>THR
M0563	pdb2vpx	substituted	3	SEC>CYS,HIS>THR,HIS>THR
M0563	pdb2vpy	substituted	3	SEC>CYS,HIS>THR,HIS>THR
M0563	pdb2vpz	substituted	3	SEC>CYS,HIS>THR,HIS>THR
M0563	pdb3ml1	substituted	3	SEC>CYS,HIS>MET,HIS>MET
M0563	pdb3o5a	substituted	3	SEC>CYS,HIS>MET,HIS>MET
M0563	pdb4ydd	partial	NA	
M0563	pdb5ch7	partial	NA	
M0563	pdb5chc	partial	NA	
M0563	pdb5e7o	partial	NA	
M0563	pdb5t5i	partial	NA	
M0563	pdb5t5m	partial	NA	
M0563	pdb5t61	partial	NA	
M0854	pdb1d7r	substituted	1	PHE>TRP
M0854	pdb1d7s	substituted	1	PHE>TRP
M0854	pdb1d7u	substituted	1	PHE>TRP
M0854	pdb1d7v	substituted	1	PHE>TRP
M0854	pdb1dgd	substituted	1	PHE>TRP
M0854	pdb1dge	substituted	1	PHE>TRP
M0854	pdb1dka	substituted	1	PHE>TRP
M0854	pdb1gbn	exact	0	
M0854	pdb1m0n	substituted	1	PHE>TRP
M0854	pdb1m0o	substituted	1	PHE>TRP
M0854	pdb1m0p	substituted	1	PHE>TRP
M0854	pdb1m0q	substituted	1	PHE>TRP
M0854	pdb1oat	exact	0	
M0854	pdb1ohv	exact	0	
M0854	pdb1ohw	exact	0	
M0854	pdb1ohy	exact	0	
M0854	pdb1s08	partial	NA	
M0854	pdb1sf2	substituted	1	PHE>TYR
M0854	pdb1sff	substituted	1	PHE>TYR
M0854	pdb1szk	substituted	1	PHE>TYR
M0854	pdb1szs	substituted	1	PHE>TYR
M0854	pdb1szu	substituted	1	PHE>TYR
M0854	pdb1vef	exact	0	
M0854	pdb1wkg	exact	0	
M0854	pdb1wkh	exact	0	
M0854	pdb1z3z	substituted	1	PHE>TRP
M0854	pdb1z7d	partial	NA	
M0854	pdb1zc9	substituted	1	PHE>TRP
M0854	pdb1zob	substituted	1	PHE>TRP
M0854	pdb1zod	substituted	1	PHE>TRP
M0854	pdb2byj	exact	0	
M0854	pdb2byl	exact	0	
M0854	pdb2can	exact	0	
M0854	pdb2cin	exact	0	
M0854	pdb2cjd	exact	0	
M0854	pdb2cjg	exact	0	
M0854	pdb2cjh	exact	0	
M0854	pdb2dkb	substituted	1	PHE>TRP
M0854	pdb2e54	exact	0	
M0854	pdb2eh6	exact	0	
M0854	pdb2eo5	exact	0	
M0854	pdb2jje	substituted	1	THR>SER
M0854	pdb2jjf	exact	0	
M0854	pdb2jjg	exact	0	
M0854	pdb2jjh	exact	0	
M0854	pdb2oat	exact	0	
M0854	pdb2ord	exact	0	
M0854	pdb2pb0	exact	0	
M0854	pdb2pb2	exact	0	
M0854	pdb2zuk	substituted	1	PHE>TYR
M0854	pdb3dxv	substituted	1	PHE>TYR
M0854	pdb3dxw	substituted	1	PHE>TYR
M0854	pdb3fcr	substituted	2	PHE>TYR,LYS>LLP
M0854	pdb3gju	substituted	2	PHE>TYR,LYS>LLP
M0854	pdb3hmu	partial	NA	
M0854	pdb3i4j	partial	NA	
M0854	pdb3lg0	exact	0	
M0854	pdb3n5m	substituted	4	PHE>ASN,ASP>ILE,LYS>THR,THR>GLY
M0854	pdb3ntj	exact	0	
M0854	pdb3nui	substituted	1	PHE>TYR
M0854	pdb3nx3	exact	0	
M0854	pdb3oks	substituted	2	PHE>TYR,LYS>LLP
M0854	pdb3q8n	substituted	1	PHE>TYR
M0854	pdb3r4t	substituted	2	PHE>TYR,LYS>LLP
M0854	pdb3ruy	substituted	1	LYS>LLP
M0854	pdb4a6r	partial	NA	
M0854	pdb4a6t	partial	NA	
M0854	pdb4a6u	partial	NA	
M0854	pdb4a72	partial	NA	
M0854	pdb4adb	exact	0	
M0854	pdb4adc	exact	0	
M0854	pdb4add	exact	0	
M0854	pdb4ade	exact	0	
M0854	pdb4ah3	partial	NA	
M0854	pdb4atp	substituted	1	PHE>TYR
M0854	pdb4atq	substituted	1	PHE>TYR
M0854	pdb4ba4	partial	NA	
M0854	pdb4ba5	partial	NA	
M0854	pdb4e3q	substituted	1	PHE>TYR
M0854	pdb4e3r	substituted	2	PHE>TYR,LYS>LLP
M0854	pdb4ffc	substituted	2	PHE>TYR,LYS>LLP
M0854	pdb4grx	substituted	2	PHE>TYR,LYS>LLP
M0854	pdb4jev	exact	0	
M0854	pdb4jew	exact	0	
M0854	pdb4jex	exact	0	
M0854	pdb4jey	exact	0	
M0854	pdb4jez	exact	0	
M0854	pdb4jf0	substituted	1	LYS>LLP
M0854	pdb4jf1	exact	0	
M0854	pdb4nog	substituted	1	PHE>TYR
M0854	pdb4ppm	substituted	1	PHE>TYR
M0854	pdb4uox	exact	0	
M0854	pdb4uoy	exact	0	
M0854	pdb4y0d	exact	0	
M0854	pdb4y0h	exact	0	
M0854	pdb4y0i	exact	0	
M0854	pdb4ysn	substituted	1	PHE>TYR
M0854	pdb4ysv	substituted	2	PHE>TYR,THR>LEU
M0854	pdb4zlv	substituted	1	PHE>TYR
M0854	pdb4zsw	exact	0	
M0854	pdb4zsy	exact	0	
M0854	pdb4zwm	substituted	1	PHE>TYR
M0854	pdb5dj9	substituted	1	PHE>TYR
M0854	pdb5e3k	substituted	1	PHE>TYR
M0854	pdb5e5i	substituted	1	PHE>TYR
M0854	pdb5eav	substituted	1	PHE>TYR
M0854	pdb5eqc	substituted	1	PHE>TYR
M0854	pdb5g4i	substituted	1	PHE>TYR
M0854	pdb5g4j	substituted	1	PHE>TYR
M0854	pdb5ghf	substituted	1	PHE>TYR
M0854	pdb5ghg	substituted	1	PHE>TYR
M0854	pdb5h7d	exact	0	
M0854	pdb5kqw	substituted	3	ASP>TYR,LYS>ASP,THR>ARG
M0854	pdb5kr3	substituted	3	ASP>ILE,LYS>ASP,THR>ARG
M0854	pdb5kr4	substituted	3	ASP>ILE,LYS>ASP,THR>ARG
M0854	pdb5kr5	substituted	3	ASP>ILE,LYS>ASP,THR>ARG
M0854	pdb5kr6	substituted	2	ASP>MET,THR>ARG
M0854	pdb5lh9	substituted	1	PHE>TYR
M0854	pdb5lha	substituted	1	PHE>TYR
M0854	pdb5ll2	substituted	1	PHE>TYR
M0854	pdb5ll3	substituted	1	PHE>TYR
M0854	pdb5m46	substituted	1	PHE>TYR
M0854	pdb5m49	substituted	1	PHE>TYR
M0854	pdb5m4b	substituted	1	PHE>TYR
M0854	pdb5m4d	substituted	1	PHE>TYR
M0854	pdb5ti8	partial	NA	
M0854	pdb5uc7	partial	NA	
M0854	pdb5viu	exact	0	
M0854	pdb5vwo	exact	0	
M0854	pdb5wya	substituted	1	PHE>TYR
M0854	pdb5wyf	substituted	1	PHE>TYR
M0854	pdb5x3f	exact	0	
M0854	pdb6oia	exact	0	
M0854	pdb6v8c	exact	0	
M0854	pdb6v8d	exact	0	
M0854	pdb7jx9	exact	0	
M0881	pdb1efz	exact	0	
M0881	pdb1enu	exact	0	
M0881	pdb1f3e	exact	0	
M0881	pdb1iq8	exact	0	
M0881	pdb1it7	exact	0	
M0881	pdb1it8	exact	0	
M0881	pdb1j2b	exact	0	
M0881	pdb1k4g	exact	0	
M0881	pdb1k4h	exact	0	
M0881	pdb1n2v	exact	0	
M0881	pdb1ozm	exact	0	
M0881	pdb1ozq	exact	0	
M0881	pdb1p0b	exact	0	
M0881	pdb1p0d	exact	0	
M0881	pdb1p0e	exact	0	
M0881	pdb1pud	exact	0	
M0881	pdb1pxg	substituted	1	ASP>GLU
M0881	pdb1q2r	exact	0	
M0881	pdb1q2s	exact	0	
M0881	pdb1q4w	exact	0	
M0881	pdb1q63	exact	0	
M0881	pdb1q65	exact	0	
M0881	pdb1q66	exact	0	
M0881	pdb1r5y	exact	0	
M0881	pdb1s38	exact	0	
M0881	pdb1s39	exact	0	
M0881	pdb1wkd	substituted	1	ASP>ALA
M0881	pdb1wke	exact	0	
M0881	pdb1wkf	exact	0	
M0881	pdb1y5v	exact	0	
M0881	pdb1y5w	exact	0	
M0881	pdb1y5x	exact	0	
M0881	pdb2ash	exact	0	
M0881	pdb2bbf	exact	0	
M0881	pdb2nqz	exact	0	
M0881	pdb2nso	exact	0	
M0881	pdb2oko	exact	0	
M0881	pdb2pot	exact	0	
M0881	pdb2pwu	exact	0	
M0881	pdb2pwv	exact	0	
M0881	pdb2qii	exact	0	
M0881	pdb2qzr	exact	0	
M0881	pdb2z1v	exact	0	
M0881	pdb2z1w	exact	0	
M0881	pdb2z1x	exact	0	
M0881	pdb2z7k	exact	0	
M0881	pdb3bl3	exact	0	
M0881	pdb3bld	exact	0	
M0881	pdb3bll	exact	0	
M0881	pdb3blo	exact	0	
M0881	pdb3c2y	exact	0	
M0881	pdb3eos	exact	0	
M0881	pdb3eou	exact	0	
M0881	pdb3gc4	exact	0	
M0881	pdb3gc5	exact	0	
M0881	pdb3ge7	exact	0	
M0881	pdb3hfy	exact	0	
M0881	pdb3rr4	exact	0	
M0881	pdb3s1g	exact	0	
M0881	pdb3sm0	exact	0	
M0881	pdb3tll	exact	0	
M0881	pdb3unt	exact	0	
M0881	pdb3uvi	exact	0	
M0881	pdb4dxx	exact	0	
M0881	pdb4dy1	exact	0	
M0881	pdb4e2v	exact	0	
M0881	pdb4fps	exact	0	
M0881	pdb4fr1	exact	0	
M0881	pdb4fr6	exact	0	
M0881	pdb4fsa	exact	0	
M0881	pdb4gcx	exact	0	
M0881	pdb4gd0	exact	0	
M0881	pdb4gg9	exact	0	
M0881	pdb4gh1	exact	0	
M0881	pdb4gh3	exact	0	
M0881	pdb4ghr	substituted	1	ASP>ASN
M0881	pdb4gi4	exact	0	
M0881	pdb4giy	exact	0	
M0881	pdb4gkt	exact	0	
M0881	pdb4h6e	exact	0	
M0881	pdb4h7z	exact	0	
M0881	pdb4hqv	exact	0	
M0881	pdb4hsh	exact	0	
M0881	pdb4htb	exact	0	
M0881	pdb4hvx	exact	0	
M0881	pdb4ipp	exact	0	
M0881	pdb4jbr	exact	0	
M0881	pdb4kwo	exact	0	
M0881	pdb4l56	exact	0	
M0881	pdb4lbu	exact	0	
M0881	pdb4leq	exact	0	
M0881	pdb4puj	exact	0	
M0881	pdb4puk	exact	0	
M0881	pdb4pul	substituted	1	ASP>ASN
M0881	pdb4pum	exact	0	
M0881	pdb4pun	exact	0	
M0881	pdb4q4m	exact	0	
M0881	pdb4q4o	exact	0	
M0881	pdb4q4p	exact	0	
M0881	pdb4q4q	exact	0	
M0881	pdb4q4r	exact	0	
M0881	pdb4q4s	exact	0	
M0881	pdb4q8m	exact	0	
M0881	pdb4q8n	exact	0	
M0881	pdb4q8o	exact	0	
M0881	pdb4q8p	exact	0	
M0881	pdb4q8q	exact	0	
M0881	pdb4q8t	exact	0	
M0881	pdb4q8u	exact	0	
M0881	pdb4q8v	exact	0	
M0881	pdb4q8w	exact	0	
M0881	pdb5egr	exact	0	
M0881	pdb5i00	exact	0	
M0881	pdb5i02	exact	0	
M0881	pdb5i03	exact	0	
M0881	pdb5i06	exact	0	
M0881	pdb5i07	exact	0	
M0881	pdb5i09	exact	0	
M0881	pdb5j9m	exact	0	
M0881	pdb5j9n	exact	0	
M0881	pdb5j9o	exact	0	
M0881	pdb5jgm	exact	0	
M0881	pdb5jgo	exact	0	
M0881	pdb5jsv	exact	0	
M0881	pdb5jsw	exact	0	
M0881	pdb5jt5	exact	0	
M0881	pdb5jt6	exact	0	
M0881	pdb5jt7	exact	0	
M0881	pdb5jxq	exact	0	
M0881	pdb5lpo	exact	0	
M0881	pdb5lpp	exact	0	
M0881	pdb5lpq	exact	0	
M0881	pdb5lps	partial	NA	
M0881	pdb5lpt	exact	0	
M0881	pdb5n6f	exact	0	
M0881	pdb5sw3	exact	0	
M0881	pdb5uti	exact	0	
M0881	pdb5utj	exact	0	
M0881	pdb5v3c	exact	0	
M0881	pdb6fmn	exact	0	
M0881	pdb6fpu	exact	0	
M0881	pdb6fso	exact	0	
M0881	pdb6rkq	exact	0	
M0881	pdb6rkt	exact	0	
M0881	pdb6ygp	exact	0	
M0881	pdb6ygr	exact	0	
M0881	pdb6ygs	exact	0	
M0881	pdb6ygx	exact	0	
M0881	pdb6ygy	exact	0	
M0881	pdb6ygz	exact	0	
M0881	pdb6yh1	exact	0	
M0881	pdb6yh2	exact	0	
M0881	pdb6yh3	exact	0	
M0881	pdb6yhd	exact	0	
M0881	pdb6yhe	exact	0	
M0881	pdb6yiq	exact	0	
M0881	pdb6yyz	exact	0	
M0874	pdb1otg	exact	0	
M0874	pdb3e6q	partial	NA	
M0874	pdb4jcu	exact	0	
M0874	pdb4jj9	partial	NA	
M0597	pdb1cmx	exact	0	
M0597	pdb1uch	exact	0	
M0597	pdb1xd3	exact	0	
M0597	pdb2etl	exact	0	
M0597	pdb2len	exact	0	
M0597	pdb2wdt	exact	0	
M0597	pdb2we6	exact	0	
M0597	pdb3a7s	substituted	1	CYS>ALA
M0597	pdb3ifw	exact	0	
M0597	pdb3ihr	exact	0	
M0597	pdb3irt	exact	0	
M0597	pdb3kvf	exact	0	
M0597	pdb3kw5	exact	0	
M0597	pdb3rii	substituted	1	CYS>SER
M0597	pdb3ris	exact	0	
M0597	pdb3tb3	substituted	1	CYS>ALA
M0597	pdb4dm9	exact	0	
M0597	pdb4i6n	exact	0	
M0597	pdb4ig7	exact	0	
M0597	pdb4jkj	exact	0	
M0597	pdb4uel	exact	0	
M0597	pdb4uem	exact	0	
M0597	pdb4uf5	exact	0	
M0597	pdb4uf6	exact	0	
M0597	pdb4wlp	exact	0	
M0597	pdb4wlq	exact	0	
M0597	pdb4wlr	exact	0	
M0597	pdb6isu	exact	0	
M0070	pdb1dci	substituted	2	TYR>ALA,HIS>ILE
M0070	pdb1dub	substituted	2	TYR>PRO,HIS>ALA
M0070	pdb1ef8	exact	0	
M0070	pdb1ef9	exact	0	
M0070	pdb1ey3	substituted	2	TYR>PRO,HIS>ALA
M0070	pdb1hzd	substituted	2	TYR>PRO,HIS>ALA
M0070	pdb1jxz	substituted	2	TYR>ASN,HIS>PHE
M0070	pdb1mj3	substituted	2	TYR>PRO,HIS>ALA
M0070	pdb1nzy	substituted	2	TYR>ASN,HIS>PHE
M0070	pdb1q51	substituted	2	TYR>ASP,HIS>GLY
M0070	pdb1q52	substituted	2	TYR>ASP,HIS>GLY
M0070	pdb1rjm	substituted	2	TYR>ASP,HIS>GLY
M0070	pdb1rjn	substituted	2	TYR>ASP,HIS>GLY
M0070	pdb1uiy	substituted	2	TYR>ALA,HIS>ALA
M0070	pdb1wdk	substituted	2	TYR>PRO,HIS>ALA
M0070	pdb1wdl	substituted	2	TYR>PRO,HIS>ALA
M0070	pdb1wdm	substituted	2	TYR>PRO,HIS>ALA
M0070	pdb1wz8	substituted	3	GLY>ALA,TYR>ALA,HIS>GLY
M0070	pdb2a7k	substituted	3	GLY>MET,TYR>CYS,HIS>GLY
M0070	pdb2a81	substituted	3	GLY>MET,TYR>CYS,HIS>GLY
M0070	pdb2d3t	substituted	2	TYR>PRO,HIS>ALA
M0070	pdb2dub	substituted	2	TYR>PRO,HIS>ALA
M0070	pdb2ej5	substituted	3	GLY>ALA,TYR>PRO,HIS>GLU
M0070	pdb2f6q	substituted	3	GLY>ILE,TYR>PRO,HIS>ASN
M0070	pdb2hw5	substituted	2	TYR>PRO,HIS>ALA
M0070	pdb2iex	substituted	2	TYR>ASP,HIS>GLY
M0070	pdb2j5i	substituted	2	TYR>PRO,HIS>MET
M0070	pdb2pbp	substituted	2	TYR>PRO,HIS>ALA
M0070	pdb2ppy	substituted	2	TYR>ALA,HIS>ALA
M0070	pdb2qq3	substituted	2	TYR>PRO,HIS>ALA
M0070	pdb2uzf	substituted	2	TYR>ASP,HIS>GLY
M0070	pdb2vre	substituted	2	TYR>ALA,HIS>ILE
M0070	pdb2vss	substituted	2	TYR>PRO,HIS>MET
M0070	pdb2vsu	substituted	2	TYR>PRO,HIS>MET
M0070	pdb2vx2	substituted	2	GLY>ALA,TYR>CYS
M0070	pdb2wtb	substituted	2	TYR>PRO,HIS>PHE
M0070	pdb2x58	substituted	2	TYR>PRO,HIS>ALA
M0070	pdb2zqq	substituted	2	TYR>PRO,HIS>ALA
M0070	pdb2zqr	substituted	2	TYR>PRO,HIS>ALA
M0070	pdb3fdu	substituted	2	GLY>LYS,TYR>VAL
M0070	pdb3g64	substituted	3	GLY>ALA,TYR>GLY,HIS>GLY
M0070	pdb3h02	substituted	2	TYR>ASP,HIS>GLY
M0070	pdb3h81	substituted	2	TYR>PRO,HIS>ALA
M0070	pdb3he2	substituted	3	GLY>ALA,TYR>LEU,HIS>ALA
M0070	pdb3hin	substituted	2	TYR>VAL,HIS>LEU
M0070	pdb3hp0	substituted	1	HIS>ALA
M0070	pdb3hrx	substituted	3	GLY>ALA,TYR>PRO,HIS>GLN
M0070	pdb3i47	substituted	2	TYR>PRO,HIS>ALA
M0070	pdb3kqf	substituted	2	TYR>PRO,HIS>ALA
M0070	pdb3l3s	substituted	2	GLY>ALA,TYR>OCS
M0070	pdb3lao	substituted	3	GLY>ALA,TYR>PRO,HIS>LEU
M0070	pdb3lke	substituted	2	TYR>PRO,HIS>PRO
M0070	pdb3moy	substituted	2	TYR>PRO,HIS>ALA
M0070	pdb3myb	substituted	2	GLY>ALA,TYR>CYS
M0070	pdb3oc7	substituted	2	TYR>PRO,HIS>ALA
M0070	pdb3ome	partial	NA	
M0070	pdb3ot6	substituted	2	TYR>MSE,HIS>TYR
M0070	pdb3p5m	substituted	3	GLY>PHE,TYR>PRO,HIS>GLY
M0070	pdb3p85	substituted	2	TYR>PRO,HIS>LEU
M0070	pdb3pe8	substituted	2	TYR>PRO,HIS>LEU
M0070	pdb3pea	substituted	2	TYR>PRO,HIS>ALA
M0070	pdb3pzk	substituted	2	TYR>PRO,HIS>ALA
M0070	pdb3q0g	substituted	2	TYR>PRO,HIS>ALA
M0070	pdb3q0j	substituted	2	TYR>PRO,HIS>ALA
M0070	pdb3qk8	substituted	3	GLY>ALA,TYR>ALA,HIS>GLY
M0070	pdb3qka	substituted	2	TYR>LEU,HIS>ALA
M0070	pdb3qmj	substituted	3	GLY>ILE,TYR>PRO,HIS>THR
M0070	pdb3qre	substituted	3	GLY>ILE,TYR>ALA,HIS>PRO
M0070	pdb3qxi	substituted	2	TYR>ALA,HIS>MET
M0070	pdb3qxz	substituted	3	GLY>ILE,TYR>PRO,HIS>ALA
M0070	pdb3qyr	substituted	2	TYR>PRO,HIS>LEU
M0070	pdb3r0o	substituted	2	TYR>ALA,HIS>ALA
M0070	pdb3r9s	substituted	2	TYR>ALA,HIS>ALA
M0070	pdb3r9t	substituted	2	TYR>ALA,HIS>ALA
M0070	pdb3rsi	partial	NA	
M0070	pdb3swx	substituted	3	GLY>LEU,TYR>PRO,HIS>LEU
M0070	pdb3t3w	partial	NA	
M0070	pdb3t88	substituted	2	TYR>ASP,HIS>GLY
M0070	pdb3t89	substituted	2	TYR>ASP,HIS>GLY
M0070	pdb3t8a	substituted	2	TYR>ASP,HIS>GLY
M0070	pdb3t8b	substituted	2	TYR>ASP,HIS>GLY
M0070	pdb3tlf	substituted	3	GLY>ALA,TYR>ALA,HIS>ALA
M0070	pdb3trr	substituted	2	TYR>ALA,HIS>MET
M0070	pdb3zw8	substituted	2	TYR>PRO,HIS>ALA
M0070	pdb3zw9	substituted	2	TYR>PRO,HIS>ALA
M0070	pdb3zwa	substituted	2	TYR>PRO,HIS>ALA
M0070	pdb3zwb	substituted	2	TYR>PRO,HIS>ALA
M0070	pdb3zwc	substituted	2	TYR>PRO,HIS>ALA
M0070	pdb4di1	substituted	3	GLY>ALA,TYR>PRO,HIS>ASP
M0070	pdb4els	substituted	2	TYR>ASP,HIS>GLY
M0070	pdb4elw	substituted	2	TYR>ASP,HIS>GLY
M0070	pdb4elx	substituted	2	TYR>ASP,HIS>GLY
M0070	pdb4eml	substituted	2	TYR>ASP,HIS>GLY
M0070	pdb4f47	partial	NA	
M0070	pdb4fjw	substituted	2	TYR>PRO,HIS>ALA
M0070	pdb4fzw	substituted	3	GLY>ALA,TYR>PRO,HIS>ALA
M0070	pdb4hdt	substituted	2	TYR>PRO,HIS>GLY
M0070	pdb4i42	substituted	2	TYR>ASP,HIS>GLY
M0070	pdb4i4z	substituted	2	TYR>ASP,HIS>GLY
M0070	pdb4i52	substituted	2	TYR>ASP,HIS>GLY
M0070	pdb4j2u	substituted	2	TYR>PRO,HIS>GLY
M0070	pdb4jcs	substituted	3	GLY>ALA,TYR>PRO,HIS>THR
M0070	pdb4jfc	substituted	3	GLY>ALA,TYR>PRO,HIS>GLY
M0070	pdb4jjt	substituted	2	TYR>PRO,HIS>LEU
M0070	pdb4jot	substituted	3	GLY>ALA,TYR>ALA,HIS>LEU
M0070	pdb4jwv	substituted	2	TYR>GLY,HIS>ALA
M0070	pdb4jyl	substituted	2	TYR>ALA,HIS>ALA
M0070	pdb4k29	partial	NA	
M0070	pdb4k2n	substituted	2	TYR>MSE,HIS>ALA
M0070	pdb4k3w	substituted	2	TYR>PRO,HIS>GLY
M0070	pdb4kd6	substituted	3	GLY>SER,TYR>SER,HIS>GLN
M0070	pdb4knp	substituted	2	TYR>PRO,HIS>ALA
M0070	pdb4kpk	substituted	2	TYR>PRO,HIS>ALA
M0070	pdb4lk5	substituted	3	GLY>VAL,TYR>PRO,HIS>ALA
M0070	pdb4mi2	substituted	3	GLY>ALA,TYR>ALA,HIS>GLN
M0070	pdb4mou	substituted	1	HIS>ALA
M0070	pdb4nek	substituted	3	GLY>ILE,TYR>PRO,HIS>ASN
M0070	pdb4nnq	substituted	2	TYR>CYS,HIS>LEU
M0070	pdb4og1	substituted	2	TYR>PRO,HIS>LEU
M0070	pdb4olq	substituted	1	HIS>ALA
M0070	pdb4q1i	substituted	2	TYR>PRO,HIS>GLY
M0070	pdb4q1k	substituted	2	TYR>PRO,HIS>GLY
M0070	pdb4qii	substituted	2	TYR>ASP,HIS>GLY
M0070	pdb4qij	substituted	2	TYR>ASP,HIS>GLY
M0070	pdb4u18	substituted	3	GLY>ILE,TYR>PRO,HIS>ASN
M0070	pdb4u19	substituted	3	GLY>ILE,TYR>PRO,HIS>ASN
M0070	pdb4u1a	substituted	3	GLY>ILE,TYR>PRO,HIS>ASN
M0070	pdb4wcz	substituted	1	HIS>ALA
M0070	pdb4zu2	substituted	2	TYR>PRO,HIS>GLY
M0070	pdb5aaj	partial	NA	
M0070	pdb5c9g	substituted	1	HIS>ALA
M0070	pdb5dtp	substituted	3	GLY>ALA,TYR>LEU,HIS>ALA
M0070	pdb5dtw	substituted	3	GLY>ALA,TYR>LEU,HIS>ALA
M0070	pdb5du4	substituted	3	GLY>ALA,TYR>LEU,HIS>ALA
M0070	pdb5du6	substituted	3	GLY>ALA,TYR>LEU,HIS>ALA
M0070	pdb5du8	substituted	3	GLY>ALA,TYR>LEU,HIS>ALA
M0070	pdb5duc	substituted	3	GLY>ALA,TYR>LEU,HIS>ALA
M0070	pdb5duf	substituted	3	GLY>ALA,TYR>LEU,HIS>ALA
M0070	pdb5e0n	partial	NA	
M0070	pdb5jbw	substituted	2	TYR>PRO,HIS>ALA
M0070	pdb5jbx	substituted	2	TYR>PRO,HIS>ALA
M0070	pdb5kjp	substituted	2	TYR>ALA,HIS>MSE
M0070	pdb5mgb	substituted	2	TYR>PRO,HIS>ALA
M0070	pdb5o34	partial	NA	
M0070	pdb5omo	substituted	2	TYR>PRO,HIS>ALA
M0070	pdb5ve2	substituted	3	GLY>VAL,TYR>PRO,HIS>ASN
M0070	pdb5wyb	substituted	2	TYR>PRO,HIS>ALA
M0070	pdb5wyd	substituted	2	TYR>PRO,HIS>ALA
M0070	pdb5xzd	substituted	2	TYR>ALA,HIS>ALA
M0070	pdb5ylo	substituted	3	GLY>ALA,TYR>PRO,HIS>ALA
M0070	pdb5z7r	substituted	2	TYR>PRO,HIS>ALA
M0070	pdb5zai	substituted	2	TYR>PRO,HIS>ALA
M0070	pdb6ijk	substituted	3	GLY>VAL,TYR>PRO,HIS>ALA
M0070	pdb6l3o	substituted	2	TYR>PRO,HIS>MET
M0070	pdb6l3p	substituted	2	TYR>PRO,HIS>MET
M0070	pdb6ldz	substituted	2	TYR>ALA,HIS>MET
M0070	pdb6lvp	substituted	2	TYR>PRO,HIS>ALA
M0070	pdb6n92	exact	0	
M0070	pdb6n93	exact	0	
M0070	pdb6n94	exact	0	
M0070	pdb6n95	exact	0	
M0070	pdb6n96	exact	0	
M0070	pdb6n97	exact	0	
M0070	pdb6ojm	substituted	2	TYR>ASP,HIS>GLY
M0070	pdb6p5u	substituted	2	TYR>PRO,HIS>MET
M0070	pdb6sl9	partial	NA	
M0070	pdb6sla	partial	NA	
M0070	pdb6slb	partial	NA	
M0070	pdb6wyi	partial	NA	
M0070	pdb7bor	substituted	3	GLY>ILE,TYR>PRO,HIS>ASN
M0070	pdb7crd	substituted	3	GLY>ILE,TYR>PRO,HIS>ASN
M0070	pdb7mcm	substituted	3	GLY>ALA,TYR>PRO,HIS>GLY
M0423	pdb1bhg	exact	0	
M0423	pdb1dp0	exact	0	
M0423	pdb1f4a	exact	0	
M0423	pdb1f4h	exact	0	
M0423	pdb1hn1	exact	0	
M0423	pdb1jyn	substituted	1	GLU>GLN
M0423	pdb1jyv	substituted	1	GLU>GLN
M0423	pdb1jyw	substituted	1	GLU>GLN
M0423	pdb1jyx	exact	0	
M0423	pdb1jz2	exact	0	
M0423	pdb1jz3	exact	0	
M0423	pdb1jz4	exact	0	
M0423	pdb1jz5	exact	0	
M0423	pdb1jz6	exact	0	
M0423	pdb1jz7	exact	0	
M0423	pdb1jz8	substituted	1	GLU>GLN
M0423	pdb1px3	exact	0	
M0423	pdb1px4	exact	0	
M0423	pdb1yq2	exact	0	
M0423	pdb3bga	exact	0	
M0423	pdb3cmg	exact	0	
M0423	pdb3czj	exact	0	
M0423	pdb3dec	exact	0	
M0423	pdb3dym	exact	0	
M0423	pdb3dyo	exact	0	
M0423	pdb3dyp	exact	0	
M0423	pdb3e1f	exact	0	
M0423	pdb3fn9	substituted	1	ASP>ASN
M0423	pdb3gm8	substituted	2	ASP>ARG,TYR>LEU
M0423	pdb3hn3	exact	0	
M0423	pdb3i3b	exact	0	
M0423	pdb3i3d	exact	0	
M0423	pdb3i3e	exact	0	
M0423	pdb3iap	exact	0	
M0423	pdb3iaq	exact	0	
M0423	pdb3j7h	exact	0	
M0423	pdb3k46	exact	0	
M0423	pdb3k4a	exact	0	
M0423	pdb3k4d	exact	0	
M0423	pdb3lpf	exact	0	
M0423	pdb3lpg	exact	0	
M0423	pdb3muy	exact	0	
M0423	pdb3muz	exact	0	
M0423	pdb3mv0	exact	0	
M0423	pdb3mv1	exact	0	
M0423	pdb3ob8	exact	0	
M0423	pdb3oba	exact	0	
M0423	pdb3sep	exact	0	
M0423	pdb3t08	exact	0	
M0423	pdb3t09	exact	0	
M0423	pdb3t0a	exact	0	
M0423	pdb3t0b	exact	0	
M0423	pdb3t0d	exact	0	
M0423	pdb3t2o	exact	0	
M0423	pdb3t2p	exact	0	
M0423	pdb3t2q	exact	0	
M0423	pdb3vd3	exact	0	
M0423	pdb3vd4	exact	0	
M0423	pdb3vd5	exact	0	
M0423	pdb3vd7	exact	0	
M0423	pdb3vd9	exact	0	
M0423	pdb3vda	exact	0	
M0423	pdb3vdb	exact	0	
M0423	pdb3vdc	exact	0	
M0423	pdb4ckd	exact	0	
M0423	pdb4cu6	substituted	1	ASP>ARG
M0423	pdb4cu7	substituted	1	ASP>ARG
M0423	pdb4cu8	substituted	1	ASP>ARG
M0423	pdb4cuc	substituted	2	ASP>ARG,GLU>GLN
M0423	pdb4duv	exact	0	
M0423	pdb4duw	exact	0	
M0423	pdb4dux	exact	0	
M0423	pdb4jhz	exact	0	
M0423	pdb4jkk	exact	0	
M0423	pdb4jkl	exact	0	
M0423	pdb4jkm	exact	0	
M0423	pdb4ttg	exact	0	
M0423	pdb4v40	partial	NA	
M0423	pdb4v41	partial	NA	
M0423	pdb4v44	partial	NA	
M0423	pdb4v45	partial	NA	
M0423	pdb4ypj	substituted	1	ASP>ARG
M0423	pdb5a1a	exact	0	
M0423	pdb5c70	exact	0	
M0423	pdb5c71	substituted	2	GLU>ASP,GLU>ASP
M0423	pdb5czk	exact	0	
M0423	pdb5dmy	substituted	1	ASP>ARG
M0423	pdb5euv	substituted	1	TYR>PHE
M0423	pdb5ldr	substituted	1	TYR>PHE
M0423	pdb5t98	substituted	2	ASP>ARG,GLU>SER
M0423	pdb5t99	substituted	2	ASP>ARG,GLU>SER
M0423	pdb5t9a	substituted	2	ASP>ARG,GLU>GLY
M0423	pdb5t9g	substituted	2	ASP>ARG,GLU>GLY
M0423	pdb5uj6	exact	0	
M0423	pdb6b6l	substituted	1	ASP>ARG
M0423	pdb6cxs	exact	0	
M0423	pdb6drv	exact	0	
M0423	pdb6lem	exact	0	
M0423	pdb6nzg	exact	0	
M0266	pdb1apy	substituted	1	SER>THR
M0266	pdb1apz	substituted	1	SER>THR
M0266	pdb1ayy	substituted	1	SER>THR
M0266	pdb1jn9	substituted	1	SER>THR
M0266	pdb1k2x	substituted	1	SER>THR
M0266	pdb1p4k	partial	NA	
M0266	pdb1p4v	partial	NA	
M0266	pdb1t3m	substituted	1	SER>THR
M0266	pdb2a8i	partial	NA	
M0266	pdb2a8j	partial	NA	
M0266	pdb2a8l	partial	NA	
M0266	pdb2a8m	partial	NA	
M0266	pdb2gac	partial	NA	
M0266	pdb2gaw	substituted	1	SER>THR
M0266	pdb2gez	substituted	1	SER>THR
M0266	pdb2gl9	substituted	2	SER>CYS,THR>CYS
M0266	pdb2zak	substituted	6	SER>ALA,THR>ALA,THR>ASN,ARG>THR,THR>GLY,GLY>ARG
M0266	pdb2zal	substituted	1	SER>THR
M0266	pdb3c17	substituted	6	SER>ALA,THR>ALA,THR>ASN,ARG>THR,THR>GLY,GLY>ARG
M0266	pdb3ljq	partial	NA	
M0266	pdb3tkj	substituted	6	SER>ALA,THR>ALA,THR>ASN,ARG>THR,THR>GLY,GLY>ARG
M0266	pdb4et0	substituted	5	SER>THR,THR>ASN,ARG>THR,THR>GLY,GLY>ARG
M0266	pdb4o0c	substituted	5	SER>THR,THR>ASN,ARG>THR,THR>GLY,GLY>ARG
M0266	pdb4o0d	substituted	5	THR>SER,THR>ASN,ARG>THR,THR>GLY,GLY>ARG
M0266	pdb4o0e	substituted	5	SER>THR,THR>ASN,ARG>VAL,THR>GLY,GLY>ARG
M0266	pdb4o0f	substituted	5	SER>THR,THR>ASN,ARG>THR,THR>GLY,GLY>ARG
M0266	pdb4o0g	substituted	5	SER>THR,THR>ASN,ARG>THR,THR>GLY,GLY>ARG
M0266	pdb4o0h	substituted	5	SER>THR,THR>ASN,ARG>THR,THR>GLY,GLY>ARG
M0266	pdb4o47	substituted	6	SER>ASN,THR>ASN,THR>ARG,ARG>ALA,THR>LYS,GLY>THR
M0266	pdb4o48	substituted	6	SER>ASN,THR>ASN,THR>ARG,ARG>ALA,THR>LYS,GLY>THR
M0266	pdb4osx	substituted	5	SER>THR,THR>ASN,ARG>THR,THR>GLY,GLY>ARG
M0266	pdb4osy	substituted	5	SER>THR,THR>ASN,ARG>THR,THR>GLY,GLY>ARG
M0266	pdb4pu6	substituted	1	SER>THR
M0266	pdb4pv2	substituted	1	SER>THR
M0266	pdb4pv3	substituted	1	SER>THR
M0266	pdb4pvp	substituted	5	SER>THR,THR>ASN,ARG>THR,THR>GLY,GLY>ARG
M0266	pdb4pvq	substituted	5	SER>THR,THR>ASN,ARG>THR,THR>GLY,GLY>ARG
M0266	pdb4pvr	substituted	5	SER>THR,THR>ASN,ARG>THR,THR>GLY,GLY>ARG
M0266	pdb4pvs	substituted	5	SER>THR,THR>ASN,ARG>THR,THR>GLY,GLY>ARG
M0266	pdb4r4y	substituted	5	SER>THR,THR>SER,ARG>THR,THR>GLY,GLY>ARG
M0266	pdb4zm9	substituted	5	SER>THR,THR>ASN,ARG>THR,THR>GLY,GLY>ARG
M0266	pdb5v2i	substituted	5	SER>THR,THR>SER,ARG>THR,THR>GLY,GLY>ARG
M0266	pdb6dey	substituted	2	SER>THR,THR>ILE
M0266	pdb6nq6	substituted	1	SER>THR
M0266	pdb9gaa	partial	NA	
M0266	pdb9gac	partial	NA	
M0266	pdb9gaf	partial	NA	
M0262	pdb1jfa	exact	0	
M0262	pdb1jfg	exact	0	
M0262	pdb1kiy	substituted	1	ASP>GLU
M0262	pdb1kiz	substituted	1	ASP>GLU
M0262	pdb1yj4	substituted	1	TYR>PHE
M0262	pdb1yyq	substituted	1	TYR>PHE
M0262	pdb1yyr	substituted	1	TYR>PHE
M0262	pdb1yys	substituted	1	TYR>PHE
M0262	pdb1yyt	substituted	1	ASP>GLU
M0262	pdb1yyu	substituted	1	ASP>GLU
M0262	pdb2aek	substituted	1	ARG>LYS
M0262	pdb2ael	substituted	1	ARG>LYS
M0262	pdb2aet	substituted	1	ARG>LYS
M0262	pdb2ps4	exact	0	
M0262	pdb2ps5	exact	0	
M0262	pdb2ps6	exact	0	
M0262	pdb2ps7	exact	0	
M0262	pdb2ps8	exact	0	
M0262	pdb2q9y	exact	0	
M0262	pdb2q9z	exact	0	
M0806	pdb1cvr	exact	0	
M0806	pdb4ief	substituted	1	CYS>CSD
M0806	pdb4rbm	substituted	1	GLU>ASP
M0806	pdb4tkx	partial	NA	
M0806	pdb6i9a	substituted	1	GLU>ASP
M0937	pdb1d7k	substituted	1	LYS>LLP
M0937	pdb1f3t	exact	0	
M0937	pdb1njj	exact	0	
M0937	pdb1qu4	exact	0	
M0937	pdb1szr	exact	0	
M0937	pdb1tuf	substituted	1	LYS>LLP
M0937	pdb1twi	exact	0	
M0937	pdb2j66	substituted	1	HIS>TYR
M0937	pdb2nv9	exact	0	
M0937	pdb2nva	exact	0	
M0937	pdb2on3	exact	0	
M0937	pdb2oo0	exact	0	
M0937	pdb2p3e	exact	0	
M0937	pdb2plj	exact	0	
M0937	pdb2plk	exact	0	
M0937	pdb2qgh	exact	0	
M0937	pdb2tod	substituted	1	LYS>ALA
M0937	pdb2yxx	exact	0	
M0937	pdb3btn	exact	0	
M0937	pdb3c5q	exact	0	
M0937	pdb3n2b	exact	0	
M0937	pdb3vab	substituted	1	LYS>LLP
M0937	pdb4aib	exact	0	
M0937	pdb4xg1	exact	0	
M0937	pdb4zgy	exact	0	
M0937	pdb4zgz	exact	0	
M0937	pdb5bwa	exact	0	
M0937	pdb5gjm	exact	0	
M0937	pdb5gjn	exact	0	
M0937	pdb5gjo	exact	0	
M0937	pdb5gjp	exact	0	
M0937	pdb7odc	exact	0	
M0066	pdb1a0g	substituted	1	LEU>ALA
M0066	pdb1a3g	substituted	1	TYR>PHE
M0066	pdb1daa	exact	0	
M0066	pdb1et0	substituted	2	LEU>VAL,TYR>PHE
M0066	pdb1g2w	substituted	1	GLU>SER
M0066	pdb1i1k	substituted	1	TYR>PHE
M0066	pdb1i1l	substituted	1	TYR>PHE
M0066	pdb1i1m	substituted	1	TYR>PHE
M0066	pdb1i2k	substituted	2	LEU>VAL,TYR>PHE
M0066	pdb1i2l	substituted	2	LEU>VAL,TYR>PHE
M0066	pdb1iyd	substituted	1	TYR>PHE
M0066	pdb1iye	substituted	1	TYR>PHE
M0066	pdb1wrv	substituted	1	TYR>PHE
M0066	pdb2daa	exact	0	
M0066	pdb2dab	substituted	1	LEU>ALA
M0066	pdb2eiy	substituted	1	TYR>PHE
M0066	pdb2ej0	substituted	1	TYR>PHE
M0066	pdb2ej2	substituted	1	TYR>PHE
M0066	pdb2ej3	substituted	1	TYR>PHE
M0066	pdb2y4r	substituted	2	LEU>VAL,TYR>PHE
M0066	pdb3csw	exact	0	
M0066	pdb3daa	exact	0	
M0066	pdb3lqs	exact	0	
M0066	pdb3lul	substituted	2	LYS>LLP,TYR>PHE
M0066	pdb3u0g	substituted	1	TYR>PHE
M0066	pdb3wwh	exact	0	
M0066	pdb3wwi	exact	0	
M0066	pdb3wwj	exact	0	
M0066	pdb4ce5	exact	0	
M0066	pdb4chi	exact	0	
M0066	pdb4cmd	exact	0	
M0066	pdb4cmf	exact	0	
M0066	pdb4daa	exact	0	
M0066	pdb4jxu	substituted	2	LYS>LLP,TYR>PHE
M0066	pdb4m0j	substituted	1	LEU>VAL
M0066	pdb4pbc	partial	NA	
M0066	pdb4tm5	substituted	1	LYS>LLP
M0066	pdb4tvi	partial	NA	
M0066	pdb4uug	exact	0	
M0066	pdb4whx	substituted	2	LYS>LLP,TYR>PHE
M0066	pdb5ce8	substituted	1	TYR>PHE
M0066	pdb5cm0	substituted	1	TYR>PHE
M0066	pdb5daa	substituted	1	GLU>LYS
M0066	pdb5e25	substituted	1	TYR>PHE
M0066	pdb5fr9	exact	0	
M0066	pdb5k3w	substituted	1	TYR>PHE
M0066	pdb5mqz	substituted	2	LYS>LLP,TYR>PHE
M0066	pdb5mr0	substituted	1	TYR>PHE
M0066	pdb6bb9	substituted	2	LEU>VAL,TYR>PHE
M0066	pdb6fte	exact	0	
M0066	pdb6gkr	substituted	1	TYR>PHE
M0066	pdb6h65	substituted	1	TYR>PHE
M0066	pdb6nst	substituted	1	TYR>PHE
M0066	pdb6q8e	substituted	1	TYR>PHE
M0066	pdb6snl	exact	0	
M0066	pdb6thq	substituted	1	TYR>PHE
M0066	pdb6xu3	exact	0	
M0066	pdb6xwb	substituted	4	LYS>ARG,GLU>VAL,LEU>ILE,TYR>ARG
M0066	pdb7nea	substituted	1	TYR>PHE
M0066	pdb7neb	substituted	1	TYR>PHE
M0462	pdb1bvh	exact	0	
M0462	pdb1c0e	substituted	1	SER>ALA
M0462	pdb1d1p	exact	0	
M0462	pdb1d1q	substituted	1	CYS>ALA
M0462	pdb1d2a	substituted	1	CYS>ALA
M0462	pdb1dg9	exact	0	
M0462	pdb1phr	exact	0	
M0462	pdb1pnt	exact	0	
M0462	pdb1u2p	exact	0	
M0462	pdb1u2q	exact	0	
M0462	pdb1xww	exact	0	
M0462	pdb1z12	exact	0	
M0462	pdb1z13	exact	0	
M0462	pdb1zgg	exact	0	
M0462	pdb2cwd	exact	0	
M0462	pdb2fek	exact	0	
M0462	pdb2gi4	exact	0	
M0462	pdb2luo	exact	0	
M0462	pdb2p4u	exact	0	
M0462	pdb2wja	exact	0	
M0462	pdb2wmy	exact	0	
M0462	pdb3ido	exact	0	
M0462	pdb3ily	substituted	3	CYS>HIS,ASN>THR,CYS>LYS
M0462	pdb3js5	exact	0	
M0462	pdb3jvi	exact	0	
M0462	pdb3n8i	exact	0	
M0462	pdb3rof	exact	0	
M0462	pdb4d74	exact	0	
M0462	pdb4egs	partial	NA	
M0462	pdb4eti	exact	0	
M0462	pdb4etm	exact	0	
M0462	pdb4etn	substituted	1	CYS>SER
M0462	pdb4kk3	exact	0	
M0462	pdb4kk4	substituted	1	CYS>SEP
M0462	pdb4lrq	exact	0	
M0462	pdb4z99	exact	0	
M0462	pdb4z9a	exact	0	
M0462	pdb4z9b	exact	0	
M0462	pdb5got	exact	0	
M0462	pdb5jnr	exact	0	
M0462	pdb5jns	exact	0	
M0462	pdb5jnt	exact	0	
M0462	pdb5jnu	exact	0	
M0462	pdb5jnv	exact	0	
M0462	pdb5jnw	exact	0	
M0462	pdb5kqg	exact	0	
M0462	pdb5kql	exact	0	
M0462	pdb5kqm	exact	0	
M0462	pdb5kqp	exact	0	
M0462	pdb5pnt	exact	0	
M0380	pdb1ga1	exact	0	
M0380	pdb1ga4	exact	0	
M0380	pdb1ga6	exact	0	
M0380	pdb1gt9	exact	0	
M0380	pdb1gtg	exact	0	
M0380	pdb1gtj	exact	0	
M0380	pdb1gtl	exact	0	
M0380	pdb1kdv	partial	NA	
M0380	pdb1kdy	partial	NA	
M0380	pdb1kdz	partial	NA	
M0380	pdb1ke1	partial	NA	
M0380	pdb1ke2	partial	NA	
M0380	pdb1nlu	exact	0	
M0380	pdb1sio	exact	0	
M0380	pdb1siu	substituted	1	GLU>HIS
M0380	pdb1sn7	exact	0	
M0380	pdb1t1e	substituted	1	SER>ALA
M0380	pdb1t1g	exact	0	
M0380	pdb1t1i	exact	0	
M0380	pdb1zvj	substituted	1	ASP>ASN
M0380	pdb1zvk	substituted	2	ASP>ASN,GLU>HIS
M0380	pdb4ne7	exact	0	
M0380	pdb6m8w	exact	0	
M0380	pdb6m8y	exact	0	
M0380	pdb6m9c	exact	0	
M0380	pdb6m9d	exact	0	
M0380	pdb6m9f	exact	0	
M0403	pdb1ast	exact	0	
M0403	pdb1iaa	exact	0	
M0403	pdb1iab	exact	0	
M0403	pdb1iac	exact	0	
M0403	pdb1iad	exact	0	
M0403	pdb1iae	exact	0	
M0403	pdb1qji	exact	0	
M0403	pdb1qjj	exact	0	
M0403	pdb3edg	exact	0	
M0403	pdb3edh	exact	0	
M0403	pdb3edi	exact	0	
M0403	pdb3lq0	substituted	1	GLU>ALA
M0403	pdb3lqb	exact	0	
M0403	pdb3vtg	exact	0	
M0403	pdb4gwm	exact	0	
M0403	pdb4gwn	exact	0	
M0403	pdb6bto	exact	0	
M0141	pdb1ahu	substituted	8	ASP>GLU,GLU>ASP,GLU>ASP,TYR>VAL,TYR>ILE,ARG>LYS,ALA>LYS,MET>ASP
M0141	pdb1ahv	substituted	8	ASP>GLU,GLU>ASP,GLU>ASP,TYR>VAL,TYR>ILE,ARG>LYS,ALA>LYS,MET>ASP
M0141	pdb1ahz	substituted	8	ASP>GLU,GLU>ASP,GLU>ASP,TYR>VAL,TYR>ILE,ARG>LYS,ALA>LYS,MET>ASP
M0141	pdb1dii	substituted	2	ALA>ARG,MET>GLU
M0141	pdb1diq	substituted	2	ALA>ARG,MET>GLU
M0141	pdb1dzn	substituted	8	ASP>GLU,GLU>ASP,GLU>ASP,TYR>VAL,TYR>ILE,ARG>LYS,ALA>LYS,MET>ASP
M0141	pdb1e0y	substituted	8	ASP>GLU,GLU>ASP,GLU>ASP,TYR>VAL,TYR>ILE,ARG>LYS,ALA>LYS,MET>ASP
M0141	pdb1e8f	substituted	8	ASP>GLU,GLU>ASP,GLU>ASP,TYR>VAL,TYR>ILE,ARG>LYS,ALA>LYS,MET>ASP
M0141	pdb1e8g	substituted	8	ASP>GLU,GLU>ASP,GLU>ASP,TYR>VAL,TYR>ILE,ARG>LYS,ALA>LYS,MET>ASP
M0141	pdb1e8h	substituted	8	ASP>GLU,GLU>ASP,GLU>ASP,TYR>VAL,TYR>ILE,ARG>LYS,ALA>LYS,MET>ASP
M0141	pdb1qlt	substituted	8	ASP>GLU,GLU>ASP,GLU>ASP,TYR>VAL,TYR>ILE,ARG>LYS,ALA>LYS,MET>ASP
M0141	pdb1qlu	substituted	8	ASP>GLU,GLU>ASP,GLU>ASP,TYR>VAL,TYR>ILE,ARG>LYS,ALA>LYS,MET>ASP
M0141	pdb1vao	substituted	8	ASP>GLU,GLU>ASP,GLU>ASP,TYR>VAL,TYR>ILE,ARG>LYS,ALA>LYS,MET>ASP
M0141	pdb1w1j	substituted	8	ASP>GLU,GLU>ASP,GLU>ASP,TYR>VAL,TYR>ILE,ARG>LYS,ALA>LYS,MET>ASP
M0141	pdb1w1k	substituted	8	ASP>GLU,GLU>ASP,GLU>ASP,TYR>VAL,TYR>ILE,ARG>LYS,ALA>LYS,MET>ASP
M0141	pdb1w1l	substituted	8	ASP>GLU,GLU>ASP,GLU>ASP,TYR>VAL,TYR>ILE,ARG>LYS,ALA>LYS,MET>ASP
M0141	pdb1w1m	substituted	8	ASP>GLU,GLU>ASP,GLU>ASP,TYR>VAL,TYR>ILE,ARG>LYS,ALA>LYS,MET>ASP
M0141	pdb1wve	substituted	2	ALA>ARG,MET>GLU
M0141	pdb1wvf	substituted	2	ALA>ARG,MET>GLU
M0141	pdb2vao	substituted	8	ASP>GLU,GLU>ASP,GLU>ASP,TYR>VAL,TYR>ILE,ARG>LYS,ALA>LYS,MET>ASP
M0141	pdb3pm9	partial	NA	
M0141	pdb5fxd	substituted	7	GLU>ASP,GLU>ASP,TYR>ASP,TYR>LEU,ARG>LYS,ALA>LYS,MET>ASP
M0141	pdb5fxe	substituted	7	GLU>ASP,GLU>ASP,TYR>ASP,TYR>LEU,ARG>LYS,ALA>LYS,MET>ASP
M0141	pdb5fxf	substituted	7	GLU>ASP,GLU>ASP,TYR>ASP,TYR>LEU,ARG>LYS,ALA>LYS,MET>ASP
M0141	pdb5fxp	substituted	7	GLU>ASP,GLU>ASP,TYR>ASP,TYR>LEU,ARG>LYS,ALA>LYS,MET>ASP
M0141	pdb5mxj	substituted	8	ASP>GLU,GLU>ASP,GLU>ASP,TYR>VAL,TYR>ILE,ARG>LYS,ALA>LYS,MET>ASP
M0141	pdb5mxu	substituted	9	ASP>GLU,GLU>ASP,GLU>ASP,TYR>VAL,TYR>ILE,TYR>PHE,ARG>LYS,ALA>LYS,MET>ASP
M0237	pdb1ae1	substituted	2	ARG>GLY,ASP>SER
M0237	pdb1ahh	substituted	2	ARG>GLY,ASP>SER
M0237	pdb1ahi	substituted	2	ARG>GLY,ASP>SER
M0237	pdb1bdb	substituted	2	ARG>GLY,ASP>SER
M0237	pdb1cyd	substituted	2	ARG>GLY,ASP>SER
M0237	pdb1doh	substituted	2	ARG>GLY,ASP>SER
M0237	pdb1e3s	substituted	2	ARG>GLY,ASP>SER
M0237	pdb1e3w	substituted	2	ARG>GLY,ASP>SER
M0237	pdb1e6w	substituted	2	ARG>GLY,ASP>SER
M0237	pdb1e7w	exact	0	
M0237	pdb1e92	exact	0	
M0237	pdb1edo	substituted	2	ARG>GLY,ASP>SER
M0237	pdb1fmc	substituted	2	ARG>GLY,ASP>SER
M0237	pdb1g0n	substituted	2	ARG>GLY,ASP>SER
M0237	pdb1g0o	substituted	2	ARG>GLY,ASP>SER
M0237	pdb1g6k	substituted	2	ARG>GLY,ASP>SER
M0237	pdb1gco	substituted	2	ARG>GLY,ASP>SER
M0237	pdb1gee	substituted	2	ARG>GLY,ASP>SER
M0237	pdb1geg	substituted	2	ARG>GLY,ASP>SER
M0237	pdb1h5q	substituted	2	ARG>GLY,ASP>SER
M0237	pdb1hdc	substituted	2	ARG>GLY,ASP>SER
M0237	pdb1hxh	substituted	2	ARG>GLY,ASP>SER
M0237	pdb1i01	substituted	2	ARG>GLY,ASP>SER
M0237	pdb1ipe	substituted	2	ARG>GLY,ASP>SER
M0237	pdb1ipf	substituted	2	ARG>GLY,ASP>SER
M0237	pdb1iy8	substituted	2	ARG>GLY,ASP>SER
M0237	pdb1ja9	partial	NA	
M0237	pdb1k2w	substituted	2	ARG>GLY,ASP>SER
M0237	pdb1mxf	exact	0	
M0237	pdb1mxh	exact	0	
M0237	pdb1nff	substituted	2	ARG>GLY,ASP>SER
M0237	pdb1nfq	substituted	2	ARG>GLY,ASP>SER
M0237	pdb1nfr	substituted	2	ARG>GLY,ASP>SER
M0237	pdb1nxq	substituted	2	ARG>GLY,ASP>SER
M0237	pdb1o5i	substituted	3	ARG>GLY,ASP>SER,TYR>SER
M0237	pdb1p33	exact	0	
M0237	pdb1pr9	substituted	2	ARG>GLY,ASP>SER
M0237	pdb1q7b	substituted	2	ARG>GLY,ASP>SER
M0237	pdb1q7c	substituted	3	ARG>GLY,ASP>SER,TYR>PHE
M0237	pdb1rwb	substituted	2	ARG>GLY,ASP>SER
M0237	pdb1so8	substituted	2	ARG>GLY,ASP>SER
M0237	pdb1spx	substituted	2	ARG>GLY,ASP>SER
M0237	pdb1u7t	substituted	2	ARG>GLY,ASP>SER
M0237	pdb1uay	substituted	2	ARG>GLY,ASP>SER
M0237	pdb1uls	partial	NA	
M0237	pdb1ulu	substituted	3	ARG>SER,ASP>TYR,TYR>MSE
M0237	pdb1uzl	partial	NA	
M0237	pdb1uzm	partial	NA	
M0237	pdb1uzn	partial	NA	
M0237	pdb1vl8	substituted	2	ARG>GLY,ASP>SER
M0237	pdb1w0c	exact	0	
M0237	pdb1w4z	substituted	2	ARG>GLY,ASP>SER
M0237	pdb1w6u	substituted	3	ARG>GLY,ASP>THR,TYR>PRO
M0237	pdb1w73	substituted	3	ARG>GLY,ASP>THR,TYR>PRO
M0237	pdb1w8d	substituted	3	ARG>GLY,ASP>THR,TYR>PRO
M0237	pdb1wmb	substituted	2	ARG>GLY,ASP>SER
M0237	pdb1wnt	substituted	2	ARG>GLY,ASP>SER
M0237	pdb1x1e	substituted	2	ARG>GLY,ASP>SER
M0237	pdb1x1t	substituted	2	ARG>GLY,ASP>SER
M0237	pdb1x7g	substituted	2	ARG>GLY,ASP>SER
M0237	pdb1x7h	substituted	2	ARG>GLY,ASP>SER
M0237	pdb1xhl	substituted	2	ARG>GLY,ASP>SER
M0237	pdb1xkq	substituted	2	ARG>GLY,ASP>SER
M0237	pdb1xq1	partial	NA	
M0237	pdb1xr3	substituted	2	ARG>GLY,ASP>SER
M0237	pdb1ybv	substituted	2	ARG>GLY,ASP>SER
M0237	pdb1yde	substituted	2	ARG>GLY,ASP>SER
M0237	pdb1yxm	substituted	3	ARG>GLY,ASP>GLY,TYR>SER
M0237	pdb1zem	substituted	2	ARG>ASN,ASP>SER
M0237	pdb1zjy	substituted	2	ARG>GLY,ASP>SER
M0237	pdb1zjz	substituted	2	ARG>GLY,ASP>SER
M0237	pdb1zk0	substituted	2	ARG>GLY,ASP>SER
M0237	pdb1zk1	substituted	2	ARG>GLY,ASP>SER
M0237	pdb1zk2	substituted	2	ARG>GLY,ASP>SER
M0237	pdb1zk3	substituted	2	ARG>GLY,ASP>SER
M0237	pdb1zk4	substituted	2	ARG>GLY,ASP>SER
M0237	pdb2a4k	substituted	2	ARG>GLY,ASP>SER
M0237	pdb2ae1	substituted	2	ARG>GLY,ASP>SER
M0237	pdb2ae2	substituted	2	ARG>GLY,ASP>SER
M0237	pdb2ag5	partial	NA	
M0237	pdb2b4q	substituted	2	ARG>GLY,ASP>VAL
M0237	pdb2bf7	exact	0	
M0237	pdb2bfa	exact	0	
M0237	pdb2bfm	exact	0	
M0237	pdb2bfo	exact	0	
M0237	pdb2bfp	exact	0	
M0237	pdb2bgk	partial	NA	
M0237	pdb2bgl	partial	NA	
M0237	pdb2bgm	partial	NA	
M0237	pdb2c07	substituted	2	ARG>GLY,ASP>SER
M0237	pdb2c7v	exact	0	
M0237	pdb2cdh	partial	NA	
M0237	pdb2cf2	partial	NA	
M0237	pdb2cfc	substituted	2	ARG>GLY,ASP>SER
M0237	pdb2d1y	substituted	2	ARG>GLY,ASP>SER
M0237	pdb2dkn	partial	NA	
M0237	pdb2dtd	substituted	2	ARG>GLY,ASP>SER
M0237	pdb2dte	substituted	2	ARG>GLY,ASP>SER
M0237	pdb2dtx	substituted	2	ARG>GLY,ASP>SER
M0237	pdb2ekp	substituted	2	ARG>GLY,ASP>SER
M0237	pdb2ekq	substituted	2	ARG>GLY,ASP>SER
M0237	pdb2et6	substituted	2	ARG>GLY,ASP>SER
M0237	pdb2ew8	partial	NA	
M0237	pdb2ewm	partial	NA	
M0237	pdb2fwm	partial	NA	
M0237	pdb2gdz	substituted	2	ARG>GLY,ASP>SER
M0237	pdb2hq1	substituted	2	ARG>GLY,ASP>SER
M0237	pdb2hsd	substituted	2	ARG>GLY,ASP>SER
M0237	pdb2nm0	substituted	2	ARG>GLY,ASP>SER
M0237	pdb2ntn	partial	NA	
M0237	pdb2o23	substituted	2	ARG>GLY,ASP>SER
M0237	pdb2p68	substituted	2	ARG>GLY,ASP>SER
M0237	pdb2pd6	substituted	2	ARG>GLY,ASP>SER
M0237	pdb2ph3	substituted	2	ARG>GLY,ASP>SER
M0237	pdb2pnf	substituted	2	ARG>GLY,ASP>SER
M0237	pdb2q2q	substituted	2	ARG>GLY,ASP>SER
M0237	pdb2q2v	substituted	2	ARG>GLY,ASP>SER
M0237	pdb2q2w	substituted	2	ARG>GLY,ASP>SER
M0237	pdb2q45	partial	NA	
M0237	pdb2qhx	exact	0	
M0237	pdb2qio	substituted	3	ARG>SER,ASP>TYR,TYR>MET
M0237	pdb2rh4	substituted	2	ARG>GLY,ASP>SER
M0237	pdb2rhc	substituted	2	ARG>GLY,ASP>SER
M0237	pdb2rhr	substituted	2	ARG>GLY,ASP>SER
M0237	pdb2uvd	substituted	2	ARG>GLY,ASP>SER
M0237	pdb2vz0	exact	0	
M0237	pdb2wd7	exact	0	
M0237	pdb2wd8	exact	0	
M0237	pdb2wdz	substituted	2	ARG>GLY,ASP>SER
M0237	pdb2wsb	substituted	2	ARG>GLY,ASP>SER
M0237	pdb2wyu	substituted	3	ARG>SER,ASP>TYR,TYR>MET
M0237	pdb2wyv	substituted	3	ARG>SER,ASP>TYR,TYR>MET
M0237	pdb2wyw	substituted	3	ARG>SER,ASP>TYR,TYR>MET
M0237	pdb2x9g	exact	0	
M0237	pdb2x9n	exact	0	
M0237	pdb2x9v	exact	0	
M0237	pdb2xox	exact	0	
M0237	pdb2y93	substituted	2	ARG>GLY,ASP>SER
M0237	pdb2y99	substituted	2	ARG>GLY,ASP>SER
M0237	pdb2yhi	exact	0	
M0237	pdb2yhu	exact	0	
M0237	pdb2yw9	substituted	3	ARG>SER,ASP>TYR,TYR>MET
M0237	pdb2yz7	substituted	2	ARG>GLY,ASP>SER
M0237	pdb2z1n	substituted	3	ARG>GLY,ASP>SER,TYR>SER
M0237	pdb2zat	substituted	2	ARG>GLY,ASP>SER
M0237	pdb2zk7	substituted	2	ARG>GLY,ASP>SER
M0237	pdb2ztl	substituted	2	ARG>GLY,ASP>SER
M0237	pdb2ztm	substituted	2	ARG>GLY,ASP>SER
M0237	pdb2ztu	substituted	2	ARG>GLY,ASP>SER
M0237	pdb2ztv	substituted	2	ARG>GLY,ASP>SER
M0237	pdb3a28	substituted	2	ARG>GLY,ASP>SER
M0237	pdb3afm	substituted	2	ARG>GLY,ASP>ILE
M0237	pdb3afn	substituted	2	ARG>GLY,ASP>ILE
M0237	pdb3ai1	substituted	2	ARG>GLY,ASP>SER
M0237	pdb3ai2	substituted	2	ARG>GLY,ASP>SER
M0237	pdb3ai3	substituted	2	ARG>GLY,ASP>SER
M0237	pdb3ak4	substituted	2	ARG>GLY,ASP>SER
M0237	pdb3aus	substituted	2	ARG>GLY,ASP>SER
M0237	pdb3aut	substituted	2	ARG>GLY,ASP>SER
M0237	pdb3auu	substituted	2	ARG>GLY,ASP>SER
M0237	pdb3awd	substituted	2	ARG>ASN,ASP>SER
M0237	pdb3ay6	substituted	2	ARG>GLY,ASP>SER
M0237	pdb3ay7	substituted	2	ARG>GLY,ASP>SER
M0237	pdb3bmc	exact	0	
M0237	pdb3bmn	exact	0	
M0237	pdb3bmo	exact	0	
M0237	pdb3bmq	exact	0	
M0237	pdb3csd	substituted	2	ARG>GLY,ASP>SER
M0237	pdb3ctm	substituted	2	ARG>GLY,ASP>SER
M0237	pdb3cxr	substituted	2	ARG>GLY,ASP>SER
M0237	pdb3d3w	substituted	2	ARG>GLY,ASP>SER
M0237	pdb3edm	substituted	2	ARG>ASP,ASP>SER
M0237	pdb3emk	substituted	2	ARG>GLY,ASP>SER
M0237	pdb3enn	substituted	2	ARG>GLY,ASP>SER
M0237	pdb3ezl	substituted	2	ARG>GLY,ASP>SER
M0237	pdb3f9i	substituted	2	ARG>GLY,ASP>SER
M0237	pdb3ftp	substituted	2	ARG>GLY,ASP>SER
M0237	pdb3gaf	substituted	2	ARG>GLY,ASP>SER
M0237	pdb3gdf	substituted	2	ARG>GLY,ASP>SER
M0237	pdb3gdg	substituted	2	ARG>GLY,ASP>SER
M0237	pdb3gem	substituted	1	TYR>ALA
M0237	pdb3gk3	substituted	2	ARG>GLY,ASP>SER
M0237	pdb3gn1	exact	0	
M0237	pdb3gn2	exact	0	
M0237	pdb3grp	substituted	2	ARG>GLY,ASP>SER
M0237	pdb3gvc	substituted	2	ARG>GLY,ASP>SER
M0237	pdb3h4v	exact	0	
M0237	pdb3i3o	substituted	2	ARG>GLY,ASP>SER
M0237	pdb3i4f	partial	NA	
M0237	pdb3icc	substituted	2	ARG>GLY,ASP>SER
M0237	pdb3ijr	substituted	2	ARG>GLY,ASP>SER
M0237	pdb3imf	partial	NA	
M0237	pdb3is3	substituted	2	ARG>GLY,ASP>ASN
M0237	pdb3itd	substituted	3	ARG>GLY,ASP>ASN,TYR>PHE
M0237	pdb3jq6	exact	0	
M0237	pdb3jq7	exact	0	
M0237	pdb3jq8	exact	0	
M0237	pdb3jq9	exact	0	
M0237	pdb3jqa	exact	0	
M0237	pdb3jqb	exact	0	
M0237	pdb3jqc	exact	0	
M0237	pdb3jqd	exact	0	
M0237	pdb3jqe	exact	0	
M0237	pdb3jqf	exact	0	
M0237	pdb3jqg	exact	0	
M0237	pdb3ksu	partial	NA	
M0237	pdb3lf1	substituted	3	ARG>GLY,ASP>SER,TYR>THR
M0237	pdb3lf2	substituted	3	ARG>GLY,ASP>SER,TYR>THR
M0237	pdb3lqf	substituted	2	ARG>GLY,ASP>SER
M0237	pdb3lyl	partial	NA	
M0237	pdb3mcv	exact	0	
M0237	pdb3n74	substituted	2	ARG>GLY,ASP>SER
M0237	pdb3ndr	substituted	2	ARG>GLY,ASP>SER
M0237	pdb3nug	substituted	2	ARG>GLY,ASP>SER
M0237	pdb3nyw	substituted	2	ARG>GLY,ASP>SER
M0237	pdb3o03	substituted	2	ARG>GLY,ASP>SER
M0237	pdb3o38	substituted	2	ARG>GLY,ASP>SER
M0237	pdb3o4r	substituted	2	ARG>GLY,ASP>SER
M0237	pdb3oec	substituted	2	ARG>GLY,ASP>SER
M0237	pdb3oic	substituted	3	ARG>GLY,ASP>SER,TYR>VAL
M0237	pdb3oid	substituted	3	ARG>GLY,ASP>SER,TYR>VAL
M0237	pdb3oje	partial	NA	
M0237	pdb3ojf	substituted	3	ARG>SER,ASP>TYR,TYR>MET
M0237	pdb3op4	substituted	2	ARG>GLY,ASP>SER
M0237	pdb3osu	substituted	2	ARG>GLY,ASP>SER
M0237	pdb3pgx	partial	NA	
M0237	pdb3pk0	substituted	2	ARG>GLY,ASP>SER
M0237	pdb3ppi	substituted	2	ARG>GLY,ASP>SER
M0237	pdb3qiv	substituted	3	ARG>GLY,ASP>SER,TYR>LYS
M0237	pdb3qlj	substituted	2	ARG>GLY,ASP>SER
M0237	pdb3qrw	substituted	2	ARG>GLY,ASP>SER
M0237	pdb3qwf	substituted	2	ARG>GLY,ASP>ASN
M0237	pdb3qwh	substituted	2	ARG>GLY,ASP>ASN
M0237	pdb3qwi	substituted	2	ARG>GLY,ASP>ASN
M0237	pdb3r1i	substituted	2	ARG>GLY,ASP>SER
M0237	pdb3r3s	substituted	2	ARG>GLY,ASP>SER
M0237	pdb3ri3	substituted	2	ARG>GLY,ASP>SER
M0237	pdb3rih	substituted	2	ARG>GLY,ASP>SER
M0237	pdb3rkr	substituted	2	ARG>GLY,ASP>SER
M0237	pdb3rro	substituted	2	ARG>GLY,ASP>SER
M0237	pdb3rsh	substituted	2	ARG>GLY,ASP>SER
M0237	pdb3rwb	substituted	2	ARG>GLY,ASP>SER
M0237	pdb3s55	substituted	2	ARG>GLY,ASP>SER
M0237	pdb3sj7	substituted	2	ARG>GLY,ASP>SER
M0237	pdb3sju	substituted	2	ARG>GLY,ASP>SER
M0237	pdb3svt	partial	NA	
M0237	pdb3t7c	partial	NA	
M0237	pdb3tox	substituted	2	ARG>GLY,ASP>SER
M0237	pdb3tpc	substituted	2	ARG>GLY,ASP>SER
M0237	pdb3tsc	substituted	2	ARG>GLY,ASP>SER
M0237	pdb3tzc	substituted	3	ARG>LYS,ASP>GLY,TYR>ALA
M0237	pdb3tzh	substituted	3	ARG>LYS,ASP>GLY,TYR>ALA
M0237	pdb3tzk	substituted	3	ARG>LYS,ASP>GLY,TYR>ALA
M0237	pdb3tzq	substituted	2	ARG>GLY,ASP>SER
M0237	pdb3u09	substituted	2	ARG>GLY,ASP>SER
M0237	pdb3u49	partial	NA	
M0237	pdb3u4c	partial	NA	
M0237	pdb3u4d	partial	NA	
M0237	pdb3u5t	substituted	2	ARG>GLY,ASP>THR
M0237	pdb3ucx	substituted	2	ARG>ALA,ASP>SER
M0237	pdb3uf0	substituted	2	ARG>GLY,ASP>SER
M0237	pdb3un1	substituted	3	ARG>GLY,ASP>THR,TYR>ALA
M0237	pdb3uxy	substituted	2	ARG>GLY,ASP>SER
M0237	pdb3v2g	substituted	2	ARG>GLY,ASP>SER
M0237	pdb3v2h	substituted	2	ARG>GLY,ASP>SER
M0237	pdb3v8b	substituted	2	ARG>GLY,ASP>SER
M0237	pdb3vc7	partial	NA	
M0237	pdb3vdq	substituted	2	ARG>GLY,ASP>SER
M0237	pdb3vdr	substituted	2	ARG>GLY,ASP>SER
M0237	pdb3vtz	substituted	2	ARG>GLY,ASP>SER
M0237	pdb3w8d	substituted	2	ARG>GLY,ASP>SER
M0237	pdb3w8e	substituted	2	ARG>GLY,ASP>SER
M0237	pdb3w8f	substituted	2	ARG>GLY,ASP>SER
M0237	pdb3wds	substituted	2	ARG>GLY,ASP>SER
M0237	pdb3woh	substituted	2	ARG>GLY,ASP>SER
M0237	pdb3wtb	substituted	2	ARG>GLY,ASP>SER
M0237	pdb3wtc	substituted	2	ARG>GLY,ASP>SER
M0237	pdb3wye	substituted	2	ARG>GLY,ASP>SER
M0237	pdb3zv3	substituted	2	ARG>GLY,ASP>SER
M0237	pdb3zv4	substituted	2	ARG>GLY,ASP>SER
M0237	pdb3zv5	substituted	2	ARG>GLY,ASP>SER
M0237	pdb3zv6	substituted	2	ARG>GLY,ASP>SER
M0237	pdb4afn	substituted	2	ARG>GLY,ASP>SER
M0237	pdb4ag3	substituted	2	ARG>GLY,ASP>SER
M0237	pdb4avy	substituted	2	ARG>GLY,ASP>SER
M0237	pdb4b79	substituted	2	ARG>GLY,ASP>SER
M0237	pdb4bmn	partial	NA	
M0237	pdb4bms	partial	NA	
M0237	pdb4bnt	substituted	2	ARG>GLY,ASP>SER
M0237	pdb4bnu	substituted	2	ARG>GLY,ASP>SER
M0237	pdb4bnv	substituted	2	ARG>GLY,ASP>SER
M0237	pdb4bnw	substituted	2	ARG>GLY,ASP>SER
M0237	pdb4bnx	substituted	2	ARG>GLY,ASP>SER
M0237	pdb4bny	substituted	2	ARG>GLY,ASP>SER
M0237	pdb4bnz	substituted	2	ARG>GLY,ASP>SER
M0237	pdb4bo0	substituted	2	ARG>GLY,ASP>SER
M0237	pdb4bo1	substituted	2	ARG>GLY,ASP>SER
M0237	pdb4bo2	substituted	2	ARG>GLY,ASP>SER
M0237	pdb4bo3	substituted	2	ARG>GLY,ASP>SER
M0237	pdb4bo4	substituted	2	ARG>GLY,ASP>SER
M0237	pdb4bo5	substituted	2	ARG>GLY,ASP>SER
M0237	pdb4bo6	substituted	2	ARG>GLY,ASP>SER
M0237	pdb4bo7	substituted	2	ARG>GLY,ASP>SER
M0237	pdb4bo8	substituted	2	ARG>GLY,ASP>SER
M0237	pdb4bo9	substituted	2	ARG>GLY,ASP>SER
M0237	pdb4cl8	exact	0	
M0237	pdb4cld	exact	0	
M0237	pdb4cle	exact	0	
M0237	pdb4clh	exact	0	
M0237	pdb4clo	exact	0	
M0237	pdb4clr	exact	0	
M0237	pdb4clx	exact	0	
M0237	pdb4cm1	exact	0	
M0237	pdb4cm3	exact	0	
M0237	pdb4cm4	exact	0	
M0237	pdb4cm5	exact	0	
M0237	pdb4cm6	exact	0	
M0237	pdb4cm7	exact	0	
M0237	pdb4cm8	exact	0	
M0237	pdb4cm9	exact	0	
M0237	pdb4cma	exact	0	
M0237	pdb4cmb	exact	0	
M0237	pdb4cmc	exact	0	
M0237	pdb4cme	exact	0	
M0237	pdb4cmg	exact	0	
M0237	pdb4cmi	exact	0	
M0237	pdb4cmj	exact	0	
M0237	pdb4cmk	exact	0	
M0237	pdb4cql	substituted	2	ARG>GLY,ASP>SER
M0237	pdb4cqm	substituted	2	ARG>GLY,ASP>SER
M0237	pdb4cr6	substituted	2	ARG>GLY,ASP>SER
M0237	pdb4cr7	substituted	2	ARG>GLY,ASP>SER
M0237	pdb4cr8	substituted	2	ARG>GLY,ASP>SER
M0237	pdb4da9	substituted	2	ARG>GLY,ASP>SER
M0237	pdb4dbz	substituted	2	ARG>GLY,ASP>SER
M0237	pdb4dc0	substituted	2	ARG>GLY,ASP>SER
M0237	pdb4dc1	substituted	2	ARG>GLY,ASP>SER
M0237	pdb4dml	substituted	2	ARG>GLY,ASP>SER
M0237	pdb4dmm	substituted	2	ARG>GLY,ASP>SER
M0237	pdb4dqx	substituted	2	ARG>GLY,ASP>SER
M0237	pdb4dry	substituted	2	ARG>GLY,ASP>SER
M0237	pdb4dyv	substituted	2	ARG>GLY,ASP>SER
M0237	pdb4e3z	substituted	2	ARG>GLY,ASP>SER
M0237	pdb4e4y	substituted	2	ARG>GLY,ASP>SER
M0237	pdb4e6p	substituted	2	ARG>GLY,ASP>SER
M0237	pdb4egf	substituted	2	ARG>GLY,ASP>SER
M0237	pdb4eso	partial	NA	
M0237	pdb4fc6	partial	NA	
M0237	pdb4fc7	partial	NA	
M0237	pdb4fd3	partial	NA	
M0237	pdb4fda	partial	NA	
M0237	pdb4fgs	substituted	2	ARG>GLY,ASP>SER
M0237	pdb4fiz	substituted	2	ARG>GLY,ASP>ASN
M0237	pdb4fj0	substituted	2	ARG>GLY,ASP>ASN
M0237	pdb4fj1	substituted	2	ARG>GLY,ASP>ASN
M0237	pdb4fj2	substituted	2	ARG>GLY,ASP>ASN
M0237	pdb4fn4	substituted	2	ARG>GLY,ASP>SER
M0237	pdb4g81	substituted	2	ASP>GLY,TYR>PRO
M0237	pdb4gh5	substituted	2	ARG>GLY,ASP>SER
M0237	pdb4gkb	substituted	2	ARG>GLY,ASP>SER
M0237	pdb4glo	substituted	2	ARG>GLY,ASP>SER
M0237	pdb4gvx	substituted	2	ARG>GLY,ASP>SER
M0237	pdb4hbg	partial	NA	
M0237	pdb4hp8	substituted	2	ARG>GLY,ASP>SER
M0237	pdb4i08	substituted	2	ARG>GLY,ASP>SER
M0237	pdb4i5d	partial	NA	
M0237	pdb4i5e	partial	NA	
M0237	pdb4i5f	partial	NA	
M0237	pdb4i5g	substituted	2	ARG>GLY,ASP>SER
M0237	pdb4ibo	substituted	2	ARG>GLY,ASP>SER
M0237	pdb4iin	substituted	2	ARG>GLY,ASP>SER
M0237	pdb4iiu	substituted	2	ARG>GLY,ASP>SER
M0237	pdb4iiv	substituted	2	ARG>GLY,ASP>SER
M0237	pdb4ijk	substituted	2	ARG>GLY,ASP>SER
M0237	pdb4iqg	substituted	2	ARG>GLY,ASP>SER
M0237	pdb4is2	partial	NA	
M0237	pdb4is3	partial	NA	
M0237	pdb4itu	substituted	2	ARG>GLY,ASP>SER
M0237	pdb4iuy	substituted	3	ARG>CYS,ASP>GLY,TYR>ALA
M0237	pdb4j2h	substituted	2	ARG>GLY,ASP>SER
M0237	pdb4jig	substituted	2	ARG>GLY,ASP>SER
M0237	pdb4jp2	substituted	2	ARG>GLY,ASP>SER
M0237	pdb4jp3	substituted	2	ARG>GLY,ASP>SER
M0237	pdb4jro	substituted	2	ARG>GLY,ASP>SER
M0237	pdb4k6c	substituted	2	ARG>GLY,ASP>SER
M0237	pdb4k6f	substituted	2	ARG>GLY,ASP>SER
M0237	pdb4kms	substituted	2	ARG>GLY,ASP>SER
M0237	pdb4kwh	substituted	2	ARG>GLY,ASP>SER
M0237	pdb4kwi	substituted	2	ARG>GLY,ASP>SER
M0237	pdb4lvu	partial	NA	
M0237	pdb4m8s	substituted	2	ARG>GLY,ASP>SER
M0237	pdb4mow	substituted	2	ARG>GLY,ASP>SER
M0237	pdb4nbr	substituted	2	ARG>GLY,ASP>SER
M0237	pdb4nbt	substituted	2	ARG>GLY,ASP>SER
M0237	pdb4nbu	substituted	2	ARG>GLY,ASP>SER
M0237	pdb4nbv	substituted	2	ARG>GLY,ASP>SER
M0237	pdb4nbw	substituted	2	ARG>GLY,ASP>SER
M0237	pdb4ni5	substituted	2	ARG>GLY,ASP>SER
M0237	pdb4nim	substituted	2	ARG>GLY,ASP>SER
M0237	pdb4npc	substituted	2	ARG>GLY,ASP>SER
M0237	pdb4o0l	substituted	2	ARG>GLY,ASP>SER
M0237	pdb4o5o	substituted	2	ARG>GLY,ASP>SER
M0237	pdb4o6v	substituted	3	ARG>GLY,ASP>THR,TYR>SER
M0237	pdb4oso	substituted	2	ARG>GLY,ASP>SER
M0237	pdb4osp	substituted	2	ARG>GLY,ASP>SER
M0237	pdb4pn3	substituted	3	ARG>MET,ASP>ILE,TYR>ALA
M0237	pdb4qec	substituted	2	ARG>GLY,ASP>SER
M0237	pdb4qed	substituted	3	ARG>GLY,ASP>SER,TYR>PHE
M0237	pdb4rf2	substituted	2	ARG>GLY,ASP>SER
M0237	pdb4rf3	substituted	2	ARG>GLY,ASP>SER
M0237	pdb4rf4	substituted	2	ARG>GLY,ASP>SER
M0237	pdb4rf5	substituted	2	ARG>GLY,ASP>SER
M0237	pdb4rgb	substituted	2	ARG>GLY,ASP>LEU
M0237	pdb4rzh	substituted	2	ARG>GLY,ASP>SER
M0237	pdb4rzi	substituted	2	ARG>GLY,ASP>SER
M0237	pdb4tkl	substituted	2	ARG>GLY,ASP>SER
M0237	pdb4tkm	substituted	2	ARG>GLY,ASP>SER
M0237	pdb4trr	substituted	2	ARG>GLY,ASP>SER
M0237	pdb4u8g	substituted	2	ARG>GLY,ASP>ALA
M0237	pdb4ure	substituted	2	ARG>GLY,ASP>SER
M0237	pdb4urf	substituted	2	ARG>GLY,ASP>SER
M0237	pdb4w7h	substituted	2	ARG>GLY,ASP>ILE
M0237	pdb4w7i	substituted	2	ARG>GLY,ASP>SER
M0237	pdb4wcd	exact	0	
M0237	pdb4wcf	exact	0	
M0237	pdb4wec	substituted	2	ARG>GLY,ASP>SER
M0237	pdb4weo	substituted	2	ARG>GLY,ASP>SER
M0237	pdb4wjz	substituted	2	ARG>GLY,ASP>SER
M0237	pdb4wk6	substituted	3	ARG>LYS,ASP>GLY,TYR>ALA
M0237	pdb4wuv	substituted	3	ARG>ASN,ASP>ASN,TYR>GLY
M0237	pdb4x54	substituted	2	ARG>GLY,ASP>SER
M0237	pdb4yqy	substituted	2	ARG>ASP,ASP>SER
M0237	pdb4yqz	substituted	2	ARG>GLY,ASP>SER
M0237	pdb4yxf	substituted	2	ARG>GLY,ASP>SER
M0237	pdb4z9x	substituted	2	ARG>GLY,ASP>SER
M0237	pdb4z9y	substituted	2	ARG>GLY,ASP>SER
M0237	pdb4za2	substituted	2	ARG>GLY,ASP>SER
M0237	pdb4zgw	substituted	2	ARG>GLY,ASP>SER
M0237	pdb5b1y	substituted	2	ARG>GLY,ASP>SER
M0237	pdb5b4t	substituted	2	ARG>GLY,ASP>SER
M0237	pdb5b4u	substituted	2	ARG>GLY,ASP>SER
M0237	pdb5b4v	substituted	2	ARG>GLY,ASP>SER
M0237	pdb5bt9	partial	NA	
M0237	pdb5cdy	substituted	2	ARG>GLY,ASP>SER
M0237	pdb5cej	substituted	2	ARG>GLY,ASP>SER
M0237	pdb5ej2	partial	NA	
M0237	pdb5el0	substituted	2	ARG>GLY,ASP>SER
M0237	pdb5en4	substituted	2	ARG>GLY,ASP>SER
M0237	pdb5end	substituted	2	ARG>GLY,ASP>SER
M0237	pdb5epo	substituted	2	ARG>GLY,ASP>THR
M0237	pdb5er6	substituted	2	ARG>GLY,ASP>SER
M0237	pdb5f1p	substituted	2	ARG>GLY,ASP>SER
M0237	pdb5feu	substituted	3	ARG>SER,ASP>ILE,TYR>LYS
M0237	pdb5ff9	substituted	3	ARG>SER,ASP>MET,TYR>SER
M0237	pdb5fff	substituted	3	ARG>SER,ASP>MET,TYR>SER
M0237	pdb5gwr	substituted	2	ARG>GLY,ASP>SER
M0237	pdb5gws	substituted	2	ARG>GLY,ASP>SER
M0237	pdb5gwt	substituted	2	ARG>GLY,ASP>SER
M0237	pdb5h5x	substituted	2	ARG>GLY,ASP>SER
M0237	pdb5ha5	substituted	2	ARG>GLY,ASP>SER
M0237	pdb5hs6	substituted	2	ARG>GLY,ASP>SER
M0237	pdb5icm	substituted	2	ARG>GLY,ASP>SER
M0237	pdb5ics	substituted	2	ARG>GLY,ASP>SER
M0237	pdb5itv	substituted	2	ARG>GLY,ASP>SER
M0237	pdb5itw	substituted	2	ARG>GLY,ASP>SER
M0237	pdb5iz4	substituted	2	ARG>GLY,ASP>SER
M0237	pdb5izc	exact	0	
M0237	pdb5jc8	substituted	2	ARG>GLY,ASP>SER
M0237	pdb5jcj	exact	0	
M0237	pdb5jcx	exact	0	
M0237	pdb5jdc	exact	0	
M0237	pdb5jdi	exact	0	
M0237	pdb5jla	substituted	2	ARG>GLY,ASP>SER
M0237	pdb5js6	substituted	2	ARG>GLY,ASP>SER
M0237	pdb5jsf	substituted	2	ARG>GLY,ASP>SER
M0237	pdb5jy1	substituted	2	ARG>GLY,ASP>SER
M0237	pdb5jyd	substituted	2	ARG>GLY,ASP>SER
M0237	pdb5k6a	exact	0	
M0237	pdb5k9z	substituted	2	ARG>GLY,ASP>SER
M0237	pdb5l42	exact	0	
M0237	pdb5l4n	exact	0	
M0237	pdb5l7t	substituted	2	ARG>GLY,ASP>SER
M0237	pdb5l7w	substituted	2	ARG>GLY,ASP>SER
M0237	pdb5l7y	substituted	2	ARG>GLY,ASP>SER
M0237	pdb5mln	substituted	2	ARG>GLY,ASP>SER
M0237	pdb5o3z	substituted	2	ARG>THR,ASP>SER
M0237	pdb5o42	substituted	2	ARG>GLY,ASP>SER
M0237	pdb5o43	substituted	2	ARG>GLY,ASP>SER
M0237	pdb5o6o	substituted	2	ARG>GLY,ASP>SER
M0237	pdb5o6x	substituted	2	ARG>GLY,ASP>SER
M0237	pdb5o6z	substituted	2	ARG>GLY,ASP>SER
M0237	pdb5o72	substituted	2	ARG>GLY,ASP>SER
M0237	pdb5o7c	substituted	2	ARG>GLY,ASP>SER
M0237	pdb5ojg	substituted	2	ARG>GLY,ASP>SER
M0237	pdb5oji	substituted	2	ARG>GLY,ASP>SER
M0237	pdb5ovj	substituted	2	ARG>GLY,ASP>SER
M0237	pdb5ovk	substituted	2	ARG>GLY,ASP>SER
M0237	pdb5ovl	substituted	2	ARG>GLY,ASP>SER
M0237	pdb5t2u	substituted	2	ARG>GLY,ASP>THR
M0237	pdb5t2v	substituted	2	ARG>GLY,ASP>THR
M0237	pdb5t5q	substituted	2	ARG>GLY,ASP>SER
M0237	pdb5tgd	partial	NA	
M0237	pdb5thq	substituted	2	ARG>GLY,ASP>SER
M0237	pdb5tii	substituted	2	ARG>GLY,ASP>SER
M0237	pdb5ts3	substituted	2	ARG>GLY,ASP>SER
M0237	pdb5tt0	partial	NA	
M0237	pdb5u2w	substituted	2	ARG>GLY,ASP>SER
M0237	pdb5u8p	substituted	2	ARG>GLY,ASP>SER
M0237	pdb5u9p	substituted	2	ARG>GLY,ASP>SER
M0237	pdb5unl	substituted	3	ARG>ALA,ASP>ALA,TYR>VAL
M0237	pdb5vml	substituted	2	ARG>GLY,ASP>SER
M0237	pdb5vt6	substituted	2	ARG>GLY,ASP>SER
M0237	pdb5wjs	partial	NA	
M0237	pdb5wul	substituted	2	ARG>GLY,ASP>SER
M0237	pdb5wuw	substituted	2	ARG>GLY,ASP>SER
M0237	pdb5wva	substituted	2	ARG>GLY,ASP>SER
M0237	pdb5x8h	substituted	2	ARG>GLY,ASP>SER
M0237	pdb6b9u	substituted	2	ARG>GLY,ASP>SER
M0237	pdb6ci8	substituted	2	ARG>GLY,ASP>SER
M0237	pdb6ci9	substituted	2	ARG>GLY,ASP>SER
M0237	pdb6d9y	substituted	2	ARG>GLY,ASP>SER
M0237	pdb6emm	substituted	2	ARG>GLY,ASP>SER
M0237	pdb6f9q	partial	NA	
M0237	pdb6ffb	substituted	2	ARG>GLY,ASP>SER
M0237	pdb6g4l	substituted	2	ARG>GLY,ASP>SER
M0237	pdb6gbt	substituted	2	ARG>GLY,ASP>SER
M0237	pdb6gck	exact	0	
M0237	pdb6gcl	exact	0	
M0237	pdb6gcp	exact	0	
M0237	pdb6gcq	exact	0	
M0237	pdb6gd0	exact	0	
M0237	pdb6gd4	exact	0	
M0237	pdb6gdo	exact	0	
M0237	pdb6gdp	exact	0	
M0237	pdb6gex	exact	0	
M0237	pdb6gey	exact	0	
M0237	pdb6gtb	substituted	2	ARG>GLY,ASP>SER
M0237	pdb6gtu	substituted	2	ARG>GLY,ASP>SER
M0237	pdb6h07	substituted	2	ARG>GLY,ASP>SER
M0237	pdb6h0m	substituted	2	ARG>GLY,ASP>SER
M0237	pdb6h1m	substituted	2	ARG>GLY,ASP>SER
M0237	pdb6hlf	substituted	2	ARG>GLY,ASP>SER
M0237	pdb6hnc	exact	0	
M0237	pdb6hno	substituted	2	ARG>GLY,ASP>SER
M0237	pdb6hnr	exact	0	
M0237	pdb6how	exact	0	
M0237	pdb6ixm	substituted	2	ARG>GLY,ASP>SER
M0237	pdb6j7h	substituted	2	ARG>GLY,ASP>SER
M0237	pdb6j7u	substituted	2	ARG>GLY,ASP>SER
M0237	pdb6jh7	partial	NA	
M0237	pdb6jha	partial	NA	
M0237	pdb6jhb	partial	NA	
M0237	pdb6lln	substituted	3	ARG>GLY,ASP>GLY,TYR>SER
M0237	pdb6m9u	substituted	2	ARG>GLY,ASP>SER
M0237	pdb6nrp	substituted	2	ARG>GLY,ASP>SER
M0237	pdb6oz7	substituted	2	ARG>GLY,ASP>SER
M0237	pdb6pei	substituted	2	ARG>GLY,ASP>SER
M0237	pdb6pej	substituted	2	ARG>GLY,ASP>SER
M0237	pdb6pzm	substituted	2	ARG>GLY,ASP>THR
M0237	pdb6pzn	substituted	2	ARG>GLY,ASP>THR
M0237	pdb6qck	substituted	2	ARG>GLY,ASP>SER
M0237	pdb6rx0	exact	0	
M0237	pdb6rx5	exact	0	
M0237	pdb6rx6	exact	0	
M0237	pdb6rxc	exact	0	
M0237	pdb6t5x	substituted	2	ARG>GLY,ASP>SER
M0237	pdb6t60	substituted	2	ARG>GLY,ASP>SER
M0237	pdb6t62	substituted	2	ARG>GLY,ASP>SER
M0237	pdb6t65	substituted	2	ARG>GLY,ASP>SER
M0237	pdb6t6n	substituted	2	ARG>GLY,ASP>SER
M0237	pdb6t6p	substituted	2	ARG>GLY,ASP>SER
M0237	pdb6t77	substituted	2	ARG>GLY,ASP>SER
M0237	pdb6t7m	substituted	2	ARG>GLY,ASP>SER
M0237	pdb6tbx	exact	0	
M0237	pdb6tq3	substituted	2	ARG>GLY,ASP>THR
M0237	pdb6tq5	substituted	2	ARG>GLY,ASP>THR
M0237	pdb6tq8	substituted	2	ARG>GLY,ASP>THR
M0237	pdb6uds	substituted	2	ARG>GLY,ASP>SER
M0237	pdb6uh2	substituted	2	ARG>GLN,ASP>SER
M0237	pdb6ux3	substituted	2	ARG>GLY,ASP>SER
M0237	pdb6vsp	substituted	2	ARG>GLY,ASP>SER
M0237	pdb6won	substituted	2	ARG>GLY,ASP>SER
M0237	pdb6wpr	substituted	2	ARG>GLY,ASP>SER
M0237	pdb6xew	substituted	2	ARG>GLY,ASP>SER
M0237	pdb6xex	substituted	2	ARG>GLY,ASP>SER
M0237	pdb6xnb	substituted	2	ARG>GLY,ASP>SER
M0237	pdb6y0s	partial	NA	
M0237	pdb6y0z	substituted	2	ARG>GLY,ASP>SER
M0237	pdb6y10	substituted	2	ARG>GLY,ASP>SER
M0237	pdb6y15	substituted	2	ARG>GLY,ASP>SER
M0237	pdb6y1b	substituted	2	ARG>GLY,ASP>SER
M0237	pdb6y1c	substituted	2	ARG>GLY,ASP>SER
M0237	pdb6y4d	substituted	2	ARG>GLY,ASP>SER
M0237	pdb6ypz	partial	NA	
M0237	pdb6yq0	partial	NA	
M0237	pdb6yq3	partial	NA	
M0237	pdb6yq6	partial	NA	
M0237	pdb6zde	substituted	2	ARG>GLY,ASP>SER
M0237	pdb6zdi	substituted	2	ARG>GLY,ASP>SER
M0237	pdb6zyz	substituted	3	ARG>ILE,ASP>VAL,TYR>HIS
M0237	pdb6zz0	substituted	3	ARG>ILE,ASP>VAL,TYR>HIS
M0237	pdb6zzq	substituted	2	ARG>GLY,ASP>SER
M0237	pdb6zzs	substituted	2	ARG>GLY,ASP>SER
M0237	pdb6zzt	substituted	3	ARG>ILE,ASP>VAL,TYR>HIS
M0237	pdb7a2b	substituted	2	ARG>GLY,ASP>SER
M0237	pdb7b81	substituted	2	ARG>GLY,ASP>SER
M0237	pdb7caw	substituted	2	ARG>GLY,ASP>SER
M0237	pdb7cax	substituted	2	ARG>GLY,ASP>SER
M0237	pdb7caz	substituted	2	ARG>GLY,ASP>SER
M0237	pdb7do5	substituted	2	ARG>GLY,ASP>SER
M0237	pdb7do6	substituted	2	ARG>GLY,ASP>SER
M0237	pdb7do7	substituted	2	ARG>GLY,ASP>SER
M0237	pdb7krk	substituted	2	ARG>GLY,ASP>SER
M0237	pdb7krm	substituted	2	ARG>GLY,ASP>SER
M0237	pdb7nm7	partial	NA	
M0237	pdb7nm8	partial	NA	
M0642	pdb1d2n	exact	0	
M0642	pdb1nsf	exact	0	
M0642	pdb1r7r	substituted	2	LYS>ASP,LYS>ALA
M0642	pdb3cf1	substituted	2	LYS>ASP,LYS>ALA
M0642	pdb3cf2	partial	NA	
M0642	pdb3cf3	substituted	2	LYS>ASP,LYS>ALA
M0642	pdb3h4m	partial	NA	
M0642	pdb3j94	exact	0	
M0642	pdb3j95	exact	0	
M0642	pdb3j96	exact	0	
M0642	pdb3j97	exact	0	
M0642	pdb3j98	exact	0	
M0642	pdb3j99	exact	0	
M0642	pdb3whk	partial	NA	
M0642	pdb3whl	partial	NA	
M0642	pdb5c18	substituted	2	LYS>ASP,LYS>ALA
M0642	pdb5c19	substituted	2	LYS>ASP,LYS>ALA
M0642	pdb5c1a	partial	NA	
M0642	pdb5c1b	substituted	2	LYS>ASP,LYS>ALA
M0642	pdb5eqt	partial	NA	
M0642	pdb5ftj	substituted	2	LYS>ASP,LYS>ALA
M0642	pdb5ftk	substituted	2	LYS>ASP,LYS>ALA
M0642	pdb5ftl	substituted	2	LYS>ASP,LYS>ALA
M0642	pdb5ftm	substituted	2	LYS>ASP,LYS>ALA
M0642	pdb5ftn	substituted	2	LYS>ASP,LYS>ALA
M0642	pdb5g4f	substituted	2	LYS>ASP,LYS>ALA
M0642	pdb5g4g	substituted	2	LYS>ASP,LYS>ALA
M0642	pdb5ifw	substituted	2	LYS>ASP,LYS>ALA
M0642	pdb5vc7	substituted	2	LYS>ASP,LYS>ALA
M0642	pdb5vca	substituted	2	LYS>ASP,LYS>ALA
M0642	pdb7jy5	substituted	2	LYS>ASP,LYS>ALA
M0142	pdb1cjc	exact	0	
M0142	pdb1e1k	exact	0	
M0142	pdb1e1l	exact	0	
M0142	pdb1e1m	exact	0	
M0142	pdb1e1n	exact	0	
M0142	pdb1e6e	exact	0	
M0142	pdb1lqt	substituted	1	THR>GLY
M0142	pdb1lqu	substituted	1	THR>GLY
M0142	pdb2c7g	substituted	2	THR>GLY,HIS>GLN
M0142	pdb2vdc	partial	NA	
M0142	pdb4ylf	substituted	2	THR>GLY,HIS>PHE
M0142	pdb4yry	substituted	2	THR>GLY,HIS>PHE
M0142	pdb5jca	substituted	2	THR>GLY,HIS>PHE
M0142	pdb5jfc	substituted	2	THR>GLY,HIS>PHE
M0142	pdb5vj7	substituted	2	THR>GLY,HIS>PHE
M0798	pdb1a0h	exact	0	
M0798	pdb1a0j	exact	0	
M0798	pdb1a0l	exact	0	
M0798	pdb1a2c	substituted	4	ASP>LEU,GLY>SER,SER>ASN,HIS>GLY
M0798	pdb1a3b	substituted	4	ASP>LEU,GLY>SER,SER>ASN,HIS>GLY
M0798	pdb1a3e	substituted	4	ASP>LEU,GLY>SER,SER>ASN,HIS>GLY
M0798	pdb1a46	substituted	4	ASP>LEU,GLY>SER,SER>ASN,HIS>GLY
M0798	pdb1a4w	substituted	4	ASP>LEU,GLY>SER,SER>ASN,HIS>GLY
M0798	pdb1a5g	substituted	4	ASP>LEU,GLY>SER,SER>ASN,HIS>GLY
M0798	pdb1a5h	exact	0	
M0798	pdb1a5i	exact	0	
M0798	pdb1a61	substituted	4	ASP>LEU,GLY>SER,SER>ASN,HIS>GLY
M0798	pdb1a7s	substituted	2	SER>GLY,HIS>SER
M0798	pdb1ab9	partial	NA	
M0798	pdb1abi	substituted	4	ASP>LEU,GLY>SER,SER>ASN,HIS>GLY
M0798	pdb1abj	substituted	4	ASP>LEU,GLY>SER,SER>ASN,HIS>GLY
M0798	pdb1acb	exact	0	
M0798	pdb1ad8	substituted	4	ASP>LEU,GLY>SER,SER>ASN,HIS>GLY
M0798	pdb1ae5	substituted	2	SER>GLY,HIS>SER
M0798	pdb1ae8	substituted	4	ASP>LEU,GLY>SER,SER>ASN,HIS>GLY
M0798	pdb1afe	substituted	4	ASP>LEU,GLY>SER,SER>ASN,HIS>GLY
M0798	pdb1afq	partial	NA	
M0798	pdb1aht	substituted	4	ASP>LEU,GLY>SER,SER>ASN,HIS>GLY
M0798	pdb1ai8	substituted	4	ASP>LEU,GLY>SER,SER>ASN,HIS>GLY
M0798	pdb1aix	substituted	4	ASP>LEU,GLY>SER,SER>ASN,HIS>GLY
M0798	pdb1aks	partial	NA	
M0798	pdb1amh	exact	0	
M0798	pdb1an1	substituted	1	ASP>ASN
M0798	pdb1anb	exact	0	
M0798	pdb1anc	exact	0	
M0798	pdb1and	exact	0	
M0798	pdb1ane	exact	0	
M0798	pdb1ao5	substituted	1	GLY>ASP
M0798	pdb1aq7	exact	0	
M0798	pdb1au8	exact	0	
M0798	pdb1auj	exact	0	
M0798	pdb1aut	substituted	4	ASP>VAL,GLY>ASP,SER>CYS,HIS>CYS
M0798	pdb1avg	substituted	4	ASP>LEU,GLY>SER,SER>ASN,HIS>GLY
M0798	pdb1avw	exact	0	
M0798	pdb1avx	exact	0	
M0798	pdb1awf	substituted	4	ASP>LEU,GLY>SER,SER>ASN,HIS>GLY
M0798	pdb1awh	exact	0	
M0798	pdb1ay6	substituted	4	ASP>LEU,GLY>SER,SER>ASN,HIS>GLY
M0798	pdb1az8	exact	0	
M0798	pdb1azz	exact	0	
M0798	pdb1b0e	exact	0	
M0798	pdb1b0f	substituted	1	SER>CYS
M0798	pdb1b5g	substituted	4	ASP>LEU,GLY>SER,SER>ASN,HIS>GLY
M0798	pdb1b7x	exact	0	
M0798	pdb1ba8	exact	0	
M0798	pdb1bb0	exact	0	
M0798	pdb1bbr	substituted	4	ASP>LEU,GLY>SER,SER>ASN,HIS>GLY
M0798	pdb1bcu	substituted	4	ASP>LEU,GLY>SER,SER>ASN,HIS>GLY
M0798	pdb1bda	exact	0	
M0798	pdb1bhx	partial	NA	
M0798	pdb1bio	exact	0	
M0798	pdb1bit	exact	0	
M0798	pdb1bju	exact	0	
M0798	pdb1bjv	exact	0	
M0798	pdb1bma	exact	0	
M0798	pdb1bml	substituted	1	SER>ALA
M0798	pdb1bmm	substituted	4	ASP>LEU,GLY>SER,SER>ASN,HIS>GLY
M0798	pdb1bmn	substituted	4	ASP>LEU,GLY>SER,SER>ASN,HIS>GLY
M0798	pdb1bqy	substituted	1	GLY>PHE
M0798	pdb1bra	exact	0	
M0798	pdb1brb	substituted	1	ASP>ASN
M0798	pdb1brc	substituted	1	ASP>ASN
M0798	pdb1bru	substituted	3	GLY>ASP,SER>ILE,HIS>THR
M0798	pdb1bth	substituted	4	ASP>LEU,GLY>SER,SER>ASN,HIS>GLY
M0798	pdb1btp	exact	0	
M0798	pdb1btu	exact	0	
M0798	pdb1btw	exact	0	
M0798	pdb1btx	exact	0	
M0798	pdb1bty	exact	0	
M0798	pdb1btz	exact	0	
M0798	pdb1bui	exact	0	
M0798	pdb1bzx	substituted	1	ASP>SER
M0798	pdb1c1m	exact	0	
M0798	pdb1c1n	exact	0	
M0798	pdb1c1o	exact	0	
M0798	pdb1c1p	exact	0	
M0798	pdb1c1q	exact	0	
M0798	pdb1c1r	exact	0	
M0798	pdb1c1s	exact	0	
M0798	pdb1c1t	exact	0	
M0798	pdb1c1u	substituted	3	ASP>LEU,SER>PHE,HIS>GLY
M0798	pdb1c1v	substituted	3	ASP>LEU,SER>PHE,HIS>GLY
M0798	pdb1c1w	substituted	3	ASP>LEU,SER>PHE,HIS>GLY
M0798	pdb1c2d	exact	0	
M0798	pdb1c2e	exact	0	
M0798	pdb1c2f	exact	0	
M0798	pdb1c2g	exact	0	
M0798	pdb1c2h	exact	0	
M0798	pdb1c2i	exact	0	
M0798	pdb1c2j	exact	0	
M0798	pdb1c2k	exact	0	
M0798	pdb1c2l	exact	0	
M0798	pdb1c2m	exact	0	
M0798	pdb1c4u	substituted	4	ASP>LEU,GLY>SER,SER>ASN,HIS>GLY
M0798	pdb1c4v	substituted	4	ASP>LEU,GLY>SER,SER>ASN,HIS>GLY
M0798	pdb1c4y	substituted	4	ASP>LEU,GLY>SER,SER>ASN,HIS>GLY
M0798	pdb1c5l	substituted	4	ASP>LEU,GLY>SER,SER>ASN,HIS>GLY
M0798	pdb1c5m	substituted	4	ASP>VAL,GLY>ALA,SER>TYR,HIS>CYS
M0798	pdb1c5n	substituted	4	ASP>LEU,GLY>SER,SER>ASN,HIS>GLY
M0798	pdb1c5o	substituted	4	ASP>LEU,GLY>SER,SER>ASN,HIS>GLY
M0798	pdb1c5p	exact	0	
M0798	pdb1c5q	exact	0	
M0798	pdb1c5r	exact	0	
M0798	pdb1c5s	exact	0	
M0798	pdb1c5t	exact	0	
M0798	pdb1c5u	exact	0	
M0798	pdb1c5v	exact	0	
M0798	pdb1c5w	exact	0	
M0798	pdb1c5x	exact	0	
M0798	pdb1c5y	exact	0	
M0798	pdb1c5z	exact	0	
M0798	pdb1c9p	exact	0	
M0798	pdb1c9t	exact	0	
M0798	pdb1ca0	partial	NA	
M0798	pdb1ca8	exact	0	
M0798	pdb1cbw	partial	NA	
M0798	pdb1ce5	exact	0	
M0798	pdb1cgh	exact	0	
M0798	pdb1cgi	exact	0	
M0798	pdb1cgj	exact	0	
M0798	pdb1chg	exact	0	
M0798	pdb1cho	partial	NA	
M0798	pdb1co7	substituted	2	ASP>ILE,HIS>ARG
M0798	pdb1cvw	substituted	4	ASP>ILE,GLY>SER,SER>LYS,HIS>LEU
M0798	pdb1d3d	exact	0	
M0798	pdb1d3p	exact	0	
M0798	pdb1d3q	exact	0	
M0798	pdb1d3t	exact	0	
M0798	pdb1d4p	exact	0	
M0798	pdb1d6r	exact	0	
M0798	pdb1d6w	exact	0	
M0798	pdb1d9i	exact	0	
M0798	pdb1dan	substituted	4	ASP>ILE,GLY>SER,SER>LYS,HIS>LEU
M0798	pdb1ddj	substituted	1	SER>ALA
M0798	pdb1de7	substituted	4	ASP>LEU,GLY>SER,SER>ASN,HIS>GLY
M0798	pdb1dfp	exact	0	
M0798	pdb1dic	exact	0	
M0798	pdb1dit	substituted	4	ASP>LEU,GLY>SER,SER>ASN,HIS>GLY
M0798	pdb1dle	exact	0	
M0798	pdb1dlk	exact	0	
M0798	pdb1dm4	substituted	1	SER>ALA
M0798	pdb1doj	exact	0	
M0798	pdb1dpo	substituted	1	SER>CYS
M0798	pdb1dst	exact	0	
M0798	pdb1dsu	exact	0	
M0798	pdb1dva	substituted	4	ASP>ILE,GLY>SER,SER>LYS,HIS>LEU
M0798	pdb1dwb	substituted	4	ASP>LEU,GLY>SER,SER>ASN,HIS>GLY
M0798	pdb1dwc	substituted	4	ASP>LEU,GLY>SER,SER>ASN,HIS>GLY
M0798	pdb1dwd	substituted	4	ASP>LEU,GLY>SER,SER>ASN,HIS>GLY
M0798	pdb1dwe	substituted	4	ASP>LEU,GLY>SER,SER>ASN,HIS>GLY
M0798	pdb1dx5	substituted	4	ASP>LEU,GLY>SER,SER>ASN,HIS>GLY
M0798	pdb1e0f	exact	0	
M0798	pdb1e34	substituted	4	ASP>TYR,GLY>ASP,SER>VAL,HIS>THR
M0798	pdb1e35	substituted	4	ASP>TYR,GLY>ASP,SER>VAL,HIS>THR
M0798	pdb1e36	substituted	4	ASP>TYR,GLY>ASP,SER>VAL,HIS>THR
M0798	pdb1e37	substituted	4	ASP>TYR,GLY>ASP,SER>VAL,HIS>THR
M0798	pdb1e38	substituted	4	ASP>TYR,GLY>ASP,SER>VAL,HIS>THR
M0798	pdb1eai	exact	0	
M0798	pdb1eas	exact	0	
M0798	pdb1eat	exact	0	
M0798	pdb1eau	exact	0	
M0798	pdb1eaw	exact	0	
M0798	pdb1eax	exact	0	
M0798	pdb1eb1	substituted	4	ASP>LEU,GLY>SER,SER>ASN,HIS>GLY
M0798	pdb1eb2	exact	0	
M0798	pdb1eja	exact	0	
M0798	pdb1ejm	exact	0	
M0798	pdb1ejn	exact	0	
M0798	pdb1ekb	exact	0	
M0798	pdb1ela	exact	0	
M0798	pdb1elb	exact	0	
M0798	pdb1elc	exact	0	
M0798	pdb1eld	substituted	4	ASP>VAL,GLY>SER,SER>VAL,HIS>CYS
M0798	pdb1ele	substituted	4	ASP>VAL,GLY>SER,SER>VAL,HIS>CYS
M0798	pdb1elf	exact	0	
M0798	pdb1elg	exact	0	
M0798	pdb1elt	exact	0	
M0798	pdb1elv	exact	0	
M0798	pdb1eoj	exact	0	
M0798	pdb1eol	exact	0	
M0798	pdb1ept	partial	NA	
M0798	pdb1eq9	exact	0	
M0798	pdb1esa	exact	0	
M0798	pdb1esb	exact	0	
M0798	pdb1est	exact	0	
M0798	pdb1etr	substituted	4	ASP>LEU,GLY>SER,SER>ASN,HIS>GLY
M0798	pdb1ets	substituted	4	ASP>LEU,GLY>SER,SER>ASN,HIS>GLY
M0798	pdb1ett	substituted	4	ASP>LEU,GLY>SER,SER>ASN,HIS>GLY
M0798	pdb1euf	exact	0	
M0798	pdb1ex3	exact	0	
M0798	pdb1ezq	exact	0	
M0798	pdb1ezs	substituted	1	ASP>ASN
M0798	pdb1ezu	substituted	1	ASP>ASN
M0798	pdb1ezx	exact	0	
M0798	pdb1f0r	exact	0	
M0798	pdb1f0s	exact	0	
M0798	pdb1f0t	exact	0	
M0798	pdb1f0u	exact	0	
M0798	pdb1f2s	substituted	1	ASP>SER
M0798	pdb1f5k	substituted	2	SER>PRO,HIS>LEU
M0798	pdb1f5l	exact	0	
M0798	pdb1f5r	exact	0	
M0798	pdb1f7z	exact	0	
M0798	pdb1f92	exact	0	
M0798	pdb1fak	substituted	4	ASP>ILE,GLY>SER,SER>LYS,HIS>LEU
M0798	pdb1fax	exact	0	
M0798	pdb1fdp	exact	0	
M0798	pdb1fi8	exact	0	
M0798	pdb1fiw	exact	0	
M0798	pdb1fiz	exact	0	
M0798	pdb1fjs	exact	0	
M0798	pdb1fle	substituted	4	ASP>TYR,GLY>ASP,SER>VAL,HIS>THR
M0798	pdb1fmg	exact	0	
M0798	pdb1fn6	exact	0	
M0798	pdb1fn8	exact	0	
M0798	pdb1fni	exact	0	
M0798	pdb1fon	exact	0	
M0798	pdb1fpc	substituted	4	ASP>LEU,GLY>SER,SER>ASN,HIS>GLY
M0798	pdb1fph	substituted	4	ASP>LEU,GLY>SER,SER>ASN,HIS>GLY
M0798	pdb1fq3	exact	0	
M0798	pdb1fuj	exact	0	
M0798	pdb1fv9	exact	0	
M0798	pdb1fxy	exact	0	
M0798	pdb1fy1	substituted	2	SER>GLY,HIS>SER
M0798	pdb1fy3	substituted	2	SER>GLN,HIS>SER
M0798	pdb1fy4	exact	0	
M0798	pdb1fy5	exact	0	
M0798	pdb1fy8	substituted	2	ASP>PRO,HIS>ASN
M0798	pdb1fzz	exact	0	
M0798	pdb1g2l	exact	0	
M0798	pdb1g2m	exact	0	
M0798	pdb1g30	exact	0	
M0798	pdb1g32	exact	0	
M0798	pdb1g36	exact	0	
M0798	pdb1g37	exact	0	
M0798	pdb1g3b	exact	0	
M0798	pdb1g3c	exact	0	
M0798	pdb1g3d	exact	0	
M0798	pdb1g3e	exact	0	
M0798	pdb1g9i	substituted	1	ASP>SER
M0798	pdb1gbt	exact	0	
M0798	pdb1gcd	exact	0	
M0798	pdb1gct	partial	NA	
M0798	pdb1gdn	exact	0	
M0798	pdb1gdq	exact	0	
M0798	pdb1gdu	exact	0	
M0798	pdb1gg6	partial	NA	
M0798	pdb1ggd	partial	NA	
M0798	pdb1gha	partial	NA	
M0798	pdb1ghb	partial	NA	
M0798	pdb1ghv	substituted	4	ASP>LEU,GLY>SER,SER>ASN,HIS>GLY
M0798	pdb1ghw	substituted	4	ASP>LEU,GLY>SER,SER>ASN,HIS>GLY
M0798	pdb1ghx	substituted	4	ASP>LEU,GLY>SER,SER>ASN,HIS>GLY
M0798	pdb1ghy	substituted	4	ASP>LEU,GLY>SER,SER>ASN,HIS>GLY
M0798	pdb1ghz	exact	0	
M0798	pdb1gi0	exact	0	
M0798	pdb1gi1	exact	0	
M0798	pdb1gi2	exact	0	
M0798	pdb1gi3	exact	0	
M0798	pdb1gi4	exact	0	
M0798	pdb1gi5	exact	0	
M0798	pdb1gi6	exact	0	
M0798	pdb1gi7	exact	0	
M0798	pdb1gi8	exact	0	
M0798	pdb1gi9	exact	0	
M0798	pdb1gj4	substituted	4	ASP>LEU,GLY>SER,SER>ASN,HIS>GLY
M0798	pdb1gj5	substituted	4	ASP>LEU,GLY>SER,SER>ASN,HIS>GLY
M0798	pdb1gj6	exact	0	
M0798	pdb1gj7	exact	0	
M0798	pdb1gj8	exact	0	
M0798	pdb1gj9	exact	0	
M0798	pdb1gja	exact	0	
M0798	pdb1gjb	exact	0	
M0798	pdb1gjc	exact	0	
M0798	pdb1gjd	exact	0	
M0798	pdb1gl0	exact	0	
M0798	pdb1gl1	exact	0	
M0798	pdb1gmc	partial	NA	
M0798	pdb1gmd	partial	NA	
M0798	pdb1gmh	partial	NA	
M0798	pdb1gpz	exact	0	
M0798	pdb1gvk	exact	0	
M0798	pdb1gvl	exact	0	
M0798	pdb1gvz	exact	0	
M0798	pdb1gwa	exact	0	
M0798	pdb1h1b	substituted	1	SER>CYS
M0798	pdb1h4w	substituted	1	GLY>ARG
M0798	pdb1h8d	substituted	3	ASP>LEU,SER>PRO,HIS>GLY
M0798	pdb1h8i	substituted	3	ASP>LEU,SER>PHE,HIS>GLY
M0798	pdb1h9h	substituted	1	ASP>ASN
M0798	pdb1h9i	substituted	1	ASP>ASN
M0798	pdb1h9l	exact	0	
M0798	pdb1hag	substituted	4	ASP>LYS,GLY>GLN,SER>VAL,HIS>ILE
M0798	pdb1hah	substituted	4	ASP>LEU,GLY>SER,SER>ASN,HIS>GLY
M0798	pdb1hai	substituted	4	ASP>LEU,GLY>SER,SER>ASN,HIS>GLY
M0798	pdb1hao	substituted	4	ASP>LEU,GLY>SER,SER>ASN,HIS>GLY
M0798	pdb1hap	substituted	4	ASP>LEU,GLY>SER,SER>ASN,HIS>GLY
M0798	pdb1hax	exact	0	
M0798	pdb1hay	substituted	4	ASP>TYR,GLY>ASP,SER>VAL,HIS>THR
M0798	pdb1haz	exact	0	
M0798	pdb1hb0	substituted	4	ASP>TYR,GLY>ASP,SER>VAL,HIS>THR
M0798	pdb1hbt	substituted	4	ASP>LEU,GLY>SER,SER>ASN,HIS>GLY
M0798	pdb1hcg	exact	0	
M0798	pdb1hdt	substituted	4	ASP>LEU,GLY>SER,SER>ASN,HIS>GLY
M0798	pdb1hfd	exact	0	
M0798	pdb1hgt	substituted	4	ASP>LEU,GLY>SER,SER>ASN,HIS>GLY
M0798	pdb1hia	partial	NA	
M0798	pdb1hj8	exact	0	
M0798	pdb1hj9	exact	0	
M0798	pdb1hja	partial	NA	
M0798	pdb1hlt	substituted	4	ASP>LEU,GLY>SER,SER>ASN,HIS>GLY
M0798	pdb1hne	partial	NA	
M0798	pdb1hrt	substituted	4	ASP>LEU,GLY>SER,SER>ASN,HIS>GLY
M0798	pdb1hut	substituted	4	ASP>LEU,GLY>SER,SER>ASN,HIS>GLY
M0798	pdb1hv7	exact	0	
M0798	pdb1hxe	substituted	4	ASP>LEU,GLY>SER,SER>ASN,HIS>GLY
M0798	pdb1hxf	substituted	4	ASP>LEU,GLY>SER,SER>ASN,HIS>GLY
M0798	pdb1hyl	exact	0	
M0798	pdb1iau	exact	0	
M0798	pdb1id5	substituted	4	ASP>LEU,GLY>SER,SER>ASN,HIS>GLY
M0798	pdb1ihs	substituted	4	ASP>LEU,GLY>SER,SER>ASN,HIS>GLY
M0798	pdb1iht	substituted	4	ASP>LEU,GLY>SER,SER>ASN,HIS>GLY
M0798	pdb1inc	exact	0	
M0798	pdb1ioe	exact	0	
M0798	pdb1iqe	exact	0	
M0798	pdb1iqf	exact	0	
M0798	pdb1iqg	exact	0	
M0798	pdb1iqh	exact	0	
M0798	pdb1iqi	exact	0	
M0798	pdb1iqj	exact	0	
M0798	pdb1iqk	exact	0	
M0798	pdb1iql	exact	0	
M0798	pdb1iqm	exact	0	
M0798	pdb1iqn	exact	0	
M0798	pdb1j14	exact	0	
M0798	pdb1j15	exact	0	
M0798	pdb1j16	exact	0	
M0798	pdb1j17	substituted	1	ASP>ASN
M0798	pdb1j8a	exact	0	
M0798	pdb1j9c	substituted	4	ASP>ILE,GLY>SER,SER>LYS,HIS>LEU
M0798	pdb1jbu	substituted	4	ASP>ILE,GLY>SER,SER>LYS,HIS>LEU
M0798	pdb1jim	exact	0	
M0798	pdb1jir	exact	0	
M0798	pdb1jmo	substituted	3	GLY>PRO,SER>ARG,HIS>ALA
M0798	pdb1jou	substituted	1	SER>ALA
M0798	pdb1jrs	exact	0	
M0798	pdb1jrt	exact	0	
M0798	pdb1jwt	exact	0	
M0798	pdb1k1i	exact	0	
M0798	pdb1k1j	exact	0	
M0798	pdb1k1l	exact	0	
M0798	pdb1k1m	exact	0	
M0798	pdb1k1n	exact	0	
M0798	pdb1k1o	exact	0	
M0798	pdb1k1p	exact	0	
M0798	pdb1k21	substituted	4	ASP>LEU,GLY>SER,SER>ASN,HIS>GLY
M0798	pdb1k22	substituted	4	ASP>LEU,GLY>SER,SER>ASN,HIS>GLY
M0798	pdb1k2i	exact	0	
M0798	pdb1k9o	substituted	2	ASP>ASN,SER>ALA
M0798	pdb1kdq	partial	NA	
M0798	pdb1kig	substituted	4	ASP>THR,GLY>ALA,SER>TYR,HIS>CYS
M0798	pdb1kli	substituted	4	ASP>ILE,GLY>SER,SER>LYS,HIS>LEU
M0798	pdb1klj	substituted	4	ASP>ILE,GLY>SER,SER>LYS,HIS>LEU
M0798	pdb1klt	exact	0	
M0798	pdb1ksn	exact	0	
M0798	pdb1kts	exact	0	
M0798	pdb1ktt	exact	0	
M0798	pdb1kyn	exact	0	
M0798	pdb1l0z	exact	0	
M0798	pdb1l1g	exact	0	
M0798	pdb1l2e	exact	0	
M0798	pdb1l4d	substituted	1	SER>ALA
M0798	pdb1l4z	substituted	1	SER>ALA
M0798	pdb1ldt	substituted	1	ASP>ASN
M0798	pdb1lhc	substituted	4	ASP>LEU,GLY>SER,SER>ASN,HIS>GLY
M0798	pdb1lhd	substituted	4	ASP>LEU,GLY>SER,SER>ASN,HIS>GLY
M0798	pdb1lhe	substituted	4	ASP>LEU,GLY>SER,SER>ASN,HIS>GLY
M0798	pdb1lhf	substituted	4	ASP>LEU,GLY>SER,SER>ASN,HIS>GLY
M0798	pdb1lhg	substituted	4	ASP>LEU,GLY>SER,SER>ASN,HIS>GLY
M0798	pdb1lka	exact	0	
M0798	pdb1lkb	exact	0	
M0798	pdb1lmw	exact	0	
M0798	pdb1lo6	exact	0	
M0798	pdb1lpg	exact	0	
M0798	pdb1lpk	exact	0	
M0798	pdb1lpz	exact	0	
M0798	pdb1lqd	exact	0	
M0798	pdb1lqe	exact	0	
M0798	pdb1lto	exact	0	
M0798	pdb1lvy	exact	0	
M0798	pdb1m9u	exact	0	
M0798	pdb1max	exact	0	
M0798	pdb1may	exact	0	
M0798	pdb1mbq	exact	0	
M0798	pdb1mct	exact	0	
M0798	pdb1mcv	exact	0	
M0798	pdb1md7	substituted	1	SER>ALA
M0798	pdb1md8	exact	0	
M0798	pdb1mh0	exact	0	
M0798	pdb1mkw	substituted	4	ASP>LEU,GLY>SER,SER>ASN,HIS>GLY
M0798	pdb1mkx	substituted	4	ASP>LEU,GLY>SER,SER>ASN,HIS>GLY
M0798	pdb1mmj	exact	0	
M0798	pdb1mq5	exact	0	
M0798	pdb1mq6	exact	0	
M0798	pdb1mtn	partial	NA	
M0798	pdb1mts	exact	0	
M0798	pdb1mtu	exact	0	
M0798	pdb1mtv	exact	0	
M0798	pdb1mtw	exact	0	
M0798	pdb1mu6	exact	0	
M0798	pdb1mu8	exact	0	
M0798	pdb1mue	exact	0	
M0798	pdb1mza	substituted	1	SER>ALA
M0798	pdb1mzd	substituted	1	SER>ALA
M0798	pdb1n6x	exact	0	
M0798	pdb1n6y	exact	0	
M0798	pdb1n8o	partial	NA	
M0798	pdb1nc6	exact	0	
M0798	pdb1nes	substituted	4	ASP>TYR,GLY>ASP,SER>VAL,HIS>THR
M0798	pdb1nfu	exact	0	
M0798	pdb1nfw	exact	0	
M0798	pdb1nfx	exact	0	
M0798	pdb1nfy	exact	0	
M0798	pdb1nm6	exact	0	
M0798	pdb1nn6	exact	0	
M0798	pdb1no9	substituted	4	ASP>LEU,GLY>SER,SER>ASN,HIS>GLY
M0798	pdb1npm	exact	0	
M0798	pdb1nrn	substituted	4	ASP>LEU,GLY>SER,SER>ASN,HIS>GLY
M0798	pdb1nro	substituted	4	ASP>LEU,GLY>SER,SER>ASN,HIS>GLY
M0798	pdb1nrp	substituted	4	ASP>LEU,GLY>SER,SER>ASN,HIS>GLY
M0798	pdb1nrq	substituted	4	ASP>LEU,GLY>SER,SER>ASN,HIS>GLY
M0798	pdb1nrr	substituted	4	ASP>LEU,GLY>SER,SER>ASN,HIS>GLY
M0798	pdb1nrs	substituted	4	ASP>LEU,GLY>SER,SER>ASN,HIS>GLY
M0798	pdb1nt1	exact	0	
M0798	pdb1ntp	exact	0	
M0798	pdb1nu7	exact	0	
M0798	pdb1nu9	exact	0	
M0798	pdb1ny2	substituted	4	ASP>LEU,GLY>SER,SER>ASN,HIS>GLY
M0798	pdb1nzq	substituted	4	ASP>LEU,GLY>SER,SER>ASN,HIS>GLY
M0798	pdb1o0d	substituted	4	ASP>LEU,GLY>SER,SER>ASN,HIS>GLY
M0798	pdb1o2g	substituted	4	ASP>LEU,GLY>SER,SER>ASN,HIS>GLY
M0798	pdb1o2h	exact	0	
M0798	pdb1o2i	exact	0	
M0798	pdb1o2j	exact	0	
M0798	pdb1o2k	exact	0	
M0798	pdb1o2l	exact	0	
M0798	pdb1o2m	exact	0	
M0798	pdb1o2n	exact	0	
M0798	pdb1o2o	exact	0	
M0798	pdb1o2p	exact	0	
M0798	pdb1o2q	exact	0	
M0798	pdb1o2r	exact	0	
M0798	pdb1o2s	exact	0	
M0798	pdb1o2t	exact	0	
M0798	pdb1o2u	exact	0	
M0798	pdb1o2v	exact	0	
M0798	pdb1o2w	exact	0	
M0798	pdb1o2x	exact	0	
M0798	pdb1o2y	exact	0	
M0798	pdb1o2z	exact	0	
M0798	pdb1o30	exact	0	
M0798	pdb1o31	exact	0	
M0798	pdb1o32	exact	0	
M0798	pdb1o33	exact	0	
M0798	pdb1o34	exact	0	
M0798	pdb1o35	exact	0	
M0798	pdb1o36	exact	0	
M0798	pdb1o37	exact	0	
M0798	pdb1o38	exact	0	
M0798	pdb1o39	exact	0	
M0798	pdb1o3a	exact	0	
M0798	pdb1o3b	exact	0	
M0798	pdb1o3c	exact	0	
M0798	pdb1o3d	exact	0	
M0798	pdb1o3e	exact	0	
M0798	pdb1o3f	exact	0	
M0798	pdb1o3g	exact	0	
M0798	pdb1o3h	exact	0	
M0798	pdb1o3i	exact	0	
M0798	pdb1o3j	exact	0	
M0798	pdb1o3k	exact	0	
M0798	pdb1o3l	exact	0	
M0798	pdb1o3m	exact	0	
M0798	pdb1o3n	exact	0	
M0798	pdb1o3o	exact	0	
M0798	pdb1o3p	exact	0	
M0798	pdb1o5a	exact	0	
M0798	pdb1o5b	exact	0	
M0798	pdb1o5c	exact	0	
M0798	pdb1o5d	substituted	4	ASP>ILE,GLY>SER,SER>LYS,HIS>LEU
M0798	pdb1o5e	substituted	4	ASP>LEU,GLY>ASP,SER>CYS,HIS>LEU
M0798	pdb1o5f	substituted	4	ASP>LEU,GLY>ASP,SER>CYS,HIS>LEU
M0798	pdb1o5g	substituted	4	ASP>LEU,GLY>SER,SER>ASN,HIS>GLY
M0798	pdb1okx	exact	0	
M0798	pdb1ook	exact	0	
M0798	pdb1op0	exact	0	
M0798	pdb1op2	exact	0	
M0798	pdb1op8	exact	0	
M0798	pdb1oph	substituted	1	SER>ALA
M0798	pdb1orf	exact	0	
M0798	pdb1os8	exact	0	
M0798	pdb1oss	exact	0	
M0798	pdb1owd	exact	0	
M0798	pdb1owe	exact	0	
M0798	pdb1owh	exact	0	
M0798	pdb1owi	exact	0	
M0798	pdb1owj	exact	0	
M0798	pdb1owk	exact	0	
M0798	pdb1ox1	exact	0	
M0798	pdb1oxg	exact	0	
M0798	pdb1oyq	exact	0	
M0798	pdb1oyt	substituted	4	ASP>LEU,GLY>SER,SER>ASN,HIS>GLY
M0798	pdb1p0s	substituted	4	ASP>VAL,GLY>ALA,SER>TYR,HIS>CYS
M0798	pdb1p2i	exact	0	
M0798	pdb1p2j	exact	0	
M0798	pdb1p2k	exact	0	
M0798	pdb1p2m	exact	0	
M0798	pdb1p2n	exact	0	
M0798	pdb1p2o	exact	0	
M0798	pdb1p2q	exact	0	
M0798	pdb1p57	exact	0	
M0798	pdb1p8v	exact	0	
M0798	pdb1pfx	substituted	3	ASP>ILE,GLY>ALA,SER>HIS
M0798	pdb1pjp	exact	0	
M0798	pdb1ppb	substituted	4	ASP>LEU,GLY>SER,SER>ASN,HIS>GLY
M0798	pdb1ppc	substituted	1	ASP>SER
M0798	pdb1ppe	substituted	1	ASP>SER
M0798	pdb1ppf	partial	NA	
M0798	pdb1ppg	partial	NA	
M0798	pdb1pph	substituted	1	ASP>SER
M0798	pdb1ppz	substituted	1	SER>MIS
M0798	pdb1pq5	exact	0	
M0798	pdb1pq7	exact	0	
M0798	pdb1pq8	exact	0	
M0798	pdb1pqa	substituted	1	SER>SEB
M0798	pdb1pyt	exact	0	
M0798	pdb1q3x	exact	0	
M0798	pdb1qa0	exact	0	
M0798	pdb1qb1	exact	0	
M0798	pdb1qb6	exact	0	
M0798	pdb1qb9	exact	0	
M0798	pdb1qbn	exact	0	
M0798	pdb1qbo	exact	0	
M0798	pdb1qbv	substituted	4	ASP>LEU,GLY>SER,SER>ASN,HIS>GLY
M0798	pdb1qcp	exact	0	
M0798	pdb1qfk	partial	NA	
M0798	pdb1qgf	exact	0	
M0798	pdb1qhr	exact	0	
M0798	pdb1qix	exact	0	
M0798	pdb1qj1	exact	0	
M0798	pdb1qj6	exact	0	
M0798	pdb1qj7	exact	0	
M0798	pdb1ql7	exact	0	
M0798	pdb1ql8	exact	0	
M0798	pdb1ql9	exact	0	
M0798	pdb1qnj	exact	0	
M0798	pdb1qqu	exact	0	
M0798	pdb1qr3	substituted	4	ASP>TYR,GLY>ASP,SER>VAL,HIS>THR
M0798	pdb1qrz	exact	0	
M0798	pdb1qur	substituted	4	ASP>LEU,GLY>SER,SER>ASN,HIS>GLY
M0798	pdb1rd3	exact	0	
M0798	pdb1rfn	exact	0	
M0798	pdb1riw	partial	NA	
M0798	pdb1rjx	partial	NA	
M0798	pdb1rrk	exact	0	
M0798	pdb1rs0	exact	0	
M0798	pdb1rtf	exact	0	
M0798	pdb1rtk	exact	0	
M0798	pdb1rxp	exact	0	
M0798	pdb1s0q	exact	0	
M0798	pdb1s0r	exact	0	
M0798	pdb1s5s	exact	0	
M0798	pdb1s6f	exact	0	
M0798	pdb1s6h	exact	0	
M0798	pdb1s81	exact	0	
M0798	pdb1s82	exact	0	
M0798	pdb1s83	exact	0	
M0798	pdb1s84	exact	0	
M0798	pdb1s85	exact	0	
M0798	pdb1sb1	substituted	4	ASP>LEU,GLY>SER,SER>ASN,HIS>GLY
M0798	pdb1sbw	exact	0	
M0798	pdb1sc8	substituted	3	ASP>ALA,SER>VAL,HIS>LYS
M0798	pdb1sfi	exact	0	
M0798	pdb1sfq	exact	0	
M0798	pdb1sg8	exact	0	
M0798	pdb1sgf	substituted	1	GLY>HIS
M0798	pdb1sgi	exact	0	
M0798	pdb1sgt	exact	0	
M0798	pdb1shh	exact	0	
M0798	pdb1shy	substituted	2	SER>TYR,HIS>GLN
M0798	pdb1si5	partial	NA	
M0798	pdb1sl3	exact	0	
M0798	pdb1slu	exact	0	
M0798	pdb1slv	exact	0	
M0798	pdb1slw	exact	0	
M0798	pdb1slx	exact	0	
M0798	pdb1smf	substituted	1	ASP>SER
M0798	pdb1spj	exact	0	
M0798	pdb1sqa	exact	0	
M0798	pdb1sqo	exact	0	
M0798	pdb1sqt	exact	0	
M0798	pdb1sr5	exact	0	
M0798	pdb1t31	exact	0	
M0798	pdb1t32	exact	0	
M0798	pdb1t4u	substituted	4	ASP>ILE,GLY>CYS,SER>ASP,HIS>ALA
M0798	pdb1t4v	substituted	4	ASP>ILE,GLY>CYS,SER>ASP,HIS>ALA
M0798	pdb1t7c	exact	0	
M0798	pdb1t8l	exact	0	
M0798	pdb1t8m	exact	0	
M0798	pdb1t8n	exact	0	
M0798	pdb1t8o	exact	0	
M0798	pdb1ta2	exact	0	
M0798	pdb1ta6	exact	0	
M0798	pdb1tab	substituted	1	ASP>SER
M0798	pdb1taw	exact	0	
M0798	pdb1tb6	substituted	4	ASP>LEU,GLY>SER,SER>ASN,HIS>GLY
M0798	pdb1tbq	substituted	4	ASP>LEU,GLY>SER,SER>ASN,HIS>GLY
M0798	pdb1tbr	substituted	4	ASP>LEU,GLY>SER,SER>ASN,HIS>GLY
M0798	pdb1tbz	substituted	4	ASP>LEU,GLY>SER,SER>ASN,HIS>GLY
M0798	pdb1tfx	exact	0	
M0798	pdb1tgb	exact	0	
M0798	pdb1tgc	exact	0	
M0798	pdb1tgn	exact	0	
M0798	pdb1tgs	substituted	2	ASP>VAL,HIS>LEU
M0798	pdb1tgt	exact	0	
M0798	pdb1thp	exact	0	
M0798	pdb1thr	substituted	4	ASP>LEU,GLY>SER,SER>ASN,HIS>GLY
M0798	pdb1ths	substituted	4	ASP>LEU,GLY>SER,SER>ASN,HIS>GLY
M0798	pdb1tio	exact	0	
M0798	pdb1tld	exact	0	
M0798	pdb1tmb	substituted	4	ASP>LEU,GLY>SER,SER>ASN,HIS>GLY
M0798	pdb1tmt	substituted	4	ASP>LEU,GLY>SER,SER>ASN,HIS>GLY
M0798	pdb1tmu	substituted	4	ASP>LEU,GLY>SER,SER>ASN,HIS>GLY
M0798	pdb1tng	exact	0	
M0798	pdb1tnh	exact	0	
M0798	pdb1tni	exact	0	
M0798	pdb1tnj	exact	0	
M0798	pdb1tnk	exact	0	
M0798	pdb1tnl	exact	0	
M0798	pdb1toc	exact	0	
M0798	pdb1tom	substituted	4	ASP>LEU,GLY>SER,SER>ASN,HIS>GLY
M0798	pdb1ton	exact	0	
M0798	pdb1tpa	substituted	1	ASP>SER
M0798	pdb1tpo	exact	0	
M0798	pdb1tpp	exact	0	
M0798	pdb1tps	exact	0	
M0798	pdb1tq0	exact	0	
M0798	pdb1tq7	exact	0	
M0798	pdb1trm	substituted	1	ASP>ASN
M0798	pdb1trn	exact	0	
M0798	pdb1try	exact	0	
M0798	pdb1twx	exact	0	
M0798	pdb1tx6	exact	0	
M0798	pdb1tx7	exact	0	
M0798	pdb1tx8	exact	0	
M0798	pdb1tyn	exact	0	
M0798	pdb1u6q	exact	0	
M0798	pdb1ucy	substituted	4	ASP>LEU,GLY>SER,SER>ASN,HIS>GLY
M0798	pdb1uhb	partial	NA	
M0798	pdb1uma	substituted	4	ASP>LEU,GLY>SER,SER>ASN,HIS>GLY
M0798	pdb1uo6	exact	0	
M0798	pdb1utj	exact	0	
M0798	pdb1utk	exact	0	
M0798	pdb1utl	substituted	2	ASP>MET,HIS>LYS
M0798	pdb1utm	exact	0	
M0798	pdb1utn	exact	0	
M0798	pdb1uto	exact	0	
M0798	pdb1utp	exact	0	
M0798	pdb1utq	exact	0	
M0798	pdb1uvo	exact	0	
M0798	pdb1uvp	exact	0	
M0798	pdb1uvs	substituted	4	ASP>LEU,GLY>SER,SER>ASN,HIS>GLY
M0798	pdb1uvt	substituted	4	ASP>LEU,GLY>SER,SER>ASN,HIS>GLY
M0798	pdb1uvu	substituted	4	ASP>LEU,GLY>SER,SER>ASN,HIS>GLY
M0798	pdb1v2j	substituted	1	ASP>SER
M0798	pdb1v2k	substituted	1	ASP>SER
M0798	pdb1v2l	substituted	1	ASP>SER
M0798	pdb1v2m	substituted	1	ASP>SER
M0798	pdb1v2n	substituted	1	ASP>SER
M0798	pdb1v2o	substituted	1	ASP>SER
M0798	pdb1v2p	substituted	1	ASP>SER
M0798	pdb1v2q	substituted	1	ASP>SER
M0798	pdb1v2r	substituted	1	ASP>SER
M0798	pdb1v2s	substituted	1	ASP>SER
M0798	pdb1v2t	substituted	1	ASP>SER
M0798	pdb1v2u	substituted	1	ASP>SER
M0798	pdb1v2v	substituted	1	ASP>SER
M0798	pdb1v2w	substituted	1	ASP>SER
M0798	pdb1v3x	exact	0	
M0798	pdb1v6d	exact	0	
M0798	pdb1vgc	partial	NA	
M0798	pdb1vit	substituted	4	ASP>LEU,GLY>SER,SER>ASN,HIS>GLY
M0798	pdb1vj9	substituted	3	ASP>ALA,SER>VAL,HIS>LYS
M0798	pdb1vja	substituted	3	ASP>ALA,SER>VAL,HIS>LYS
M0798	pdb1vr1	substituted	4	ASP>ILE,GLY>TRP,SER>GLN,HIS>ILE
M0798	pdb1vzq	substituted	3	ASP>LEU,SER>PRO,HIS>GLY
M0798	pdb1w0y	substituted	4	ASP>ILE,GLY>SER,SER>LYS,HIS>LEU
M0798	pdb1w0z	substituted	2	SER>PRO,HIS>LEU
M0798	pdb1w10	substituted	2	SER>PRO,HIS>LEU
M0798	pdb1w11	substituted	2	SER>PRO,HIS>LEU
M0798	pdb1w12	substituted	2	SER>PRO,HIS>LEU
M0798	pdb1w13	substituted	2	SER>PRO,HIS>LEU
M0798	pdb1w14	substituted	2	SER>PRO,HIS>LEU
M0798	pdb1w2k	substituted	4	ASP>ILE,GLY>SER,SER>LYS,HIS>LEU
M0798	pdb1w7g	substituted	4	ASP>LEU,GLY>SER,SER>ASN,HIS>GLY
M0798	pdb1w7x	substituted	4	ASP>ILE,GLY>SER,SER>LYS,HIS>LEU
M0798	pdb1w8b	substituted	4	ASP>ILE,GLY>SER,SER>LYS,HIS>LEU
M0798	pdb1way	exact	0	
M0798	pdb1wbg	exact	0	
M0798	pdb1wqv	substituted	4	ASP>ILE,GLY>SER,SER>LYS,HIS>LEU
M0798	pdb1wss	substituted	4	ASP>ILE,GLY>SER,SER>LYS,HIS>LEU
M0798	pdb1wtg	substituted	4	ASP>ILE,GLY>SER,SER>LYS,HIS>LEU
M0798	pdb1wu1	exact	0	
M0798	pdb1wun	substituted	4	ASP>ILE,GLY>SER,SER>LYS,HIS>LEU
M0798	pdb1wv7	substituted	4	ASP>ILE,GLY>SER,SER>LYS,HIS>LEU
M0798	pdb1x7a	substituted	3	ASP>ILE,GLY>ALA,SER>HIS
M0798	pdb1xka	substituted	4	ASP>VAL,GLY>ALA,SER>TYR,HIS>CYS
M0798	pdb1xkb	exact	0	
M0798	pdb1xm1	exact	0	
M0798	pdb1xmn	exact	0	
M0798	pdb1xuf	exact	0	
M0798	pdb1xug	exact	0	
M0798	pdb1xuh	exact	0	
M0798	pdb1xui	exact	0	
M0798	pdb1xuj	exact	0	
M0798	pdb1xuk	exact	0	
M0798	pdb1xvm	exact	0	
M0798	pdb1xvo	exact	0	
M0798	pdb1xx9	exact	0	
M0798	pdb1xxd	exact	0	
M0798	pdb1xxf	exact	0	
M0798	pdb1y3u	exact	0	
M0798	pdb1y3v	exact	0	
M0798	pdb1y3w	exact	0	
M0798	pdb1y3x	exact	0	
M0798	pdb1y3y	exact	0	
M0798	pdb1y59	substituted	1	ASP>SER
M0798	pdb1y5a	substituted	1	ASP>SER
M0798	pdb1y5b	substituted	1	ASP>SER
M0798	pdb1y5u	substituted	1	ASP>SER
M0798	pdb1ybw	exact	0	
M0798	pdb1yc0	exact	0	
M0798	pdb1ycp	substituted	4	ASP>LEU,GLY>SER,SER>ASN,HIS>GLY
M0798	pdb1yf4	exact	0	
M0798	pdb1ygc	substituted	4	ASP>ILE,GLY>SER,SER>LYS,HIS>LEU
M0798	pdb1ykt	substituted	1	SER>ALA
M0798	pdb1ylc	substituted	1	SER>ALA
M0798	pdb1yld	substituted	1	SER>ALA
M0798	pdb1ym0	exact	0	
M0798	pdb1yp9	exact	0	
M0798	pdb1ype	substituted	4	ASP>LEU,GLY>SER,SER>ASN,HIS>GLY
M0798	pdb1ypg	substituted	4	ASP>LEU,GLY>SER,SER>ASN,HIS>GLY
M0798	pdb1yph	partial	NA	
M0798	pdb1ypj	substituted	4	ASP>LEU,GLY>SER,SER>ASN,HIS>GLY
M0798	pdb1ypk	substituted	4	ASP>LEU,GLY>SER,SER>ASN,HIS>GLY
M0798	pdb1ypl	substituted	4	ASP>LEU,GLY>SER,SER>ASN,HIS>GLY
M0798	pdb1ypm	substituted	4	ASP>LEU,GLY>SER,SER>ASN,HIS>GLY
M0798	pdb1yyy	substituted	1	ASP>SER
M0798	pdb1z6e	exact	0	
M0798	pdb1z6j	substituted	4	ASP>ILE,GLY>SER,SER>LYS,HIS>LEU
M0798	pdb1z71	exact	0	
M0798	pdb1z7k	exact	0	
M0798	pdb1z8g	exact	0	
M0798	pdb1z8i	substituted	1	GLY>ALA
M0798	pdb1z8j	substituted	1	GLY>PRO
M0798	pdb1zgi	exact	0	
M0798	pdb1zgv	exact	0	
M0798	pdb1zhm	exact	0	
M0798	pdb1zhp	exact	0	
M0798	pdb1zhr	exact	0	
M0798	pdb1zjd	exact	0	
M0798	pdb1zjk	exact	0	
M0798	pdb1zlr	exact	0	
M0798	pdb1zmj	exact	0	
M0798	pdb1zml	exact	0	
M0798	pdb1zmn	exact	0	
M0798	pdb1zom	exact	0	
M0798	pdb1zpb	exact	0	
M0798	pdb1zpc	exact	0	
M0798	pdb1zpz	exact	0	
M0798	pdb1zr0	exact	0	
M0798	pdb1zrb	exact	0	
M0798	pdb1zrk	exact	0	
M0798	pdb1zsj	exact	0	
M0798	pdb1zsk	exact	0	
M0798	pdb1zsl	exact	0	
M0798	pdb1ztj	exact	0	
M0798	pdb1ztk	exact	0	
M0798	pdb1ztl	exact	0	
M0798	pdb1zzz	exact	0	
M0798	pdb2a0q	exact	0	
M0798	pdb2a1d	exact	0	
M0798	pdb2a2q	substituted	4	ASP>ILE,GLY>SER,SER>LYS,HIS>LEU
M0798	pdb2a2x	substituted	4	ASP>LEU,GLY>SER,SER>ASN,HIS>GLY
M0798	pdb2a31	exact	0	
M0798	pdb2a32	exact	0	
M0798	pdb2a45	exact	0	
M0798	pdb2a7c	exact	0	
M0798	pdb2a7h	exact	0	
M0798	pdb2a7j	exact	0	
M0798	pdb2aei	substituted	4	ASP>ILE,GLY>SER,SER>LYS,HIS>LEU
M0798	pdb2aer	substituted	4	ASP>ILE,GLY>SER,SER>LYS,HIS>LEU
M0798	pdb2afq	exact	0	
M0798	pdb2age	substituted	1	ASP>SER
M0798	pdb2agg	substituted	1	ASP>SER
M0798	pdb2agi	substituted	1	ASP>SER
M0798	pdb2ah4	substituted	1	ASP>SER
M0798	pdb2aip	exact	0	
M0798	pdb2aiq	exact	0	
M0798	pdb2ank	substituted	4	ASP>LEU,GLY>SER,SER>ASN,HIS>GLY
M0798	pdb2anm	substituted	4	ASP>LEU,GLY>SER,SER>ASN,HIS>GLY
M0798	pdb2anw	exact	0	
M0798	pdb2any	exact	0	
M0798	pdb2asu	substituted	3	ASP>GLN,SER>TYR,HIS>GLN
M0798	pdb2ayw	exact	0	
M0798	pdb2b5t	substituted	1	SER>ALA
M0798	pdb2b7d	substituted	4	ASP>ILE,GLY>SER,SER>LYS,HIS>LEU
M0798	pdb2b8o	substituted	4	ASP>ILE,GLY>SER,SER>LYS,HIS>LEU
M0798	pdb2b9l	substituted	1	SER>GLY
M0798	pdb2bb4	substituted	4	ASP>TYR,GLY>ASP,SER>VAL,HIS>THR
M0798	pdb2bd2	substituted	4	ASP>TYR,GLY>ASP,SER>VAL,HIS>THR
M0798	pdb2bd3	substituted	4	ASP>TYR,GLY>ASP,SER>VAL,HIS>THR
M0798	pdb2bd4	substituted	4	ASP>TYR,GLY>ASP,SER>VAL,HIS>THR
M0798	pdb2bd5	substituted	4	ASP>TYR,GLY>ASP,SER>VAL,HIS>THR
M0798	pdb2bd7	substituted	4	ASP>TYR,GLY>ASP,SER>VAL,HIS>THR
M0798	pdb2bd8	substituted	4	ASP>TYR,GLY>ASP,SER>VAL,HIS>THR
M0798	pdb2bd9	exact	0	
M0798	pdb2bda	substituted	4	ASP>TYR,GLY>ASP,SER>VAL,HIS>THR
M0798	pdb2bdb	exact	0	
M0798	pdb2bdc	exact	0	
M0798	pdb2bdg	exact	0	
M0798	pdb2bdh	exact	0	
M0798	pdb2bdi	exact	0	
M0798	pdb2bdy	exact	0	
M0798	pdb2blo	exact	0	
M0798	pdb2blq	exact	0	
M0798	pdb2blv	exact	0	
M0798	pdb2blw	exact	0	
M0798	pdb2bm2	exact	0	
M0798	pdb2bmg	exact	0	
M0798	pdb2boh	exact	0	
M0798	pdb2bok	exact	0	
M0798	pdb2bq6	exact	0	
M0798	pdb2bq7	exact	0	
M0798	pdb2bqw	exact	0	
M0798	pdb2btc	substituted	1	ASP>SER
M0798	pdb2bvr	substituted	3	ASP>LEU,SER>PRO,HIS>GLY
M0798	pdb2bvs	substituted	4	ASP>LEU,GLY>SER,SER>ASN,HIS>GLY
M0798	pdb2bvx	substituted	4	ASP>LEU,GLY>SER,SER>ASN,HIS>GLY
M0798	pdb2bxt	substituted	4	ASP>LEU,GLY>SER,SER>ASN,HIS>GLY
M0798	pdb2bxu	substituted	4	ASP>LEU,GLY>SER,SER>ASN,HIS>GLY
M0798	pdb2by5	substituted	2	ASP>MET,HIS>LYS
M0798	pdb2by6	substituted	2	ASP>MET,HIS>LYS
M0798	pdb2by7	substituted	2	ASP>MET,HIS>LYS
M0798	pdb2by8	substituted	2	ASP>MET,HIS>LYS
M0798	pdb2by9	substituted	2	ASP>MET,HIS>LYS
M0798	pdb2bya	substituted	2	ASP>MET,HIS>LYS
M0798	pdb2bz6	substituted	4	ASP>ILE,GLY>SER,SER>LYS,HIS>LEU
M0798	pdb2bza	exact	0	
M0798	pdb2c4f	substituted	4	ASP>ILE,GLY>SER,SER>LYS,HIS>LEU
M0798	pdb2c8w	exact	0	
M0798	pdb2c8x	exact	0	
M0798	pdb2c8y	exact	0	
M0798	pdb2c8z	exact	0	
M0798	pdb2c90	exact	0	
M0798	pdb2c93	exact	0	
M0798	pdb2cf8	substituted	4	ASP>LEU,GLY>SER,SER>ASN,HIS>GLY
M0798	pdb2cf9	substituted	4	ASP>LEU,GLY>SER,SER>ASN,HIS>GLY
M0798	pdb2cga	exact	0	
M0798	pdb2cha	partial	NA	
M0798	pdb2cji	exact	0	
M0798	pdb2cmy	exact	0	
M0798	pdb2cn0	substituted	4	ASP>LEU,GLY>SER,SER>ASN,HIS>GLY
M0798	pdb2cv3	exact	0	
M0798	pdb2d1j	exact	0	
M0798	pdb2d26	exact	0	
M0798	pdb2d8w	exact	0	
M0798	pdb2de8	exact	0	
M0798	pdb2de9	exact	0	
M0798	pdb2ec9	substituted	4	ASP>ILE,GLY>SER,SER>LYS,HIS>LEU
M0798	pdb2eek	exact	0	
M0798	pdb2ei6	exact	0	
M0798	pdb2ei7	exact	0	
M0798	pdb2ei8	exact	0	
M0798	pdb2est	substituted	4	ASP>TYR,GLY>ASP,SER>VAL,HIS>THR
M0798	pdb2f3c	substituted	2	ASP>LYS,HIS>CYS
M0798	pdb2f83	partial	NA	
M0798	pdb2f91	exact	0	
M0798	pdb2f9b	substituted	4	ASP>ILE,GLY>SER,SER>LYS,HIS>LEU
M0798	pdb2f9n	exact	0	
M0798	pdb2f9o	exact	0	
M0798	pdb2f9p	exact	0	
M0798	pdb2fda	exact	0	
M0798	pdb2feq	substituted	4	ASP>LEU,GLY>SER,SER>ASN,HIS>GLY
M0798	pdb2fes	substituted	4	ASP>LEU,GLY>SER,SER>ASN,HIS>GLY
M0798	pdb2fi3	substituted	1	ASP>SER
M0798	pdb2fi4	substituted	1	ASP>SER
M0798	pdb2fi5	substituted	1	ASP>SER
M0798	pdb2fir	substituted	4	ASP>ILE,GLY>SER,SER>LYS,HIS>LEU
M0798	pdb2flb	substituted	4	ASP>ILE,GLY>SER,SER>LYS,HIS>LEU
M0798	pdb2flr	substituted	4	ASP>ILE,GLY>SER,SER>LYS,HIS>LEU
M0798	pdb2fmj	exact	0	
M0798	pdb2fo9	exact	0	
M0798	pdb2foa	exact	0	
M0798	pdb2fob	exact	0	
M0798	pdb2foc	exact	0	
M0798	pdb2fod	exact	0	
M0798	pdb2foe	exact	0	
M0798	pdb2fof	exact	0	
M0798	pdb2fog	exact	0	
M0798	pdb2foh	exact	0	
M0798	pdb2fpz	exact	0	
M0798	pdb2fs8	exact	0	
M0798	pdb2fs9	exact	0	
M0798	pdb2ftl	substituted	1	ASP>SER
M0798	pdb2ftm	exact	0	
M0798	pdb2fww	exact	0	
M0798	pdb2fx4	exact	0	
M0798	pdb2fx6	exact	0	
M0798	pdb2fxr	exact	0	
M0798	pdb2fzz	exact	0	
M0798	pdb2g00	exact	0	
M0798	pdb2g4t	exact	0	
M0798	pdb2g4u	exact	0	
M0798	pdb2g51	exact	0	
M0798	pdb2g52	exact	0	
M0798	pdb2g55	exact	0	
M0798	pdb2g5n	exact	0	
M0798	pdb2g5v	exact	0	
M0798	pdb2g81	substituted	1	ASP>SER
M0798	pdb2g8t	exact	0	
M0798	pdb2gch	partial	NA	
M0798	pdb2gct	partial	NA	
M0798	pdb2gd4	substituted	1	SER>ALA
M0798	pdb2gdd	exact	0	
M0798	pdb2gde	substituted	4	ASP>LEU,GLY>SER,SER>ASN,HIS>GLY
M0798	pdb2gmt	partial	NA	
M0798	pdb2gp9	substituted	1	ASP>ASN
M0798	pdb2gv6	exact	0	
M0798	pdb2gv7	exact	0	
M0798	pdb2h1u	substituted	4	ASP>TYR,GLY>ASP,SER>VAL,HIS>THR
M0798	pdb2h9e	substituted	3	ASP>VAL,SER>ASP,HIS>CYS
M0798	pdb2h9t	substituted	4	ASP>LEU,GLY>SER,SER>ASN,HIS>GLY
M0798	pdb2hgt	substituted	4	ASP>LEU,GLY>SER,SER>ASN,HIS>GLY
M0798	pdb2hlc	exact	0	
M0798	pdb2hnt	partial	NA	
M0798	pdb2hpp	substituted	4	ASP>LEU,GLY>SER,SER>ASN,HIS>GLY
M0798	pdb2hpq	substituted	4	ASP>LEU,GLY>SER,SER>ASN,HIS>GLY
M0798	pdb2hvx	exact	0	
M0798	pdb2hwl	exact	0	
M0798	pdb2i6q	partial	NA	
M0798	pdb2i6s	partial	NA	
M0798	pdb2iln	exact	0	
M0798	pdb2iot	exact	0	
M0798	pdb2j2u	exact	0	
M0798	pdb2j34	exact	0	
M0798	pdb2j38	exact	0	
M0798	pdb2j4i	exact	0	
M0798	pdb2j94	exact	0	
M0798	pdb2j95	exact	0	
M0798	pdb2j9n	exact	0	
M0798	pdb2jet	partial	NA	
M0798	pdb2jh0	substituted	4	ASP>LEU,GLY>SER,SER>ASN,HIS>GLY
M0798	pdb2jh5	substituted	4	ASP>LEU,GLY>SER,SER>ASN,HIS>GLY
M0798	pdb2jh6	substituted	4	ASP>LEU,GLY>SER,SER>ASN,HIS>GLY
M0798	pdb2jkh	exact	0	
M0798	pdb2kai	partial	NA	
M0798	pdb2nwn	exact	0	
M0798	pdb2o8t	exact	0	
M0798	pdb2o8u	substituted	1	SER>ALA
M0798	pdb2o8w	substituted	1	SER>ALA
M0798	pdb2o9q	exact	0	
M0798	pdb2ocv	exact	0	
M0798	pdb2od3	exact	0	
M0798	pdb2odp	partial	NA	
M0798	pdb2odq	partial	NA	
M0798	pdb2ody	exact	0	
M0798	pdb2ok5	exact	0	
M0798	pdb2olg	exact	0	
M0798	pdb2oq5	exact	0	
M0798	pdb2oqu	exact	0	
M0798	pdb2otv	exact	0	
M0798	pdb2oxs	exact	0	
M0798	pdb2p16	exact	0	
M0798	pdb2p3f	substituted	4	ASP>VAL,GLY>ALA,SER>TYR,HIS>CYS
M0798	pdb2p3t	exact	0	
M0798	pdb2p3u	exact	0	
M0798	pdb2p8o	partial	NA	
M0798	pdb2p93	exact	0	
M0798	pdb2p94	exact	0	
M0798	pdb2p95	exact	0	
M0798	pdb2pgb	exact	0	
M0798	pdb2pgq	exact	0	
M0798	pdb2phb	exact	0	
M0798	pdb2pka	partial	NA	
M0798	pdb2pks	partial	NA	
M0798	pdb2plx	exact	0	
M0798	pdb2pr3	exact	0	
M0798	pdb2psx	exact	0	
M0798	pdb2psy	exact	0	
M0798	pdb2ptc	substituted	1	ASP>SER
M0798	pdb2ptn	exact	0	
M0798	pdb2puq	partial	NA	
M0798	pdb2pux	substituted	1	SER>ALA
M0798	pdb2pv9	substituted	1	SER>ALA
M0798	pdb2pw8	substituted	4	ASP>LEU,GLY>SER,SER>ASN,HIS>GLY
M0798	pdb2q1j	exact	0	
M0798	pdb2qn5	substituted	2	ASP>SER,HIS>TYR
M0798	pdb2qxg	exact	0	
M0798	pdb2qxh	exact	0	
M0798	pdb2qxi	exact	0	
M0798	pdb2qxj	exact	0	
M0798	pdb2qy0	exact	0	
M0798	pdb2qyi	exact	0	
M0798	pdb2r0k	exact	0	
M0798	pdb2r0l	substituted	4	ASP>PRO,GLY>ASP,SER>CYS,HIS>SER
M0798	pdb2r2m	exact	0	
M0798	pdb2r2w	substituted	2	SER>PRO,HIS>LEU
M0798	pdb2r9p	substituted	2	GLY>ARG,SER>ALA
M0798	pdb2ra0	exact	0	
M0798	pdb2ra3	substituted	1	SER>ALA
M0798	pdb2rdl	exact	0	
M0798	pdb2rg3	substituted	1	SER>CYS
M0798	pdb2sta	substituted	1	ASP>SER
M0798	pdb2stb	substituted	1	ASP>SER
M0798	pdb2tbs	exact	0	
M0798	pdb2tga	exact	0	
M0798	pdb2tgd	exact	0	
M0798	pdb2tgp	substituted	2	ASP>VAL,HIS>LEU
M0798	pdb2tgt	exact	0	
M0798	pdb2thf	exact	0	
M0798	pdb2tio	exact	0	
M0798	pdb2tld	substituted	1	ASP>SER
M0798	pdb2tpi	substituted	2	ASP>VAL,HIS>LEU
M0798	pdb2trm	substituted	1	ASP>ASN
M0798	pdb2uuf	exact	0	
M0798	pdb2uuj	exact	0	
M0798	pdb2uuk	exact	0	
M0798	pdb2uuy	exact	0	
M0798	pdb2uwl	exact	0	
M0798	pdb2uwo	exact	0	
M0798	pdb2uwp	exact	0	
M0798	pdb2v0b	exact	0	
M0798	pdb2v35	exact	0	
M0798	pdb2v3h	substituted	4	ASP>LEU,GLY>SER,SER>ASN,HIS>GLY
M0798	pdb2v3o	substituted	4	ASP>LEU,GLY>SER,SER>ASN,HIS>GLY
M0798	pdb2vgc	partial	NA	
M0798	pdb2vh0	exact	0	
M0798	pdb2vh6	exact	0	
M0798	pdb2vin	exact	0	
M0798	pdb2vio	exact	0	
M0798	pdb2vip	exact	0	
M0798	pdb2viq	exact	0	
M0798	pdb2viv	exact	0	
M0798	pdb2viw	exact	0	
M0798	pdb2vnt	exact	0	
M0798	pdb2vu8	substituted	2	ASP>SER,HIS>TRP
M0798	pdb2vvc	exact	0	
M0798	pdb2vvu	exact	0	
M0798	pdb2vvv	exact	0	
M0798	pdb2vwl	exact	0	
M0798	pdb2vwm	exact	0	
M0798	pdb2vwn	exact	0	
M0798	pdb2vwo	exact	0	
M0798	pdb2w26	exact	0	
M0798	pdb2w3i	exact	0	
M0798	pdb2w3k	exact	0	
M0798	pdb2win	exact	0	
M0798	pdb2wph	substituted	4	ASP>ILE,GLY>ALA,SER>HIS,HIS>PHE
M0798	pdb2wpi	substituted	4	ASP>ILE,GLY>ALA,SER>HIS,HIS>PHE
M0798	pdb2wpj	substituted	4	ASP>ILE,GLY>ALA,SER>HIS,HIS>PHE
M0798	pdb2wpk	substituted	4	ASP>ILE,GLY>ALA,SER>HIS,HIS>PHE
M0798	pdb2wpl	substituted	4	ASP>ILE,GLY>ALA,SER>HIS,HIS>PHE
M0798	pdb2wpm	substituted	4	ASP>ILE,GLY>ALA,SER>HIS,HIS>PHE
M0798	pdb2wub	exact	0	
M0798	pdb2wuc	exact	0	
M0798	pdb2wyg	exact	0	
M0798	pdb2wyj	exact	0	
M0798	pdb2xbv	exact	0	
M0798	pdb2xbw	exact	0	
M0798	pdb2xbx	exact	0	
M0798	pdb2xby	exact	0	
M0798	pdb2xc0	exact	0	
M0798	pdb2xc4	exact	0	
M0798	pdb2xc5	exact	0	
M0798	pdb2xrc	partial	NA	
M0798	pdb2xtt	exact	0	
M0798	pdb2xw9	substituted	1	SER>ALA
M0798	pdb2xwa	exact	0	
M0798	pdb2xwb	exact	0	
M0798	pdb2xwj	exact	0	
M0798	pdb2xxl	exact	0	
M0798	pdb2y5f	exact	0	
M0798	pdb2y5g	exact	0	
M0798	pdb2y5h	exact	0	
M0798	pdb2y6t	exact	0	
M0798	pdb2y7x	exact	0	
M0798	pdb2y7z	exact	0	
M0798	pdb2y80	exact	0	
M0798	pdb2y81	exact	0	
M0798	pdb2y82	exact	0	
M0798	pdb2z7f	partial	NA	
M0798	pdb2za5	exact	0	
M0798	pdb2zc9	substituted	4	ASP>LEU,GLY>SER,SER>ASN,HIS>GLY
M0798	pdb2zch	exact	0	
M0798	pdb2zck	exact	0	
M0798	pdb2zcl	exact	0	
M0798	pdb2zda	substituted	4	ASP>LEU,GLY>SER,SER>ASN,HIS>GLY
M0798	pdb2zdk	exact	0	
M0798	pdb2zdl	exact	0	
M0798	pdb2zdm	exact	0	
M0798	pdb2zdn	exact	0	
M0798	pdb2zdv	substituted	4	ASP>LEU,GLY>SER,SER>ASN,HIS>GLY
M0798	pdb2zeb	exact	0	
M0798	pdb2zec	exact	0	
M0798	pdb2zf0	substituted	4	ASP>LEU,GLY>SER,SER>ASN,HIS>GLY
M0798	pdb2zff	substituted	4	ASP>LEU,GLY>SER,SER>ASN,HIS>GLY
M0798	pdb2zfp	substituted	4	ASP>LEU,GLY>SER,SER>ASN,HIS>GLY
M0798	pdb2zfq	substituted	4	ASP>LEU,GLY>SER,SER>ASN,HIS>GLY
M0798	pdb2zfr	substituted	4	ASP>LEU,GLY>SER,SER>ASN,HIS>GLY
M0798	pdb2zfs	exact	0	
M0798	pdb2zft	exact	0	
M0798	pdb2zg0	substituted	4	ASP>LEU,GLY>SER,SER>ASN,HIS>GLY
M0798	pdb2zgb	substituted	4	ASP>LEU,GLY>SER,SER>ASN,HIS>GLY
M0798	pdb2zgc	exact	0	
M0798	pdb2zgh	exact	0	
M0798	pdb2zgj	substituted	1	ASP>ASN
M0798	pdb2zgx	substituted	4	ASP>LEU,GLY>SER,SER>ASN,HIS>GLY
M0798	pdb2zhd	exact	0	
M0798	pdb2zhe	substituted	4	ASP>LEU,GLY>SER,SER>ASN,HIS>GLY
M0798	pdb2zhf	substituted	4	ASP>LEU,GLY>SER,SER>ASN,HIS>GLY
M0798	pdb2zhq	substituted	4	ASP>LEU,GLY>SER,SER>ASN,HIS>GLY
M0798	pdb2zhw	substituted	4	ASP>LEU,GLY>SER,SER>ASN,HIS>GLY
M0798	pdb2zi2	substituted	4	ASP>LEU,GLY>SER,SER>ASN,HIS>GLY
M0798	pdb2ziq	substituted	4	ASP>LEU,GLY>SER,SER>ASN,HIS>GLY
M0798	pdb2zks	exact	0	
M0798	pdb2znk	substituted	4	ASP>LEU,GLY>SER,SER>ASN,HIS>GLY
M0798	pdb2zo3	substituted	4	ASP>LEU,GLY>SER,SER>ASN,HIS>GLY
M0798	pdb2zp0	substituted	4	ASP>ILE,GLY>SER,SER>LYS,HIS>LEU
M0798	pdb2zpq	exact	0	
M0798	pdb2zpr	exact	0	
M0798	pdb2zps	exact	0	
M0798	pdb2zq1	exact	0	
M0798	pdb2zq2	exact	0	
M0798	pdb2zwl	substituted	4	ASP>ILE,GLY>SER,SER>LYS,HIS>LEU
M0798	pdb2zzu	substituted	4	ASP>ILE,GLY>SER,SER>LYS,HIS>LEU
M0798	pdb3a7t	exact	0	
M0798	pdb3a7v	exact	0	
M0798	pdb3a7w	exact	0	
M0798	pdb3a7x	exact	0	
M0798	pdb3a7y	exact	0	
M0798	pdb3a7z	exact	0	
M0798	pdb3a80	exact	0	
M0798	pdb3a81	exact	0	
M0798	pdb3a82	exact	0	
M0798	pdb3a83	exact	0	
M0798	pdb3a84	exact	0	
M0798	pdb3a85	exact	0	
M0798	pdb3a86	exact	0	
M0798	pdb3a87	exact	0	
M0798	pdb3a88	exact	0	
M0798	pdb3a89	exact	0	
M0798	pdb3a8a	exact	0	
M0798	pdb3a8b	exact	0	
M0798	pdb3a8c	exact	0	
M0798	pdb3a8d	exact	0	
M0798	pdb3aas	exact	0	
M0798	pdb3aau	exact	0	
M0798	pdb3aav	exact	0	
M0798	pdb3ati	exact	0	
M0798	pdb3atk	exact	0	
M0798	pdb3atl	exact	0	
M0798	pdb3atm	exact	0	
M0798	pdb3b23	exact	0	
M0798	pdb3b9f	substituted	4	ASP>LEU,GLY>SER,SER>ASN,HIS>GLY
M0798	pdb3bef	substituted	1	ASP>ASN
M0798	pdb3bei	substituted	1	ASP>ASN
M0798	pdb3beu	exact	0	
M0798	pdb3bf6	substituted	4	ASP>LEU,GLY>SER,SER>ASN,HIS>GLY
M0798	pdb3bg4	partial	NA	
M0798	pdb3bg8	exact	0	
M0798	pdb3biu	substituted	4	ASP>LEU,GLY>SER,SER>ASN,HIS>GLY
M0798	pdb3biv	substituted	4	ASP>LEU,GLY>SER,SER>ASN,HIS>GLY
M0798	pdb3bn9	exact	0	
M0798	pdb3bsq	exact	0	
M0798	pdb3btd	substituted	1	ASP>SER
M0798	pdb3bte	substituted	1	ASP>SER
M0798	pdb3btf	substituted	1	ASP>SER
M0798	pdb3btg	substituted	1	ASP>SER
M0798	pdb3bth	substituted	1	ASP>SER
M0798	pdb3btk	substituted	1	ASP>SER
M0798	pdb3btm	substituted	1	ASP>SER
M0798	pdb3btq	substituted	1	ASP>SER
M0798	pdb3btt	substituted	1	ASP>SER
M0798	pdb3btw	substituted	1	ASP>SER
M0798	pdb3bv9	exact	0	
M0798	pdb3c1k	exact	0	
M0798	pdb3c27	exact	0	
M0798	pdb3cen	exact	0	
M0798	pdb3cs7	exact	0	
M0798	pdb3d49	substituted	4	ASP>LEU,GLY>SER,SER>ASN,HIS>GLY
M0798	pdb3d65	substituted	1	ASP>SER
M0798	pdb3da9	exact	0	
M0798	pdb3dd2	substituted	4	ASP>LEU,GLY>SER,SER>ASN,HIS>GLY
M0798	pdb3dfj	exact	0	
M0798	pdb3dfl	exact	0	
M0798	pdb3dhk	substituted	4	ASP>LEU,GLY>SER,SER>ASN,HIS>GLY
M0798	pdb3dt0	substituted	4	ASP>LEU,GLY>SER,SER>ASN,HIS>GLY
M0798	pdb3dux	substituted	4	ASP>LEU,GLY>SER,SER>ASN,HIS>GLY
M0798	pdb3e0n	substituted	3	GLY>GLN,SER>ASP,HIS>VAL
M0798	pdb3e0p	substituted	3	GLY>GLN,SER>ASP,HIS>VAL
M0798	pdb3e16	substituted	3	GLY>GLN,SER>ASP,HIS>VAL
M0798	pdb3e1x	substituted	3	GLY>GLN,SER>ASP,HIS>VAL
M0798	pdb3e3t	exact	0	
M0798	pdb3e6p	substituted	4	ASP>LEU,GLY>SER,SER>ASN,HIS>GLY
M0798	pdb3e8l	exact	0	
M0798	pdb3edx	exact	0	
M0798	pdb3ee0	exact	0	
M0798	pdb3egk	substituted	4	ASP>LEU,GLY>SER,SER>ASN,HIS>GLY
M0798	pdb3ela	partial	NA	
M0798	pdb3ens	exact	0	
M0798	pdb3eq0	substituted	4	ASP>LEU,GLY>SER,SER>ASN,HIS>GLY
M0798	pdb3est	exact	0	
M0798	pdb3f68	substituted	4	ASP>LEU,GLY>SER,SER>ASN,HIS>GLY
M0798	pdb3f6u	substituted	4	ASP>VAL,GLY>ASP,SER>CYS,HIS>CYS
M0798	pdb3ffg	exact	0	
M0798	pdb3fp6	substituted	1	ASP>ASN
M0798	pdb3fp7	substituted	2	ASP>ASN,SER>ALA
M0798	pdb3fp8	substituted	2	ASP>ASN,SER>ALA
M0798	pdb3fvf	substituted	3	GLY>GLN,SER>ASP,HIS>VAL
M0798	pdb3fzz	substituted	1	GLY>GLU
M0798	pdb3g01	exact	0	
M0798	pdb3gch	partial	NA	
M0798	pdb3gct	partial	NA	
M0798	pdb3gic	exact	0	
M0798	pdb3gis	substituted	1	SER>ALA
M0798	pdb3gov	exact	0	
M0798	pdb3gy2	exact	0	
M0798	pdb3gy3	exact	0	
M0798	pdb3gy4	exact	0	
M0798	pdb3gy5	exact	0	
M0798	pdb3gy6	exact	0	
M0798	pdb3gy7	exact	0	
M0798	pdb3gy8	exact	0	
M0798	pdb3gyl	substituted	3	GLY>GLN,SER>ASP,HIS>VAL
M0798	pdb3gym	exact	0	
M0798	pdb3hat	substituted	4	ASP>LEU,GLY>SER,SER>ASN,HIS>GLY
M0798	pdb3hgn	exact	0	
M0798	pdb3hgp	exact	0	
M0798	pdb3hk3	exact	0	
M0798	pdb3hk6	exact	0	
M0798	pdb3hki	exact	0	
M0798	pdb3hkj	exact	0	
M0798	pdb3hpt	exact	0	
M0798	pdb3hrz	exact	0	
M0798	pdb3hs0	exact	0	
M0798	pdb3htc	substituted	4	ASP>LEU,GLY>SER,SER>ASN,HIS>GLY
M0798	pdb3i29	exact	0	
M0798	pdb3i77	exact	0	
M0798	pdb3i78	exact	0	
M0798	pdb3ig6	exact	0	
M0798	pdb3iit	exact	0	
M0798	pdb3iti	exact	0	
M0798	pdb3jz1	exact	0	
M0798	pdb3jz2	exact	0	
M0798	pdb3k2u	exact	0	
M0798	pdb3k65	substituted	1	SER>ALA
M0798	pdb3k9x	exact	0	
M0798	pdb3kcg	substituted	4	ASP>ILE,GLY>ALA,SER>HIS,HIS>PHE
M0798	pdb3kgp	exact	0	
M0798	pdb3khv	exact	0	
M0798	pdb3kid	partial	NA	
M0798	pdb3kl6	exact	0	
M0798	pdb3kqb	exact	0	
M0798	pdb3kqc	exact	0	
M0798	pdb3kqd	exact	0	
M0798	pdb3kqe	exact	0	
M0798	pdb3l33	substituted	2	GLY>ARG,SER>ALA
M0798	pdb3l3t	substituted	2	GLY>ARG,SER>ALA
M0798	pdb3lc3	exact	0	
M0798	pdb3lc5	exact	0	
M0798	pdb3ldx	substituted	4	ASP>LEU,GLY>SER,SER>ASN,HIS>GLY
M0798	pdb3liw	exact	0	
M0798	pdb3ljj	exact	0	
M0798	pdb3ljo	exact	0	
M0798	pdb3lu9	substituted	1	SER>ALA
M0798	pdb3m35	exact	0	
M0798	pdb3m36	exact	0	
M0798	pdb3m37	exact	0	
M0798	pdb3m61	substituted	2	SER>PRO,HIS>LEU
M0798	pdb3m7q	exact	0	
M0798	pdb3mfj	exact	0	
M0798	pdb3mhw	substituted	2	SER>PRO,HIS>LEU
M0798	pdb3mi4	exact	0	
M0798	pdb3mnb	exact	0	
M0798	pdb3mnc	exact	0	
M0798	pdb3mns	exact	0	
M0798	pdb3mnx	exact	0	
M0798	pdb3mo3	exact	0	
M0798	pdb3mo6	exact	0	
M0798	pdb3mo9	exact	0	
M0798	pdb3moc	exact	0	
M0798	pdb3mty	exact	0	
M0798	pdb3mu0	exact	0	
M0798	pdb3mu1	exact	0	
M0798	pdb3mu4	exact	0	
M0798	pdb3mu5	exact	0	
M0798	pdb3mu8	exact	0	
M0798	pdb3mwi	substituted	2	SER>PRO,HIS>LEU
M0798	pdb3myw	exact	0	
M0798	pdb3n7o	exact	0	
M0798	pdb3ncl	exact	0	
M0798	pdb3nk8	exact	0	
M0798	pdb3nkk	exact	0	
M0798	pdb3nps	exact	0	
M0798	pdb3nxp	exact	0	
M0798	pdb3odd	exact	0	
M0798	pdb3odf	exact	0	
M0798	pdb3otj	substituted	1	ASP>SER
M0798	pdb3ox7	substituted	3	ASP>LEU,SER>PRO,HIS>LEU
M0798	pdb3oy5	substituted	3	ASP>THR,SER>PRO,HIS>LEU
M0798	pdb3oy6	substituted	2	SER>PRO,HIS>LEU
M0798	pdb3p17	substituted	4	ASP>LEU,GLY>SER,SER>ASN,HIS>GLY
M0798	pdb3p6z	exact	0	
M0798	pdb3p70	exact	0	
M0798	pdb3p8f	exact	0	
M0798	pdb3p8g	exact	0	
M0798	pdb3p92	substituted	2	GLY>ARG,SER>ALA
M0798	pdb3p95	substituted	2	GLY>ARG,SER>ALA
M0798	pdb3pb1	substituted	2	SER>PRO,HIS>LEU
M0798	pdb3plb	exact	0	
M0798	pdb3plk	exact	0	
M0798	pdb3plp	exact	0	
M0798	pdb3pm3	exact	0	
M0798	pdb3pma	exact	0	
M0798	pdb3pmb	exact	0	
M0798	pdb3pmh	exact	0	
M0798	pdb3pmj	exact	0	
M0798	pdb3po1	partial	NA	
M0798	pdb3ptb	exact	0	
M0798	pdb3ptn	exact	0	
M0798	pdb3pwb	exact	0	
M0798	pdb3pwc	exact	0	
M0798	pdb3pyh	exact	0	
M0798	pdb3q00	exact	0	
M0798	pdb3q3k	exact	0	
M0798	pdb3q76	substituted	1	SER>CYS
M0798	pdb3q77	substituted	1	SER>CYS
M0798	pdb3qdz	substituted	1	ASP>ASN
M0798	pdb3qgn	exact	0	
M0798	pdb3qk1	exact	0	
M0798	pdb3qlp	substituted	4	ASP>LEU,GLY>SER,SER>ASN,HIS>GLY
M0798	pdb3qn7	exact	0	
M0798	pdb3qto	substituted	4	ASP>LEU,GLY>SER,SER>ASN,HIS>GLY
M0798	pdb3qtv	substituted	4	ASP>LEU,GLY>SER,SER>ASN,HIS>GLY
M0798	pdb3qum	exact	0	
M0798	pdb3qwc	substituted	4	ASP>LEU,GLY>SER,SER>ASN,HIS>GLY
M0798	pdb3qx5	substituted	4	ASP>LEU,GLY>SER,SER>ASN,HIS>GLY
M0798	pdb3r3g	exact	0	
M0798	pdb3rdz	exact	0	
M0798	pdb3rlw	substituted	4	ASP>LEU,GLY>SER,SER>ASN,HIS>GLY
M0798	pdb3rly	substituted	4	ASP>LEU,GLY>SER,SER>ASN,HIS>GLY
M0798	pdb3rm0	substituted	4	ASP>LEU,GLY>SER,SER>ASN,HIS>GLY
M0798	pdb3rm2	substituted	4	ASP>LEU,GLY>SER,SER>ASN,HIS>GLY
M0798	pdb3rml	substituted	4	ASP>LEU,GLY>SER,SER>ASN,HIS>GLY
M0798	pdb3rmm	substituted	4	ASP>LEU,GLY>SER,SER>ASN,HIS>GLY
M0798	pdb3rmn	substituted	4	ASP>LEU,GLY>SER,SER>ASN,HIS>GLY
M0798	pdb3rmo	substituted	4	ASP>LEU,GLY>SER,SER>ASN,HIS>GLY
M0798	pdb3rp2	exact	0	
M0798	pdb3ru4	substituted	2	ASP>LYS,HIS>CYS
M0798	pdb3rxa	exact	0	
M0798	pdb3rxb	exact	0	
M0798	pdb3rxc	exact	0	
M0798	pdb3rxd	exact	0	
M0798	pdb3rxe	exact	0	
M0798	pdb3rxf	exact	0	
M0798	pdb3rxg	exact	0	
M0798	pdb3rxh	exact	0	
M0798	pdb3rxi	exact	0	
M0798	pdb3rxj	exact	0	
M0798	pdb3rxk	exact	0	
M0798	pdb3rxl	exact	0	
M0798	pdb3rxm	exact	0	
M0798	pdb3rxo	exact	0	
M0798	pdb3rxp	exact	0	
M0798	pdb3rxq	exact	0	
M0798	pdb3rxr	exact	0	
M0798	pdb3rxs	exact	0	
M0798	pdb3rxt	exact	0	
M0798	pdb3rxu	exact	0	
M0798	pdb3rxv	exact	0	
M0798	pdb3s0n	exact	0	
M0798	pdb3s69	exact	0	
M0798	pdb3s7h	exact	0	
M0798	pdb3s7k	exact	0	
M0798	pdb3s9a	exact	0	
M0798	pdb3s9b	exact	0	
M0798	pdb3s9c	exact	0	
M0798	pdb3sbk	exact	0	
M0798	pdb3sha	substituted	4	ASP>LEU,GLY>SER,SER>ASN,HIS>GLY
M0798	pdb3shc	substituted	4	ASP>LEU,GLY>SER,SER>ASN,HIS>GLY
M0798	pdb3si3	substituted	4	ASP>LEU,GLY>SER,SER>ASN,HIS>GLY
M0798	pdb3si4	substituted	4	ASP>LEU,GLY>SER,SER>ASN,HIS>GLY
M0798	pdb3so3	exact	0	
M0798	pdb3sor	exact	0	
M0798	pdb3sos	exact	0	
M0798	pdb3sqe	substituted	4	ASP>LEU,GLY>LEU,SER>LYS,HIS>THR
M0798	pdb3sqh	substituted	4	ASP>LEU,GLY>LEU,SER>LYS,HIS>THR
M0798	pdb3sv2	substituted	4	ASP>LEU,GLY>SER,SER>ASN,HIS>GLY
M0798	pdb3sw2	exact	0	
M0798	pdb3t25	exact	0	
M0798	pdb3t26	exact	0	
M0798	pdb3t27	exact	0	
M0798	pdb3t28	exact	0	
M0798	pdb3t29	exact	0	
M0798	pdb3t2n	exact	0	
M0798	pdb3t5f	substituted	4	ASP>LEU,GLY>SER,SER>ASN,HIS>GLY
M0798	pdb3t62	exact	0	
M0798	pdb3tgi	substituted	1	ASP>ASN
M0798	pdb3tgj	substituted	3	ASP>PHE,SER>ALA,HIS>GLN
M0798	pdb3tgk	substituted	2	ASP>PRO,HIS>ASN
M0798	pdb3th2	substituted	4	ASP>ILE,GLY>SER,SER>LYS,HIS>LEU
M0798	pdb3th3	substituted	4	ASP>ILE,GLY>SER,SER>LYS,HIS>LEU
M0798	pdb3th4	substituted	4	ASP>ILE,GLY>SER,SER>LYS,HIS>LEU
M0798	pdb3tju	substituted	1	ASP>ASN
M0798	pdb3tjv	substituted	1	ASP>ASN
M0798	pdb3tk5	exact	0	
M0798	pdb3tk6	exact	0	
M0798	pdb3tk9	substituted	1	ASP>ASN
M0798	pdb3tpi	substituted	2	ASP>VAL,HIS>LEU
M0798	pdb3tu7	substituted	4	ASP>LEU,GLY>SER,SER>ASN,HIS>GLY
M0798	pdb3tvj	exact	0	
M0798	pdb3u69	partial	NA	
M0798	pdb3u8o	partial	NA	
M0798	pdb3u8r	partial	NA	
M0798	pdb3u8t	partial	NA	
M0798	pdb3u98	substituted	4	ASP>LEU,GLY>SER,SER>ASN,HIS>GLY
M0798	pdb3u9a	substituted	4	ASP>LEU,GLY>SER,SER>ASN,HIS>GLY
M0798	pdb3uir	exact	0	
M0798	pdb3unq	exact	0	
M0798	pdb3unr	partial	NA	
M0798	pdb3uns	exact	0	
M0798	pdb3uop	exact	0	
M0798	pdb3uou	exact	0	
M0798	pdb3upe	exact	0	
M0798	pdb3uqo	exact	0	
M0798	pdb3uqv	exact	0	
M0798	pdb3utu	substituted	4	ASP>LEU,GLY>SER,SER>ASN,HIS>GLY
M0798	pdb3uuz	exact	0	
M0798	pdb3uwi	exact	0	
M0798	pdb3uwj	substituted	4	ASP>LEU,GLY>SER,SER>ASN,HIS>GLY
M0798	pdb3uy9	exact	0	
M0798	pdb3v0x	exact	0	
M0798	pdb3v12	exact	0	
M0798	pdb3v13	exact	0	
M0798	pdb3v7t	exact	0	
M0798	pdb3veq	partial	NA	
M0798	pdb3vfe	exact	0	
M0798	pdb3vgc	partial	NA	
M0798	pdb3vpk	exact	0	
M0798	pdb3vxe	substituted	4	ASP>LEU,GLY>SER,SER>ASN,HIS>GLY
M0798	pdb3vxf	substituted	4	ASP>LEU,GLY>SER,SER>ASN,HIS>GLY
M0798	pdb3w94	exact	0	
M0798	pdb4a5t	exact	0	
M0798	pdb4a6l	exact	0	
M0798	pdb4a7i	exact	0	
M0798	pdb4ab8	exact	0	
M0798	pdb4ab9	exact	0	
M0798	pdb4aba	exact	0	
M0798	pdb4abb	exact	0	
M0798	pdb4abd	exact	0	
M0798	pdb4abe	exact	0	
M0798	pdb4abf	exact	0	
M0798	pdb4abg	exact	0	
M0798	pdb4abh	exact	0	
M0798	pdb4abi	exact	0	
M0798	pdb4abj	exact	0	
M0798	pdb4afq	exact	0	
M0798	pdb4afs	exact	0	
M0798	pdb4afu	exact	0	
M0798	pdb4afz	exact	0	
M0798	pdb4ag1	exact	0	
M0798	pdb4ag2	exact	0	
M0798	pdb4an7	exact	0	
M0798	pdb4aoq	exact	0	
M0798	pdb4aor	exact	0	
M0798	pdb4ax9	substituted	4	ASP>LEU,GLY>SER,SER>ASN,HIS>GLY
M0798	pdb4ayv	exact	0	
M0798	pdb4ayy	exact	0	
M0798	pdb4az2	exact	0	
M0798	pdb4b1t	substituted	1	SER>ALA
M0798	pdb4b2a	substituted	1	SER>ALA
M0798	pdb4b2b	substituted	1	SER>ALA
M0798	pdb4b2c	substituted	1	SER>ALA
M0798	pdb4bah	exact	0	
M0798	pdb4bak	exact	0	
M0798	pdb4bam	exact	0	
M0798	pdb4ban	exact	0	
M0798	pdb4bao	exact	0	
M0798	pdb4baq	exact	0	
M0798	pdb4bnr	exact	0	
M0798	pdb4boh	exact	0	
M0798	pdb4bti	exact	0	
M0798	pdb4btt	exact	0	
M0798	pdb4btu	exact	0	
M0798	pdb4bxs	partial	NA	
M0798	pdb4bxw	exact	0	
M0798	pdb4cbn	exact	0	
M0798	pdb4cbo	exact	0	
M0798	pdb4ch2	exact	0	
M0798	pdb4ch8	exact	0	
M0798	pdb4cha	partial	NA	
M0798	pdb4cr5	exact	0	
M0798	pdb4cr9	exact	0	
M0798	pdb4cra	exact	0	
M0798	pdb4crb	exact	0	
M0798	pdb4crc	exact	0	
M0798	pdb4crd	exact	0	
M0798	pdb4cre	exact	0	
M0798	pdb4crf	exact	0	
M0798	pdb4crg	exact	0	
M0798	pdb4d76	exact	0	
M0798	pdb4d7f	exact	0	
M0798	pdb4d7g	exact	0	
M0798	pdb4d8n	exact	0	
M0798	pdb4d9q	exact	0	
M0798	pdb4d9r	exact	0	
M0798	pdb4dg4	substituted	2	GLY>ARG,SER>ALA
M0798	pdb4dgj	exact	0	
M0798	pdb4dih	substituted	4	ASP>LEU,GLY>SER,SER>ASN,HIS>GLY
M0798	pdb4dii	substituted	4	ASP>LEU,GLY>SER,SER>ASN,HIS>GLY
M0798	pdb4djz	exact	0	
M0798	pdb4doq	exact	0	
M0798	pdb4dt7	substituted	1	SER>ALA
M0798	pdb4dur	exact	0	
M0798	pdb4duu	exact	0	
M0798	pdb4dva	substituted	2	SER>PRO,HIS>LEU
M0798	pdb4dw2	substituted	2	SER>PRO,HIS>LEU
M0798	pdb4dy7	substituted	1	SER>ALA
M0798	pdb4e05	partial	NA	
M0798	pdb4e06	partial	NA	
M0798	pdb4e7n	substituted	4	ASP>LYS,GLY>CYS,SER>GLY,HIS>GLY
M0798	pdb4e7r	substituted	4	ASP>LEU,GLY>SER,SER>ASN,HIS>GLY
M0798	pdb4est	substituted	4	ASP>TYR,GLY>ASP,SER>VAL,HIS>THR
M0798	pdb4f4o	substituted	3	ASP>ASN,SER>ALA,HIS>LYS
M0798	pdb4fu7	exact	0	
M0798	pdb4fu8	exact	0	
M0798	pdb4fu9	exact	0	
M0798	pdb4fub	exact	0	
M0798	pdb4fuc	exact	0	
M0798	pdb4fud	exact	0	
M0798	pdb4fue	exact	0	
M0798	pdb4fuf	exact	0	
M0798	pdb4fug	exact	0	
M0798	pdb4fuh	exact	0	
M0798	pdb4fui	exact	0	
M0798	pdb4fuj	exact	0	
M0798	pdb4fxg	partial	NA	
M0798	pdb4gaw	exact	0	
M0798	pdb4gch	partial	NA	
M0798	pdb4gly	exact	0	
M0798	pdb4gso	exact	0	
M0798	pdb4gux	exact	0	
M0798	pdb4gvu	exact	0	
M0798	pdb4h42	substituted	2	SER>PRO,HIS>LEU
M0798	pdb4h4f	exact	0	
M0798	pdb4h6s	substituted	1	SER>ALA
M0798	pdb4h6t	substituted	1	SER>ALA
M0798	pdb4hfp	substituted	1	SER>ALA
M0798	pdb4hgc	exact	0	
M0798	pdb4htc	substituted	4	ASP>LEU,GLY>SER,SER>ASN,HIS>GLY
M0798	pdb4hzh	substituted	1	SER>ALA
M0798	pdb4i7y	substituted	4	ASP>LEU,GLY>SER,SER>ASN,HIS>GLY
M0798	pdb4i8g	exact	0	
M0798	pdb4i8h	exact	0	
M0798	pdb4i8j	exact	0	
M0798	pdb4i8k	exact	0	
M0798	pdb4i8l	exact	0	
M0798	pdb4ibl	substituted	4	ASP>ILE,GLY>SER,SER>LYS,HIS>LEU
M0798	pdb4igd	exact	0	
M0798	pdb4is5	substituted	1	SER>ALA
M0798	pdb4ish	substituted	4	ASP>ILE,GLY>SER,SER>LYS,HIS>LEU
M0798	pdb4isi	substituted	4	ASP>ILE,GLY>SER,SER>LYS,HIS>LEU
M0798	pdb4isl	partial	NA	
M0798	pdb4isn	partial	NA	
M0798	pdb4iso	exact	0	
M0798	pdb4iw4	partial	NA	
M0798	pdb4j1y	exact	0	
M0798	pdb4j2y	exact	0	
M0798	pdb4jk5	exact	0	
M0798	pdb4jk6	exact	0	
M0798	pdb4jni	partial	NA	
M0798	pdb4jnl	partial	NA	
M0798	pdb4jyt	exact	0	
M0798	pdb4jyu	substituted	4	ASP>ILE,GLY>SER,SER>LYS,HIS>LEU
M0798	pdb4jyv	substituted	4	ASP>ILE,GLY>SER,SER>LYS,HIS>LEU
M0798	pdb4jz1	exact	0	
M0798	pdb4jzd	substituted	4	ASP>ILE,GLY>SER,SER>LYS,HIS>LEU
M0798	pdb4jze	substituted	4	ASP>ILE,GLY>SER,SER>LYS,HIS>LEU
M0798	pdb4jzf	substituted	4	ASP>ILE,GLY>SER,SER>LYS,HIS>LEU
M0798	pdb4jzi	exact	0	
M0798	pdb4k1e	exact	0	
M0798	pdb4k2y	exact	0	
M0798	pdb4k3j	substituted	2	SER>TYR,HIS>GLN
M0798	pdb4k5z	exact	0	
M0798	pdb4k60	exact	0	
M0798	pdb4k69	exact	0	
M0798	pdb4k8y	exact	0	
M0798	pdb4kel	exact	0	
M0798	pdb4kga	exact	0	
M0798	pdb4kkd	exact	0	
M0798	pdb4kp0	exact	0	
M0798	pdb4kts	exact	0	
M0798	pdb4ktu	exact	0	
M0798	pdb4lk4	substituted	1	SER>ALA
M0798	pdb4loy	substituted	4	ASP>LEU,GLY>SER,SER>ASN,HIS>GLY
M0798	pdb4lxb	substituted	4	ASP>LEU,GLY>SER,SER>ASN,HIS>GLY
M0798	pdb4lz1	substituted	4	ASP>LEU,GLY>SER,SER>ASN,HIS>GLY
M0798	pdb4lz4	exact	0	
M0798	pdb4m7g	exact	0	
M0798	pdb4mlf	substituted	1	ASP>ASN
M0798	pdb4mnv	exact	0	
M0798	pdb4mnw	exact	0	
M0798	pdb4mnx	exact	0	
M0798	pdb4mny	exact	0	
M0798	pdb4mpu	exact	0	
M0798	pdb4mpv	exact	0	
M0798	pdb4mpw	exact	0	
M0798	pdb4mpx	exact	0	
M0798	pdb4mqa	exact	0	
M0798	pdb4mtb	exact	0	
M0798	pdb4n3l	partial	NA	
M0798	pdb4na7	exact	0	
M0798	pdb4na8	exact	0	
M0798	pdb4na9	substituted	4	ASP>ILE,GLY>SER,SER>LYS,HIS>LEU
M0798	pdb4ncy	exact	0	
M0798	pdb4nfe	exact	0	
M0798	pdb4nff	exact	0	
M0798	pdb4ng9	substituted	4	ASP>ILE,GLY>SER,SER>LYS,HIS>LEU
M0798	pdb4nga	substituted	4	ASP>ILE,GLY>SER,SER>LYS,HIS>LEU
M0798	pdb4niv	substituted	1	GLY>GLN
M0798	pdb4niw	exact	0	
M0798	pdb4nix	exact	0	
M0798	pdb4niy	exact	0	
M0798	pdb4nze	partial	NA	
M0798	pdb4nzl	substituted	1	SER>CYS
M0798	pdb4nzq	exact	0	
M0798	pdb4o03	exact	0	
M0798	pdb4o3t	substituted	2	SER>TYR,HIS>GLN
M0798	pdb4o3u	substituted	2	SER>TYR,HIS>GLN
M0798	pdb4o97	exact	0	
M0798	pdb4o9v	exact	0	
M0798	pdb4ogx	exact	0	
M0798	pdb4ogy	exact	0	
M0798	pdb4os1	exact	0	
M0798	pdb4os2	exact	0	
M0798	pdb4os4	exact	0	
M0798	pdb4os5	exact	0	
M0798	pdb4os6	exact	0	
M0798	pdb4os7	exact	0	
M0798	pdb4q2k	exact	0	
M0798	pdb4q7x	substituted	1	GLY>ALA
M0798	pdb4q7y	substituted	1	GLY>ALA
M0798	pdb4q7z	substituted	1	GLY>ALA
M0798	pdb4q80	substituted	1	GLY>ALA
M0798	pdb4qt8	substituted	3	ASP>GLN,SER>TYR,HIS>GLN
M0798	pdb4r0i	exact	0	
M0798	pdb4rkj	substituted	1	SER>THR
M0798	pdb4rko	substituted	4	ASP>LEU,GLY>SER,SER>ASN,HIS>GLY
M0798	pdb4rn6	substituted	1	SER>ALA
M0798	pdb4thn	substituted	4	ASP>LEU,GLY>SER,SER>ASN,HIS>GLY
M0798	pdb4tpi	substituted	2	ASP>VAL,HIS>LEU
M0798	pdb4tpy	exact	0	
M0798	pdb4ty6	exact	0	
M0798	pdb4ty7	exact	0	
M0798	pdb4u2w	substituted	2	ASP>ASN,HIS>SER
M0798	pdb4u30	substituted	2	GLY>ARG,SER>ALA
M0798	pdb4u32	substituted	3	ASP>ASN,GLY>ARG,SER>ALA
M0798	pdb4ud9	substituted	4	ASP>LEU,GLY>SER,SER>ASN,HIS>GLY
M0798	pdb4udw	substituted	4	ASP>LEU,GLY>SER,SER>ASN,HIS>GLY
M0798	pdb4ue7	substituted	4	ASP>LEU,GLY>SER,SER>ASN,HIS>GLY
M0798	pdb4ueh	substituted	4	ASP>LEU,GLY>SER,SER>ASN,HIS>GLY
M0798	pdb4ufd	substituted	4	ASP>LEU,GLY>SER,SER>ASN,HIS>GLY
M0798	pdb4ufe	substituted	4	ASP>LEU,GLY>SER,SER>ASN,HIS>GLY
M0798	pdb4uff	substituted	4	ASP>LEU,GLY>SER,SER>ASN,HIS>GLY
M0798	pdb4ufg	substituted	4	ASP>LEU,GLY>SER,SER>ASN,HIS>GLY
M0798	pdb4vgc	partial	NA	
M0798	pdb4wjg	substituted	2	SER>ALA,HIS>LYS
M0798	pdb4wvp	partial	NA	
M0798	pdb4wwy	substituted	1	GLY>ARG
M0798	pdb4wxi	exact	0	
M0798	pdb4wxv	substituted	1	SER>ALA
M0798	pdb4x0l	substituted	2	SER>ALA,HIS>LYS
M0798	pdb4x0w	substituted	2	SER>PRO,HIS>LEU
M0798	pdb4x1n	substituted	2	SER>PRO,HIS>LEU
M0798	pdb4x1p	substituted	2	SER>PRO,HIS>LEU
M0798	pdb4x1q	substituted	2	SER>PRO,HIS>LEU
M0798	pdb4x1r	substituted	2	SER>PRO,HIS>LEU
M0798	pdb4x1s	substituted	2	SER>PRO,HIS>LEU
M0798	pdb4x6m	exact	0	
M0798	pdb4x6n	exact	0	
M0798	pdb4x6o	exact	0	
M0798	pdb4x6p	exact	0	
M0798	pdb4x8s	substituted	4	ASP>ILE,GLY>SER,SER>LYS,HIS>LEU
M0798	pdb4x8t	substituted	4	ASP>ILE,GLY>SER,SER>LYS,HIS>LEU
M0798	pdb4x8u	substituted	4	ASP>ILE,GLY>SER,SER>LYS,HIS>LEU
M0798	pdb4x8v	substituted	4	ASP>ILE,GLY>SER,SER>LYS,HIS>LEU
M0798	pdb4xde	exact	0	
M0798	pdb4xe4	exact	0	
M0798	pdb4xoj	exact	0	
M0798	pdb4xsk	substituted	2	SER>PRO,HIS>LEU
M0798	pdb4y0y	substituted	1	ASP>SER
M0798	pdb4y0z	substituted	1	ASP>SER
M0798	pdb4y10	substituted	1	ASP>SER
M0798	pdb4y11	substituted	1	ASP>SER
M0798	pdb4y6d	exact	0	
M0798	pdb4y71	exact	0	
M0798	pdb4y76	exact	0	
M0798	pdb4y79	exact	0	
M0798	pdb4y7a	exact	0	
M0798	pdb4y7b	exact	0	
M0798	pdb4y8x	exact	0	
M0798	pdb4y8y	exact	0	
M0798	pdb4y8z	exact	0	
M0798	pdb4yes	exact	0	
M0798	pdb4ylq	substituted	4	ASP>ILE,GLY>SER,SER>GLY,HIS>CYS
M0798	pdb4ym9	exact	0	
M0798	pdb4yt6	substituted	4	ASP>ILE,GLY>SER,SER>LYS,HIS>LEU
M0798	pdb4yt7	substituted	4	ASP>ILE,GLY>SER,SER>LYS,HIS>LEU
M0798	pdb4yta	exact	0	
M0798	pdb4yzu	exact	0	
M0798	pdb4z0k	exact	0	
M0798	pdb4z6a	substituted	4	ASP>ILE,GLY>SER,SER>GLY,HIS>CYS
M0798	pdb4zae	exact	0	
M0798	pdb4zh8	exact	0	
M0798	pdb4zha	exact	0	
M0798	pdb4zhl	substituted	2	SER>PRO,HIS>LEU
M0798	pdb4zhm	substituted	2	SER>PRO,HIS>LEU
M0798	pdb4zkn	substituted	2	SER>PRO,HIS>LEU
M0798	pdb4zko	substituted	2	SER>PRO,HIS>LEU
M0798	pdb4zkr	substituted	2	SER>PRO,HIS>LEU
M0798	pdb4zks	substituted	2	SER>PRO,HIS>LEU
M0798	pdb4zma	substituted	4	ASP>ILE,GLY>SER,SER>GLY,HIS>CYS
M0798	pdb4zxx	substituted	4	ASP>ILE,GLY>SER,SER>LYS,HIS>LEU
M0798	pdb4zxy	substituted	4	ASP>ILE,GLY>SER,SER>LYS,HIS>LEU
M0798	pdb5a09	substituted	1	SER>CYS
M0798	pdb5a0a	partial	NA	
M0798	pdb5a0b	substituted	1	SER>CYS
M0798	pdb5a0c	substituted	1	SER>CYS
M0798	pdb5a2m	substituted	4	ASP>LEU,GLY>SER,SER>ASN,HIS>GLY
M0798	pdb5a8x	substituted	1	SER>CYS
M0798	pdb5a8y	substituted	1	SER>CYS
M0798	pdb5a8z	substituted	1	SER>CYS
M0798	pdb5abw	substituted	1	SER>CYS
M0798	pdb5af9	substituted	4	ASP>LEU,GLY>SER,SER>ASN,HIS>GLY
M0798	pdb5afy	substituted	4	ASP>LEU,GLY>SER,SER>ASN,HIS>GLY
M0798	pdb5afz	substituted	4	ASP>LEU,GLY>SER,SER>ASN,HIS>GLY
M0798	pdb5ahg	substituted	4	ASP>LEU,GLY>SER,SER>ASN,HIS>GLY
M0798	pdb5avd	exact	0	
M0798	pdb5brr	substituted	3	GLY>CYS,SER>ASN,HIS>ILE
M0798	pdb5c67	substituted	2	GLY>ARG,SER>ALA
M0798	pdb5ce1	exact	0	
M0798	pdb5cha	partial	NA	
M0798	pdb5cmx	substituted	4	ASP>LEU,GLY>SER,SER>ASN,HIS>GLY
M0798	pdb5dj7	exact	0	
M0798	pdb5dk1	exact	0	
M0798	pdb5dkm	exact	0	
M0798	pdb5do4	exact	0	
M0798	pdb5e2o	exact	0	
M0798	pdb5e2p	exact	0	
M0798	pdb5e8e	partial	NA	
M0798	pdb5edk	exact	0	
M0798	pdb5edm	exact	0	
M0798	pdb5eg4	exact	0	
M0798	pdb5egm	exact	0	
M0798	pdb5eod	exact	0	
M0798	pdb5eok	exact	0	
M0798	pdb5est	substituted	4	ASP>TYR,GLY>ASP,SER>VAL,HIS>THR
M0798	pdb5ew1	substituted	4	ASP>LEU,GLY>SER,SER>ASN,HIS>GLY
M0798	pdb5ew2	substituted	4	ASP>LEU,GLY>SER,SER>ASN,HIS>GLY
M0798	pdb5exl	exact	0	
M0798	pdb5exm	exact	0	
M0798	pdb5exn	exact	0	
M0798	pdb5f03	exact	0	
M0798	pdb5f6m	exact	0	
M0798	pdb5f8t	exact	0	
M0798	pdb5f8x	exact	0	
M0798	pdb5f8z	exact	0	
M0798	pdb5fah	exact	0	
M0798	pdb5fbe	exact	0	
M0798	pdb5fbi	exact	0	
M0798	pdb5fck	exact	0	
M0798	pdb5fcr	exact	0	
M0798	pdb5fxl	exact	0	
M0798	pdb5gch	partial	NA	
M0798	pdb5gds	substituted	4	ASP>LEU,GLY>SER,SER>ASN,HIS>GLY
M0798	pdb5gib	exact	0	
M0798	pdb5gim	exact	0	
M0798	pdb5gvt	exact	0	
M0798	pdb5gxp	exact	0	
M0798	pdb5hgg	exact	0	
M0798	pdb5hu6	substituted	2	SER>ALA,HIS>LYS
M0798	pdb5i25	exact	0	
M0798	pdb5i46	substituted	4	ASP>ILE,GLY>SER,SER>LYS,HIS>LEU
M0798	pdb5j4q	exact	0	
M0798	pdb5j4s	exact	0	
M0798	pdb5jb8	substituted	4	ASP>ILE,GLY>ALA,SER>HIS,HIS>PHE
M0798	pdb5jb9	substituted	4	ASP>ILE,GLY>ALA,SER>HIS,HIS>PHE
M0798	pdb5jba	substituted	4	ASP>ILE,GLY>ALA,SER>HIS,HIS>PHE
M0798	pdb5jbb	substituted	4	ASP>ILE,GLY>ALA,SER>HIS,HIS>PHE
M0798	pdb5jbc	substituted	4	ASP>ILE,GLY>ALA,SER>HIS,HIS>PHE
M0798	pdb5jbt	substituted	2	GLY>ARG,SER>ALA
M0798	pdb5jdu	exact	0	
M0798	pdb5jfd	substituted	4	ASP>LEU,GLY>SER,SER>ASN,HIS>GLY
M0798	pdb5jpm	substituted	1	SER>ALA
M0798	pdb5jyi	exact	0	
M0798	pdb5jzy	substituted	4	ASP>LEU,GLY>SER,SER>ASN,HIS>GLY
M0798	pdb5k0h	exact	0	
M0798	pdb5k7r	exact	0	
M0798	pdb5kwm	exact	0	
M0798	pdb5l2y	substituted	4	ASP>ILE,GLY>SER,SER>LYS,HIS>LEU
M0798	pdb5l2z	substituted	4	ASP>ILE,GLY>SER,SER>LYS,HIS>LEU
M0798	pdb5l30	substituted	4	ASP>ILE,GLY>SER,SER>LYS,HIS>LEU
M0798	pdb5l6n	partial	NA	
M0798	pdb5lce	substituted	4	ASP>LEU,GLY>SER,SER>ASN,HIS>GLY
M0798	pdb5lgo	exact	0	
M0798	pdb5lh4	exact	0	
M0798	pdb5lh8	exact	0	
M0798	pdb5lhn	exact	0	
M0798	pdb5lhp	exact	0	
M0798	pdb5lhq	exact	0	
M0798	pdb5lhr	exact	0	
M0798	pdb5lhs	exact	0	
M0798	pdb5lpd	substituted	4	ASP>LEU,GLY>SER,SER>ASN,HIS>GLY
M0798	pdb5lpe	substituted	1	GLY>SER
M0798	pdb5lpf	substituted	1	GLY>SER
M0798	pdb5luw	partial	NA	
M0798	pdb5luy	partial	NA	
M0798	pdb5lyo	substituted	1	SER>ALA
M0798	pdb5m6w	partial	NA	
M0798	pdb5mn1	exact	0	
M0798	pdb5mna	exact	0	
M0798	pdb5mnb	exact	0	
M0798	pdb5mnc	exact	0	
M0798	pdb5mne	exact	0	
M0798	pdb5mnf	exact	0	
M0798	pdb5mng	exact	0	
M0798	pdb5mnh	exact	0	
M0798	pdb5mnk	exact	0	
M0798	pdb5mnl	exact	0	
M0798	pdb5mnm	exact	0	
M0798	pdb5mnn	exact	0	
M0798	pdb5mno	exact	0	
M0798	pdb5mnp	exact	0	
M0798	pdb5mnq	exact	0	
M0798	pdb5mnx	exact	0	
M0798	pdb5mny	exact	0	
M0798	pdb5mnz	exact	0	
M0798	pdb5mo0	exact	0	
M0798	pdb5mo1	exact	0	
M0798	pdb5mo2	exact	0	
M0798	pdb5mon	exact	0	
M0798	pdb5moo	exact	0	
M0798	pdb5mop	exact	0	
M0798	pdb5moq	exact	0	
M0798	pdb5mor	exact	0	
M0798	pdb5mos	exact	0	
M0798	pdb5mt0	exact	0	
M0798	pdb5mt4	exact	0	
M0798	pdb5nar	exact	0	
M0798	pdb5nat	exact	0	
M0798	pdb5naw	exact	0	
M0798	pdb5nb6	exact	0	
M0798	pdb5nb7	exact	0	
M0798	pdb5nba	exact	0	
M0798	pdb5nhu	partial	NA	
M0798	pdb5nx1	exact	0	
M0798	pdb5nx3	exact	0	
M0798	pdb5o32	exact	0	
M0798	pdb5pa8	partial	NA	
M0798	pdb5pa9	partial	NA	
M0798	pdb5paa	partial	NA	
M0798	pdb5pab	exact	0	
M0798	pdb5pac	exact	0	
M0798	pdb5pae	exact	0	
M0798	pdb5paf	exact	0	
M0798	pdb5pag	exact	0	
M0798	pdb5pai	exact	0	
M0798	pdb5paj	exact	0	
M0798	pdb5pak	partial	NA	
M0798	pdb5pam	exact	0	
M0798	pdb5pan	exact	0	
M0798	pdb5pao	partial	NA	
M0798	pdb5paq	exact	0	
M0798	pdb5par	partial	NA	
M0798	pdb5pas	partial	NA	
M0798	pdb5pat	exact	0	
M0798	pdb5pau	partial	NA	
M0798	pdb5pav	partial	NA	
M0798	pdb5paw	exact	0	
M0798	pdb5pax	partial	NA	
M0798	pdb5pay	partial	NA	
M0798	pdb5pb0	exact	0	
M0798	pdb5pb1	partial	NA	
M0798	pdb5pb2	partial	NA	
M0798	pdb5pb3	partial	NA	
M0798	pdb5pb4	partial	NA	
M0798	pdb5pb5	exact	0	
M0798	pdb5pb6	partial	NA	
M0798	pdb5ptp	substituted	1	SER>MIS
M0798	pdb5q0d	exact	0	
M0798	pdb5q0e	exact	0	
M0798	pdb5q0f	exact	0	
M0798	pdb5q0g	exact	0	
M0798	pdb5q0h	exact	0	
M0798	pdb5qck	exact	0	
M0798	pdb5qcl	exact	0	
M0798	pdb5qcm	exact	0	
M0798	pdb5qcn	exact	0	
M0798	pdb5qqo	exact	0	
M0798	pdb5qqp	exact	0	
M0798	pdb5qtt	exact	0	
M0798	pdb5qtu	exact	0	
M0798	pdb5qtv	exact	0	
M0798	pdb5qtw	exact	0	
M0798	pdb5qtx	exact	0	
M0798	pdb5qty	exact	0	
M0798	pdb5t3h	exact	0	
M0798	pdb5tca	exact	0	
M0798	pdb5tcc	exact	0	
M0798	pdb5tjx	exact	0	
M0798	pdb5tks	exact	0	
M0798	pdb5tkt	exact	0	
M0798	pdb5tku	exact	0	
M0798	pdb5tno	exact	0	
M0798	pdb5tnt	exact	0	
M0798	pdb5to3	exact	0	
M0798	pdb5tp0	substituted	1	GLY>ARG
M0798	pdb5tqe	substituted	4	ASP>ILE,GLY>SER,SER>LYS,HIS>LEU
M0798	pdb5tqf	substituted	4	ASP>ILE,GLY>SER,SER>LYS,HIS>LEU
M0798	pdb5tqg	substituted	4	ASP>ILE,GLY>SER,SER>LYS,HIS>LEU
M0798	pdb5tz9	partial	NA	
M0798	pdb5u6j	substituted	4	ASP>ILE,GLY>SER,SER>LYS,HIS>LEU
M0798	pdb5ubm	exact	0	
M0798	pdb5ugd	exact	0	
M0798	pdb5ugg	exact	0	
M0798	pdb5wb6	exact	0	
M0798	pdb5wxf	exact	0	
M0798	pdb5wxo	exact	0	
M0798	pdb5wxp	exact	0	
M0798	pdb5wxq	exact	0	
M0798	pdb5wxr	exact	0	
M0798	pdb5wxs	exact	0	
M0798	pdb5wxt	substituted	1	SER>ALA
M0798	pdb5xg4	substituted	2	SER>PRO,HIS>LEU
M0798	pdb5xw1	partial	NA	
M0798	pdb5xw8	partial	NA	
M0798	pdb5xw9	partial	NA	
M0798	pdb5xwa	partial	NA	
M0798	pdb5xwj	exact	0	
M0798	pdb5xwl	exact	0	
M0798	pdb5y9l	exact	0	
M0798	pdb5yc6	exact	0	
M0798	pdb5yc7	exact	0	
M0798	pdb5yjk	exact	0	
M0798	pdb5z1c	exact	0	
M0798	pdb5za7	exact	0	
M0798	pdb5za8	exact	0	
M0798	pdb5za9	exact	0	
M0798	pdb5zae	exact	0	
M0798	pdb5zaf	exact	0	
M0798	pdb5zag	exact	0	
M0798	pdb5zah	exact	0	
M0798	pdb5zaj	exact	0	
M0798	pdb5zc5	exact	0	
M0798	pdb6a8g	exact	0	
M0798	pdb6a8n	exact	0	
M0798	pdb6ag2	exact	0	
M0798	pdb6ag3	exact	0	
M0798	pdb6ag7	exact	0	
M0798	pdb6ag9	exact	0	
M0798	pdb6avl	exact	0	
M0798	pdb6b6n	exact	0	
M0798	pdb6b6o	exact	0	
M0798	pdb6b6p	exact	0	
M0798	pdb6b6q	exact	0	
M0798	pdb6b6r	exact	0	
M0798	pdb6b6s	exact	0	
M0798	pdb6b6t	exact	0	
M0798	pdb6bfp	exact	0	
M0798	pdb6bvh	exact	0	
M0798	pdb6bx8	substituted	2	GLY>ARG,SER>ALA
M0798	pdb6c0s	exact	0	
M0798	pdb6cha	partial	NA	
M0798	pdb6cym	exact	0	
M0798	pdb6d3y	exact	0	
M0798	pdb6di8	partial	NA	
M0798	pdb6dwf	exact	0	
M0798	pdb6dwh	exact	0	
M0798	pdb6dwu	partial	NA	
M0798	pdb6dzf	exact	0	
M0798	pdb6e5m	exact	0	
M0798	pdb6eat	exact	0	
M0798	pdb6eau	exact	0	
M0798	pdb6eav	exact	0	
M0798	pdb6eaw	exact	0	
M0798	pdb6eax	exact	0	
M0798	pdb6eo6	partial	NA	
M0798	pdb6eo7	partial	NA	
M0798	pdb6eo8	substituted	4	ASP>LEU,GLY>SER,SER>ASN,HIS>GLY
M0798	pdb6eo9	substituted	4	ASP>LEU,GLY>SER,SER>ASN,HIS>GLY
M0798	pdb6est	exact	0	
M0798	pdb6evv	exact	0	
M0798	pdb6fid	exact	0	
M0798	pdb6fty	exact	0	
M0798	pdb6ftz	exact	0	
M0798	pdb6fug	exact	0	
M0798	pdb6fuh	exact	0	
M0798	pdb6fui	exact	0	
M0798	pdb6fuj	exact	0	
M0798	pdb6fut	exact	0	
M0798	pdb6gbw	exact	0	
M0798	pdb6gch	partial	NA	
M0798	pdb6gfi	substituted	2	GLY>ARG,SER>ALA
M0798	pdb6gn7	exact	0	
M0798	pdb6gwe	exact	0	
M0798	pdb6har	substituted	2	GLY>ARG,SER>ALA
M0798	pdb6hhc	exact	0	
M0798	pdb6hsx	exact	0	
M0798	pdb6i51	exact	0	
M0798	pdb6i58	exact	0	
M0798	pdb6m3b	exact	0	
M0798	pdb6m3c	exact	0	
M0798	pdb6mv4	exact	0	
M0798	pdb6n4t	exact	0	
M0798	pdb6o1s	exact	0	
M0798	pdb6o21	exact	0	
M0798	pdb6px5	substituted	1	SER>ALA
M0798	pdb6q8s	exact	0	
M0798	pdb6qbu	exact	0	
M0798	pdb6qen	exact	0	
M0798	pdb6qeo	exact	0	
M0798	pdb6qfe	exact	0	
M0798	pdb6qh9	exact	0	
M0798	pdb6qha	exact	0	
M0798	pdb6qhb	exact	0	
M0798	pdb6qhc	exact	0	
M0798	pdb6qih	exact	0	
M0798	pdb6ql0	exact	0	
M0798	pdb6r8x	exact	0	
M0798	pdb6rot	exact	0	
M0798	pdb6rur	substituted	1	SER>ALA
M0798	pdb6ruv	substituted	1	SER>ALA
M0798	pdb6shh	exact	0	
M0798	pdb6shi	exact	0	
M0798	pdb6sju	exact	0	
M0798	pdb6sux	exact	0	
M0798	pdb6sv0	exact	0	
M0798	pdb6sv6	exact	0	
M0798	pdb6sv8	exact	0	
M0798	pdb6sv9	exact	0	
M0798	pdb6svb	exact	0	
M0798	pdb6svd	exact	0	
M0798	pdb6svg	exact	0	
M0798	pdb6svi	exact	0	
M0798	pdb6svj	exact	0	
M0798	pdb6svn	exact	0	
M0798	pdb6svr	exact	0	
M0798	pdb6svu	exact	0	
M0798	pdb6svv	exact	0	
M0798	pdb6svw	exact	0	
M0798	pdb6svx	exact	0	
M0798	pdb6svz	exact	0	
M0798	pdb6sw0	exact	0	
M0798	pdb6swv	partial	NA	
M0798	pdb6sy3	exact	0	
M0798	pdb6t0m	exact	0	
M0798	pdb6t0p	exact	0	
M0798	pdb6t3m	exact	0	
M0798	pdb6t3q	exact	0	
M0798	pdb6t4a	exact	0	
M0798	pdb6t52	exact	0	
M0798	pdb6t53	exact	0	
M0798	pdb6t54	exact	0	
M0798	pdb6t55	exact	0	
M0798	pdb6t56	exact	0	
M0798	pdb6t57	exact	0	
M0798	pdb6t5w	exact	0	
M0798	pdb6t7h	exact	0	
M0798	pdb6t89	exact	0	
M0798	pdb6t8a	exact	0	
M0798	pdb6t9t	exact	0	
M0798	pdb6t9u	exact	0	
M0798	pdb6t9v	exact	0	
M0798	pdb6tdt	exact	0	
M0798	pdb6th7	exact	0	
M0798	pdb6tkg	exact	0	
M0798	pdb6tkh	exact	0	
M0798	pdb6tki	exact	0	
M0798	pdb6tkj	exact	0	
M0798	pdb6tkl	exact	0	
M0798	pdb6ts5	exact	0	
M0798	pdb6ts6	exact	0	
M0798	pdb6ts7	exact	0	
M0798	pdb6twc	exact	0	
M0798	pdb6u22	exact	0	
M0798	pdb6usy	exact	0	
M0798	pdb6v64	exact	0	
M0798	pdb6vlu	exact	0	
M0798	pdb6vlv	exact	0	
M0798	pdb6vmj	exact	0	
M0798	pdb6vmk	exact	0	
M0798	pdb6vtm	exact	0	
M0798	pdb6vxy	exact	0	
M0798	pdb6w50	exact	0	
M0798	pdb6x5j	exact	0	
M0798	pdb6x5p	exact	0	
M0798	pdb6xvd	exact	0	
M0798	pdb6xyg	exact	0	
M0798	pdb6xyk	exact	0	
M0798	pdb6y02	exact	0	
M0798	pdb6y4s	exact	0	
M0798	pdb6y9h	exact	0	
M0798	pdb6yb6	exact	0	
M0798	pdb6ydy	exact	0	
M0798	pdb6yhg	exact	0	
M0798	pdb6yhj	exact	0	
M0798	pdb6yis	exact	0	
M0798	pdb6yit	exact	0	
M0798	pdb6yiu	exact	0	
M0798	pdb6yiv	exact	0	
M0798	pdb6yiw	exact	0	
M0798	pdb6yix	exact	0	
M0798	pdb6yiy	exact	0	
M0798	pdb6ymp	exact	0	
M0798	pdb6yn3	exact	0	
M0798	pdb6yqv	exact	0	
M0798	pdb6ysj	exact	0	
M0798	pdb6ysx	exact	0	
M0798	pdb6yza	exact	0	
M0798	pdb6yzc	exact	0	
M0798	pdb6z8v	exact	0	
M0798	pdb6z8w	exact	0	
M0798	pdb6z8x	exact	0	
M0798	pdb6zfj	exact	0	
M0798	pdb6zfk	exact	0	
M0798	pdb6zgo	exact	0	
M0798	pdb6zov	exact	0	
M0798	pdb6zug	exact	0	
M0798	pdb6zuh	exact	0	
M0798	pdb6zun	exact	0	
M0798	pdb6zuu	exact	0	
M0798	pdb6zuw	exact	0	
M0798	pdb6zux	exact	0	
M0798	pdb6zv7	exact	0	
M0798	pdb6zv8	exact	0	
M0798	pdb7a0d	partial	NA	
M0798	pdb7a0e	partial	NA	
M0798	pdb7a0f	partial	NA	
M0798	pdb7ahu	exact	0	
M0798	pdb7ahv	exact	0	
M0798	pdb7ays	exact	0	
M0798	pdb7brv	exact	0	
M0798	pdb7brw	exact	0	
M0798	pdb7brx	exact	0	
M0798	pdb7bry	exact	0	
M0798	pdb7brz	exact	0	
M0798	pdb7bs0	exact	0	
M0798	pdb7bs1	exact	0	
M0798	pdb7bs2	exact	0	
M0798	pdb7bs3	exact	0	
M0798	pdb7bs4	exact	0	
M0798	pdb7bs5	exact	0	
M0798	pdb7bs6	exact	0	
M0798	pdb7bs7	exact	0	
M0798	pdb7bs8	exact	0	
M0798	pdb7bs9	exact	0	
M0798	pdb7bsa	exact	0	
M0798	pdb7est	substituted	4	ASP>TYR,GLY>ASP,SER>VAL,HIS>THR
M0798	pdb7gch	partial	NA	
M0798	pdb7kme	substituted	4	ASP>LEU,GLY>SER,SER>ASN,HIS>GLY
M0798	pdb7kty	exact	0	
M0798	pdb7ktz	exact	0	
M0798	pdb7ku0	exact	0	
M0798	pdb7ku1	exact	0	
M0798	pdb7ku2	exact	0	
M0798	pdb7ku3	exact	0	
M0798	pdb7ntu	exact	0	
M0798	pdb8est	substituted	4	ASP>TYR,GLY>ASP,SER>VAL,HIS>THR
M0798	pdb8gch	partial	NA	
M0798	pdb8kme	substituted	4	ASP>LEU,GLY>SER,SER>ASN,HIS>GLY
M0798	pdb9est	exact	0	
M0574	pdb1b3n	exact	0	
M0574	pdb1dd8	exact	0	
M0574	pdb1e5m	exact	0	
M0574	pdb1ek4	substituted	1	CYS>SER
M0574	pdb1f91	substituted	1	CYS>SER
M0574	pdb1fj4	exact	0	
M0574	pdb1fj8	exact	0	
M0574	pdb1g5x	exact	0	
M0574	pdb1h4f	substituted	1	LYS>ARG
M0574	pdb1j3n	exact	0	
M0574	pdb1kas	exact	0	
M0574	pdb1ox0	exact	0	
M0574	pdb1oxh	exact	0	
M0574	pdb1tqy	exact	0	
M0574	pdb1w0i	exact	0	
M0574	pdb2alm	substituted	1	HIS>ALA
M0574	pdb2aq7	exact	0	
M0574	pdb2aqb	exact	0	
M0574	pdb2buh	exact	0	
M0574	pdb2bui	exact	0	
M0574	pdb2byw	substituted	1	LYS>ALA
M0574	pdb2byx	substituted	1	LYS>ALA
M0574	pdb2byy	substituted	1	HIS>GLU
M0574	pdb2byz	substituted	1	HIS>GLN
M0574	pdb2bz3	substituted	1	HIS>GLU
M0574	pdb2bz4	substituted	1	HIS>GLN
M0574	pdb2c9h	substituted	1	CYS>CSD
M0574	pdb2cdh	exact	0	
M0574	pdb2cf2	substituted	1	CYS>SER
M0574	pdb2gfv	substituted	1	CYS>GLN
M0574	pdb2gfw	exact	0	
M0574	pdb2gfx	substituted	1	CYS>GLN
M0574	pdb2gfy	substituted	1	LYS>ALA
M0574	pdb2gp6	exact	0	
M0574	pdb2gqd	exact	0	
M0574	pdb2hg4	substituted	1	PHE>ILE
M0574	pdb2iwy	exact	0	
M0574	pdb2iwz	exact	0	
M0574	pdb2ix4	exact	0	
M0574	pdb2pff	exact	0	
M0574	pdb2qo3	substituted	1	PHE>ILE
M0574	pdb2rjt	exact	0	
M0574	pdb2uv8	exact	0	
M0574	pdb2vb7	exact	0	
M0574	pdb2vb8	exact	0	
M0574	pdb2vb9	exact	0	
M0574	pdb2vba	exact	0	
M0574	pdb2vkz	exact	0	
M0574	pdb2vz8	exact	0	
M0574	pdb2vz9	exact	0	
M0574	pdb2wgd	exact	0	
M0574	pdb2wge	exact	0	
M0574	pdb2wgf	substituted	1	CYS>GLN
M0574	pdb2wgg	substituted	1	CYS>GLN
M0574	pdb3e60	exact	0	
M0574	pdb3g0y	substituted	1	CYS>GLN
M0574	pdb3g11	substituted	1	CYS>GLN
M0574	pdb3hhd	exact	0	
M0574	pdb3hmj	exact	0	
M0574	pdb3hnz	substituted	1	CYS>ALA
M0574	pdb3ho2	substituted	1	CYS>ALA
M0574	pdb3ho9	substituted	1	CYS>ALA
M0574	pdb3i8p	substituted	1	CYS>ALA
M0574	pdb3kzu	exact	0	
M0574	pdb3lrf	exact	0	
M0574	pdb3mqd	exact	0	
M0574	pdb3o04	exact	0	
M0574	pdb3oyt	exact	0	
M0574	pdb3u0e	exact	0	
M0574	pdb3u0f	exact	0	
M0574	pdb4b7v	exact	0	
M0574	pdb4c6u	partial	NA	
M0574	pdb4c6v	partial	NA	
M0574	pdb4c6w	partial	NA	
M0574	pdb4c6x	partial	NA	
M0574	pdb4c6z	partial	NA	
M0574	pdb4c70	partial	NA	
M0574	pdb4c71	partial	NA	
M0574	pdb4c72	partial	NA	
M0574	pdb4c73	partial	NA	
M0574	pdb4cw4	exact	0	
M0574	pdb4ddo	exact	0	
M0574	pdb4ewg	exact	0	
M0574	pdb4f32	substituted	1	CYS>CSU
M0574	pdb4jb6	substituted	1	CYS>GLN
M0574	pdb4jga	exact	0	
M0574	pdb4jpf	exact	0	
M0574	pdb4jrh	exact	0	
M0574	pdb4jrm	exact	0	
M0574	pdb4jv3	substituted	1	CYS>CSU
M0574	pdb4kc5	substituted	1	PHE>ALA
M0574	pdb4ls5	exact	0	
M0574	pdb4ls6	exact	0	
M0574	pdb4ls7	exact	0	
M0574	pdb4ls8	exact	0	
M0574	pdb4mz0	exact	0	
M0574	pdb4na1	substituted	1	PHE>ILE
M0574	pdb4na2	substituted	2	CYS>2JF,PHE>ILE
M0574	pdb4na3	substituted	2	CYS>2JG,PHE>ILE
M0574	pdb4nzs	partial	NA	
M0574	pdb4ope	substituted	1	PHE>ALA
M0574	pdb4opf	substituted	2	HIS>ASN,PHE>ASP
M0574	pdb4oqj	substituted	1	PHE>ILE
M0574	pdb4qav	exact	0	
M0574	pdb4qyr	exact	0	
M0574	pdb4r8e	exact	0	
M0574	pdb4tkt	substituted	1	PHE>ALA
M0574	pdb4v58	partial	NA	
M0574	pdb4v59	partial	NA	
M0574	pdb4v8l	partial	NA	
M0574	pdb4w61	partial	NA	
M0574	pdb4wky	substituted	1	PHE>ILE
M0574	pdb4xox	exact	0	
M0574	pdb4z37	substituted	2	CYS>CSD,PHE>ALA
M0574	pdb4zdn	substituted	1	PHE>ALA
M0574	pdb5bp1	substituted	1	PHE>LEU
M0574	pdb5e5n	substituted	2	CYS>SER,PHE>TYR
M0574	pdb5e6k	substituted	2	CYS>SER,PHE>TYR
M0574	pdb5elp	substituted	1	PHE>LEU
M0574	pdb5eny	substituted	1	PHE>TYR
M0574	pdb5erb	substituted	1	PHE>ALA
M0574	pdb5erf	substituted	1	PHE>TYR
M0574	pdb5ld8	exact	0	
M0574	pdb5sxo	exact	0	
M0574	pdb6okc	exact	0	
M0574	pdb6okf	exact	0	
M0574	pdb6ql5	partial	NA	
M0574	pdb6ql6	partial	NA	
M0574	pdb6ql7	partial	NA	
M0574	pdb6ql9	partial	NA	
M0574	pdb6ta1	partial	NA	
M0574	pdb6wc7	partial	NA	
M0574	pdb6y2i	partial	NA	
M0574	pdb6y2j	partial	NA	
M0663	pdb1bx4	substituted	1	ALA>GLY
M0663	pdb1gqt	exact	0	
M0663	pdb1rk2	exact	0	
M0663	pdb1rka	exact	0	
M0663	pdb1rkd	exact	0	
M0663	pdb1rks	exact	0	
M0663	pdb1tyy	substituted	1	ALA>GLY
M0663	pdb1tz3	substituted	1	ALA>GLY
M0663	pdb1tz6	substituted	1	ALA>GLY
M0663	pdb1v19	substituted	1	ALA>GLY
M0663	pdb1v1a	substituted	1	ALA>GLY
M0663	pdb1v1b	substituted	1	ALA>GLY
M0663	pdb1v1s	substituted	1	ALA>GLY
M0663	pdb1vm7	exact	0	
M0663	pdb1wye	substituted	1	ALA>GLY
M0663	pdb2abq	substituted	1	ALA>GLY
M0663	pdb2c49	substituted	1	ALA>GLY
M0663	pdb2c4e	substituted	1	ALA>GLY
M0663	pdb2dcn	substituted	1	ALA>GLY
M0663	pdb2fv7	substituted	1	ALA>GLY
M0663	pdb2i6a	substituted	1	ALA>GLY
M0663	pdb2i6b	substituted	1	ALA>GLY
M0663	pdb2nwh	substituted	1	ALA>GLY
M0663	pdb2qcv	substituted	1	ALA>GLY
M0663	pdb2rbc	exact	0	
M0663	pdb2v78	substituted	1	ALA>GLY
M0663	pdb2var	substituted	1	ALA>GLY
M0663	pdb3cqd	substituted	1	ALA>GLY
M0663	pdb3ewm	substituted	1	ALA>GLY
M0663	pdb3gbu	substituted	1	ALA>GLY
M0663	pdb3go6	substituted	1	ALA>GLY
M0663	pdb3go7	substituted	1	ALA>GLY
M0663	pdb3h49	substituted	1	ALA>GLY
M0663	pdb3hj6	substituted	1	ALA>GLY
M0663	pdb3i3y	substituted	1	ALA>GLY
M0663	pdb3ih0	substituted	1	ALA>GLY
M0663	pdb3ikh	substituted	1	ALA>GLY
M0663	pdb3in1	substituted	1	ALA>GLY
M0663	pdb3iq0	substituted	1	ALA>GLY
M0663	pdb3k9e	substituted	1	ALA>GLY
M0663	pdb3kzh	substituted	1	ALA>GLY
M0663	pdb3ljs	exact	0	
M0663	pdb3lki	exact	0	
M0663	pdb3n1c	substituted	1	ALA>GLY
M0663	pdb3pl2	substituted	1	ALA>GLY
M0663	pdb3ry7	exact	0	
M0663	pdb3ubo	substituted	1	ALA>GLY
M0663	pdb3umo	substituted	1	ALA>GLY
M0663	pdb3ump	substituted	1	ALA>GLY
M0663	pdb3uqd	substituted	1	ALA>GLY
M0663	pdb3uqe	substituted	1	ALA>GLY
M0663	pdb4du5	substituted	1	ALA>GLY
M0663	pdb4e3a	substituted	1	ALA>GLY
M0663	pdb4e69	exact	0	
M0663	pdb4ebu	exact	0	
M0663	pdb4eum	exact	0	
M0663	pdb4jks	substituted	1	ALA>GLY
M0663	pdb4jku	substituted	1	ALA>GLY
M0663	pdb4k8c	substituted	1	ALA>GLY
M0663	pdb4k8k	substituted	1	ALA>GLY
M0663	pdb4k8p	substituted	1	ALA>GLY
M0663	pdb4k8t	substituted	1	ALA>GLY
M0663	pdb4k93	substituted	1	ALA>GLY
M0663	pdb4k9c	substituted	1	ALA>GLY
M0663	pdb4k9i	substituted	1	ALA>GLY
M0663	pdb4kad	substituted	1	ALA>GLY
M0663	pdb4kah	substituted	1	ALA>GLY
M0663	pdb4kal	substituted	1	ALA>GLY
M0663	pdb4kan	substituted	1	ALA>GLY
M0663	pdb4kbe	substituted	1	ALA>GLY
M0663	pdb4lbg	substituted	1	ALA>GLY
M0663	pdb4lbx	substituted	1	ALA>GLY
M0663	pdb4lc4	substituted	1	ALA>GLY
M0663	pdb4lca	substituted	1	ALA>GLY
M0663	pdb4o1l	substituted	1	ALA>GLY
M0663	pdb4s1h	substituted	2	ALA>GLY,ALA>VAL
M0663	pdb4s1i	substituted	2	ALA>GLY,ALA>VAL
M0663	pdb4s1m	substituted	2	ALA>GLY,ALA>VAL
M0663	pdb4u7x	substituted	1	ALA>GLY
M0663	pdb4wjm	substituted	1	ALA>GLY
M0663	pdb4x8f	exact	0	
M0663	pdb4xck	exact	0	
M0663	pdb4xda	exact	0	
M0663	pdb5byc	substituted	1	ALA>GLY
M0663	pdb5byd	substituted	1	ALA>GLY
M0663	pdb5bye	substituted	1	ALA>GLY
M0663	pdb5byf	substituted	1	ALA>GLY
M0663	pdb5c3y	substituted	1	ALA>GLY
M0663	pdb5c3z	substituted	1	ALA>GLY
M0663	pdb5c40	substituted	1	ALA>GLY
M0663	pdb5c41	substituted	1	ALA>GLY
M0663	pdb5ey7	substituted	1	ALA>GLY
M0663	pdb5eyn	substituted	1	ALA>GLY
M0663	pdb5f0z	substituted	1	ALA>GLY
M0663	pdb5f11	substituted	1	ALA>GLY
M0663	pdb5kb5	substituted	1	ALA>GLY
M0663	pdb5kb6	substituted	1	ALA>GLY
M0348	pdb1bkh	exact	0	
M0348	pdb1f9c	exact	0	
M0348	pdb1jpd	substituted	6	LYS>LEU,LYS>ASN,ASP>GLU,GLU>LEU,ASP>CYS,GLU>GLY
M0348	pdb1jpm	substituted	1	GLU>ASP
M0348	pdb1muc	exact	0	
M0348	pdb1nu5	exact	0	
M0348	pdb1r0m	substituted	1	GLU>ASP
M0348	pdb1sja	substituted	1	GLU>ASP
M0348	pdb1sjb	substituted	1	GLU>ASP
M0348	pdb1sjc	substituted	1	GLU>ASP
M0348	pdb1sjd	substituted	1	GLU>ASP
M0348	pdb1tkk	substituted	1	GLU>ASP
M0348	pdb1wue	substituted	1	GLU>ASP
M0348	pdb1wuf	substituted	1	GLU>ASP
M0348	pdb1xpy	substituted	1	GLU>ASP
M0348	pdb1xs2	substituted	1	GLU>ASP
M0348	pdb2chr	exact	0	
M0348	pdb2fkp	substituted	1	GLU>ASP
M0348	pdb2gdq	substituted	2	ASP>GLY,LYS>ASP
M0348	pdb2gge	substituted	2	ASP>GLY,LYS>ASP
M0348	pdb2ggg	substituted	1	GLU>ASP
M0348	pdb2ggh	substituted	1	GLU>ASP
M0348	pdb2ggi	substituted	1	GLU>ASP
M0348	pdb2ggj	substituted	1	GLU>ASP
M0348	pdb2hzg	partial	NA	
M0348	pdb2muc	exact	0	
M0348	pdb2nql	substituted	4	LYS>PHE,LYS>ALA,ASP>GLY,LYS>PRO
M0348	pdb2og9	substituted	2	ASP>GLY,LYS>ASP
M0348	pdb2opj	partial	NA	
M0348	pdb2oqh	substituted	3	ASP>ASN,LYS>ASP,GLU>ALA
M0348	pdb2oqy	substituted	5	LYS>ARG,LYS>TYR,ASP>SER,LYS>SER,GLU>ASP
M0348	pdb2ovl	substituted	2	ASP>GLY,LYS>ASP
M0348	pdb2oz8	substituted	3	ASP>GLY,LYS>HIS,GLU>ASN
M0348	pdb2p88	exact	0	
M0348	pdb2p8b	exact	0	
M0348	pdb2p8c	exact	0	
M0348	pdb2pce	substituted	2	LYS>SER,GLU>CYS
M0348	pdb2pgw	substituted	3	LYS>TYR,LYS>GLY,GLU>ASN
M0348	pdb2pmq	substituted	2	LYS>GLN,GLU>GLY
M0348	pdb2pp0	substituted	2	ASP>GLY,LYS>ASP
M0348	pdb2pp1	substituted	2	ASP>GLY,LYS>ASP
M0348	pdb2pp3	substituted	3	LYS>ALA,ASP>GLY,LYS>ASP
M0348	pdb2ppg	partial	NA	
M0348	pdb2ps2	substituted	2	LYS>SER,GLU>CYS
M0348	pdb2qdd	substituted	2	LYS>SER,GLU>ALA
M0348	pdb2qde	exact	0	
M0348	pdb2qgy	substituted	7	LYS>TYR,LYS>MET,ASP>ALA,GLU>PRO,ASP>LYS,LYS>SER,GLU>PHE
M0348	pdb2qvh	substituted	1	GLU>GLY
M0348	pdb2rdx	substituted	2	LYS>GLN,GLU>ASN
M0348	pdb2zad	substituted	1	GLU>ASP
M0348	pdb2zc8	substituted	1	GLU>ASP
M0348	pdb3bjs	substituted	3	LYS>ARG,ASP>GLY,LYS>ASP
M0348	pdb3bsm	substituted	4	LYS>ARG,LYS>GLN,ASP>GLY,LYS>PRO
M0348	pdb3cb3	substituted	2	ASP>GLY,LYS>ASP
M0348	pdb3ck5	substituted	2	ASP>GLY,LYS>ASP
M0348	pdb3ct2	exact	0	
M0348	pdb3cyj	substituted	2	ASP>GLY,LYS>ASP
M0348	pdb3ddm	substituted	3	ASP>GLY,LYS>ASP,GLU>GLY
M0348	pdb3deq	substituted	1	GLU>ASP
M0348	pdb3der	substituted	1	GLU>ASP
M0348	pdb3des	substituted	1	GLU>ASP
M0348	pdb3dfh	substituted	4	LYS>ARG,LYS>GLN,ASP>GLY,LYS>HIS
M0348	pdb3dfy	substituted	1	GLU>ASP
M0348	pdb3dg3	exact	0	
M0348	pdb3dg6	exact	0	
M0348	pdb3dg7	exact	0	
M0348	pdb3dgb	exact	0	
M0348	pdb3eez	substituted	2	LYS>SER,GLU>ALA
M0348	pdb3es7	substituted	5	LYS>ARG,LYS>TYR,ASP>SER,LYS>SER,GLU>ASP
M0348	pdb3es8	substituted	5	LYS>ARG,LYS>TYR,ASP>SER,LYS>SER,GLU>ASP
M0348	pdb3fcp	exact	0	
M0348	pdb3fj4	exact	0	
M0348	pdb3fv9	substituted	2	LYS>SER,GLU>CYS
M0348	pdb3fvd	substituted	2	LYS>SER,GLU>ALA
M0348	pdb3fyy	substituted	5	LYS>ARG,LYS>TYR,ASP>SER,LYS>SER,GLU>ASP
M0348	pdb3gd6	substituted	5	LYS>ARG,LYS>TYR,ASP>SER,LYS>SER,GLU>ASP
M0348	pdb3gy1	substituted	4	LYS>ARG,LYS>GLN,ASP>GLY,LYS>HIS
M0348	pdb3h12	substituted	2	ASP>GLY,LYS>ASP
M0348	pdb3hpf	substituted	5	LYS>ARG,LYS>TYR,ASP>SER,LYS>SER,GLU>ASP
M0348	pdb3i4k	exact	0	
M0348	pdb3i6e	exact	0	
M0348	pdb3i6t	exact	0	
M0348	pdb3iji	substituted	1	GLU>ASP
M0348	pdb3ijl	substituted	1	GLU>ASP
M0348	pdb3ijq	substituted	1	GLU>ASP
M0348	pdb3ik4	substituted	1	GLU>ASP
M0348	pdb3jva	substituted	1	GLU>ASP
M0348	pdb3jw7	substituted	1	GLU>ASP
M0348	pdb3jzu	substituted	1	GLU>ASP
M0348	pdb3k1g	substituted	1	GLU>ASP
M0348	pdb3kum	substituted	1	GLU>ASP
M0348	pdb3msy	partial	NA	
M0348	pdb3muc	exact	0	
M0348	pdb3mwc	substituted	1	GLU>ASP
M0348	pdb3my9	exact	0	
M0348	pdb3n4e	substituted	3	LYS>ARG,ASP>GLY,LYS>ASP
M0348	pdb3no1	partial	NA	
M0348	pdb3op2	substituted	2	ASP>GLY,LYS>ASP
M0348	pdb3ow1	substituted	4	LYS>ARG,LYS>GLN,ASP>GLY,LYS>PRO
M0348	pdb3ozm	substituted	2	ASP>GLY,LYS>ASP
M0348	pdb3ozy	substituted	2	ASP>GLY,LYS>ASP
M0348	pdb3p93	substituted	4	LYS>ARG,LYS>GLN,ASP>GLY,LYS>PRO
M0348	pdb3pk7	substituted	4	LYS>ARG,LYS>GLN,ASP>GLY,LYS>PRO
M0348	pdb3q45	substituted	1	GLU>ASP
M0348	pdb3q4d	substituted	1	GLU>ASP
M0348	pdb3qke	substituted	4	LYS>ARG,LYS>GLN,ASP>GLY,LYS>PRO
M0348	pdb3qld	substituted	1	GLU>ASP
M0348	pdb3r0k	substituted	1	GLU>ASP
M0348	pdb3r0u	substituted	1	GLU>ASP
M0348	pdb3r10	substituted	1	GLU>ASP
M0348	pdb3r11	substituted	1	GLU>ASP
M0348	pdb3r1z	substituted	1	GLU>ASP
M0348	pdb3r25	substituted	4	LYS>ARG,LYS>GLN,ASP>GLY,LYS>HIS
M0348	pdb3rgt	substituted	4	LYS>ARG,LYS>GLN,ASP>GLY,LYS>PRO
M0348	pdb3rit	substituted	1	GLU>ASP
M0348	pdb3ro6	substituted	1	GLU>ASP
M0348	pdb3rr1	substituted	3	LYS>ASN,ASP>GLY,LYS>ASP
M0348	pdb3rra	substituted	3	LYS>ASN,ASP>GLY,LYS>ASP
M0348	pdb3s47	substituted	4	LYS>ARG,LYS>GLN,ASP>GLY,LYS>HIS
M0348	pdb3s5s	substituted	1	GLU>ASP
M0348	pdb3sbf	substituted	4	LYS>ARG,LYS>GLN,ASP>GLY,LYS>HIS
M0348	pdb3sjn	substituted	3	LYS>GLY,ASP>GLY,LYS>ASP
M0348	pdb3sqs	substituted	4	LYS>ARG,ASP>GLU,ASP>GLY,LYS>ASP
M0348	pdb3ssz	substituted	4	LYS>ARG,ASP>GLU,ASP>GLY,LYS>ASP
M0348	pdb3stp	substituted	4	LYS>ARG,ASP>GLU,ASP>GLY,LYS>ASP
M0348	pdb3t6c	substituted	4	LYS>ARG,LYS>GLN,ASP>GLY,LYS>HIS
M0348	pdb3tj4	substituted	2	ASP>GLY,LYS>ASP
M0348	pdb3tji	substituted	4	LYS>ARG,LYS>GLN,ASP>GLY,LYS>HIS
M0348	pdb3toy	substituted	3	ASP>GLY,LYS>ASP,GLU>HIS
M0348	pdb3tte	substituted	3	ASP>GLY,LYS>ASP,GLU>HIS
M0348	pdb3tw9	substituted	4	LYS>ARG,LYS>GLN,ASP>GLY,LYS>HIS
M0348	pdb3twa	substituted	4	LYS>ARG,LYS>GLN,ASP>GLY,LYS>HIS
M0348	pdb3twb	substituted	4	LYS>ARG,LYS>GLN,ASP>GLY,LYS>HIS
M0348	pdb3u4f	partial	NA	
M0348	pdb3u9i	substituted	1	GLU>ASP
M0348	pdb3ugv	substituted	3	LYS>ARG,ASP>GLY,LYS>ASP
M0348	pdb3v3w	partial	NA	
M0348	pdb3v4b	partial	NA	
M0348	pdb3va8	substituted	7	LYS>PHE,LYS>GLY,ASP>GLU,GLU>THR,ASP>LEU,LYS>LEU,GLU>ASP
M0348	pdb3vc5	substituted	3	ASP>ASN,LYS>ASP,GLU>ASP
M0348	pdb3vc6	substituted	3	ASP>ASN,LYS>ASP,GLU>ASP
M0348	pdb3vdg	substituted	3	ASP>ASN,LYS>ASP,GLU>ASP
M0348	pdb3vfc	substituted	3	ASP>ASN,LYS>ASP,GLU>ASP
M0348	pdb4a6g	substituted	1	GLU>ASP
M0348	pdb4dhg	substituted	3	ASP>ASN,LYS>ASP,GLU>ASP
M0348	pdb4dn1	substituted	4	LYS>PHE,LYS>ALA,ASP>GLY,LYS>PRO
M0348	pdb4dwd	substituted	3	LYS>ARG,ASP>GLY,LYS>ASP
M0348	pdb4dye	substituted	3	ASP>ASN,LYS>ASP,GLU>ALA
M0348	pdb4e8g	substituted	2	LYS>GLN,GLU>GLY
M0348	pdb4f4r	substituted	4	LYS>ARG,LYS>GLN,ASP>GLY,LYS>PRO
M0348	pdb4gfi	substituted	1	GLU>ASP
M0348	pdb4ggb	substituted	2	ASP>GLY,LYS>ASP
M0348	pdb4ggh	partial	NA	
M0348	pdb4gir	partial	NA	
M0348	pdb4gis	partial	NA	
M0348	pdb4h19	substituted	2	ASP>GLY,LYS>ASP
M0348	pdb4h1z	partial	NA	
M0348	pdb4h2h	substituted	2	LYS>GLN,GLU>GLY
M0348	pdb4h83	partial	NA	
M0348	pdb4hnl	partial	NA	
M0348	pdb4hpn	substituted	2	ASP>GLY,LYS>ASP
M0348	pdb4ihc	substituted	4	LYS>ARG,LYS>GLN,ASP>GLY,LYS>HIS
M0348	pdb4it1	substituted	3	ASP>THR,LYS>ASP,GLU>ASP
M0348	pdb4izg	substituted	2	LYS>GLN,GLU>GLY
M0348	pdb4j1o	substituted	2	LYS>GLN,GLU>GLY
M0348	pdb4k2s	substituted	4	LYS>ARG,LYS>GLN,ASP>GLY,LYS>PRO
M0348	pdb4kpl	substituted	4	LYS>ARG,LYS>GLN,ASP>GLY,LYS>PRO
M0348	pdb4kt2	substituted	4	LYS>ARG,LYS>GLN,ASP>GLY,LYS>PRO
M0348	pdb4kws	substituted	4	LYS>ARG,LYS>GLN,ASP>GLY,LYS>PRO
M0348	pdb4m0x	exact	0	
M0348	pdb4mgg	substituted	2	LYS>GLN,GLU>SER
M0348	pdb5fjo	substituted	1	GLU>ASP
M0348	pdb5fjp	substituted	1	GLU>ASP
M0348	pdb5fjr	substituted	1	GLU>ASP
M0348	pdb5fjt	substituted	1	GLU>ASP
M0348	pdb5fju	substituted	1	GLU>ASP
M0348	pdb5olc	substituted	2	ASP>GLY,LYS>ASP
M0348	pdb5xd7	substituted	3	ASP>GLY,LYS>ASP,GLU>TRP
M0348	pdb5xd8	substituted	3	ASP>GLY,LYS>ASP,GLU>TRP
M0348	pdb5xd9	substituted	3	ASP>GLY,LYS>ASP,GLU>TRP
M0353	pdb1hsk	exact	0	
M0353	pdb1mbb	exact	0	
M0353	pdb1mbt	exact	0	
M0353	pdb1uxy	substituted	1	SER>ALA
M0353	pdb2gqt	partial	NA	
M0353	pdb2gqu	partial	NA	
M0353	pdb2mbr	exact	0	
M0353	pdb2q85	exact	0	
M0353	pdb3i99	exact	0	
M0353	pdb3tx1	exact	0	
M0353	pdb4jay	exact	0	
M0353	pdb4jb1	exact	0	
M0353	pdb4pyt	exact	0	
M0353	pdb5jzx	exact	0	
M0028	pdb1djg	exact	0	
M0028	pdb1djh	exact	0	
M0028	pdb1dji	exact	0	
M0028	pdb1djw	exact	0	
M0028	pdb1djx	exact	0	
M0028	pdb1djy	exact	0	
M0028	pdb1djz	exact	0	
M0028	pdb1qas	exact	0	
M0028	pdb1qat	exact	0	
M0028	pdb2fju	exact	0	
M0028	pdb2isd	exact	0	
M0028	pdb2r83	partial	NA	
M0028	pdb2zkm	exact	0	
M0028	pdb3ohm	partial	NA	
M0028	pdb3qr0	exact	0	
M0028	pdb3qr1	exact	0	
M0028	pdb4gnk	exact	0	
M0028	pdb4qj3	exact	0	
M0028	pdb4qj4	exact	0	
M0028	pdb4qj5	exact	0	
M0028	pdb6pbc	exact	0	
M0028	pdb6pmp	exact	0	
M0308	pdb1a0c	substituted	1	MET>TRP
M0308	pdb1a0d	substituted	1	MET>TRP
M0308	pdb1a0e	substituted	1	MET>TRP
M0308	pdb1bhw	substituted	1	HIS>ASN
M0308	pdb1bxb	exact	0	
M0308	pdb1bxc	exact	0	
M0308	pdb1clk	exact	0	
M0308	pdb1did	exact	0	
M0308	pdb1die	exact	0	
M0308	pdb1dxi	exact	0	
M0308	pdb1gw9	exact	0	
M0308	pdb1mnz	exact	0	
M0308	pdb1muw	exact	0	
M0308	pdb1o1h	exact	0	
M0308	pdb1oad	exact	0	
M0308	pdb1qt1	exact	0	
M0308	pdb1s5m	exact	0	
M0308	pdb1s5n	exact	0	
M0308	pdb1xib	exact	0	
M0308	pdb1xic	exact	0	
M0308	pdb1xid	exact	0	
M0308	pdb1xie	exact	0	
M0308	pdb1xif	exact	0	
M0308	pdb1xig	exact	0	
M0308	pdb1xih	exact	0	
M0308	pdb1xii	exact	0	
M0308	pdb1xij	exact	0	
M0308	pdb1xim	exact	0	
M0308	pdb1xin	substituted	1	HIS>ASN
M0308	pdb1xis	exact	0	
M0308	pdb1xla	exact	0	
M0308	pdb1xlb	exact	0	
M0308	pdb1xlc	exact	0	
M0308	pdb1xld	exact	0	
M0308	pdb1xle	exact	0	
M0308	pdb1xlf	exact	0	
M0308	pdb1xlg	exact	0	
M0308	pdb1xlh	exact	0	
M0308	pdb1xli	exact	0	
M0308	pdb1xlj	exact	0	
M0308	pdb1xlk	exact	0	
M0308	pdb1xll	exact	0	
M0308	pdb1xlm	substituted	2	ASP>GLU,ASP>GLU
M0308	pdb1xya	exact	0	
M0308	pdb1xyb	exact	0	
M0308	pdb1xyc	exact	0	
M0308	pdb1xyl	substituted	1	GLU>LYS
M0308	pdb1xym	substituted	1	GLU>LYS
M0308	pdb2g4j	exact	0	
M0308	pdb2glk	exact	0	
M0308	pdb2gub	exact	0	
M0308	pdb2gve	exact	0	
M0308	pdb2gyi	exact	0	
M0308	pdb2xim	exact	0	
M0308	pdb2xin	exact	0	
M0308	pdb2xis	exact	0	
M0308	pdb3cwh	exact	0	
M0308	pdb3gnx	exact	0	
M0308	pdb3kbj	exact	0	
M0308	pdb3kbm	exact	0	
M0308	pdb3kbn	exact	0	
M0308	pdb3kbs	exact	0	
M0308	pdb3kbv	exact	0	
M0308	pdb3kbw	exact	0	
M0308	pdb3kcj	exact	0	
M0308	pdb3kcl	exact	0	
M0308	pdb3kco	exact	0	
M0308	pdb3ktc	partial	NA	
M0308	pdb3n4a	exact	0	
M0308	pdb3qys	exact	0	
M0308	pdb3qza	exact	0	
M0308	pdb3u3h	exact	0	
M0308	pdb3xim	exact	0	
M0308	pdb3xin	substituted	1	GLU>GLN
M0308	pdb3xis	exact	0	
M0308	pdb4a8i	exact	0	
M0308	pdb4a8l	exact	0	
M0308	pdb4a8n	exact	0	
M0308	pdb4a8r	exact	0	
M0308	pdb4duo	exact	0	
M0308	pdb4dvo	exact	0	
M0308	pdb4e3v	exact	0	
M0308	pdb4hhl	exact	0	
M0308	pdb4hhm	exact	0	
M0308	pdb4j4k	exact	0	
M0308	pdb4lnc	exact	0	
M0308	pdb4qdp	exact	0	
M0308	pdb4qdw	exact	0	
M0308	pdb4qe1	exact	0	
M0308	pdb4qe4	exact	0	
M0308	pdb4qe5	exact	0	
M0308	pdb4qee	exact	0	
M0308	pdb4qeh	exact	0	
M0308	pdb4us6	exact	0	
M0308	pdb4w4q	exact	0	
M0308	pdb4xia	exact	0	
M0308	pdb4xim	exact	0	
M0308	pdb4xis	exact	0	
M0308	pdb4xkm	substituted	1	MET>TRP
M0308	pdb4zb0	exact	0	
M0308	pdb4zb2	exact	0	
M0308	pdb4zb5	exact	0	
M0308	pdb4zbc	exact	0	
M0308	pdb5avh	exact	0	
M0308	pdb5avn	exact	0	
M0308	pdb5i7g	exact	0	
M0308	pdb5nh4	substituted	1	MET>TRP
M0308	pdb5nh5	substituted	1	MET>TRP
M0308	pdb5nh6	substituted	1	MET>TRP
M0308	pdb5nh7	substituted	1	MET>TRP
M0308	pdb5nh8	substituted	1	MET>TRP
M0308	pdb5nh9	substituted	1	MET>TRP
M0308	pdb5nha	substituted	1	MET>TRP
M0308	pdb5nhb	substituted	1	MET>TRP
M0308	pdb5nhc	substituted	1	MET>TRP
M0308	pdb5nhd	substituted	1	MET>TRP
M0308	pdb5nhe	substituted	1	MET>TRP
M0308	pdb5nhm	substituted	1	MET>TRP
M0308	pdb5vr0	exact	0	
M0308	pdb5xia	exact	0	
M0308	pdb5xim	exact	0	
M0308	pdb5xin	substituted	1	ASP>ALA
M0308	pdb5y4i	exact	0	
M0308	pdb5y4j	exact	0	
M0308	pdb5yn3	substituted	1	MET>TRP
M0308	pdb5zyc	exact	0	
M0308	pdb5zyd	exact	0	
M0308	pdb5zye	exact	0	
M0308	pdb6int	substituted	1	MET>TRP
M0308	pdb6irk	exact	0	
M0308	pdb6kca	exact	0	
M0308	pdb6kcc	exact	0	
M0308	pdb6kd2	exact	0	
M0308	pdb6ll2	exact	0	
M0308	pdb6n98	substituted	1	MET>ALA
M0308	pdb6n99	exact	0	
M0308	pdb6oqz	exact	0	
M0308	pdb6qnc	exact	0	
M0308	pdb6qnd	exact	0	
M0308	pdb6qnh	exact	0	
M0308	pdb6qni	exact	0	
M0308	pdb6qnj	exact	0	
M0308	pdb6qrr	exact	0	
M0308	pdb6qrs	exact	0	
M0308	pdb6qrt	exact	0	
M0308	pdb6qru	exact	0	
M0308	pdb6qrv	exact	0	
M0308	pdb6qrw	exact	0	
M0308	pdb6qrx	exact	0	
M0308	pdb6qry	exact	0	
M0308	pdb6quf	exact	0	
M0308	pdb6quk	exact	0	
M0308	pdb6rnd	exact	0	
M0308	pdb6rnf	exact	0	
M0308	pdb6t8e	substituted	1	MET>TRP
M0308	pdb6t8f	substituted	1	MET>TRP
M0308	pdb6vrs	exact	0	
M0308	pdb6xia	exact	0	
M0308	pdb6xim	exact	0	
M0308	pdb6ybo	exact	0	
M0308	pdb6ybr	exact	0	
M0308	pdb7bjz	exact	0	
M0308	pdb7bvl	exact	0	
M0308	pdb7bvn	exact	0	
M0308	pdb7ck0	exact	0	
M0308	pdb7cvk	exact	0	
M0308	pdb7cvm	exact	0	
M0308	pdb7e03	exact	0	
M0308	pdb7njg	exact	0	
M0308	pdb7xim	exact	0	
M0308	pdb8xia	exact	0	
M0308	pdb8xim	exact	0	
M0308	pdb9xia	exact	0	
M0308	pdb9xim	exact	0	
M0860	pdb1c4k	exact	0	
M0860	pdb1ord	exact	0	
M0860	pdb2vyc	exact	0	
M0860	pdb3n75	substituted	1	LYS>LLP
M0860	pdb3q16	substituted	1	LYS>LLP
M0860	pdb4upb	partial	NA	
M0860	pdb4upf	partial	NA	
M0860	pdb5fkx	partial	NA	
M0860	pdb5fkz	exact	0	
M0860	pdb5fl2	partial	NA	
M0860	pdb6q7l	partial	NA	
M0860	pdb6q7m	partial	NA	
M0860	pdb6yn5	substituted	1	LYS>LLP
M0860	pdb6yn6	partial	NA	
M0188	pdb1a9y	substituted	2	SER>ALA,TYR>PHE
M0188	pdb1a9z	substituted	2	SER>ALA,TYR>PHE
M0188	pdb1bxk	substituted	1	SER>THR
M0188	pdb1db3	substituted	1	SER>THR
M0188	pdb1ek5	exact	0	
M0188	pdb1ek6	exact	0	
M0188	pdb1eq2	exact	0	
M0188	pdb1g1a	substituted	1	SER>THR
M0188	pdb1gy8	exact	0	
M0188	pdb1hzj	exact	0	
M0188	pdb1i3k	exact	0	
M0188	pdb1i3l	exact	0	
M0188	pdb1i3m	exact	0	
M0188	pdb1i3n	exact	0	
M0188	pdb1kep	substituted	1	SER>THR
M0188	pdb1ker	substituted	1	SER>THR
M0188	pdb1ket	substituted	1	SER>THR
M0188	pdb1keu	substituted	1	SER>THR
M0188	pdb1kew	substituted	1	SER>THR
M0188	pdb1kvq	substituted	1	SER>ALA
M0188	pdb1kvr	substituted	1	SER>ALA
M0188	pdb1kvs	substituted	1	SER>THR
M0188	pdb1kvt	substituted	1	SER>VAL
M0188	pdb1kvu	substituted	1	TYR>PHE
M0188	pdb1lrj	exact	0	
M0188	pdb1lrk	exact	0	
M0188	pdb1lrl	exact	0	
M0188	pdb1nah	exact	0	
M0188	pdb1nai	exact	0	
M0188	pdb1oc2	substituted	1	SER>THR
M0188	pdb1orr	substituted	1	SER>THR
M0188	pdb1r66	substituted	1	SER>THR
M0188	pdb1r6d	substituted	1	SER>THR
M0188	pdb1sb8	exact	0	
M0188	pdb1sb9	exact	0	
M0188	pdb1t2a	substituted	1	SER>THR
M0188	pdb1uda	exact	0	
M0188	pdb1udb	exact	0	
M0188	pdb1udc	exact	0	
M0188	pdb1xel	exact	0	
M0188	pdb1z45	exact	0	
M0188	pdb2b69	substituted	1	SER>THR
M0188	pdb2c20	substituted	1	SER>THR
M0188	pdb2cnb	exact	0	
M0188	pdb2hun	substituted	1	SER>THR
M0188	pdb2p5u	substituted	1	SER>THR
M0188	pdb2p5y	substituted	1	SER>THR
M0188	pdb2pk3	exact	0	
M0188	pdb2pzj	substituted	1	SER>ALA
M0188	pdb2pzk	substituted	1	SER>THR
M0188	pdb2pzl	substituted	1	SER>THR
M0188	pdb2pzm	substituted	1	SER>THR
M0188	pdb2q1s	substituted	1	SER>ALA
M0188	pdb2q1t	substituted	1	SER>ALA
M0188	pdb2q1u	substituted	1	SER>ALA
M0188	pdb2q1w	substituted	1	SER>THR
M0188	pdb2udp	exact	0	
M0188	pdb2x6t	substituted	1	TYR>PHE
M0188	pdb2x86	substituted	1	TYR>PHE
M0188	pdb2z1m	substituted	1	SER>THR
M0188	pdb2z95	substituted	1	SER>THR
M0188	pdb3a1n	substituted	1	SER>THR
M0188	pdb3a4v	substituted	1	SER>THR
M0188	pdb3aw9	exact	0	
M0188	pdb3ehe	substituted	1	SER>THR
M0188	pdb3enk	exact	0	
M0188	pdb3icp	exact	0	
M0188	pdb3ko8	exact	0	
M0188	pdb3lu1	exact	0	
M0188	pdb3m2p	substituted	2	TYR>MSE,LYS>SER
M0188	pdb3ru7	exact	0	
M0188	pdb3ru9	exact	0	
M0188	pdb3rua	exact	0	
M0188	pdb3ruc	exact	0	
M0188	pdb3rud	exact	0	
M0188	pdb3rue	exact	0	
M0188	pdb3ruf	exact	0	
M0188	pdb3ruh	exact	0	
M0188	pdb3sxp	exact	0	
M0188	pdb3vps	substituted	1	SER>THR
M0188	pdb4egb	partial	NA	
M0188	pdb4ej0	substituted	2	SER>ALA,LYS>SER
M0188	pdb4gll	substituted	1	SER>THR
M0188	pdb4id9	exact	0	
M0188	pdb4idg	exact	0	
M0188	pdb4lis	exact	0	
M0188	pdb4lk3	substituted	2	SER>THR,TYR>GLU
M0188	pdb4m55	substituted	3	SER>VAL,TYR>GLU,LYS>ILE
M0188	pdb4twr	exact	0	
M0188	pdb4wok	exact	0	
M0188	pdb4zrm	substituted	1	SER>THR
M0188	pdb4zrn	substituted	1	SER>THR
M0188	pdb5gy7	exact	0	
M0188	pdb5in4	substituted	1	SER>THR
M0188	pdb5in5	substituted	1	SER>THR
M0188	pdb5u4q	substituted	3	SER>VAL,TYR>THR,LYS>ASN
M0188	pdb6bi4	substituted	1	SER>THR
M0188	pdb6bwl	substituted	1	SER>THR
M0188	pdb6dnt	exact	0	
M0188	pdb6k0g	exact	0	
M0188	pdb6k0h	exact	0	
M0188	pdb6k0i	exact	0	
M0188	pdb6kv9	exact	0	
M0188	pdb6kvc	exact	0	
M0188	pdb6ltt	partial	NA	
M0188	pdb6pmh	exact	0	
M0188	pdb6pnl	exact	0	
M0188	pdb6vlo	substituted	1	SER>THR
M0188	pdb6vo6	substituted	1	SER>THR
M0188	pdb6vo8	substituted	1	SER>THR
M0188	pdb6wj9	substituted	2	SER>ALA,TYR>PHE
M0188	pdb6wja	substituted	2	SER>ALA,TYR>PHE
M0188	pdb6wjb	exact	0	
M0188	pdb6zl6	substituted	1	SER>THR
M0188	pdb6zla	substituted	1	SER>THR
M0188	pdb6zld	substituted	1	SER>THR
M0188	pdb6zlj	substituted	2	SER>THR,TYR>PHE
M0188	pdb6zlk	substituted	1	SER>THR
M0188	pdb6zll	substituted	1	SER>THR
M0188	pdb7kn1	exact	0	
M0003	pdb1d4a	exact	0	
M0003	pdb1dxo	exact	0	
M0003	pdb1dxq	exact	0	
M0003	pdb1gg5	exact	0	
M0003	pdb1h66	exact	0	
M0003	pdb1h69	exact	0	
M0003	pdb1kbo	exact	0	
M0003	pdb1kbq	exact	0	
M0003	pdb1qbg	exact	0	
M0003	pdb1qr2	substituted	1	HIS>ASN
M0003	pdb1qrd	exact	0	
M0003	pdb1sg0	substituted	1	HIS>ASN
M0003	pdb1xi2	substituted	1	HIS>ASN
M0003	pdb1zx1	substituted	1	HIS>ASN
M0003	pdb2bzs	substituted	1	HIS>ASN
M0003	pdb2f1o	exact	0	
M0003	pdb2qmy	substituted	1	HIS>ASN
M0003	pdb2qmz	substituted	1	HIS>ASN
M0003	pdb2qr2	substituted	1	HIS>ASN
M0003	pdb2qwx	substituted	1	HIS>ASN
M0003	pdb2qx4	substituted	1	HIS>ASN
M0003	pdb2qx6	substituted	1	HIS>ASN
M0003	pdb2qx8	substituted	1	HIS>ASN
M0003	pdb2qx9	substituted	1	HIS>ASN
M0003	pdb3eyw	substituted	1	TYR>PHE
M0003	pdb3f2v	substituted	1	HIS>VAL
M0003	pdb3fw1	substituted	1	HIS>ASN
M0003	pdb3g5m	substituted	1	HIS>ASN
M0003	pdb3gam	substituted	1	HIS>ASN
M0003	pdb3jsx	exact	0	
M0003	pdb3l9w	substituted	1	TYR>PHE
M0003	pdb3l9x	substituted	1	TYR>PHE
M0003	pdb3lcm	substituted	3	GLY>ASN,TYR>MET,HIS>TYR
M0003	pdb3nfr	substituted	1	HIS>ASN
M0003	pdb3nhf	substituted	1	HIS>ASN
M0003	pdb3nhj	substituted	1	HIS>ASN
M0003	pdb3nhk	substituted	1	HIS>ASN
M0003	pdb3nhl	substituted	1	HIS>ASN
M0003	pdb3nhp	substituted	1	HIS>ASN
M0003	pdb3nhr	substituted	1	HIS>ASN
M0003	pdb3nhs	substituted	1	HIS>ASN
M0003	pdb3nhu	substituted	1	HIS>ASN
M0003	pdb3nhw	substituted	1	HIS>ASN
M0003	pdb3nhy	substituted	1	HIS>ASN
M0003	pdb3o2n	substituted	1	HIS>ASN
M0003	pdb3o73	substituted	1	HIS>ASN
M0003	pdb3ovm	substituted	1	HIS>ASN
M0003	pdb3owh	substituted	1	HIS>ASN
M0003	pdb3owx	substituted	1	HIS>ASN
M0003	pdb3ox1	substituted	1	HIS>ASN
M0003	pdb3ox2	substituted	1	HIS>ASN
M0003	pdb3ox3	substituted	1	HIS>ASN
M0003	pdb3te7	substituted	1	HIS>ASN
M0003	pdb3tem	substituted	1	HIS>ASN
M0003	pdb3tzb	substituted	1	HIS>ASN
M0003	pdb3uxe	substituted	1	HIS>ASN
M0003	pdb3uxh	substituted	1	HIS>ASN
M0003	pdb4cet	exact	0	
M0003	pdb4cf6	exact	0	
M0003	pdb4f8y	substituted	3	GLY>ASN,TYR>MET,HIS>TYR
M0003	pdb4fgj	substituted	1	HIS>ASN
M0003	pdb4fgk	substituted	1	HIS>ASN
M0003	pdb4fgl	substituted	1	HIS>ASN
M0003	pdb4gi5	substituted	1	HIS>ASN
M0003	pdb4gqi	substituted	1	HIS>ASN
M0003	pdb4gr9	substituted	1	HIS>ASN
M0003	pdb4qod	substituted	1	HIS>ASN
M0003	pdb4qoe	substituted	1	HIS>ASN
M0003	pdb4qof	substituted	1	HIS>ASN
M0003	pdb4qog	substituted	1	HIS>ASN
M0003	pdb4qoh	substituted	1	HIS>ASN
M0003	pdb4qoi	substituted	1	HIS>ASN
M0003	pdb4qoj	substituted	1	HIS>ASN
M0003	pdb4r81	substituted	2	TYR>LEU,HIS>ALA
M0003	pdb4u7f	substituted	1	HIS>ASN
M0003	pdb4u7g	substituted	1	HIS>ASN
M0003	pdb4u7h	substituted	1	HIS>ASN
M0003	pdb4xdg	substituted	1	HIS>ASN
M0003	pdb4xdh	substituted	1	HIS>ASN
M0003	pdb4zvk	substituted	1	HIS>ASN
M0003	pdb4zvl	substituted	1	HIS>ASN
M0003	pdb4zvm	substituted	1	HIS>ASN
M0003	pdb4zvn	substituted	1	HIS>ASN
M0003	pdb5a4k	exact	0	
M0003	pdb5buc	substituted	1	HIS>ASN
M0003	pdb5ea2	exact	0	
M0003	pdb5eai	exact	0	
M0003	pdb5fuq	exact	0	
M0003	pdb5lbt	substituted	1	HIS>ASN
M0003	pdb5lbu	substituted	1	HIS>ASN
M0003	pdb5lbw	substituted	1	HIS>ASN
M0003	pdb5lby	substituted	1	HIS>ASN
M0003	pdb5lbz	substituted	1	HIS>ASN
M0003	pdb5lva	exact	0	
M0003	pdb6fy4	exact	0	
M0906	pdb1a85	exact	0	
M0906	pdb1a86	exact	0	
M0906	pdb1ayk	exact	0	
M0906	pdb1b3d	exact	0	
M0906	pdb1b8y	exact	0	
M0906	pdb1biw	exact	0	
M0906	pdb1bm6	exact	0	
M0906	pdb1bqo	exact	0	
M0906	pdb1bqq	substituted	2	GLU>CYS,HIS>ASN
M0906	pdb1buv	substituted	2	GLU>CYS,HIS>ASN
M0906	pdb1bzs	exact	0	
M0906	pdb1c3i	exact	0	
M0906	pdb1c8t	substituted	1	GLU>GLN
M0906	pdb1caq	exact	0	
M0906	pdb1cge	exact	0	
M0906	pdb1cgf	exact	0	
M0906	pdb1cgl	exact	0	
M0906	pdb1ciz	exact	0	
M0906	pdb1ck7	substituted	1	GLU>ALA
M0906	pdb1cqr	exact	0	
M0906	pdb1cxv	exact	0	
M0906	pdb1d5j	exact	0	
M0906	pdb1d7x	exact	0	
M0906	pdb1d8f	exact	0	
M0906	pdb1d8m	exact	0	
M0906	pdb1eak	substituted	1	GLU>GLN
M0906	pdb1eub	exact	0	
M0906	pdb1fbl	exact	0	
M0906	pdb1fls	exact	0	
M0906	pdb1fm1	exact	0	
M0906	pdb1g05	exact	0	
M0906	pdb1g49	exact	0	
M0906	pdb1g4k	exact	0	
M0906	pdb1gkc	exact	0	
M0906	pdb1gkd	substituted	1	GLU>GLN
M0906	pdb1gxd	substituted	1	GLU>ALA
M0906	pdb1hfc	exact	0	
M0906	pdb1hfs	exact	0	
M0906	pdb1hov	exact	0	
M0906	pdb1hv5	exact	0	
M0906	pdb1hy7	exact	0	
M0906	pdb1i73	exact	0	
M0906	pdb1i76	exact	0	
M0906	pdb1jan	exact	0	
M0906	pdb1jao	exact	0	
M0906	pdb1jap	exact	0	
M0906	pdb1jaq	exact	0	
M0906	pdb1jh1	exact	0	
M0906	pdb1jiz	exact	0	
M0906	pdb1jj9	exact	0	
M0906	pdb1jk3	substituted	1	GLU>ALA
M0906	pdb1kbc	exact	0	
M0906	pdb1l6j	exact	0	
M0906	pdb1mmb	exact	0	
M0906	pdb1mmp	exact	0	
M0906	pdb1mmq	exact	0	
M0906	pdb1mmr	exact	0	
M0906	pdb1mnc	exact	0	
M0906	pdb1oo9	exact	0	
M0906	pdb1os2	exact	0	
M0906	pdb1os9	exact	0	
M0906	pdb1q3a	exact	0	
M0906	pdb1qia	exact	0	
M0906	pdb1qib	exact	0	
M0906	pdb1qic	exact	0	
M0906	pdb1rm8	exact	0	
M0906	pdb1rmz	exact	0	
M0906	pdb1ros	exact	0	
M0906	pdb1slm	exact	0	
M0906	pdb1sln	exact	0	
M0906	pdb1su3	exact	0	
M0906	pdb1uea	exact	0	
M0906	pdb1ums	exact	0	
M0906	pdb1umt	exact	0	
M0906	pdb1usn	exact	0	
M0906	pdb1utt	exact	0	
M0906	pdb1utz	exact	0	
M0906	pdb1xuc	exact	0	
M0906	pdb1xud	exact	0	
M0906	pdb1xur	exact	0	
M0906	pdb1y93	exact	0	
M0906	pdb1ycm	exact	0	
M0906	pdb1you	exact	0	
M0906	pdb1z3j	exact	0	
M0906	pdb1zp5	exact	0	
M0906	pdb1zs0	exact	0	
M0906	pdb1ztq	exact	0	
M0906	pdb1zvx	exact	0	
M0906	pdb2ayk	exact	0	
M0906	pdb2clt	substituted	1	GLU>ALA
M0906	pdb2d1n	exact	0	
M0906	pdb2d1o	exact	0	
M0906	pdb2ddy	exact	0	
M0906	pdb2e2d	exact	0	
M0906	pdb2hu6	exact	0	
M0906	pdb2j0t	exact	0	
M0906	pdb2jnp	exact	0	
M0906	pdb2jsd	exact	0	
M0906	pdb2jt5	exact	0	
M0906	pdb2jt6	exact	0	
M0906	pdb2k2g	exact	0	
M0906	pdb2k9c	exact	0	
M0906	pdb2krj	exact	0	
M0906	pdb2mlr	substituted	1	GLU>ALA
M0906	pdb2mls	substituted	1	GLU>ALA
M0906	pdb2mze	substituted	1	GLU>ALA
M0906	pdb2mzh	substituted	1	GLU>ALA
M0906	pdb2mzi	substituted	1	GLU>ALA
M0906	pdb2n8r	exact	0	
M0906	pdb2ovx	substituted	1	GLU>GLN
M0906	pdb2ovz	substituted	1	GLU>GLN
M0906	pdb2ow0	substituted	1	GLU>GLN
M0906	pdb2ow1	substituted	1	GLU>GLN
M0906	pdb2ow2	substituted	1	GLU>GLN
M0906	pdb2ow9	exact	0	
M0906	pdb2oxu	exact	0	
M0906	pdb2oxw	exact	0	
M0906	pdb2oxz	exact	0	
M0906	pdb2oy2	exact	0	
M0906	pdb2oy4	exact	0	
M0906	pdb2ozr	exact	0	
M0906	pdb2pjt	exact	0	
M0906	pdb2poj	substituted	1	GLU>ALA
M0906	pdb2srt	exact	0	
M0906	pdb2tcl	exact	0	
M0906	pdb2usn	exact	0	
M0906	pdb2w0d	substituted	1	GLU>ALA
M0906	pdb2wo8	exact	0	
M0906	pdb2wo9	exact	0	
M0906	pdb2woa	exact	0	
M0906	pdb2xs3	exact	0	
M0906	pdb2xs4	exact	0	
M0906	pdb2y6c	exact	0	
M0906	pdb2y6d	exact	0	
M0906	pdb2yig	exact	0	
M0906	pdb2z2d	exact	0	
M0906	pdb3ayk	exact	0	
M0906	pdb3ayu	substituted	1	GLU>ALA
M0906	pdb3ba0	exact	0	
M0906	pdb3dng	exact	0	
M0906	pdb3dpe	exact	0	
M0906	pdb3dpf	exact	0	
M0906	pdb3ehx	exact	0	
M0906	pdb3ehy	exact	0	
M0906	pdb3elm	exact	0	
M0906	pdb3f15	exact	0	
M0906	pdb3f16	exact	0	
M0906	pdb3f17	exact	0	
M0906	pdb3f18	exact	0	
M0906	pdb3f19	exact	0	
M0906	pdb3f1a	exact	0	
M0906	pdb3i7g	exact	0	
M0906	pdb3i7i	exact	0	
M0906	pdb3kec	exact	0	
M0906	pdb3kej	exact	0	
M0906	pdb3kek	exact	0	
M0906	pdb3kry	exact	0	
M0906	pdb3lik	exact	0	
M0906	pdb3lil	exact	0	
M0906	pdb3lir	exact	0	
M0906	pdb3ljg	exact	0	
M0906	pdb3ljz	exact	0	
M0906	pdb3lk8	exact	0	
M0906	pdb3lka	exact	0	
M0906	pdb3ma2	exact	0	
M0906	pdb3n2u	exact	0	
M0906	pdb3n2v	exact	0	
M0906	pdb3nx7	exact	0	
M0906	pdb3o2x	exact	0	
M0906	pdb3ohl	exact	0	
M0906	pdb3oho	exact	0	
M0906	pdb3rts	exact	0	
M0906	pdb3rtt	exact	0	
M0906	pdb3shi	exact	0	
M0906	pdb3ts4	exact	0	
M0906	pdb3tsk	exact	0	
M0906	pdb3tt4	exact	0	
M0906	pdb3tvc	exact	0	
M0906	pdb3usn	exact	0	
M0906	pdb3uvc	substituted	1	GLU>ALA
M0906	pdb3v96	exact	0	
M0906	pdb3wv1	exact	0	
M0906	pdb3wv2	exact	0	
M0906	pdb3wv3	exact	0	
M0906	pdb3zxh	exact	0	
M0906	pdb456c	exact	0	
M0906	pdb4a7b	exact	0	
M0906	pdb4auo	substituted	1	GLU>ALA
M0906	pdb4ayk	exact	0	
M0906	pdb4dpe	exact	0	
M0906	pdb4efs	exact	0	
M0906	pdb4fu4	substituted	1	GLU>ALA
M0906	pdb4fvl	substituted	1	GLU>ALA
M0906	pdb4g0d	substituted	1	GLU>ALA
M0906	pdb4g9l	exact	0	
M0906	pdb4gql	exact	0	
M0906	pdb4gr0	exact	0	
M0906	pdb4gr3	exact	0	
M0906	pdb4gr8	exact	0	
M0906	pdb4guy	exact	0	
M0906	pdb4h1q	substituted	1	GLU>GLN
M0906	pdb4h2e	exact	0	
M0906	pdb4h30	exact	0	
M0906	pdb4h3x	exact	0	
M0906	pdb4h49	exact	0	
M0906	pdb4h76	exact	0	
M0906	pdb4h82	substituted	1	GLU>GLN
M0906	pdb4h84	exact	0	
M0906	pdb4hma	substituted	1	GLU>GLN
M0906	pdb4i03	substituted	1	GLU>ALA
M0906	pdb4ijo	exact	0	
M0906	pdb4ilw	exact	0	
M0906	pdb4in9	exact	0	
M0906	pdb4ja1	exact	0	
M0906	pdb4jij	substituted	1	GLU>ALA
M0906	pdb4jp4	exact	0	
M0906	pdb4jpa	exact	0	
M0906	pdb4jqg	substituted	1	GLU>ALA
M0906	pdb4l19	exact	0	
M0906	pdb4qkz	exact	0	
M0906	pdb4r3v	substituted	1	GLU>ALA
M0906	pdb4wzv	exact	0	
M0906	pdb4xct	exact	0	
M0906	pdb5b5o	exact	0	
M0906	pdb5b5p	exact	0	
M0906	pdb5bot	exact	0	
M0906	pdb5boy	exact	0	
M0906	pdb5bpa	exact	0	
M0906	pdb5cuh	exact	0	
M0906	pdb5cxa	exact	0	
M0906	pdb5czm	exact	0	
M0906	pdb5d2b	exact	0	
M0906	pdb5d3c	exact	0	
M0906	pdb5h0u	exact	0	
M0906	pdb5h8x	exact	0	
M0906	pdb5i0l	exact	0	
M0906	pdb5i12	exact	0	
M0906	pdb5i2z	substituted	1	GLU>GLN
M0906	pdb5i3m	substituted	1	GLU>GLN
M0906	pdb5i43	substituted	1	GLU>GLN
M0906	pdb5i4o	substituted	1	GLU>GLN
M0906	pdb5l79	exact	0	
M0906	pdb5l7f	exact	0	
M0906	pdb5lab	exact	0	
M0906	pdb5n5j	exact	0	
M0906	pdb5n5k	exact	0	
M0906	pdb5th6	exact	0	
M0906	pdb5th9	exact	0	
M0906	pdb5ue2	substituted	1	GLU>ALA
M0906	pdb5ue3	exact	0	
M0906	pdb5ue4	exact	0	
M0906	pdb5ue5	substituted	1	GLU>ALA
M0906	pdb5uwk	exact	0	
M0906	pdb5uwl	exact	0	
M0906	pdb5uwm	exact	0	
M0906	pdb5uwn	exact	0	
M0906	pdb6ekn	exact	0	
M0906	pdb6ela	exact	0	
M0906	pdb6enm	exact	0	
M0906	pdb6eox	exact	0	
M0906	pdb6mav	exact	0	
M0906	pdb6n9d	exact	0	
M0906	pdb6rd0	exact	0	
M0906	pdb6rly	exact	0	
M0906	pdb830c	exact	0	
M0906	pdb966c	exact	0	
M0590	pdb1air	substituted	3	ARG>ALA,ARG>ALA,LYS>PRO
M0590	pdb1idj	exact	0	
M0590	pdb1idk	exact	0	
M0590	pdb1o88	substituted	3	ARG>ALA,ARG>ALA,LYS>PRO
M0590	pdb1o8d	substituted	3	ARG>ALA,ARG>ALA,LYS>PRO
M0590	pdb1o8e	substituted	3	ARG>ALA,ARG>ALA,LYS>PRO
M0590	pdb1o8f	substituted	3	ARG>ALA,ARG>ALA,LYS>PRO
M0590	pdb1o8g	substituted	3	ARG>ALA,ARG>ALA,LYS>PRO
M0590	pdb1o8h	substituted	3	ARG>ALA,ARG>ALA,LYS>PRO
M0590	pdb1o8i	substituted	3	ARG>ALA,ARG>ALA,LYS>PRO
M0590	pdb1o8j	substituted	3	ARG>ALA,ARG>ALA,LYS>PRO
M0590	pdb1o8k	substituted	3	ARG>ALA,ARG>ALA,LYS>PRO
M0590	pdb1o8l	substituted	3	ARG>ALA,ARG>ALA,LYS>PRO
M0590	pdb1o8m	substituted	3	ARG>ALA,ARG>ALA,LYS>PRO
M0590	pdb1plu	substituted	3	ARG>ALA,ARG>ALA,LYS>PRO
M0590	pdb1qcx	exact	0	
M0590	pdb2ewe	substituted	3	ARG>ALA,ARG>ALA,LYS>PRO
M0590	pdb2pec	substituted	3	ARG>ALA,ARG>ALA,LYS>PRO
M0590	pdb3vmv	substituted	4	ASP>THR,ARG>ASP,ARG>SER,LYS>PRO
M0590	pdb3vmw	substituted	4	ASP>THR,ARG>ASP,ARG>SER,LYS>PRO
M0293	pdb10mh	exact	0	
M0293	pdb1dct	exact	0	
M0293	pdb1fjx	exact	0	
M0293	pdb1g55	substituted	1	CYS>PRO
M0293	pdb1hmy	exact	0	
M0293	pdb1m0e	exact	0	
M0293	pdb1mht	exact	0	
M0293	pdb1skm	exact	0	
M0293	pdb1svu	exact	0	
M0293	pdb2c7o	exact	0	
M0293	pdb2c7p	exact	0	
M0293	pdb2c7q	exact	0	
M0293	pdb2c7r	exact	0	
M0293	pdb2hmy	exact	0	
M0293	pdb2hr1	exact	0	
M0293	pdb2i9k	exact	0	
M0293	pdb2uyc	substituted	1	ARG>ASN
M0293	pdb2uyh	exact	0	
M0293	pdb2uz4	substituted	1	ARG>ASN
M0293	pdb2z6a	substituted	1	CYS>ALA
M0293	pdb2z6q	substituted	1	ARG>ALA
M0293	pdb2z6u	substituted	1	GLU>ALA
M0293	pdb2zcj	substituted	1	GLU>GLN
M0293	pdb3av4	exact	0	
M0293	pdb3av5	exact	0	
M0293	pdb3av6	exact	0	
M0293	pdb3eeo	exact	0	
M0293	pdb3g7u	exact	0	
M0293	pdb3lx6	substituted	3	GLU>HIS,ARG>PRO,CYS>ASN
M0293	pdb3me5	substituted	3	GLU>VAL,ARG>VAL,CYS>PRO
M0293	pdb3mht	exact	0	
M0293	pdb3pt6	exact	0	
M0293	pdb3pt9	exact	0	
M0293	pdb3pta	exact	0	
M0293	pdb3qv2	exact	0	
M0293	pdb3swr	exact	0	
M0293	pdb3ubt	substituted	1	CYS>SER
M0293	pdb4da4	exact	0	
M0293	pdb4dkj	exact	0	
M0293	pdb4fsx	exact	0	
M0293	pdb4ft2	exact	0	
M0293	pdb4ft4	exact	0	
M0293	pdb4h0n	exact	0	
M0293	pdb4mht	exact	0	
M0293	pdb4wxx	exact	0	
M0293	pdb4yoc	exact	0	
M0293	pdb5ciy	exact	0	
M0293	pdb5gut	exact	0	
M0293	pdb5guv	exact	0	
M0293	pdb5lod	exact	0	
M0293	pdb5mht	exact	0	
M0293	pdb5wy1	exact	0	
M0293	pdb6fdf	exact	0	
M0293	pdb6mht	exact	0	
M0293	pdb6w8v	exact	0	
M0293	pdb6w8w	exact	0	
M0293	pdb6x9i	partial	NA	
M0293	pdb6x9j	exact	0	
M0293	pdb6x9k	exact	0	
M0293	pdb7mht	exact	0	
M0293	pdb8mht	exact	0	
M0293	pdb9mht	exact	0	
M0651	pdb1bdg	exact	0	
M0651	pdb1bg3	substituted	1	ARG>SER
M0651	pdb1cza	substituted	1	ARG>THR
M0651	pdb1dgk	substituted	1	ARG>THR
M0651	pdb1hkb	substituted	1	ARG>THR
M0651	pdb1hkc	substituted	1	ARG>THR
M0651	pdb1hkg	substituted	2	SER>UNK,ARG>UNK
M0651	pdb1ig8	exact	0	
M0651	pdb1qha	substituted	1	ARG>THR
M0651	pdb1v4s	substituted	1	ARG>ASN
M0651	pdb1v4t	substituted	1	ARG>PHE
M0651	pdb2nzt	substituted	1	ARG>LYS
M0651	pdb2yhx	substituted	2	SER>UNK,ARG>UNK
M0651	pdb3a0i	substituted	3	SER>HIS,ARG>HIS,ASP>PHE
M0651	pdb3b8a	exact	0	
M0651	pdb3f9m	substituted	1	ARG>ASN
M0651	pdb3fgu	substituted	1	ARG>ASN
M0651	pdb3fr0	substituted	1	ARG>ASN
M0651	pdb3goi	substituted	1	ARG>ASN
M0651	pdb3h1v	substituted	3	SER>HIS,ARG>PHE,ASP>ARG
M0651	pdb3hm8	substituted	1	ARG>ASN
M0651	pdb3id8	substituted	1	ARG>ASN
M0651	pdb3idh	substituted	1	ARG>ASN
M0651	pdb3imx	substituted	1	ARG>ASN
M0651	pdb3o08	exact	0	
M0651	pdb3o1b	exact	0	
M0651	pdb3o1w	exact	0	
M0651	pdb3o4w	exact	0	
M0651	pdb3o5b	exact	0	
M0651	pdb3o6w	exact	0	
M0651	pdb3o80	exact	0	
M0651	pdb3o8m	exact	0	
M0651	pdb3qic	substituted	1	ARG>ASN
M0651	pdb3s41	substituted	1	ARG>ASN
M0651	pdb3vev	substituted	1	ARG>ASN
M0651	pdb3vey	substituted	1	ARG>ASN
M0651	pdb3vf6	substituted	1	ARG>ASN
M0651	pdb3w0l	partial	NA	
M0651	pdb4dch	partial	NA	
M0651	pdb4dhy	substituted	1	ARG>ASN
M0651	pdb4f9o	substituted	1	ARG>THR
M0651	pdb4foe	substituted	1	ARG>THR
M0651	pdb4foi	substituted	1	ARG>THR
M0651	pdb4fpa	substituted	1	ARG>THR
M0651	pdb4fpb	substituted	1	ARG>THR
M0651	pdb4ise	partial	NA	
M0651	pdb4isf	partial	NA	
M0651	pdb4isg	partial	NA	
M0651	pdb4iwv	substituted	1	ARG>ASN
M0651	pdb4ixc	substituted	1	ARG>ASN
M0651	pdb4jax	exact	0	
M0651	pdb4l3q	substituted	1	ARG>ASN
M0651	pdb4lc9	partial	NA	
M0651	pdb4mle	substituted	1	ARG>ASN
M0651	pdb4mlh	substituted	1	ARG>ASN
M0651	pdb4no7	substituted	1	ARG>ASN
M0651	pdb4qs7	substituted	1	ARG>LYS
M0651	pdb4qs8	substituted	1	ARG>LYS
M0651	pdb4qs9	substituted	2	SER>ALA,ARG>LYS
M0651	pdb4rch	substituted	1	ARG>ASN
M0651	pdb5hex	substituted	1	ARG>LYS
M0651	pdb5hfu	substituted	1	ARG>LYS
M0651	pdb5hg1	substituted	1	ARG>LYS
M0651	pdb5v4w	partial	NA	
M0651	pdb5v4x	partial	NA	
M0297	pdb1s6l	exact	0	
M0297	pdb3f0o	exact	0	
M0297	pdb3f0p	exact	0	
M0297	pdb3f2f	exact	0	
M0297	pdb3f2g	exact	0	
M0297	pdb3f2h	exact	0	
M0297	pdb3fn8	exact	0	
M0297	pdb5c0t	substituted	1	ASP>SER
M0297	pdb5c0u	substituted	1	ASP>SER
M0297	pdb5c17	substituted	1	ASP>SER
M0297	pdb5dsf	substituted	1	ASP>SER
M0297	pdb5u79	exact	0	
M0297	pdb5u7a	exact	0	
M0297	pdb5u7b	exact	0	
M0297	pdb5u7c	exact	0	
M0297	pdb5u82	exact	0	
M0297	pdb5u83	exact	0	
M0297	pdb5u88	exact	0	
M0194	pdb1c47	substituted	2	SEP>SER,HIS>GLY
M0194	pdb1c4g	substituted	2	SEP>SER,HIS>GLY
M0194	pdb1jdy	substituted	1	HIS>GLY
M0194	pdb1k2y	substituted	1	SEP>ALA
M0194	pdb1k35	exact	0	
M0194	pdb1lxt	substituted	2	SEP>SER,HIS>GLY
M0194	pdb1p5d	exact	0	
M0194	pdb1p5g	exact	0	
M0194	pdb1pcj	exact	0	
M0194	pdb1pcm	exact	0	
M0194	pdb1tuo	substituted	2	SEP>SER,HIS>GLY
M0194	pdb1vkl	substituted	1	HIS>GLY
M0194	pdb1wqa	substituted	2	SEP>SER,HIS>GLY
M0194	pdb2dka	partial	NA	
M0194	pdb2dkc	partial	NA	
M0194	pdb2dkd	partial	NA	
M0194	pdb2f7l	substituted	2	SEP>SER,HIS>GLY
M0194	pdb2fkf	exact	0	
M0194	pdb2fkm	substituted	9	SEP>GLY,HIS>ASP,LYS>PHE,ARG>ILE,ASP>PHE,ASP>GLY,ASP>GLY,ARG>ASP,HIS>GLY
M0194	pdb2h4l	exact	0	
M0194	pdb2h5a	exact	0	
M0194	pdb3bkq	exact	0	
M0194	pdb3c04	exact	0	
M0194	pdb3i3w	exact	0	
M0194	pdb3pdk	substituted	1	SEP>SER
M0194	pdb3pmg	substituted	1	HIS>GLY
M0194	pdb3rsm	partial	NA	
M0194	pdb3uw2	substituted	1	SEP>SER
M0194	pdb4hjh	partial	NA	
M0194	pdb4il8	substituted	1	HIS>ALA
M0194	pdb4mrq	substituted	1	SEP>SER
M0194	pdb5bmn	exact	0	
M0194	pdb5bmp	exact	0	
M0194	pdb5epc	substituted	2	SEP>SER,HIS>GLY
M0194	pdb5f9c	substituted	2	SEP>SER,HIS>GLY
M0194	pdb5hsh	partial	NA	
M0194	pdb5jn5	substituted	1	HIS>GLY
M0194	pdb5kl0	exact	0	
M0194	pdb5tr2	substituted	1	HIS>GLY
M0194	pdb5vbi	substituted	1	HIS>GLY
M0194	pdb5vec	substituted	2	SEP>SER,HIS>GLY
M0194	pdb5vg7	substituted	1	HIS>GLY
M0194	pdb5vin	substituted	2	SEP>SER,HIS>GLY
M0194	pdb6gyz	substituted	1	SEP>SER
M0194	pdb6mlf	exact	0	
M0194	pdb6mlh	exact	0	
M0194	pdb6mlw	exact	0	
M0194	pdb6mnv	substituted	9	SEP>SER,HIS>SER,LYS>ASP,ARG>ALA,ASP>TYR,ASP>VAL,ASP>LEU,ARG>LEU,HIS>ALA
M0194	pdb6n1e	substituted	9	SEP>SER,HIS>SER,LYS>ASP,ARG>ALA,ASP>TYR,ASP>VAL,ASP>LEU,ARG>LEU,HIS>ALA
M0194	pdb6nn1	substituted	1	SEP>SER
M0194	pdb6nn2	exact	0	
M0194	pdb6nnn	substituted	1	SEP>SER
M0194	pdb6nno	exact	0	
M0194	pdb6nnp	substituted	1	SEP>SER
M0194	pdb6nns	exact	0	
M0194	pdb6nnt	substituted	1	SEP>SER
M0194	pdb6nnu	exact	0	
M0194	pdb6nol	substituted	1	SEP>SER
M0194	pdb6noq	exact	0	
M0194	pdb6np8	exact	0	
M0194	pdb6npx	substituted	1	SEP>SER
M0194	pdb6nqe	substituted	1	SEP>SER
M0194	pdb6nqf	exact	0	
M0194	pdb6nqg	exact	0	
M0194	pdb6nqh	substituted	1	SEP>SER
M0194	pdb6sno	substituted	1	HIS>GLY
M0194	pdb6snp	substituted	2	SEP>SER,HIS>GLY
M0194	pdb6snq	substituted	1	HIS>GLY
M0194	pdb6uiq	substituted	2	SEP>SER,HIS>GLY
M0194	pdb6uo6	substituted	2	SEP>SER,HIS>GLY
M0589	pdb1aj5	partial	NA	
M0589	pdb1alv	partial	NA	
M0589	pdb1alw	partial	NA	
M0589	pdb1df0	substituted	1	CYS>SER
M0589	pdb1dvi	partial	NA	
M0589	pdb1f4o	partial	NA	
M0589	pdb1f4q	partial	NA	
M0589	pdb1gjy	partial	NA	
M0589	pdb1hqv	partial	NA	
M0589	pdb1juo	partial	NA	
M0589	pdb1k94	partial	NA	
M0589	pdb1k95	partial	NA	
M0589	pdb1kfu	exact	0	
M0589	pdb1kfx	exact	0	
M0589	pdb1kxr	substituted	1	CYS>SER
M0589	pdb1mdw	substituted	1	CYS>SER
M0589	pdb1np8	partial	NA	
M0589	pdb1nx0	partial	NA	
M0589	pdb1nx1	partial	NA	
M0589	pdb1nx2	partial	NA	
M0589	pdb1nx3	partial	NA	
M0589	pdb1qxp	substituted	4	CYS>SER,HIS>PHE,ASN>GLY,TRP>GLY
M0589	pdb1tl9	exact	0	
M0589	pdb1tlo	exact	0	
M0589	pdb1u5i	substituted	1	CYS>SER
M0589	pdb1zcm	exact	0	
M0589	pdb1ziv	exact	0	
M0589	pdb2ary	exact	0	
M0589	pdb2g8e	exact	0	
M0589	pdb2g8j	exact	0	
M0589	pdb2i7a	partial	NA	
M0589	pdb2jc2	partial	NA	
M0589	pdb2nqa	exact	0	
M0589	pdb2nqg	exact	0	
M0589	pdb2nqi	exact	0	
M0589	pdb2p0r	exact	0	
M0589	pdb2r9c	exact	0	
M0589	pdb2r9f	exact	0	
M0589	pdb2zn8	partial	NA	
M0589	pdb2zn9	partial	NA	
M0589	pdb2znd	partial	NA	
M0589	pdb2zne	partial	NA	
M0589	pdb2zrs	partial	NA	
M0589	pdb2zrt	partial	NA	
M0589	pdb3aaj	partial	NA	
M0589	pdb3aak	partial	NA	
M0589	pdb3bow	substituted	1	CYS>SER
M0589	pdb3df0	substituted	1	CYS>SER
M0589	pdb3wxa	partial	NA	
M0589	pdb4okh	partial	NA	
M0589	pdb4phj	partial	NA	
M0589	pdb4phk	partial	NA	
M0589	pdb4phm	partial	NA	
M0589	pdb4phn	partial	NA	
M0589	pdb4u8d	partial	NA	
M0589	pdb4upg	partial	NA	
M0589	pdb4usl	partial	NA	
M0589	pdb4wq2	partial	NA	
M0589	pdb4wq3	partial	NA	
M0589	pdb5d69	partial	NA	
M0589	pdb5gqq	partial	NA	
M0589	pdb5jjg	partial	NA	
M0589	pdb5mra	partial	NA	
M0589	pdb6bdt	substituted	1	CYS>SER
M0589	pdb6bgp	substituted	1	CYS>ALA
M0589	pdb6bjd	exact	0	
M0589	pdb6bkj	exact	0	
M0589	pdb6p3q	exact	0	
M0589	pdb6qlb	partial	NA	
M0669	pdb1b7b	exact	0	
M0669	pdb1e19	exact	0	
M0669	pdb2e9y	exact	0	
M0669	pdb2we4	exact	0	
M0669	pdb2we5	exact	0	
M0669	pdb3kzf	exact	0	
M0669	pdb4axs	exact	0	
M0669	pdb4jz7	exact	0	
M0669	pdb4jz8	exact	0	
M0669	pdb4jz9	exact	0	
M0669	pdb4olc	exact	0	
M0742	pdb1qz9	exact	0	
M0742	pdb2hzp	exact	0	
M0742	pdb3e9k	exact	0	
M0298	pdb1bfd	substituted	4	VAL>ASN,LEU>TYR,ILE>LEU,VAL>GLU
M0298	pdb1jsc	substituted	5	VAL>TYR,LEU>MET,LEU>GLN,ILE>VAL,VAL>GLU
M0298	pdb1mcz	substituted	4	VAL>ASN,LEU>TYR,ILE>LEU,VAL>GLU
M0298	pdb1n0h	substituted	5	VAL>TYR,LEU>MET,LEU>GLN,ILE>VAL,VAL>GLU
M0298	pdb1ozf	substituted	5	VAL>ILE,LEU>MET,LEU>TYR,ILE>VAL,VAL>GLU
M0298	pdb1ozg	substituted	5	VAL>ILE,LEU>MET,LEU>TYR,ILE>VAL,VAL>GLU
M0298	pdb1ozh	substituted	5	VAL>ILE,LEU>MET,LEU>TYR,ILE>VAL,VAL>GLU
M0298	pdb1pi3	substituted	4	VAL>ASN,LEU>TYR,ILE>LEU,VAL>GLU
M0298	pdb1po7	substituted	4	VAL>ASN,LEU>TYR,ILE>LEU,VAL>GLU
M0298	pdb1pow	substituted	4	VAL>ILE,LEU>MET,LEU>TYR,VAL>GLU
M0298	pdb1pox	substituted	4	VAL>ILE,LEU>MET,LEU>TYR,VAL>GLU
M0298	pdb1pvd	substituted	5	VAL>LEU,LEU>ILE,LEU>TYR,ILE>GLU,VAL>GLU
M0298	pdb1pyd	substituted	5	VAL>LEU,LEU>ILE,LEU>TYR,ILE>GLU,VAL>GLU
M0298	pdb1q6z	substituted	4	VAL>ASN,LEU>TYR,ILE>LEU,VAL>GLU
M0298	pdb1qpb	substituted	5	VAL>LEU,LEU>ILE,LEU>TYR,ILE>GLU,VAL>GLU
M0298	pdb1t9a	substituted	5	VAL>TYR,LEU>MET,LEU>GLN,ILE>VAL,VAL>GLU
M0298	pdb1t9b	substituted	5	VAL>TYR,LEU>MET,LEU>GLN,ILE>VAL,VAL>GLU
M0298	pdb1t9c	substituted	5	VAL>TYR,LEU>MET,LEU>GLN,ILE>VAL,VAL>GLU
M0298	pdb1t9d	substituted	5	VAL>TYR,LEU>MET,LEU>GLN,ILE>VAL,VAL>GLU
M0298	pdb1tws	partial	NA	
M0298	pdb1tww	partial	NA	
M0298	pdb1twz	partial	NA	
M0298	pdb1tx0	partial	NA	
M0298	pdb1tx2	partial	NA	
M0298	pdb1tyy	partial	NA	
M0298	pdb1tz3	partial	NA	
M0298	pdb1tz6	partial	NA	
M0298	pdb1upa	substituted	3	LEU>PHE,LEU>ASN,VAL>GLU
M0298	pdb1upb	substituted	3	LEU>PHE,LEU>ASN,VAL>GLU
M0298	pdb1upc	substituted	3	LEU>PHE,LEU>ASN,VAL>GLU
M0298	pdb1v5e	substituted	4	VAL>ILE,LEU>MET,LEU>TYR,VAL>GLU
M0298	pdb1v5f	substituted	4	VAL>ILE,LEU>PHE,LEU>ASN,ILE>TYR
M0298	pdb1v5g	substituted	4	VAL>ILE,LEU>PHE,LEU>ASN,ILE>TYR
M0298	pdb1x24	partial	NA	
M0298	pdb1y9d	substituted	4	VAL>ILE,LEU>MET,LEU>TYR,VAL>GLU
M0298	pdb1ybh	substituted	4	VAL>TYR,LEU>MET,ILE>VAL,VAL>GLU
M0298	pdb1yhy	substituted	4	VAL>TYR,LEU>MET,ILE>VAL,VAL>GLU
M0298	pdb1yhz	substituted	4	VAL>TYR,LEU>MET,ILE>VAL,VAL>GLU
M0298	pdb1yi0	substituted	4	VAL>TYR,LEU>MET,ILE>VAL,VAL>GLU
M0298	pdb1yi1	substituted	4	VAL>TYR,LEU>MET,ILE>VAL,VAL>GLU
M0298	pdb1yno	substituted	4	VAL>ASN,LEU>TYR,ILE>LEU,VAL>GLU
M0298	pdb1yx3	partial	NA	
M0298	pdb1z8n	substituted	4	VAL>TYR,LEU>MET,ILE>VAL,VAL>GLU
M0298	pdb1zcl	partial	NA	
M0298	pdb2ad9	partial	NA	
M0298	pdb2ag0	substituted	5	VAL>LEU,LEU>MET,LEU>TRP,ILE>THR,VAL>GLU
M0298	pdb2ag1	substituted	5	VAL>LEU,LEU>MSE,LEU>TRP,ILE>THR,VAL>GLU
M0298	pdb2aug	partial	NA	
M0298	pdb2bvj	partial	NA	
M0298	pdb2c31	substituted	4	LEU>MET,LEU>ILE,ILE>GLY,VAL>GLU
M0298	pdb2c6h	partial	NA	
M0298	pdb2c7x	partial	NA	
M0298	pdb2ca0	partial	NA	
M0298	pdb2cd8	partial	NA	
M0298	pdb2cz4	partial	NA	
M0298	pdb2dji	substituted	4	VAL>ILE,LEU>MET,LEU>TYR,VAL>GLU
M0298	pdb2ez4	substituted	4	VAL>ILE,LEU>MET,LEU>TYR,VAL>GLU
M0298	pdb2ez8	substituted	4	VAL>ILE,LEU>MET,LEU>TYR,VAL>GLU
M0298	pdb2ez9	substituted	4	VAL>ILE,LEU>MET,LEU>TYR,VAL>GLU
M0298	pdb2ezt	substituted	4	VAL>ILE,LEU>MET,LEU>TYR,VAL>GLU
M0298	pdb2ezu	substituted	4	VAL>ILE,LEU>MET,LEU>TYR,VAL>GLU
M0298	pdb2fn3	substituted	4	VAL>ASN,LEU>TYR,ILE>LEU,VAL>GLU
M0298	pdb2fwn	substituted	4	VAL>ASN,LEU>TYR,ILE>LEU,VAL>GLU
M0298	pdb2iht	substituted	3	LEU>PHE,LEU>ASN,VAL>GLU
M0298	pdb2ihu	substituted	3	LEU>PHE,LEU>ASN,VAL>GLU
M0298	pdb2ihv	substituted	3	LEU>PHE,LEU>ASN,VAL>GLU
M0298	pdb2ji6	substituted	4	LEU>MET,LEU>ILE,ILE>GLY,VAL>GLU
M0298	pdb2ji7	substituted	4	LEU>MET,LEU>ILE,ILE>GLY,VAL>GLU
M0298	pdb2ji8	substituted	4	LEU>MET,LEU>ILE,ILE>GLY,VAL>GLU
M0298	pdb2ji9	substituted	4	LEU>MET,LEU>ILE,ILE>GLY,VAL>GLU
M0298	pdb2jib	substituted	4	LEU>MET,LEU>ILE,ILE>GLY,VAL>GLU
M0298	pdb2jjq	partial	NA	
M0298	pdb2jlc	partial	NA	
M0298	pdb2k4m	partial	NA	
M0298	pdb2lmc	partial	NA	
M0298	pdb2nxw	substituted	5	VAL>ILE,LEU>MET,LEU>TRP,ILE>LEU,VAL>GLU
M0298	pdb2o4d	partial	NA	
M0298	pdb2pan	exact	0	
M0298	pdb2pgn	substituted	4	VAL>PHE,LEU>TYR,ILE>ASN,VAL>GLU
M0298	pdb2pgo	substituted	4	VAL>PHE,LEU>TYR,ILE>ASN,VAL>GLU
M0298	pdb2q27	substituted	4	LEU>MET,LEU>ILE,ILE>GLY,VAL>GLU
M0298	pdb2q28	substituted	4	LEU>MET,LEU>ILE,ILE>GLY,VAL>GLU
M0298	pdb2q29	substituted	4	LEU>MET,LEU>ILE,ILE>GLY,VAL>GLU
M0298	pdb2q5j	substituted	5	VAL>ILE,LEU>MET,LEU>TRP,ILE>LEU,VAL>GLU
M0298	pdb2q5l	substituted	5	VAL>ILE,LEU>MET,LEU>TRP,ILE>LEU,VAL>GLU
M0298	pdb2q5o	substituted	5	VAL>ILE,LEU>MET,LEU>TRP,ILE>LEU,VAL>GLU
M0298	pdb2q5q	substituted	5	VAL>ILE,LEU>MET,LEU>TRP,ILE>LEU,VAL>GLU
M0298	pdb2r8v	partial	NA	
M0298	pdb2r98	partial	NA	
M0298	pdb2rde	partial	NA	
M0298	pdb2rs2	partial	NA	
M0298	pdb2uz1	substituted	5	VAL>LEU,LEU>MET,LEU>TRP,ILE>THR,VAL>GLU
M0298	pdb2v3w	substituted	4	VAL>ASN,LEU>TYR,ILE>ALA,VAL>GLU
M0298	pdb2vbf	substituted	4	LEU>ILE,LEU>TYR,ILE>GLU,VAL>GLU
M0298	pdb2vbg	substituted	4	LEU>ILE,LEU>TYR,ILE>GLU,VAL>GLU
M0298	pdb2vbi	partial	NA	
M0298	pdb2vjy	substituted	5	VAL>LEU,LEU>ILE,LEU>TYR,ILE>GLU,VAL>GLU
M0298	pdb2vk1	substituted	5	VAL>LEU,LEU>ILE,LEU>TYR,ILE>GLU,VAL>GLU
M0298	pdb2vk4	substituted	5	VAL>LEU,LEU>ILE,LEU>TYR,ILE>GLU,VAL>GLU
M0298	pdb2vk8	substituted	5	VAL>LEU,LEU>ILE,LEU>TYR,ILE>GLN,VAL>GLU
M0298	pdb2vs1	partial	NA	
M0298	pdb2vz7	partial	NA	
M0298	pdb2vzm	partial	NA	
M0298	pdb2w93	substituted	5	VAL>LEU,LEU>ILE,LEU>TYR,ILE>GLN,VAL>GLU
M0298	pdb2whw	partial	NA	
M0298	pdb2wi9	partial	NA	
M0298	pdb2x7j	partial	NA	
M0298	pdb2z5d	partial	NA	
M0298	pdb2zvi	partial	NA	
M0298	pdb3a99	partial	NA	
M0298	pdb3ajv	partial	NA	
M0298	pdb3b4y	partial	NA	
M0298	pdb3b8g	partial	NA	
M0298	pdb3c8n	partial	NA	
M0298	pdb3d2m	partial	NA	
M0298	pdb3d2p	partial	NA	
M0298	pdb3d7k	substituted	5	VAL>LEU,LEU>MET,LEU>TRP,ILE>THR,VAL>GLU
M0298	pdb3e9y	substituted	4	VAL>TYR,LEU>MET,ILE>VAL,VAL>GLU
M0298	pdb3ea4	substituted	4	VAL>TYR,LEU>MET,ILE>VAL,VAL>GLU
M0298	pdb3egt	partial	NA	
M0298	pdb3el6	partial	NA	
M0298	pdb3ey9	substituted	3	LEU>MET,ILE>VAL,VAL>GLU
M0298	pdb3eya	substituted	3	LEU>MET,ILE>VAL,VAL>GLU
M0298	pdb3f6b	substituted	5	VAL>GLY,LEU>GLY,LEU>TYR,ILE>LEU,VAL>GLN
M0298	pdb3f6e	substituted	5	VAL>GLY,LEU>GLY,LEU>TYR,ILE>LEU,VAL>GLN
M0298	pdb3fsj	substituted	4	VAL>ASN,LEU>TYR,ILE>LEU,VAL>GLU
M0298	pdb3fzn	substituted	4	VAL>ASN,LEU>TYR,ILE>LEU,VAL>GLU
M0298	pdb3h21	partial	NA	
M0298	pdb3h22	partial	NA	
M0298	pdb3h23	partial	NA	
M0298	pdb3h24	partial	NA	
M0298	pdb3h26	partial	NA	
M0298	pdb3h2a	partial	NA	
M0298	pdb3h2c	partial	NA	
M0298	pdb3h2e	partial	NA	
M0298	pdb3h2f	partial	NA	
M0298	pdb3h2m	partial	NA	
M0298	pdb3h2n	partial	NA	
M0298	pdb3h2o	partial	NA	
M0298	pdb3h7u	partial	NA	
M0298	pdb3iae	substituted	5	VAL>LEU,LEU>MET,LEU>TRP,ILE>THR,VAL>GLU
M0298	pdb3iaf	substituted	5	VAL>LEU,LEU>MET,LEU>TRP,ILE>THR,VAL>GLU
M0298	pdb3o90	partial	NA	
M0298	pdb3o91	partial	NA	
M0298	pdb3o92	partial	NA	
M0298	pdb3o93	partial	NA	
M0298	pdb3o94	partial	NA	
M0298	pdb3osy	partial	NA	
M0298	pdb3p1l	partial	NA	
M0298	pdb3qfs	partial	NA	
M0298	pdb3qft	partial	NA	
M0298	pdb3rx2	partial	NA	
M0298	pdb3rx3	partial	NA	
M0298	pdb3rx4	partial	NA	
M0298	pdb3rz2	partial	NA	
M0298	pdb3s3g	partial	NA	
M0298	pdb3sw1	partial	NA	
M0298	pdb3t9w	partial	NA	
M0298	pdb3ta4	partial	NA	
M0298	pdb3tya	partial	NA	
M0298	pdb3tyb	partial	NA	
M0298	pdb3tyc	partial	NA	
M0298	pdb3tyd	partial	NA	
M0298	pdb3tye	partial	NA	
M0298	pdb3v35	partial	NA	
M0298	pdb3v36	partial	NA	
M0298	pdb3v5o	partial	NA	
M0298	pdb3vax	partial	NA	
M0298	pdb3vsf	partial	NA	
M0298	pdb3vsz	partial	NA	
M0298	pdb3vt0	partial	NA	
M0298	pdb3vt1	partial	NA	
M0298	pdb3vt2	partial	NA	
M0298	pdb3vtf	partial	NA	
M0298	pdb3zk5	partial	NA	
M0298	pdb3zpi	partial	NA	
M0298	pdb4ak5	partial	NA	
M0298	pdb4ak6	partial	NA	
M0298	pdb4ak7	partial	NA	
M0298	pdb4at0	partial	NA	
M0298	pdb4at2	partial	NA	
M0298	pdb4b28	partial	NA	
M0298	pdb4b7d	partial	NA	
M0298	pdb4b7s	partial	NA	
M0298	pdb4bf4	partial	NA	
M0298	pdb4d5e	substituted	4	VAL>PHE,LEU>TYR,ILE>ASN,VAL>GLU
M0298	pdb4d5g	substituted	4	VAL>PHE,LEU>TYR,ILE>ASN,VAL>GLU
M0298	pdb4d8a	partial	NA	
M0298	pdb4d8z	partial	NA	
M0298	pdb4d9p	partial	NA	
M0298	pdb4daf	partial	NA	
M0298	pdb4dai	partial	NA	
M0298	pdb4db7	partial	NA	
M0298	pdb4fdt	partial	NA	
M0298	pdb4fdu	partial	NA	
M0298	pdb4fee	substituted	4	VAL>ILE,LEU>MET,LEU>TYR,VAL>GLU
M0298	pdb4feg	substituted	4	VAL>ILE,LEU>MET,LEU>TYR,VAL>GLU
M0298	pdb4gg1	substituted	5	VAL>ASN,LEU>THR,LEU>TYR,ILE>LEU,VAL>GLU
M0298	pdb4gm0	substituted	5	VAL>ASN,LEU>ASN,LEU>TYR,ILE>LEU,VAL>GLU
M0298	pdb4gm1	substituted	5	VAL>ASN,LEU>SER,LEU>TYR,ILE>LEU,VAL>GLU
M0298	pdb4gm4	substituted	5	VAL>ASN,LEU>ILE,LEU>TYR,ILE>LEU,VAL>GLU
M0298	pdb4gp9	substituted	5	VAL>ASN,LEU>PHE,LEU>TYR,ILE>LEU,VAL>GLU
M0298	pdb4gpe	substituted	5	VAL>ASN,LEU>MET,LEU>TYR,ILE>LEU,VAL>GLU
M0298	pdb4i49	partial	NA	
M0298	pdb4iox	partial	NA	
M0298	pdb4jd5	substituted	5	VAL>ASN,LEU>GLU,LEU>TYR,ILE>LEU,VAL>GLU
M0298	pdb4jqc	partial	NA	
M0298	pdb4ju8	substituted	4	VAL>ASN,LEU>TYR,ILE>LEU,VAL>GLU
M0298	pdb4ju9	substituted	4	VAL>ASN,LEU>TYR,ILE>LEU,VAL>GLU
M0298	pdb4jua	substituted	4	VAL>ASN,LEU>TYR,ILE>LEU,VAL>GLU
M0298	pdb4jub	substituted	4	VAL>ASN,LEU>TYR,ILE>LEU,VAL>GLU
M0298	pdb4juc	substituted	4	VAL>ASN,LEU>TYR,ILE>LEU,VAL>GLU
M0298	pdb4jud	substituted	4	VAL>ASN,LEU>TYR,ILE>LEU,VAL>GLU
M0298	pdb4juf	substituted	4	VAL>ASN,LEU>TYR,ILE>LEU,VAL>GLU
M0298	pdb4jx8	partial	NA	
M0298	pdb4k9k	substituted	4	VAL>ASN,LEU>TYR,ILE>LEU,VAL>GLU
M0298	pdb4k9l	substituted	4	VAL>ASN,LEU>TYR,ILE>LEU,VAL>GLU
M0298	pdb4k9m	substituted	4	VAL>ASN,LEU>TYR,ILE>LEU,VAL>GLU
M0298	pdb4k9n	substituted	4	VAL>ASN,LEU>TYR,ILE>LEU,VAL>GLU
M0298	pdb4k9o	substituted	4	VAL>ASN,LEU>TYR,ILE>LEU,VAL>GLU
M0298	pdb4k9p	substituted	4	VAL>ASN,LEU>TYR,ILE>LEU,VAL>GLU
M0298	pdb4k9q	substituted	4	VAL>ASN,LEU>TYR,ILE>LEU,VAL>GLU
M0298	pdb4kgd	substituted	4	VAL>ILE,LEU>MET,LEU>TYR,VAL>GLU
M0298	pdb4l5a	partial	NA	
M0298	pdb4l5c	partial	NA	
M0298	pdb4l5y	partial	NA	
M0298	pdb4l6i	partial	NA	
M0298	pdb4mcx	partial	NA	
M0298	pdb4mpj	substituted	4	VAL>ASN,LEU>TYR,ILE>LEU,VAL>GLU
M0298	pdb4mpp	substituted	4	VAL>ASN,LEU>TYR,ILE>LEU,VAL>GLU
M0298	pdb4mpr	substituted	4	VAL>ASN,LEU>TYR,ILE>LEU,VAL>GLU
M0298	pdb4mq5	substituted	4	VAL>ASN,LEU>TYR,ILE>LEU,VAL>GLU
M0298	pdb4mvc	partial	NA	
M0298	pdb4mvd	partial	NA	
M0298	pdb4mzx	substituted	4	VAL>ASN,LEU>TYR,ILE>LEU,VAL>GLU
M0298	pdb4nhv	partial	NA	
M0298	pdb4nil	partial	NA	
M0298	pdb4nir	partial	NA	
M0298	pdb4nl1	partial	NA	
M0298	pdb4nz9	partial	NA	
M0298	pdb4ore	partial	NA	
M0298	pdb4q9d	partial	NA	
M0298	pdb4qel	substituted	4	VAL>ASN,LEU>TYR,ILE>LEU,VAL>GLU
M0298	pdb4qpz	substituted	5	VAL>LEU,LEU>MET,LEU>TRP,ILE>THR,VAL>GLU
M0298	pdb4qq8	substituted	5	VAL>LEU,LEU>MET,LEU>TRP,ILE>THR,VAL>GLU
M0298	pdb4rji	substituted	4	VAL>ILE,LEU>TYR,ILE>VAL,VAL>GLU
M0298	pdb4rjj	substituted	4	VAL>ILE,LEU>TYR,ILE>VAL,VAL>GLU
M0298	pdb4rjk	substituted	4	VAL>ILE,LEU>TYR,ILE>VAL,VAL>GLU
M0298	pdb4u7w	partial	NA	
M0298	pdb4umz	partial	NA	
M0298	pdb4w4t	partial	NA	
M0298	pdb4xau	partial	NA	
M0298	pdb4zu1	partial	NA	
M0298	pdb4zu6	partial	NA	
M0298	pdb5ahk	substituted	4	VAL>LEU,LEU>MET,ILE>VAL,VAL>GLU
M0298	pdb5bwl	partial	NA	
M0298	pdb5cio	partial	NA	
M0298	pdb5cu7	partial	NA	
M0298	pdb5cx4	partial	NA	
M0298	pdb5d6r	substituted	5	VAL>ILE,LEU>MET,LEU>TYR,ILE>VAL,VAL>GLU
M0298	pdb5dbe	partial	NA	
M0298	pdb5dei	substituted	4	VAL>ASN,LEU>TYR,ILE>LEU,VAL>GLU
M0298	pdb5dgd	substituted	4	VAL>ASN,LEU>TYR,ILE>LEU,VAL>GLU
M0298	pdb5dgt	substituted	4	VAL>ASN,LEU>TYR,ILE>LEU,VAL>GLU
M0298	pdb5du2	partial	NA	
M0298	pdb5dx6	substituted	5	VAL>ILE,LEU>MET,LEU>TYR,ILE>VAL,VAL>GLU
M0298	pdb5erx	partial	NA	
M0298	pdb5ery	partial	NA	
M0298	pdb5esd	partial	NA	
M0298	pdb5eso	partial	NA	
M0298	pdb5ess	partial	NA	
M0298	pdb5esu	partial	NA	
M0298	pdb5f73	partial	NA	
M0298	pdb5f76	partial	NA	
M0298	pdb5f77	partial	NA	
M0298	pdb5f78	partial	NA	
M0298	pdb5f7j	partial	NA	
M0298	pdb5f7o	partial	NA	
M0298	pdb5f7x	partial	NA	
M0298	pdb5f7z	partial	NA	
M0298	pdb5fac	partial	NA	
M0298	pdb5fag	partial	NA	
M0298	pdb5faj	partial	NA	
M0298	pdb5fak	partial	NA	
M0298	pdb5fem	substituted	5	VAL>TYR,LEU>MET,LEU>GLN,ILE>VAL,VAL>GLU
M0298	pdb5gov	partial	NA	
M0298	pdb5gso	partial	NA	
M0298	pdb5gu4	partial	NA	
M0298	pdb5hgx	partial	NA	
M0298	pdb5hje	partial	NA	
M0298	pdb5hxk	partial	NA	
M0298	pdb5hyv	partial	NA	
M0298	pdb5i4i	partial	NA	
M0298	pdb5i51	partial	NA	
M0298	pdb5i5e	partial	NA	
M0298	pdb5i5g	partial	NA	
M0298	pdb5ims	substituted	5	VAL>TYR,LEU>MET,LEU>VAL,ILE>LEU,VAL>GLU
M0298	pdb5j11	partial	NA	
M0298	pdb5j13	partial	NA	
M0298	pdb5j32	partial	NA	
M0298	pdb5j3w	partial	NA	
M0298	pdb5j4e	partial	NA	
M0298	pdb5jjq	partial	NA	
M0298	pdb5jzv	partial	NA	
M0298	pdb5k22	partial	NA	
M0298	pdb5k24	partial	NA	
M0298	pdb5k2o	substituted	4	VAL>TYR,LEU>MET,ILE>VAL,VAL>GLU
M0298	pdb5k3s	substituted	4	VAL>TYR,LEU>MET,ILE>VAL,VAL>GLU
M0298	pdb5k6q	substituted	4	VAL>TYR,LEU>MET,ILE>VAL,VAL>GLU
M0298	pdb5k6r	substituted	4	VAL>TYR,LEU>MET,ILE>VAL,VAL>GLU
M0298	pdb5k6t	substituted	4	VAL>TYR,LEU>MET,ILE>VAL,VAL>GLU
M0298	pdb5l77	partial	NA	
M0298	pdb5m0x	partial	NA	
M0298	pdb5m12	partial	NA	
M0298	pdb5m16	partial	NA	
M0298	pdb5m1i	partial	NA	
M0298	pdb5mh4	partial	NA	
M0298	pdb5mip	partial	NA	
M0298	pdb5miq	partial	NA	
M0298	pdb5mir	partial	NA	
M0298	pdb5mis	partial	NA	
M0298	pdb5mit	partial	NA	
M0298	pdb5mjk	partial	NA	
M0298	pdb5npu	substituted	4	LEU>ILE,LEU>TYR,ILE>GLU,VAL>GLU
M0298	pdb5ta0	partial	NA	
M0298	pdb5ta1	partial	NA	
M0298	pdb5ta5	partial	NA	
M0298	pdb5ve3	partial	NA	
M0298	pdb5ve4	partial	NA	
M0298	pdb5ve5	partial	NA	
M0298	pdb5wdg	substituted	5	VAL>ILE,LEU>MET,LEU>TYR,ILE>VAL,VAL>GLU
M0298	pdb5wj1	substituted	4	VAL>TYR,LEU>MET,ILE>VAL,VAL>GLU
M0298	pdb5wkc	substituted	5	VAL>TYR,LEU>MET,LEU>GLN,ILE>VAL,VAL>GLU
M0298	pdb5xzr	substituted	3	LEU>SER,ILE>VAL,VAL>GLY
M0298	pdb6a50	substituted	5	VAL>ALA,LEU>ALA,LEU>PRO,ILE>ASP,VAL>ASN
M0298	pdb6bd3	substituted	5	VAL>TYR,LEU>MET,LEU>VAL,ILE>LEU,VAL>GLU
M0298	pdb6bd9	substituted	5	VAL>TYR,LEU>MET,LEU>VAL,ILE>LEU,VAL>GLU
M0298	pdb6dek	substituted	5	VAL>TYR,LEU>MET,LEU>GLN,ILE>VAL,VAL>GLU
M0298	pdb6del	substituted	5	VAL>TYR,LEU>MET,LEU>GLN,ILE>VAL,VAL>GLU
M0298	pdb6dem	substituted	5	VAL>TYR,LEU>MET,LEU>GLN,ILE>VAL,VAL>GLU
M0298	pdb6den	substituted	5	VAL>TYR,LEU>MET,LEU>GLN,ILE>VAL,VAL>GLU
M0298	pdb6deo	substituted	5	VAL>TYR,LEU>MET,LEU>GLN,ILE>VAL,VAL>GLU
M0298	pdb6dep	substituted	5	VAL>TYR,LEU>MET,LEU>GLN,ILE>VAL,VAL>GLU
M0298	pdb6deq	substituted	5	VAL>TYR,LEU>MET,LEU>GLN,ILE>VAL,VAL>GLU
M0298	pdb6der	substituted	5	VAL>TYR,LEU>MET,LEU>GLN,ILE>VAL,VAL>GLU
M0298	pdb6des	substituted	5	VAL>TYR,LEU>MET,LEU>GLN,ILE>VAL,VAL>GLU
M0298	pdb6efg	substituted	5	VAL>LEU,LEU>ILE,LEU>TYR,ILE>GLU,VAL>GLU
M0298	pdb6efh	substituted	5	VAL>LEU,LEU>ILE,LEU>TYR,ILE>GLU,VAL>GLU
M0298	pdb6haf	substituted	4	VAL>ILE,LEU>MET,LEU>TYR,VAL>GLN
M0298	pdb6lpi	substituted	4	VAL>ILE,LEU>MET,ILE>VAL,VAL>GLU
M0298	pdb6m2y	substituted	4	VAL>ASN,LEU>TYR,ILE>LEU,VAL>GLU
M0298	pdb6m2z	substituted	4	VAL>ASN,LEU>TYR,ILE>LEU,VAL>GLU
M0298	pdb6p5r	partial	NA	
M0298	pdb6qsi	substituted	4	VAL>ASN,LEU>TYR,ILE>LEU,VAL>GLU
M0298	pdb6u9d	substituted	5	VAL>TYR,LEU>MET,LEU>GLN,ILE>VAL,VAL>GLU
M0298	pdb6u9h	substituted	4	VAL>TYR,LEU>MET,ILE>VAL,VAL>GLU
M0298	pdb6vgs	partial	NA	
M0298	pdb6vz8	substituted	4	VAL>TYR,LEU>MET,ILE>VAL,VAL>GLU
M0298	pdb6wo1	partial	NA	
M0298	pdb6xn8	substituted	4	LEU>MET,LEU>ILE,ILE>GLY,VAL>GLU
M0298	pdb7ayg	substituted	4	LEU>MET,LEU>ILE,ILE>GLY,VAL>GLU
M0298	pdb7b2e	substituted	4	LEU>MET,LEU>ILE,ILE>GLY,VAL>GLU
M0298	pdb7c0q	partial	NA	
M0298	pdb7egv	substituted	5	VAL>TYR,LEU>MET,LEU>GLN,ILE>VAL,VAL>GLU
M0298	pdb7ehe	substituted	5	VAL>TYR,LEU>MET,LEU>GLN,ILE>VAL,VAL>GLU
M0298	pdb7orx	partial	NA	
M0440	pdb1bvw	exact	0	
M0440	pdb1cb2	substituted	1	TYR>PHE
M0440	pdb1dys	exact	0	
M0440	pdb1gz1	exact	0	
M0440	pdb1hgw	substituted	1	ASP>ALA
M0440	pdb1hgy	substituted	1	ASP>ALA
M0440	pdb1oc5	substituted	1	ASP>ASN
M0440	pdb1oc6	substituted	1	ASP>ASN
M0440	pdb1oc7	substituted	1	ASP>ASN
M0440	pdb1ocb	exact	0	
M0440	pdb1ocj	exact	0	
M0440	pdb1ocn	exact	0	
M0440	pdb1qjw	substituted	1	TYR>PHE
M0440	pdb1qk0	exact	0	
M0440	pdb1qk2	exact	0	
M0440	pdb1tml	exact	0	
M0440	pdb1uoz	exact	0	
M0440	pdb1up0	exact	0	
M0440	pdb1up2	exact	0	
M0440	pdb1up3	exact	0	
M0440	pdb2bod	partial	NA	
M0440	pdb2boe	partial	NA	
M0440	pdb2bof	partial	NA	
M0440	pdb2bog	partial	NA	
M0440	pdb2bvw	exact	0	
M0440	pdb3a64	exact	0	
M0440	pdb3a9b	exact	0	
M0440	pdb3abx	exact	0	
M0440	pdb3cbh	exact	0	
M0440	pdb3rpt	partial	NA	
M0440	pdb3vof	substituted	1	ASP>ALA
M0440	pdb3vog	exact	0	
M0440	pdb3voh	exact	0	
M0440	pdb3voi	exact	0	
M0440	pdb3voj	substituted	1	ASP>ALA
M0440	pdb4a05	exact	0	
M0440	pdb4au0	substituted	1	ASP>ALA
M0440	pdb4avn	substituted	2	ASP>ALA,SER>ALA
M0440	pdb4avo	substituted	1	ASP>ALA
M0440	pdb4ax6	substituted	1	ASP>ALA
M0440	pdb4ax7	substituted	1	ASP>ALA
M0440	pdb4b4f	exact	0	
M0440	pdb4b4h	exact	0	
M0440	pdb4i5r	exact	0	
M0440	pdb4i5u	exact	0	
M0440	pdb5jx5	exact	0	
M0440	pdb5jx6	partial	NA	
M0440	pdb5xcy	exact	0	
M0440	pdb5xcz	exact	0	
M0440	pdb6idw	exact	0	
M0386	pdb1qhb	exact	0	
M0386	pdb1qi9	exact	0	
M0386	pdb1up8	exact	0	
M0386	pdb5aa6	exact	0	
M0386	pdb5lpc	substituted	1	SER>ALA
M0087	pdb1a5k	substituted	1	KCX>GLU
M0087	pdb1a5l	partial	NA	
M0087	pdb1a5m	substituted	1	KCX>ALA
M0087	pdb1a5n	partial	NA	
M0087	pdb1a5o	substituted	1	KCX>CYS
M0087	pdb1e9y	exact	0	
M0087	pdb1e9z	exact	0	
M0087	pdb1ef2	exact	0	
M0087	pdb1ejr	partial	NA	
M0087	pdb1ejs	substituted	1	HIS>ASN
M0087	pdb1ejt	substituted	1	HIS>GLN
M0087	pdb1eju	partial	NA	
M0087	pdb1ejv	partial	NA	
M0087	pdb1ejw	exact	0	
M0087	pdb1ejx	partial	NA	
M0087	pdb1fwa	exact	0	
M0087	pdb1fwb	exact	0	
M0087	pdb1fwc	exact	0	
M0087	pdb1fwd	exact	0	
M0087	pdb1fwe	partial	NA	
M0087	pdb1fwf	partial	NA	
M0087	pdb1fwg	exact	0	
M0087	pdb1fwh	exact	0	
M0087	pdb1fwi	partial	NA	
M0087	pdb1fwj	exact	0	
M0087	pdb1ie7	exact	0	
M0087	pdb1kra	substituted	1	KCX>LYS
M0087	pdb1krb	substituted	1	HIS>ALA
M0087	pdb1krc	substituted	2	KCX>LYS,HIS>ALA
M0087	pdb1s3t	exact	0	
M0087	pdb1ubp	exact	0	
M0087	pdb2kau	exact	0	
M0087	pdb2mm8	partial	NA	
M0087	pdb2ubp	exact	0	
M0087	pdb3la4	exact	0	
M0087	pdb3qga	exact	0	
M0087	pdb3qgk	exact	0	
M0087	pdb3ubp	exact	0	
M0087	pdb4ac7	exact	0	
M0087	pdb4ceu	exact	0	
M0087	pdb4cex	exact	0	
M0087	pdb4ep8	partial	NA	
M0087	pdb4epb	partial	NA	
M0087	pdb4epd	partial	NA	
M0087	pdb4epe	partial	NA	
M0087	pdb4g7e	exact	0	
M0087	pdb4goa	exact	0	
M0087	pdb4gy7	exact	0	
M0087	pdb4h9m	exact	0	
M0087	pdb4ubp	exact	0	
M0087	pdb4z42	substituted	1	KCX>LYS
M0087	pdb5a6t	exact	0	
M0087	pdb5fsd	exact	0	
M0087	pdb5fse	exact	0	
M0087	pdb5g4h	exact	0	
M0087	pdb5ol4	exact	0	
M0087	pdb6g48	exact	0	
M0087	pdb6h8j	exact	0	
M0087	pdb6i9y	exact	0	
M0087	pdb6qdy	exact	0	
M0087	pdb6qsu	exact	0	
M0087	pdb6rkg	exact	0	
M0087	pdb6rp1	exact	0	
M0087	pdb6yl3	partial	NA	
M0087	pdb6zja	exact	0	
M0087	pdb6zny	partial	NA	
M0087	pdb6znz	partial	NA	
M0087	pdb6zo0	partial	NA	
M0087	pdb6zo1	partial	NA	
M0087	pdb6zo2	partial	NA	
M0087	pdb6zo3	partial	NA	
M0087	pdb7kns	exact	0	
