config	query	ranking	n_true	runtime	top1	sens1fp	any_tp	hits
mut_I0	M0346	idf	37	0.2500	1.0000	0.0270	1.0000	496
mut_I0	M0346	coverage	37	0.2500	0.0000	0.0000	1.0000	496
mut_I0	M0376	idf	41	0.4200	1.0000	0.6341	1.0000	426
mut_I0	M0376	coverage	41	0.4200	0.0000	0.0000	1.0000	426
mut_I0	M0431	idf	3	0.2500	1.0000	0.6667	1.0000	401
mut_I0	M0431	coverage	3	0.2500	0.0000	0.0000	1.0000	401
mut_I0	M0243	idf	11	0.4000	1.0000	1.0000	1.0000	442
mut_I0	M0243	coverage	11	0.4000	0.0000	0.0000	1.0000	442
mut_I0	M0294	idf	108	0.5600	1.0000	0.0185	1.0000	462
mut_I0	M0294	coverage	108	0.5600	0.0000	0.0000	1.0000	462
mut_I0	M0895	idf	121	0.1400	1.0000	0.0248	1.0000	279
mut_I0	M0895	coverage	121	0.1400	0.0000	0.0000	1.0000	279
mut_I0	M0104	idf	4	0.4700	1.0000	1.0000	1.0000	475
mut_I0	M0104	coverage	4	0.4700	0.0000	0.0000	1.0000	475
mut_I0	M0869	idf	5	0.1900	0.0000	0.0000	1.0000	498
mut_I0	M0869	coverage	5	0.1900	1.0000	0.2000	1.0000	498
mut_I0	M0075	idf	2	0.4200	0.0000	0.0000	1.0000	471
mut_I0	M0075	coverage	2	0.4200	0.0000	0.0000	1.0000	471
mut_I0	M0134	idf	55	0.2900	1.0000	0.9273	1.0000	494
mut_I0	M0134	coverage	55	0.2900	0.0000	0.0000	1.0000	494
mut_I0	M0206	idf	75	0.4400	1.0000	0.6667	1.0000	481
mut_I0	M0206	coverage	75	0.4400	0.0000	0.0000	1.0000	481
mut_I0	M0044	idf	67	0.5600	1.0000	0.9701	1.0000	460
mut_I0	M0044	coverage	67	0.5600	1.0000	0.0299	1.0000	460
mut_I0	M0484	idf	100	0.5500	1.0000	1.0000	1.0000	448
mut_I0	M0484	coverage	100	0.5500	1.0000	0.6400	1.0000	448
mut_I0	M0334	idf	22	0.2100	1.0000	0.3636	1.0000	392
mut_I0	M0334	coverage	22	0.2100	1.0000	0.2727	1.0000	392
mut_I0	M0412	idf	5	0.3200	1.0000	0.6000	1.0000	493
mut_I0	M0412	coverage	5	0.3200	0.0000	0.0000	1.0000	493
mut_I0	M0931	idf	70	0.2500	1.0000	0.0143	1.0000	494
mut_I0	M0931	coverage	70	0.2500	1.0000	0.6714	1.0000	494
mut_I0	M0118	idf	106	0.2000	1.0000	0.8113	1.0000	473
mut_I0	M0118	coverage	106	0.2000	0.0000	0.0000	1.0000	473
mut_I0	M0752	idf	8	0.0900	1.0000	0.5000	1.0000	498
mut_I0	M0752	coverage	8	0.0900	1.0000	0.3750	1.0000	498
mut_I0	M0428	idf	10	0.4300	1.0000	1.0000	1.0000	469
mut_I0	M0428	coverage	10	0.4300	0.0000	0.0000	1.0000	469
mut_I0	M0771	idf	213	0.1700	1.0000	0.0423	1.0000	493
mut_I0	M0771	coverage	213	0.1700	1.0000	0.0047	1.0000	493
mut_I0	M0658	idf	12	0.2000	0.0000	0.0000	1.0000	474
mut_I0	M0658	coverage	12	0.2000	1.0000	0.0833	1.0000	474
mut_I0	M0311	idf	78	0.5300	1.0000	1.0000	1.0000	481
mut_I0	M0311	coverage	78	0.5300	0.0000	0.0000	1.0000	481
mut_I0	M0600	idf	78	0.3200	1.0000	0.0769	1.0000	465
mut_I0	M0600	coverage	78	0.3200	1.0000	0.0641	1.0000	465
mut_I0	M0565	idf	13	0.0500	0.0000	0.0000	1.0000	141
mut_I0	M0565	coverage	13	0.0500	0.0000	0.0000	1.0000	141
mut_I0	M0085	idf	11	0.3000	1.0000	0.9091	1.0000	476
mut_I0	M0085	coverage	11	0.3000	0.0000	0.0000	1.0000	476
mut_I0	M0488	idf	6	0.4700	1.0000	1.0000	1.0000	454
mut_I0	M0488	coverage	6	0.4700	0.0000	0.0000	1.0000	454
mut_I0	M0076	idf	97	0.1800	0.0000	0.0000	1.0000	498
mut_I0	M0076	coverage	97	0.1800	0.0000	0.0000	1.0000	498
mut_I0	M0175	idf	826	0.1900	0.0000	0.0000	1.0000	500
mut_I0	M0175	coverage	826	0.1900	1.0000	0.6029	1.0000	500
mut_I0	M0107	idf	7	0.4300	1.0000	0.2857	1.0000	486
mut_I0	M0107	coverage	7	0.4300	0.0000	0.0000	1.0000	486
mut_I0	M0201	idf	38	0.2200	0.0000	0.0000	1.0000	488
mut_I0	M0201	coverage	38	0.2200	0.0000	0.0000	1.0000	488
mut_I0	M0383	idf	124	0.7000	0.0000	0.0000	1.0000	480
mut_I0	M0383	coverage	124	0.7000	1.0000	0.1371	1.0000	480
mut_I0	M0111	idf	10	0.7100	1.0000	0.4000	1.0000	458
mut_I0	M0111	coverage	10	0.7100	0.0000	0.0000	1.0000	458
mut_I0	M0634	idf	9	0.3500	1.0000	1.0000	1.0000	470
mut_I0	M0634	coverage	9	0.3500	1.0000	1.0000	1.0000	470
mut_I0	M0609	idf	81	0.3300	0.0000	0.0000	1.0000	497
mut_I0	M0609	coverage	81	0.3300	0.0000	0.0000	1.0000	497
mut_I0	M0228	idf	119	0.3100	1.0000	0.1176	1.0000	449
mut_I0	M0228	coverage	119	0.3100	0.0000	0.0000	1.0000	449
mut_I0	M0636	idf	16	0.2700	1.0000	0.6250	1.0000	490
mut_I0	M0636	coverage	16	0.2700	0.0000	0.0000	1.0000	490
mut_I0	M0908	idf	78	0.1900	0.0000	0.0000	1.0000	494
mut_I0	M0908	coverage	78	0.1900	1.0000	0.0128	1.0000	494
mut_I0	M0564	idf	357	0.2500	0.0000	0.0000	1.0000	494
mut_I0	M0564	coverage	357	0.2500	0.0000	0.0000	1.0000	494
mut_I0	M0616	idf	5	0.2400	1.0000	1.0000	1.0000	492
mut_I0	M0616	coverage	5	0.2400	0.0000	0.0000	1.0000	492
mut_I0	M0453	idf	61	0.4900	1.0000	0.3607	1.0000	485
mut_I0	M0453	coverage	61	0.4900	0.0000	0.0000	1.0000	485
mut_I0	M0510	idf	62	0.2500	1.0000	0.9032	1.0000	490
mut_I0	M0510	coverage	62	0.2500	0.0000	0.0000	1.0000	490
mut_I0	M0216	idf	1150	0.3000	1.0000	0.4339	1.0000	499
mut_I0	M0216	coverage	1150	0.3000	1.0000	0.4339	1.0000	499
mut_I0	M0448	idf	7	0.1300	0.0000	0.0000	0.0000	497
mut_I0	M0448	coverage	7	0.1300	0.0000	0.0000	0.0000	497
mut_I0	M0732	idf	18	0.2500	0.0000	0.0000	1.0000	486
mut_I0	M0732	coverage	18	0.2500	1.0000	0.0556	1.0000	486
mut_I0	M0734	idf	5	0.2000	0.0000	0.0000	1.0000	499
mut_I0	M0734	coverage	5	0.2000	0.0000	0.0000	1.0000	499
mut_I0	M0456	idf	17	0.1300	0.0000	0.0000	1.0000	489
mut_I0	M0456	coverage	17	0.1300	0.0000	0.0000	1.0000	489
mut_I0	M0278	idf	74	0.1500	1.0000	0.8649	1.0000	492
mut_I0	M0278	coverage	74	0.1500	0.0000	0.0000	1.0000	492
mut_I0	M0682	idf	290	0.1500	0.0000	0.0000	1.0000	498
mut_I0	M0682	coverage	290	0.1500	1.0000	0.6759	1.0000	498
mut_I0	M0381	idf	68	0.1100	0.0000	0.0000	1.0000	458
mut_I0	M0381	coverage	68	0.1100	0.0000	0.0000	1.0000	458
mut_I0	M0759	idf	73	0.3800	0.0000	0.0000	1.0000	374
mut_I0	M0759	coverage	73	0.3800	0.0000	0.0000	1.0000	374
mut_I0	M0916	idf	1	0.2300	1.0000	1.0000	1.0000	490
mut_I0	M0916	coverage	1	0.2300	1.0000	1.0000	1.0000	490
mut_I0	M0122	idf	21	0.3500	1.0000	0.3810	1.0000	438
mut_I0	M0122	coverage	21	0.3500	0.0000	0.0000	1.0000	438
mut_I0	M0435	idf	17	1.5300	1.0000	0.1176	1.0000	441
mut_I0	M0435	coverage	17	1.5300	0.0000	0.0000	1.0000	441
mut_I0	M0519	idf	16	0.5200	1.0000	1.0000	1.0000	430
mut_I0	M0519	coverage	16	0.5200	0.0000	0.0000	1.0000	430
mut_I0	M0506	idf	113	0.2100	1.0000	0.3097	1.0000	486
mut_I0	M0506	coverage	113	0.2100	0.0000	0.0000	1.0000	486
mut_I0	M0357	idf	5	0.2700	0.0000	0.0000	1.0000	412
mut_I0	M0357	coverage	5	0.2700	0.0000	0.0000	1.0000	412
mut_I0	M0414	idf	82	0.2700	1.0000	0.4390	1.0000	497
mut_I0	M0414	coverage	82	0.2700	0.0000	0.0000	1.0000	497
mut_I0	M0096	idf	23	0.3600	0.0000	0.0000	1.0000	489
mut_I0	M0096	coverage	23	0.3600	0.0000	0.0000	1.0000	489
mut_I0	M0885	idf	15	0.5300	1.0000	0.5333	1.0000	478
mut_I0	M0885	coverage	15	0.5300	0.0000	0.0000	1.0000	478
mut_I0	M0738	idf	15	0.3100	1.0000	1.0000	1.0000	457
mut_I0	M0738	coverage	15	0.3100	1.0000	0.2667	1.0000	457
mut_I0	M0545	idf	19	0.2500	0.0000	0.0000	1.0000	473
mut_I0	M0545	coverage	19	0.2500	0.0000	0.0000	1.0000	473
mut_I0	M0815	idf	238	0.1700	1.0000	0.3319	1.0000	485
mut_I0	M0815	coverage	238	0.1700	1.0000	0.0336	1.0000	485
mut_I0	M0077	idf	101	0.4000	1.0000	0.0198	1.0000	484
mut_I0	M0077	coverage	101	0.4000	1.0000	0.3168	1.0000	484
mut_I0	M0851	idf	22	0.1400	0.0000	0.0000	0.0000	419
mut_I0	M0851	coverage	22	0.1400	0.0000	0.0000	0.0000	419
mut_I0	M0862	idf	17	0.2100	0.0000	0.0000	1.0000	321
mut_I0	M0862	coverage	17	0.2100	0.0000	0.0000	1.0000	321
mut_I0	M0736	idf	3	0.2900	0.0000	0.0000	1.0000	486
mut_I0	M0736	coverage	3	0.2900	0.0000	0.0000	1.0000	486
mut_I0	M0819	idf	25	0.2200	0.0000	0.0000	1.0000	487
mut_I0	M0819	coverage	25	0.2200	1.0000	0.6400	1.0000	487
mut_I0	M0822	idf	2	0.2900	1.0000	0.5000	1.0000	455
mut_I0	M0822	coverage	2	0.2900	1.0000	0.5000	1.0000	455
mut_I0	M0136	idf	9	0.2900	1.0000	0.8889	1.0000	431
mut_I0	M0136	coverage	9	0.2900	0.0000	0.0000	1.0000	431
mut_I0	M0054	idf	44	0.1400	0.0000	0.0000	1.0000	307
mut_I0	M0054	coverage	44	0.1400	0.0000	0.0000	1.0000	307
mut_I0	M0612	idf	82	0.2900	0.0000	0.0000	1.0000	491
mut_I0	M0612	coverage	82	0.2900	0.0000	0.0000	1.0000	491
mut_I0	M0010	idf	13	0.2500	1.0000	1.0000	1.0000	498
mut_I0	M0010	coverage	13	0.2500	1.0000	0.9231	1.0000	498
mut_I0	M0709	idf	289	0.2500	1.0000	0.0277	1.0000	492
mut_I0	M0709	coverage	289	0.2500	1.0000	0.0277	1.0000	492
mut_I0	M0940	idf	104	0.4700	0.0000	0.0000	1.0000	489
mut_I0	M0940	coverage	104	0.4700	0.0000	0.0000	1.0000	489
mut_I0	M0172	idf	12	0.4900	0.0000	0.0000	1.0000	446
mut_I0	M0172	coverage	12	0.4900	1.0000	0.5000	1.0000	446
mut_I0	M0693	idf	362	0.1900	0.0000	0.0000	1.0000	495
mut_I0	M0693	coverage	362	0.1900	0.0000	0.0000	1.0000	495
mut_I0	M0159	idf	148	0.5200	1.0000	0.8851	1.0000	471
mut_I0	M0159	coverage	148	0.5200	1.0000	0.1081	1.0000	471
mut_I0	M0835	idf	9	0.3400	0.0000	0.0000	1.0000	489
mut_I0	M0835	coverage	9	0.3400	0.0000	0.0000	1.0000	489
mut_I0	M0810	idf	37	0.3300	1.0000	0.5946	1.0000	496
mut_I0	M0810	coverage	37	0.3300	1.0000	0.0270	1.0000	496
mut_I0	M0434	idf	12	0.4700	1.0000	1.0000	1.0000	485
mut_I0	M0434	coverage	12	0.4700	0.0000	0.0000	1.0000	485
mut_I0	M0653	idf	23	0.3000	1.0000	0.0435	1.0000	448
mut_I0	M0653	coverage	23	0.3000	0.0000	0.0000	1.0000	448
mut_I0	M0205	idf	259	0.4600	1.0000	0.9151	1.0000	474
mut_I0	M0205	coverage	259	0.4600	0.0000	0.0000	1.0000	474
mut_I0	M0939	idf	13	0.0700	1.0000	0.4615	1.0000	318
mut_I0	M0939	coverage	13	0.0700	1.0000	0.4615	1.0000	318
mut_I0	M0918	idf	65	0.6000	0.0000	0.0000	1.0000	446
mut_I0	M0918	coverage	65	0.6000	1.0000	0.0769	1.0000	446
mut_I0	M0858	idf	351	0.2700	1.0000	0.1481	1.0000	486
mut_I0	M0858	coverage	351	0.2700	1.0000	0.0313	1.0000	486
mut_I0	M0420	idf	17	0.1600	0.0000	0.0000	1.0000	496
mut_I0	M0420	coverage	17	0.1600	0.0000	0.0000	1.0000	496
mut_I0	M0879	idf	15	0.2600	0.0000	0.0000	0.0000	328
mut_I0	M0879	coverage	15	0.2600	0.0000	0.0000	0.0000	328
mut_I0	M0371	idf	122	0.3300	0.0000	0.0000	1.0000	402
mut_I0	M0371	coverage	122	0.3300	0.0000	0.0000	1.0000	402
mut_I0	M0020	idf	115	0.4000	0.0000	0.0000	1.0000	466
mut_I0	M0020	coverage	115	0.4000	0.0000	0.0000	1.0000	466
mut_I0	M0855	idf	38	0.2700	1.0000	0.3158	1.0000	495
mut_I0	M0855	coverage	38	0.2700	0.0000	0.0000	1.0000	495
mut_I0	M0957	idf	186	0.3700	0.0000	0.0000	1.0000	489
mut_I0	M0957	coverage	186	0.3700	0.0000	0.0000	1.0000	489
mut_I0	M0505	idf	27	0.2500	1.0000	0.1111	1.0000	491
mut_I0	M0505	coverage	27	0.2500	1.0000	0.0741	1.0000	491
mut_I0	M0477	idf	70	0.1800	1.0000	0.2571	1.0000	491
mut_I0	M0477	coverage	70	0.1800	1.0000	0.0429	1.0000	491
mut_I0	M0829	idf	6	0.2900	0.0000	0.0000	1.0000	485
mut_I0	M0829	coverage	6	0.2900	0.0000	0.0000	1.0000	485
mut_I0	M0884	idf	19	0.2800	1.0000	0.1053	1.0000	490
mut_I0	M0884	coverage	19	0.2800	0.0000	0.0000	1.0000	490
mut_I0	M0384	idf	67	0.2200	1.0000	0.1045	1.0000	482
mut_I0	M0384	coverage	67	0.2200	0.0000	0.0000	1.0000	482
mut_I0	M0065	idf	53	0.2800	1.0000	0.3585	1.0000	487
mut_I0	M0065	coverage	53	0.2800	1.0000	0.2264	1.0000	487
mut_I0	M0123	idf	2	0.6200	1.0000	1.0000	1.0000	437
mut_I0	M0123	coverage	2	0.6200	0.0000	0.0000	1.0000	437
mut_I0	M0580	idf	9	0.1800	1.0000	0.1111	1.0000	496
mut_I0	M0580	coverage	9	0.1800	0.0000	0.0000	1.0000	496
mut_I0	M0033	idf	14	0.2700	1.0000	0.3571	1.0000	495
mut_I0	M0033	coverage	14	0.2700	0.0000	0.0000	1.0000	495
mut_I0	M0281	idf	1	0.5700	1.0000	1.0000	1.0000	464
mut_I0	M0281	coverage	1	0.5700	0.0000	0.0000	1.0000	464
mut_I0	M0544	idf	12	0.2800	1.0000	0.1667	1.0000	494
mut_I0	M0544	coverage	12	0.2800	1.0000	0.0833	1.0000	494
mut_I0	M0212	idf	83	1.0800	0.0000	0.0000	1.0000	467
mut_I0	M0212	coverage	83	1.0800	0.0000	0.0000	1.0000	467
mut_I0	M0426	idf	18	0.2600	1.0000	0.9444	1.0000	488
mut_I0	M0426	coverage	18	0.2600	1.0000	0.0556	1.0000	488
mut_I0	M0905	idf	198	0.1500	0.0000	0.0000	1.0000	449
mut_I0	M0905	coverage	198	0.1500	0.0000	0.0000	1.0000	449
mut_I0	M0843	idf	14	0.1400	0.0000	0.0000	1.0000	369
mut_I0	M0843	coverage	14	0.1400	0.0000	0.0000	1.0000	369
mut_I0	M0263	idf	24	0.2800	0.0000	0.0000	1.0000	394
mut_I0	M0263	coverage	24	0.2800	1.0000	0.5000	1.0000	394
mut_I0	M0697	idf	155	0.2900	0.0000	0.0000	1.0000	494
mut_I0	M0697	coverage	155	0.2900	1.0000	0.0323	1.0000	494
mut_I0	M0260	idf	21	0.3100	1.0000	0.7619	1.0000	490
mut_I0	M0260	coverage	21	0.3100	0.0000	0.0000	1.0000	490
mut_I0	M0379	idf	41	0.4800	1.0000	1.0000	1.0000	456
mut_I0	M0379	coverage	41	0.4800	1.0000	0.4390	1.0000	456
mut_I0	M0377	idf	189	0.4300	0.0000	0.0000	1.0000	490
mut_I0	M0377	coverage	189	0.4300	0.0000	0.0000	1.0000	490
mut_I0	M0547	idf	4	0.1800	1.0000	0.7500	1.0000	495
mut_I0	M0547	coverage	4	0.1800	0.0000	0.0000	1.0000	495
mut_I0	M0508	idf	6	0.3900	1.0000	1.0000	1.0000	486
mut_I0	M0508	coverage	6	0.3900	1.0000	0.1667	1.0000	486
mut_I0	M0401	idf	392	0.2800	0.0000	0.0000	1.0000	476
mut_I0	M0401	coverage	392	0.2800	0.0000	0.0000	1.0000	476
mut_I0	M0755	idf	11	0.1400	1.0000	0.3636	1.0000	497
mut_I0	M0755	coverage	11	0.1400	0.0000	0.0000	1.0000	497
mut_I0	M0458	idf	25	0.1200	0.0000	0.0000	1.0000	475
mut_I0	M0458	coverage	25	0.1200	0.0000	0.0000	1.0000	475
mut_I0	M0314	idf	45	0.9400	1.0000	0.1111	1.0000	475
mut_I0	M0314	coverage	45	0.9400	0.0000	0.0000	1.0000	475
mut_I0	M0210	idf	220	0.2900	1.0000	0.0091	1.0000	442
mut_I0	M0210	coverage	220	0.2900	1.0000	0.0045	1.0000	442
mut_I0	M0154	idf	62	0.1800	0.0000	0.0000	1.0000	488
mut_I0	M0154	coverage	62	0.1800	0.0000	0.0000	1.0000	488
mut_I0	M0502	idf	20	0.5900	1.0000	0.2000	1.0000	452
mut_I0	M0502	coverage	20	0.5900	0.0000	0.0000	1.0000	452
mut_I0	M0031	idf	290	0.3100	1.0000	0.5069	1.0000	434
mut_I0	M0031	coverage	290	0.3100	1.0000	0.0069	1.0000	434
mut_I0	M0178	idf	273	0.4400	0.0000	0.0000	1.0000	493
mut_I0	M0178	coverage	273	0.4400	0.0000	0.0000	1.0000	493
mut_I0	M0019	idf	21	0.4100	1.0000	0.4286	1.0000	470
mut_I0	M0019	coverage	21	0.4100	0.0000	0.0000	1.0000	470
mut_I0	M0125	idf	19	0.4800	1.0000	0.8947	1.0000	475
mut_I0	M0125	coverage	19	0.4800	1.0000	0.5789	1.0000	475
mut_I0	M0181	idf	8	0.4800	1.0000	0.6250	1.0000	473
mut_I0	M0181	coverage	8	0.4800	0.0000	0.0000	1.0000	473
mut_I0	M0466	idf	6	0.5800	1.0000	0.5000	1.0000	469
mut_I0	M0466	coverage	6	0.5800	0.0000	0.0000	1.0000	469
mut_I0	M0058	idf	37	0.2700	0.0000	0.0000	1.0000	492
mut_I0	M0058	coverage	37	0.2700	0.0000	0.0000	1.0000	492
mut_I0	M0683	idf	27	0.4000	1.0000	0.8889	1.0000	477
mut_I0	M0683	coverage	27	0.4000	0.0000	0.0000	1.0000	477
mut_I0	M0925	idf	22	0.2000	0.0000	0.0000	1.0000	495
mut_I0	M0925	coverage	22	0.2000	0.0000	0.0000	1.0000	495
mut_I0	M0081	idf	9	0.2800	1.0000	0.5556	1.0000	486
mut_I0	M0081	coverage	9	0.2800	0.0000	0.0000	1.0000	486
mut_I0	M0090	idf	60	0.5500	1.0000	0.9833	1.0000	450
mut_I0	M0090	coverage	60	0.5500	0.0000	0.0000	1.0000	450
mut_I0	M0429	idf	47	0.2600	1.0000	0.6809	1.0000	488
mut_I0	M0429	coverage	47	0.2600	0.0000	0.0000	1.0000	488
mut_I0	M0447	idf	2	0.3200	1.0000	0.5000	1.0000	490
mut_I0	M0447	coverage	2	0.3200	0.0000	0.0000	1.0000	490
mut_I0	M0768	idf	19	0.3900	1.0000	0.7368	1.0000	487
mut_I0	M0768	coverage	19	0.3900	1.0000	0.5263	1.0000	487
mut_I0	M0261	idf	19	0.2800	0.0000	0.0000	1.0000	399
mut_I0	M0261	coverage	19	0.2800	0.0000	0.0000	1.0000	399
mut_I0	M0234	idf	8	0.3500	1.0000	0.6250	1.0000	487
mut_I0	M0234	coverage	8	0.3500	0.0000	0.0000	1.0000	487
mut_I0	M0958	idf	236	0.3600	0.0000	0.0000	1.0000	492
mut_I0	M0958	coverage	236	0.3600	0.0000	0.0000	1.0000	492
mut_I0	M0387	idf	2048	0.2900	1.0000	0.0254	1.0000	496
mut_I0	M0387	coverage	2048	0.2900	1.0000	0.0005	1.0000	496
mut_I0	M0520	idf	440	0.3300	1.0000	0.0114	1.0000	496
mut_I0	M0520	coverage	440	0.3300	0.0000	0.0000	1.0000	496
mut_I0	M0910	idf	7	0.2400	1.0000	1.0000	1.0000	493
mut_I0	M0910	coverage	7	0.2400	0.0000	0.0000	1.0000	493
mut_I0	M0398	idf	36	0.4400	1.0000	1.0000	1.0000	477
mut_I0	M0398	coverage	36	0.4400	0.0000	0.0000	1.0000	477
mut_I0	M0040	idf	52	0.2400	0.0000	0.0000	1.0000	480
mut_I0	M0040	coverage	52	0.2400	0.0000	0.0000	1.0000	480
mut_I0	M0808	idf	3	0.2900	1.0000	0.3333	1.0000	484
mut_I0	M0808	coverage	3	0.2900	1.0000	0.6667	1.0000	484
mut_I0	M0781	idf	6	0.2000	1.0000	0.6667	1.0000	479
mut_I0	M0781	coverage	6	0.2000	0.0000	0.0000	1.0000	479
mut_I0	M0410	idf	30	0.5000	1.0000	0.0667	1.0000	458
mut_I0	M0410	coverage	30	0.5000	0.0000	0.0000	1.0000	458
mut_I0	M0250	idf	14	0.2400	1.0000	1.0000	1.0000	497
mut_I0	M0250	coverage	14	0.2400	0.0000	0.0000	1.0000	497
mut_I0	M0748	idf	19	0.0400	0.0000	0.0000	1.0000	121
mut_I0	M0748	coverage	19	0.0400	0.0000	0.0000	1.0000	121
mut_I0	M0515	idf	20	0.4400	1.0000	0.1500	1.0000	492
mut_I0	M0515	coverage	20	0.4400	0.0000	0.0000	1.0000	492
mut_I0	M0920	idf	21	0.3400	0.0000	0.0000	1.0000	490
mut_I0	M0920	coverage	21	0.3400	0.0000	0.0000	1.0000	490
mut_I0	M0655	idf	6	0.0800	0.0000	0.0000	1.0000	277
mut_I0	M0655	coverage	6	0.0800	1.0000	0.1667	1.0000	277
mut_I0	M0227	idf	38	0.3200	1.0000	0.2105	1.0000	479
mut_I0	M0227	coverage	38	0.3200	1.0000	0.0526	1.0000	479
mut_I0	M0272	idf	35	0.4800	1.0000	0.2286	1.0000	456
mut_I0	M0272	coverage	35	0.4800	0.0000	0.0000	1.0000	456
mut_I0	M0093	idf	10	0.3100	0.0000	0.0000	0.0000	490
mut_I0	M0093	coverage	10	0.3100	0.0000	0.0000	0.0000	490
mut_I0	M0625	idf	5	0.2400	0.0000	0.0000	1.0000	474
mut_I0	M0625	coverage	5	0.2400	0.0000	0.0000	1.0000	474
mut_I0	M0321	idf	19	0.2600	1.0000	0.3684	1.0000	497
mut_I0	M0321	coverage	19	0.2600	0.0000	0.0000	1.0000	497
mut_I0	M0048	idf	98	0.3500	1.0000	0.2551	1.0000	482
mut_I0	M0048	coverage	98	0.3500	0.0000	0.0000	1.0000	482
mut_I0	M0043	idf	20	0.3900	1.0000	1.0000	1.0000	457
mut_I0	M0043	coverage	20	0.3900	0.0000	0.0000	1.0000	457
mut_I0	M0900	idf	441	0.1600	0.0000	0.0000	1.0000	496
mut_I0	M0900	coverage	441	0.1600	0.0000	0.0000	1.0000	496
mut_I0	M0857	idf	12	0.3500	1.0000	0.7500	1.0000	472
mut_I0	M0857	coverage	12	0.3500	0.0000	0.0000	1.0000	472
mut_I0	M0964	idf	68	0.2300	1.0000	0.1324	1.0000	463
mut_I0	M0964	coverage	68	0.2300	0.0000	0.0000	1.0000	463
mut_I0	M0131	idf	36	0.3800	1.0000	0.8889	1.0000	489
mut_I0	M0131	coverage	36	0.3800	1.0000	0.0278	1.0000	489
mut_I0	M0754	idf	9	0.1600	1.0000	0.3333	1.0000	488
mut_I0	M0754	coverage	9	0.1600	0.0000	0.0000	1.0000	488
mut_I0	M0313	idf	17	0.1400	0.0000	0.0000	1.0000	488
mut_I0	M0313	coverage	17	0.1400	0.0000	0.0000	1.0000	488
mut_I0	M0092	idf	41	0.2800	1.0000	0.9268	1.0000	468
mut_I0	M0092	coverage	41	0.2800	0.0000	0.0000	1.0000	468
mut_I0	M0108	idf	3	0.2900	0.0000	0.0000	1.0000	492
mut_I0	M0108	coverage	3	0.2900	0.0000	0.0000	1.0000	492
mut_I0	M0139	idf	76	0.3800	0.0000	0.0000	1.0000	485
mut_I0	M0139	coverage	76	0.3800	0.0000	0.0000	1.0000	485
mut_I0	M0235	idf	17	0.1700	0.0000	0.0000	1.0000	498
mut_I0	M0235	coverage	17	0.1700	0.0000	0.0000	1.0000	498
mut_I0	M0444	idf	83	0.2600	0.0000	0.0000	1.0000	492
mut_I0	M0444	coverage	83	0.2600	0.0000	0.0000	1.0000	492
mut_I0	M0623	idf	16	0.2700	1.0000	0.9375	1.0000	491
mut_I0	M0623	coverage	16	0.2700	0.0000	0.0000	1.0000	491
mut_I0	M0919	idf	18	0.2000	1.0000	0.4444	1.0000	410
mut_I0	M0919	coverage	18	0.2000	0.0000	0.0000	1.0000	410
mut_I0	M0369	idf	82	0.2800	1.0000	0.2683	1.0000	468
mut_I0	M0369	coverage	82	0.2800	1.0000	0.0854	1.0000	468
mut_I0	M0253	idf	212	0.4500	1.0000	0.8915	1.0000	387
mut_I0	M0253	coverage	212	0.4500	1.0000	0.0142	1.0000	387
mut_I0	M0254	idf	17	1.0300	1.0000	1.0000	1.0000	387
mut_I0	M0254	coverage	17	1.0300	1.0000	0.7647	1.0000	387
mut_I0	M0301	idf	51	0.2500	1.0000	0.0196	1.0000	483
mut_I0	M0301	coverage	51	0.2500	0.0000	0.0000	1.0000	483
mut_I0	M0674	idf	31	0.2600	0.0000	0.0000	1.0000	435
mut_I0	M0674	coverage	31	0.2600	0.0000	0.0000	1.0000	435
mut_I0	M0100	idf	360	0.3900	1.0000	0.0333	1.0000	492
mut_I0	M0100	coverage	360	0.3900	1.0000	0.0278	1.0000	492
mut_I0	M0231	idf	13	0.3300	1.0000	0.8462	1.0000	482
mut_I0	M0231	coverage	13	0.3300	0.0000	0.0000	1.0000	482
mut_I0	M0816	idf	238	0.1700	0.0000	0.0000	1.0000	454
mut_I0	M0816	coverage	238	0.1700	1.0000	0.0168	1.0000	454
mut_I0	M0472	idf	94	0.5000	1.0000	0.9681	1.0000	482
mut_I0	M0472	coverage	94	0.5000	0.0000	0.0000	1.0000	482
mut_I0	M0962	idf	134	0.4600	1.0000	0.0299	1.0000	470
mut_I0	M0962	coverage	134	0.4600	0.0000	0.0000	1.0000	470
mut_I0	M0795	idf	79	0.3900	1.0000	0.2658	1.0000	477
mut_I0	M0795	coverage	79	0.3900	0.0000	0.0000	1.0000	477
mut_I0	M0727	idf	22	0.3900	1.0000	0.6818	1.0000	473
mut_I0	M0727	coverage	22	0.3900	1.0000	0.1364	1.0000	473
mut_I0	M0497	idf	15	0.4400	1.0000	0.9333	1.0000	479
mut_I0	M0497	coverage	15	0.4400	0.0000	0.0000	1.0000	479
mut_I0	M0338	idf	23	0.1500	1.0000	0.6087	1.0000	489
mut_I0	M0338	coverage	23	0.1500	0.0000	0.0000	1.0000	489
mut_I0	M0947	idf	43	0.1200	1.0000	0.5581	1.0000	233
mut_I0	M0947	coverage	43	0.1200	0.0000	0.0000	1.0000	233
mut_I0	M0163	idf	47	0.2000	1.0000	0.5532	1.0000	477
mut_I0	M0163	coverage	47	0.2000	0.0000	0.0000	1.0000	477
mut_I0	M0959	idf	155	0.4500	0.0000	0.0000	1.0000	491
mut_I0	M0959	coverage	155	0.4500	0.0000	0.0000	1.0000	491
mut_I0	M0433	idf	210	0.1500	0.0000	0.0000	1.0000	468
mut_I0	M0433	coverage	210	0.1500	0.0000	0.0000	1.0000	468
mut_I0	M0416	idf	4	0.4800	1.0000	1.0000	1.0000	495
mut_I0	M0416	coverage	4	0.4800	0.0000	0.0000	1.0000	495
mut_I0	M0850	idf	31	0.2100	0.0000	0.0000	1.0000	469
mut_I0	M0850	coverage	31	0.2100	1.0000	0.0968	1.0000	469
mut_I0	M0454	idf	14	0.2700	1.0000	0.9286	1.0000	469
mut_I0	M0454	coverage	14	0.2700	1.0000	0.7143	1.0000	469
mut_I0	M0351	idf	24	0.2600	1.0000	0.0417	1.0000	480
mut_I0	M0351	coverage	24	0.2600	0.0000	0.0000	1.0000	480
mut_I0	M0425	idf	2084	0.2000	0.0000	0.0000	1.0000	480
mut_I0	M0425	coverage	2084	0.2000	0.0000	0.0000	1.0000	480
mut_I0	M0067	idf	39	0.2700	1.0000	0.2308	1.0000	493
mut_I0	M0067	coverage	39	0.2700	0.0000	0.0000	1.0000	493
mut_I0	M0550	idf	20	0.2100	0.0000	0.0000	1.0000	363
mut_I0	M0550	coverage	20	0.2100	0.0000	0.0000	1.0000	363
mut_I0	M0792	idf	10	0.1600	0.0000	0.0000	1.0000	495
mut_I0	M0792	coverage	10	0.1600	0.0000	0.0000	1.0000	495
mut_I0	M0961	idf	144	0.4300	0.0000	0.0000	1.0000	485
mut_I0	M0961	coverage	144	0.4300	0.0000	0.0000	1.0000	485
mut_I0	M0109	idf	207	0.3400	1.0000	0.5362	1.0000	483
mut_I0	M0109	coverage	207	0.3400	0.0000	0.0000	1.0000	483
mut_I0	M0257	idf	222	0.4000	1.0000	0.9414	1.0000	494
mut_I0	M0257	coverage	222	0.4000	0.0000	0.0000	1.0000	494
mut_I0	M0789	idf	51	0.1600	1.0000	0.2157	1.0000	492
mut_I0	M0789	coverage	51	0.1600	0.0000	0.0000	1.0000	492
mut_I0	M0363	idf	64	0.1100	1.0000	0.0156	1.0000	335
mut_I0	M0363	coverage	64	0.1100	1.0000	0.0938	1.0000	335
mut_I0	M0391	idf	14	0.1900	0.0000	0.0000	1.0000	497
mut_I0	M0391	coverage	14	0.1900	0.0000	0.0000	1.0000	497
mut_I0	M0826	idf	21	0.1600	0.0000	0.0000	1.0000	495
mut_I0	M0826	coverage	21	0.1600	0.0000	0.0000	1.0000	495
mut_I0	M0952	idf	5	0.1500	1.0000	0.8000	1.0000	498
mut_I0	M0952	coverage	5	0.1500	1.0000	0.6000	1.0000	498
mut_I0	M0117	idf	100	0.1900	0.0000	0.0000	1.0000	495
mut_I0	M0117	coverage	100	0.1900	0.0000	0.0000	1.0000	495
mut_I0	M0854	idf	122	0.3400	1.0000	0.0164	1.0000	493
mut_I0	M0854	coverage	122	0.3400	0.0000	0.0000	1.0000	493
mut_I0	M0881	idf	155	0.3300	1.0000	0.9871	1.0000	494
mut_I0	M0881	coverage	155	0.3300	1.0000	0.7355	1.0000	494
mut_I0	M0874	idf	1	0.1900	0.0000	0.0000	0.0000	495
mut_I0	M0874	coverage	1	0.1900	0.0000	0.0000	0.0000	495
mut_I0	M0597	idf	27	0.1800	1.0000	0.1111	1.0000	481
mut_I0	M0597	coverage	27	0.1800	0.0000	0.0000	1.0000	481
mut_I0	M0070	idf	159	0.2300	0.0000	0.0000	1.0000	495
mut_I0	M0070	coverage	159	0.2300	0.0000	0.0000	1.0000	495
mut_I0	M0423	idf	94	0.2800	1.0000	0.0106	1.0000	476
mut_I0	M0423	coverage	94	0.2800	0.0000	0.0000	1.0000	476
mut_I0	M0266	idf	35	0.4100	1.0000	0.8286	1.0000	488
mut_I0	M0266	coverage	35	0.4100	1.0000	0.2571	1.0000	488
mut_I0	M0262	idf	19	0.2900	1.0000	1.0000	1.0000	453
mut_I0	M0262	coverage	19	0.2900	1.0000	0.2105	1.0000	453
mut_I0	M0806	idf	3	0.1100	0.0000	0.0000	1.0000	498
mut_I0	M0806	coverage	3	0.1100	0.0000	0.0000	1.0000	498
mut_I0	M0937	idf	31	0.2300	0.0000	0.0000	1.0000	437
mut_I0	M0937	coverage	31	0.2300	0.0000	0.0000	1.0000	437
mut_I0	M0066	idf	57	0.2700	1.0000	0.0351	1.0000	496
mut_I0	M0066	coverage	57	0.2700	1.0000	0.0351	1.0000	496
mut_I0	M0462	idf	48	0.2500	1.0000	0.9167	1.0000	497
mut_I0	M0462	coverage	48	0.2500	0.0000	0.0000	1.0000	497
mut_I0	M0380	idf	21	0.3500	0.0000	0.0000	1.0000	479
mut_I0	M0380	coverage	21	0.3500	0.0000	0.0000	1.0000	479
mut_I0	M0403	idf	16	0.2600	1.0000	0.9375	1.0000	486
mut_I0	M0403	coverage	16	0.2600	0.0000	0.0000	1.0000	486
mut_I0	M0141	idf	25	0.9400	1.0000	0.1600	1.0000	456
mut_I0	M0141	coverage	25	0.9400	0.0000	0.0000	1.0000	456
mut_I0	M0237	idf	555	0.2700	0.0000	0.0000	1.0000	461
mut_I0	M0237	coverage	555	0.2700	0.0000	0.0000	1.0000	461
mut_I0	M0642	idf	24	0.1900	1.0000	0.2917	1.0000	463
mut_I0	M0642	coverage	24	0.1900	1.0000	0.2500	1.0000	463
mut_I0	M0142	idf	13	0.2600	1.0000	0.1538	1.0000	498
mut_I0	M0142	coverage	13	0.2600	0.0000	0.0000	1.0000	498
mut_I0	M0798	idf	2073	0.2500	0.0000	0.0000	1.0000	498
mut_I0	M0798	coverage	2073	0.2500	1.0000	0.0005	1.0000	498
mut_I0	M0574	idf	111	0.6000	1.0000	0.2703	1.0000	482
mut_I0	M0574	coverage	111	0.6000	0.0000	0.0000	1.0000	482
mut_I0	M0663	idf	96	0.2500	1.0000	0.0208	1.0000	449
mut_I0	M0663	coverage	96	0.2500	0.0000	0.0000	1.0000	449
mut_I0	M0348	idf	165	0.4900	0.0000	0.0000	1.0000	493
mut_I0	M0348	coverage	165	0.4900	0.0000	0.0000	1.0000	493
mut_I0	M0353	idf	11	0.1400	0.0000	0.0000	1.0000	346
mut_I0	M0353	coverage	11	0.1400	1.0000	0.6364	1.0000	346
mut_I0	M0028	idf	19	0.3200	1.0000	1.0000	1.0000	461
mut_I0	M0028	coverage	19	0.3200	0.0000	0.0000	1.0000	461
mut_I0	M0308	idf	172	0.5500	1.0000	1.0000	1.0000	467
mut_I0	M0308	coverage	172	0.5500	0.0000	0.0000	1.0000	467
mut_I0	M0860	idf	6	0.2500	0.0000	0.0000	1.0000	491
mut_I0	M0860	coverage	6	0.2500	0.0000	0.0000	1.0000	491
mut_I0	M0188	idf	117	0.1900	0.0000	0.0000	1.0000	474
mut_I0	M0188	coverage	117	0.1900	1.0000	0.0171	1.0000	474
mut_I0	M0003	idf	94	0.1600	0.0000	0.0000	1.0000	335
mut_I0	M0003	coverage	94	0.1600	0.0000	0.0000	1.0000	335
mut_I0	M0906	idf	265	0.1700	0.0000	0.0000	1.0000	475
mut_I0	M0906	coverage	265	0.1700	1.0000	0.0566	1.0000	475
mut_I0	M0590	idf	19	0.2700	1.0000	0.0526	1.0000	483
mut_I0	M0590	coverage	19	0.2700	0.0000	0.0000	1.0000	483
mut_I0	M0293	idf	60	0.2200	1.0000	0.0667	1.0000	474
mut_I0	M0293	coverage	60	0.2200	0.0000	0.0000	1.0000	474
mut_I0	M0651	idf	56	0.1500	0.0000	0.0000	1.0000	492
mut_I0	M0651	coverage	56	0.1500	0.0000	0.0000	1.0000	492
mut_I0	M0297	idf	17	0.0500	0.0000	0.0000	0.0000	430
mut_I0	M0297	coverage	17	0.0500	0.0000	0.0000	0.0000	430
mut_I0	M0194	idf	63	0.4600	1.0000	0.9206	1.0000	478
mut_I0	M0194	coverage	63	0.4600	1.0000	0.0952	1.0000	478
mut_I0	M0589	idf	26	0.2000	1.0000	0.1154	1.0000	489
mut_I0	M0589	coverage	26	0.2000	0.0000	0.0000	1.0000	489
mut_I0	M0669	idf	10	0.2400	1.0000	0.2000	1.0000	495
mut_I0	M0669	coverage	10	0.2400	0.0000	0.0000	1.0000	495
mut_I0	M0742	idf	2	0.2900	1.0000	1.0000	1.0000	494
mut_I0	M0742	coverage	2	0.2900	0.0000	0.0000	1.0000	494
mut_I0	M0298	idf	164	0.3200	0.0000	0.0000	0.0000	498
mut_I0	M0298	coverage	164	0.3200	0.0000	0.0000	0.0000	498
mut_I0	M0440	idf	43	0.2800	1.0000	0.5116	1.0000	454
mut_I0	M0440	coverage	43	0.2800	1.0000	0.0233	1.0000	454
mut_I0	M0386	idf	4	0.5100	1.0000	1.0000	1.0000	480
mut_I0	M0386	coverage	4	0.5100	0.0000	0.0000	1.0000	480
mut_I0	M0087	idf	50	0.5000	1.0000	1.0000	1.0000	478
mut_I0	M0087	coverage	50	0.5000	0.0000	0.0000	1.0000	478
mut_I0_aa	M0346	idf	37	2.3400	1.0000	0.0270	1.0000	446
mut_I0_aa	M0346	coverage	37	2.3400	0.0000	0.0000	1.0000	446
mut_I0_aa	M0376	idf	41	4.1600	1.0000	0.8780	1.0000	472
mut_I0_aa	M0376	coverage	41	4.1600	0.0000	0.0000	1.0000	472
mut_I0_aa	M0431	idf	3	1.9300	1.0000	1.0000	1.0000	463
mut_I0_aa	M0431	coverage	3	1.9300	1.0000	1.0000	1.0000	463
mut_I0_aa	M0243	idf	11	4.7000	1.0000	1.0000	1.0000	477
mut_I0_aa	M0243	coverage	11	4.7000	0.0000	0.0000	1.0000	477
mut_I0_aa	M0294	idf	108	4.9400	1.0000	0.2037	1.0000	477
mut_I0_aa	M0294	coverage	108	4.9400	0.0000	0.0000	1.0000	477
mut_I0_aa	M0895	idf	121	1.6500	0.0000	0.0000	1.0000	457
mut_I0_aa	M0895	coverage	121	1.6500	1.0000	0.0165	1.0000	457
mut_I0_aa	M0104	idf	4	5.0100	1.0000	1.0000	1.0000	448
mut_I0_aa	M0104	coverage	4	5.0100	1.0000	1.0000	1.0000	448
mut_I0_aa	M0869	idf	5	1.5800	0.0000	0.0000	1.0000	458
mut_I0_aa	M0869	coverage	5	1.5800	0.0000	0.0000	1.0000	458
mut_I0_aa	M0075	idf	2	4.6100	0.0000	0.0000	1.0000	422
mut_I0_aa	M0075	coverage	2	4.6100	0.0000	0.0000	1.0000	422
mut_I0_aa	M0134	idf	55	2.4000	1.0000	0.7636	1.0000	464
mut_I0_aa	M0134	coverage	55	2.4000	1.0000	0.3455	1.0000	464
mut_I0_aa	M0206	idf	75	5.1900	1.0000	0.9733	1.0000	464
mut_I0_aa	M0206	coverage	75	5.1900	1.0000	0.5867	1.0000	464
mut_I0_aa	M0044	idf	67	4.7800	1.0000	0.9552	1.0000	466
mut_I0_aa	M0044	coverage	67	4.7800	1.0000	0.3433	1.0000	466
mut_I0_aa	M0484	idf	100	4.9200	1.0000	1.0000	1.0000	459
mut_I0_aa	M0484	coverage	100	4.9200	1.0000	0.8500	1.0000	459
mut_I0_aa	M0334	idf	22	2.7500	1.0000	0.8636	1.0000	426
mut_I0_aa	M0334	coverage	22	2.7500	0.0000	0.0000	1.0000	426
mut_I0_aa	M0412	idf	5	2.3800	1.0000	0.6000	1.0000	474
mut_I0_aa	M0412	coverage	5	2.3800	0.0000	0.0000	1.0000	474
mut_I0_aa	M0931	idf	70	1.6600	1.0000	0.0429	1.0000	423
mut_I0_aa	M0931	coverage	70	1.6600	1.0000	0.6286	1.0000	423
mut_I0_aa	M0118	idf	106	2.0100	0.0000	0.0000	1.0000	442
mut_I0_aa	M0118	coverage	106	2.0100	1.0000	0.6226	1.0000	442
mut_I0_aa	M0752	idf	8	0.9900	1.0000	0.7500	1.0000	452
mut_I0_aa	M0752	coverage	8	0.9900	1.0000	0.8750	1.0000	452
mut_I0_aa	M0428	idf	10	4.4600	1.0000	0.9000	1.0000	458
mut_I0_aa	M0428	coverage	10	4.4600	1.0000	0.6000	1.0000	458
mut_I0_aa	M0771	idf	213	1.6900	1.0000	0.0845	1.0000	447
mut_I0_aa	M0771	coverage	213	1.6900	1.0000	0.0329	1.0000	447
mut_I0_aa	M0658	idf	12	2.0800	0.0000	0.0000	1.0000	463
mut_I0_aa	M0658	coverage	12	2.0800	1.0000	0.9167	1.0000	463
mut_I0_aa	M0311	idf	78	4.7800	1.0000	0.9872	1.0000	488
mut_I0_aa	M0311	coverage	78	4.7800	1.0000	0.0128	1.0000	488
mut_I0_aa	M0600	idf	78	3.5900	0.0000	0.0000	1.0000	466
mut_I0_aa	M0600	coverage	78	3.5900	0.0000	0.0000	1.0000	466
mut_I0_aa	M0565	idf	13	1.2200	0.0000	0.0000	1.0000	440
mut_I0_aa	M0565	coverage	13	1.2200	1.0000	0.1538	1.0000	440
mut_I0_aa	M0085	idf	11	2.7300	1.0000	0.7273	1.0000	428
mut_I0_aa	M0085	coverage	11	2.7300	1.0000	0.3636	1.0000	428
mut_I0_aa	M0488	idf	6	4.9300	1.0000	1.0000	1.0000	462
mut_I0_aa	M0488	coverage	6	4.9300	1.0000	1.0000	1.0000	462
mut_I0_aa	M0076	idf	97	1.7000	0.0000	0.0000	1.0000	457
mut_I0_aa	M0076	coverage	97	1.7000	1.0000	0.3711	1.0000	457
mut_I0_aa	M0175	idf	826	1.4500	0.0000	0.0000	1.0000	498
mut_I0_aa	M0175	coverage	826	1.4500	1.0000	0.3523	1.0000	498
mut_I0_aa	M0107	idf	7	2.9200	1.0000	0.1429	1.0000	441
mut_I0_aa	M0107	coverage	7	2.9200	1.0000	0.7143	1.0000	441
mut_I0_aa	M0201	idf	38	1.7700	0.0000	0.0000	1.0000	436
mut_I0_aa	M0201	coverage	38	1.7700	0.0000	0.0000	1.0000	436
mut_I0_aa	M0383	idf	124	5.0300	0.0000	0.0000	1.0000	470
mut_I0_aa	M0383	coverage	124	5.0300	1.0000	0.0484	1.0000	470
mut_I0_aa	M0111	idf	10	5.1600	1.0000	0.2000	1.0000	465
mut_I0_aa	M0111	coverage	10	5.1600	0.0000	0.0000	1.0000	465
mut_I0_aa	M0634	idf	9	4.3600	1.0000	0.1111	1.0000	443
mut_I0_aa	M0634	coverage	9	4.3600	1.0000	0.8889	1.0000	443
mut_I0_aa	M0609	idf	81	2.4800	1.0000	0.0988	1.0000	499
mut_I0_aa	M0609	coverage	81	2.4800	1.0000	0.0494	1.0000	499
mut_I0_aa	M0228	idf	119	2.9800	1.0000	0.0924	1.0000	447
mut_I0_aa	M0228	coverage	119	2.9800	0.0000	0.0000	1.0000	447
mut_I0_aa	M0636	idf	16	2.1200	1.0000	0.4375	1.0000	430
mut_I0_aa	M0636	coverage	16	2.1200	1.0000	0.3750	1.0000	430
mut_I0_aa	M0908	idf	78	1.3300	0.0000	0.0000	1.0000	478
mut_I0_aa	M0908	coverage	78	1.3300	1.0000	0.0128	1.0000	478
mut_I0_aa	M0564	idf	357	2.2600	0.0000	0.0000	1.0000	448
mut_I0_aa	M0564	coverage	357	2.2600	1.0000	0.0028	1.0000	448
mut_I0_aa	M0616	idf	5	2.0700	1.0000	0.8000	1.0000	442
mut_I0_aa	M0616	coverage	5	2.0700	1.0000	0.8000	1.0000	442
mut_I0_aa	M0453	idf	61	4.5600	1.0000	0.2131	1.0000	455
mut_I0_aa	M0453	coverage	61	4.5600	1.0000	0.1475	1.0000	455
mut_I0_aa	M0510	idf	62	2.2800	1.0000	0.9355	1.0000	443
mut_I0_aa	M0510	coverage	62	2.2800	1.0000	0.7097	1.0000	443
mut_I0_aa	M0216	idf	1150	2.9000	1.0000	0.4339	1.0000	499
mut_I0_aa	M0216	coverage	1150	2.9000	1.0000	0.4339	1.0000	499
mut_I0_aa	M0448	idf	7	1.2000	0.0000	0.0000	0.0000	439
mut_I0_aa	M0448	coverage	7	1.2000	0.0000	0.0000	0.0000	439
mut_I0_aa	M0732	idf	18	2.7700	0.0000	0.0000	1.0000	403
mut_I0_aa	M0732	coverage	18	2.7700	0.0000	0.0000	1.0000	403
mut_I0_aa	M0734	idf	5	1.3800	1.0000	0.2000	1.0000	442
mut_I0_aa	M0734	coverage	5	1.3800	0.0000	0.0000	1.0000	442
mut_I0_aa	M0456	idf	17	1.3900	0.0000	0.0000	1.0000	449
mut_I0_aa	M0456	coverage	17	1.3900	0.0000	0.0000	1.0000	449
mut_I0_aa	M0278	idf	74	1.0800	1.0000	0.6081	1.0000	416
mut_I0_aa	M0278	coverage	74	1.0800	1.0000	0.7703	1.0000	416
mut_I0_aa	M0682	idf	290	1.0800	0.0000	0.0000	1.0000	473
mut_I0_aa	M0682	coverage	290	1.0800	1.0000	0.4138	1.0000	473
mut_I0_aa	M0381	idf	68	1.0500	0.0000	0.0000	1.0000	453
mut_I0_aa	M0381	coverage	68	1.0500	1.0000	0.6324	1.0000	453
mut_I0_aa	M0759	idf	73	4.1200	0.0000	0.0000	0.0000	462
mut_I0_aa	M0759	coverage	73	4.1200	0.0000	0.0000	0.0000	462
mut_I0_aa	M0916	idf	1	2.4100	0.0000	0.0000	1.0000	442
mut_I0_aa	M0916	coverage	1	2.4100	0.0000	0.0000	1.0000	442
mut_I0_aa	M0122	idf	21	2.5700	1.0000	0.3810	1.0000	431
mut_I0_aa	M0122	coverage	21	2.5700	0.0000	0.0000	1.0000	431
mut_I0_aa	M0435	idf	17	14.6900	1.0000	0.0588	1.0000	488
mut_I0_aa	M0435	coverage	17	14.6900	0.0000	0.0000	1.0000	488
mut_I0_aa	M0519	idf	16	4.5600	1.0000	1.0000	1.0000	448
mut_I0_aa	M0519	coverage	16	4.5600	1.0000	0.2500	1.0000	448
mut_I0_aa	M0506	idf	113	2.3300	1.0000	0.5398	1.0000	446
mut_I0_aa	M0506	coverage	113	2.3300	0.0000	0.0000	1.0000	446
mut_I0_aa	M0357	idf	5	2.4800	0.0000	0.0000	1.0000	422
mut_I0_aa	M0357	coverage	5	2.4800	1.0000	0.4000	1.0000	422
mut_I0_aa	M0414	idf	82	2.2800	1.0000	0.8171	1.0000	447
mut_I0_aa	M0414	coverage	82	2.2800	0.0000	0.0000	1.0000	447
mut_I0_aa	M0096	idf	23	2.1500	0.0000	0.0000	1.0000	449
mut_I0_aa	M0096	coverage	23	2.1500	1.0000	0.0435	1.0000	449
mut_I0_aa	M0885	idf	15	4.5400	1.0000	0.6667	1.0000	446
mut_I0_aa	M0885	coverage	15	4.5400	1.0000	0.1333	1.0000	446
mut_I0_aa	M0738	idf	15	2.5100	1.0000	1.0000	1.0000	465
mut_I0_aa	M0738	coverage	15	2.5100	1.0000	0.6667	1.0000	465
mut_I0_aa	M0545	idf	19	2.4000	0.0000	0.0000	1.0000	439
mut_I0_aa	M0545	coverage	19	2.4000	1.0000	0.6316	1.0000	439
mut_I0_aa	M0815	idf	238	1.3100	1.0000	0.3529	1.0000	485
mut_I0_aa	M0815	coverage	238	1.3100	0.0000	0.0000	1.0000	485
mut_I0_aa	M0077	idf	101	2.6100	0.0000	0.0000	1.0000	442
mut_I0_aa	M0077	coverage	101	2.6100	0.0000	0.0000	1.0000	442
mut_I0_aa	M0851	idf	22	1.4800	0.0000	0.0000	1.0000	420
mut_I0_aa	M0851	coverage	22	1.4800	1.0000	0.0909	1.0000	420
mut_I0_aa	M0862	idf	17	2.2200	0.0000	0.0000	1.0000	432
mut_I0_aa	M0862	coverage	17	2.2200	0.0000	0.0000	1.0000	432
mut_I0_aa	M0736	idf	3	2.2500	0.0000	0.0000	1.0000	463
mut_I0_aa	M0736	coverage	3	2.2500	0.0000	0.0000	1.0000	463
mut_I0_aa	M0819	idf	25	2.1500	0.0000	0.0000	1.0000	451
mut_I0_aa	M0819	coverage	25	2.1500	0.0000	0.0000	1.0000	451
mut_I0_aa	M0822	idf	2	2.2700	0.0000	0.0000	1.0000	416
mut_I0_aa	M0822	coverage	2	2.2700	0.0000	0.0000	1.0000	416
mut_I0_aa	M0136	idf	9	2.9800	1.0000	0.8889	1.0000	465
mut_I0_aa	M0136	coverage	9	2.9800	1.0000	0.6667	1.0000	465
mut_I0_aa	M0054	idf	44	1.3300	0.0000	0.0000	1.0000	447
mut_I0_aa	M0054	coverage	44	1.3300	1.0000	0.7727	1.0000	447
mut_I0_aa	M0612	idf	82	4.0900	0.0000	0.0000	1.0000	455
mut_I0_aa	M0612	coverage	82	4.0900	1.0000	0.7805	1.0000	455
mut_I0_aa	M0010	idf	13	2.1900	1.0000	0.9231	1.0000	435
mut_I0_aa	M0010	coverage	13	2.1900	1.0000	0.9231	1.0000	435
mut_I0_aa	M0709	idf	289	2.3800	0.0000	0.0000	1.0000	433
mut_I0_aa	M0709	coverage	289	2.3800	1.0000	0.0346	1.0000	433
mut_I0_aa	M0940	idf	104	4.6300	0.0000	0.0000	1.0000	493
mut_I0_aa	M0940	coverage	104	4.6300	0.0000	0.0000	1.0000	493
mut_I0_aa	M0172	idf	12	4.4400	0.0000	0.0000	1.0000	461
mut_I0_aa	M0172	coverage	12	4.4400	1.0000	0.5833	1.0000	461
mut_I0_aa	M0693	idf	362	2.5300	0.0000	0.0000	1.0000	440
mut_I0_aa	M0693	coverage	362	2.5300	1.0000	0.0028	1.0000	440
mut_I0_aa	M0159	idf	148	5.0800	1.0000	0.9189	1.0000	473
mut_I0_aa	M0159	coverage	148	5.0800	1.0000	0.1081	1.0000	473
mut_I0_aa	M0835	idf	9	3.3300	0.0000	0.0000	1.0000	449
mut_I0_aa	M0835	coverage	9	3.3300	1.0000	0.1111	1.0000	449
mut_I0_aa	M0810	idf	37	2.8800	1.0000	0.3243	1.0000	448
mut_I0_aa	M0810	coverage	37	2.8800	1.0000	0.3243	1.0000	448
mut_I0_aa	M0434	idf	12	4.5400	1.0000	1.0000	1.0000	457
mut_I0_aa	M0434	coverage	12	4.5400	1.0000	0.0833	1.0000	457
mut_I0_aa	M0653	idf	23	2.4900	1.0000	0.0435	1.0000	430
mut_I0_aa	M0653	coverage	23	2.4900	1.0000	0.0435	1.0000	430
mut_I0_aa	M0205	idf	259	4.6600	1.0000	0.5753	1.0000	481
mut_I0_aa	M0205	coverage	259	4.6600	1.0000	0.9382	1.0000	481
mut_I0_aa	M0939	idf	13	0.7700	1.0000	0.4615	1.0000	469
mut_I0_aa	M0939	coverage	13	0.7700	1.0000	0.3077	1.0000	469
mut_I0_aa	M0918	idf	65	4.6800	1.0000	0.0462	1.0000	463
mut_I0_aa	M0918	coverage	65	4.6800	1.0000	0.5538	1.0000	463
mut_I0_aa	M0858	idf	351	2.4400	1.0000	0.1197	1.0000	480
mut_I0_aa	M0858	coverage	351	2.4400	1.0000	0.8860	1.0000	480
mut_I0_aa	M0420	idf	17	1.3900	1.0000	0.0588	1.0000	434
mut_I0_aa	M0420	coverage	17	1.3900	1.0000	0.1176	1.0000	434
mut_I0_aa	M0879	idf	15	2.5300	0.0000	0.0000	1.0000	444
mut_I0_aa	M0879	coverage	15	2.5300	1.0000	0.3333	1.0000	444
mut_I0_aa	M0371	idf	122	2.2000	1.0000	0.0656	1.0000	455
mut_I0_aa	M0371	coverage	122	2.2000	0.0000	0.0000	1.0000	455
mut_I0_aa	M0020	idf	115	4.7000	0.0000	0.0000	1.0000	477
mut_I0_aa	M0020	coverage	115	4.7000	1.0000	0.0087	1.0000	477
mut_I0_aa	M0855	idf	38	2.3600	1.0000	0.2895	1.0000	425
mut_I0_aa	M0855	coverage	38	2.3600	1.0000	0.1579	1.0000	425
mut_I0_aa	M0957	idf	186	4.5500	0.0000	0.0000	1.0000	493
mut_I0_aa	M0957	coverage	186	4.5500	0.0000	0.0000	1.0000	493
mut_I0_aa	M0505	idf	27	2.1600	1.0000	0.1481	1.0000	440
mut_I0_aa	M0505	coverage	27	2.1600	1.0000	0.0741	1.0000	440
mut_I0_aa	M0477	idf	70	2.1900	1.0000	0.4429	1.0000	462
mut_I0_aa	M0477	coverage	70	2.1900	1.0000	0.5000	1.0000	462
mut_I0_aa	M0829	idf	6	2.5000	0.0000	0.0000	1.0000	435
mut_I0_aa	M0829	coverage	6	2.5000	0.0000	0.0000	1.0000	435
mut_I0_aa	M0884	idf	19	2.6600	0.0000	0.0000	1.0000	435
mut_I0_aa	M0884	coverage	19	2.6600	1.0000	0.5263	1.0000	435
mut_I0_aa	M0384	idf	67	2.1400	1.0000	0.0746	1.0000	410
mut_I0_aa	M0384	coverage	67	2.1400	0.0000	0.0000	1.0000	410
mut_I0_aa	M0065	idf	53	2.5500	1.0000	0.3585	1.0000	444
mut_I0_aa	M0065	coverage	53	2.5500	1.0000	0.3774	1.0000	444
mut_I0_aa	M0123	idf	2	4.8500	1.0000	1.0000	1.0000	452
mut_I0_aa	M0123	coverage	2	4.8500	0.0000	0.0000	1.0000	452
mut_I0_aa	M0580	idf	9	1.9900	0.0000	0.0000	1.0000	443
mut_I0_aa	M0580	coverage	9	1.9900	1.0000	0.3333	1.0000	443
mut_I0_aa	M0033	idf	14	2.6900	1.0000	0.1429	1.0000	438
mut_I0_aa	M0033	coverage	14	2.6900	1.0000	0.0714	1.0000	438
mut_I0_aa	M0281	idf	1	4.9700	1.0000	1.0000	1.0000	441
mut_I0_aa	M0281	coverage	1	4.9700	1.0000	1.0000	1.0000	441
mut_I0_aa	M0544	idf	12	2.6100	1.0000	0.1667	1.0000	444
mut_I0_aa	M0544	coverage	12	2.6100	1.0000	0.0833	1.0000	444
mut_I0_aa	M0212	idf	83	10.7200	0.0000	0.0000	1.0000	458
mut_I0_aa	M0212	coverage	83	10.7200	1.0000	0.6145	1.0000	458
mut_I0_aa	M0426	idf	18	2.3900	1.0000	0.6667	1.0000	424
mut_I0_aa	M0426	coverage	18	2.3900	1.0000	0.0556	1.0000	424
mut_I0_aa	M0905	idf	198	1.5300	0.0000	0.0000	1.0000	445
mut_I0_aa	M0905	coverage	198	1.5300	1.0000	0.0051	1.0000	445
mut_I0_aa	M0843	idf	14	1.1700	0.0000	0.0000	1.0000	425
mut_I0_aa	M0843	coverage	14	1.1700	1.0000	0.6429	1.0000	425
mut_I0_aa	M0263	idf	24	2.8500	0.0000	0.0000	1.0000	445
mut_I0_aa	M0263	coverage	24	2.8500	1.0000	0.2500	1.0000	445
mut_I0_aa	M0697	idf	155	2.7600	0.0000	0.0000	1.0000	470
mut_I0_aa	M0697	coverage	155	2.7600	1.0000	0.8839	1.0000	470
mut_I0_aa	M0260	idf	21	3.2200	1.0000	0.8571	1.0000	425
mut_I0_aa	M0260	coverage	21	3.2200	1.0000	0.4286	1.0000	425
mut_I0_aa	M0379	idf	41	4.7500	1.0000	1.0000	1.0000	470
mut_I0_aa	M0379	coverage	41	4.7500	1.0000	0.3171	1.0000	470
mut_I0_aa	M0377	idf	189	4.5200	1.0000	0.0317	1.0000	491
mut_I0_aa	M0377	coverage	189	4.5200	0.0000	0.0000	1.0000	491
mut_I0_aa	M0547	idf	4	1.2600	1.0000	0.7500	1.0000	430
mut_I0_aa	M0547	coverage	4	1.2600	1.0000	0.7500	1.0000	430
mut_I0_aa	M0508	idf	6	4.2800	1.0000	1.0000	1.0000	465
mut_I0_aa	M0508	coverage	6	4.2800	1.0000	0.1667	1.0000	465
mut_I0_aa	M0401	idf	392	2.2800	0.0000	0.0000	1.0000	495
mut_I0_aa	M0401	coverage	392	2.2800	0.0000	0.0000	1.0000	495
mut_I0_aa	M0755	idf	11	1.0500	1.0000	0.5455	1.0000	450
mut_I0_aa	M0755	coverage	11	1.0500	0.0000	0.0000	1.0000	450
mut_I0_aa	M0458	idf	25	1.5100	0.0000	0.0000	1.0000	424
mut_I0_aa	M0458	coverage	25	1.5100	1.0000	0.1600	1.0000	424
mut_I0_aa	M0314	idf	45	10.1300	0.0000	0.0000	1.0000	474
mut_I0_aa	M0314	coverage	45	10.1300	0.0000	0.0000	1.0000	474
mut_I0_aa	M0210	idf	220	2.2800	1.0000	0.0091	1.0000	464
mut_I0_aa	M0210	coverage	220	2.2800	0.0000	0.0000	1.0000	464
mut_I0_aa	M0154	idf	62	2.0500	0.0000	0.0000	1.0000	394
mut_I0_aa	M0154	coverage	62	2.0500	1.0000	0.8710	1.0000	394
mut_I0_aa	M0502	idf	20	5.5700	1.0000	0.2000	1.0000	465
mut_I0_aa	M0502	coverage	20	5.5700	0.0000	0.0000	1.0000	465
mut_I0_aa	M0031	idf	290	3.5200	1.0000	0.3483	1.0000	470
mut_I0_aa	M0031	coverage	290	3.5200	1.0000	0.5241	1.0000	470
mut_I0_aa	M0178	idf	273	4.6000	0.0000	0.0000	1.0000	421
mut_I0_aa	M0178	coverage	273	4.6000	1.0000	0.0256	1.0000	421
mut_I0_aa	M0019	idf	21	5.7900	0.0000	0.0000	1.0000	442
mut_I0_aa	M0019	coverage	21	5.7900	1.0000	0.9048	1.0000	442
mut_I0_aa	M0125	idf	19	5.1700	1.0000	0.8947	1.0000	432
mut_I0_aa	M0125	coverage	19	5.1700	1.0000	0.7368	1.0000	432
mut_I0_aa	M0181	idf	8	4.8500	1.0000	0.2500	1.0000	460
mut_I0_aa	M0181	coverage	8	4.8500	1.0000	0.1250	1.0000	460
mut_I0_aa	M0466	idf	6	4.9900	1.0000	0.6667	1.0000	456
mut_I0_aa	M0466	coverage	6	4.9900	0.0000	0.0000	1.0000	456
mut_I0_aa	M0058	idf	37	2.6000	1.0000	0.0270	1.0000	432
mut_I0_aa	M0058	coverage	37	2.6000	1.0000	0.0541	1.0000	432
mut_I0_aa	M0683	idf	27	3.2700	1.0000	0.8889	1.0000	450
mut_I0_aa	M0683	coverage	27	3.2700	1.0000	0.5556	1.0000	450
mut_I0_aa	M0925	idf	22	1.9000	0.0000	0.0000	1.0000	442
mut_I0_aa	M0925	coverage	22	1.9000	1.0000	0.0455	1.0000	442
mut_I0_aa	M0081	idf	9	3.9100	1.0000	0.4444	1.0000	451
mut_I0_aa	M0081	coverage	9	3.9100	0.0000	0.0000	1.0000	451
mut_I0_aa	M0090	idf	60	5.8500	1.0000	0.9500	1.0000	480
mut_I0_aa	M0090	coverage	60	5.8500	1.0000	0.1500	1.0000	480
mut_I0_aa	M0429	idf	47	2.8100	1.0000	0.3404	1.0000	451
mut_I0_aa	M0429	coverage	47	2.8100	1.0000	0.9362	1.0000	451
mut_I0_aa	M0447	idf	2	2.6200	0.0000	0.0000	1.0000	414
mut_I0_aa	M0447	coverage	2	2.6200	0.0000	0.0000	1.0000	414
mut_I0_aa	M0768	idf	19	3.0500	1.0000	0.5263	1.0000	436
mut_I0_aa	M0768	coverage	19	3.0500	1.0000	0.4737	1.0000	436
mut_I0_aa	M0261	idf	19	2.8800	1.0000	0.0526	1.0000	454
mut_I0_aa	M0261	coverage	19	2.8800	0.0000	0.0000	1.0000	454
mut_I0_aa	M0234	idf	8	3.3900	1.0000	0.5000	1.0000	441
mut_I0_aa	M0234	coverage	8	3.3900	0.0000	0.0000	1.0000	441
mut_I0_aa	M0958	idf	236	4.9400	0.0000	0.0000	1.0000	491
mut_I0_aa	M0958	coverage	236	4.9400	0.0000	0.0000	1.0000	491
mut_I0_aa	M0387	idf	2048	2.2800	1.0000	0.0220	1.0000	498
mut_I0_aa	M0387	coverage	2048	2.2800	1.0000	0.0142	1.0000	498
mut_I0_aa	M0520	idf	440	2.3900	0.0000	0.0000	1.0000	492
mut_I0_aa	M0520	coverage	440	2.3900	0.0000	0.0000	1.0000	492
mut_I0_aa	M0910	idf	7	2.4600	1.0000	0.8571	1.0000	435
mut_I0_aa	M0910	coverage	7	2.4600	1.0000	0.8571	1.0000	435
mut_I0_aa	M0398	idf	36	4.8000	1.0000	1.0000	1.0000	441
mut_I0_aa	M0398	coverage	36	4.8000	1.0000	0.6389	1.0000	441
mut_I0_aa	M0040	idf	52	2.1900	0.0000	0.0000	1.0000	443
mut_I0_aa	M0040	coverage	52	2.1900	0.0000	0.0000	1.0000	443
mut_I0_aa	M0808	idf	3	2.4800	1.0000	1.0000	1.0000	431
mut_I0_aa	M0808	coverage	3	2.4800	0.0000	0.0000	1.0000	431
mut_I0_aa	M0781	idf	6	2.5600	0.0000	0.0000	1.0000	438
mut_I0_aa	M0781	coverage	6	2.5600	1.0000	0.6667	1.0000	438
mut_I0_aa	M0410	idf	30	4.7500	0.0000	0.0000	1.0000	425
mut_I0_aa	M0410	coverage	30	4.7500	0.0000	0.0000	1.0000	425
mut_I0_aa	M0250	idf	14	2.4800	1.0000	0.7143	1.0000	448
mut_I0_aa	M0250	coverage	14	2.4800	1.0000	0.0714	1.0000	448
mut_I0_aa	M0748	idf	19	0.9400	1.0000	0.3684	1.0000	477
mut_I0_aa	M0748	coverage	19	0.9400	1.0000	1.0000	1.0000	477
mut_I0_aa	M0515	idf	20	4.4500	1.0000	0.1000	1.0000	449
mut_I0_aa	M0515	coverage	20	4.4500	1.0000	0.2500	1.0000	449
mut_I0_aa	M0920	idf	21	2.9600	0.0000	0.0000	1.0000	475
mut_I0_aa	M0920	coverage	21	2.9600	1.0000	0.2857	1.0000	475
mut_I0_aa	M0655	idf	6	1.5100	0.0000	0.0000	1.0000	438
mut_I0_aa	M0655	coverage	6	1.5100	0.0000	0.0000	1.0000	438
mut_I0_aa	M0227	idf	38	2.9700	1.0000	0.2105	1.0000	458
mut_I0_aa	M0227	coverage	38	2.9700	0.0000	0.0000	1.0000	458
mut_I0_aa	M0272	idf	35	5.1600	1.0000	0.0571	1.0000	441
mut_I0_aa	M0272	coverage	35	5.1600	1.0000	0.0857	1.0000	441
mut_I0_aa	M0093	idf	10	2.5700	0.0000	0.0000	1.0000	431
mut_I0_aa	M0093	coverage	10	2.5700	0.0000	0.0000	1.0000	431
mut_I0_aa	M0625	idf	5	2.2600	0.0000	0.0000	0.0000	457
mut_I0_aa	M0625	coverage	5	2.2600	0.0000	0.0000	0.0000	457
mut_I0_aa	M0321	idf	19	2.6100	1.0000	0.5263	1.0000	429
mut_I0_aa	M0321	coverage	19	2.6100	0.0000	0.0000	1.0000	429
mut_I0_aa	M0048	idf	98	4.3900	1.0000	0.3061	1.0000	439
mut_I0_aa	M0048	coverage	98	4.3900	1.0000	0.0204	1.0000	439
mut_I0_aa	M0043	idf	20	4.3200	1.0000	1.0000	1.0000	457
mut_I0_aa	M0043	coverage	20	4.3200	1.0000	0.6500	1.0000	457
mut_I0_aa	M0900	idf	441	1.5800	0.0000	0.0000	1.0000	497
mut_I0_aa	M0900	coverage	441	1.5800	0.0000	0.0000	1.0000	497
mut_I0_aa	M0857	idf	12	3.2200	1.0000	0.5000	1.0000	448
mut_I0_aa	M0857	coverage	12	3.2200	0.0000	0.0000	1.0000	448
mut_I0_aa	M0964	idf	68	2.4800	1.0000	0.1029	1.0000	408
mut_I0_aa	M0964	coverage	68	2.4800	0.0000	0.0000	1.0000	408
mut_I0_aa	M0131	idf	36	4.7700	1.0000	0.5000	1.0000	439
mut_I0_aa	M0131	coverage	36	4.7700	1.0000	0.9167	1.0000	439
mut_I0_aa	M0754	idf	9	1.2300	1.0000	0.3333	1.0000	450
mut_I0_aa	M0754	coverage	9	1.2300	1.0000	0.1111	1.0000	450
mut_I0_aa	M0313	idf	17	1.1000	0.0000	0.0000	1.0000	458
mut_I0_aa	M0313	coverage	17	1.1000	1.0000	0.8235	1.0000	458
mut_I0_aa	M0092	idf	41	3.7700	1.0000	0.2683	1.0000	432
mut_I0_aa	M0092	coverage	41	3.7700	1.0000	0.0244	1.0000	432
mut_I0_aa	M0108	idf	3	2.2400	0.0000	0.0000	1.0000	439
mut_I0_aa	M0108	coverage	3	2.2400	0.0000	0.0000	1.0000	439
mut_I0_aa	M0139	idf	76	3.0000	0.0000	0.0000	1.0000	432
mut_I0_aa	M0139	coverage	76	3.0000	1.0000	0.0132	1.0000	432
mut_I0_aa	M0235	idf	17	1.5400	0.0000	0.0000	1.0000	460
mut_I0_aa	M0235	coverage	17	1.5400	1.0000	0.2941	1.0000	460
mut_I0_aa	M0444	idf	83	2.2200	1.0000	0.5904	1.0000	456
mut_I0_aa	M0444	coverage	83	2.2200	1.0000	0.8434	1.0000	456
mut_I0_aa	M0623	idf	16	2.2500	1.0000	1.0000	1.0000	447
mut_I0_aa	M0623	coverage	16	2.2500	1.0000	0.8750	1.0000	447
mut_I0_aa	M0919	idf	18	2.5100	1.0000	0.3333	1.0000	421
mut_I0_aa	M0919	coverage	18	2.5100	1.0000	0.3889	1.0000	421
mut_I0_aa	M0369	idf	82	2.2800	1.0000	0.1829	1.0000	421
mut_I0_aa	M0369	coverage	82	2.2800	1.0000	0.0732	1.0000	421
mut_I0_aa	M0253	idf	212	4.5700	1.0000	0.7736	1.0000	455
mut_I0_aa	M0253	coverage	212	4.5700	1.0000	0.0425	1.0000	455
mut_I0_aa	M0254	idf	17	9.9200	1.0000	1.0000	1.0000	469
mut_I0_aa	M0254	coverage	17	9.9200	1.0000	0.7647	1.0000	469
mut_I0_aa	M0301	idf	51	2.2700	1.0000	0.0196	1.0000	428
mut_I0_aa	M0301	coverage	51	2.2700	0.0000	0.0000	1.0000	428
mut_I0_aa	M0674	idf	31	2.4700	1.0000	0.0323	1.0000	425
mut_I0_aa	M0674	coverage	31	2.4700	1.0000	0.1613	1.0000	425
mut_I0_aa	M0100	idf	360	3.0500	1.0000	0.0111	1.0000	441
mut_I0_aa	M0100	coverage	360	3.0500	0.0000	0.0000	1.0000	441
mut_I0_aa	M0231	idf	13	3.3900	1.0000	0.7692	1.0000	455
mut_I0_aa	M0231	coverage	13	3.3900	1.0000	0.2308	1.0000	455
mut_I0_aa	M0816	idf	238	1.3400	0.0000	0.0000	1.0000	420
mut_I0_aa	M0816	coverage	238	1.3400	0.0000	0.0000	1.0000	420
mut_I0_aa	M0472	idf	94	4.5800	1.0000	0.9681	1.0000	466
mut_I0_aa	M0472	coverage	94	4.5800	1.0000	0.4681	1.0000	466
mut_I0_aa	M0962	idf	134	4.3600	1.0000	0.0224	1.0000	492
mut_I0_aa	M0962	coverage	134	4.3600	1.0000	0.0299	1.0000	492
mut_I0_aa	M0795	idf	79	3.8400	1.0000	0.2025	1.0000	441
mut_I0_aa	M0795	coverage	79	3.8400	0.0000	0.0000	1.0000	441
mut_I0_aa	M0727	idf	22	4.8900	1.0000	0.2727	1.0000	443
mut_I0_aa	M0727	coverage	22	4.8900	1.0000	0.1818	1.0000	443
mut_I0_aa	M0497	idf	15	4.2900	1.0000	0.7333	1.0000	439
mut_I0_aa	M0497	coverage	15	4.2900	1.0000	0.1333	1.0000	439
mut_I0_aa	M0338	idf	23	1.7400	1.0000	0.2174	1.0000	447
mut_I0_aa	M0338	coverage	23	1.7400	1.0000	0.0870	1.0000	447
mut_I0_aa	M0947	idf	43	2.6000	1.0000	0.6279	1.0000	439
mut_I0_aa	M0947	coverage	43	2.6000	1.0000	0.5116	1.0000	439
mut_I0_aa	M0163	idf	47	1.7600	1.0000	0.5532	1.0000	433
mut_I0_aa	M0163	coverage	47	1.7600	1.0000	0.0426	1.0000	433
mut_I0_aa	M0959	idf	155	4.5000	0.0000	0.0000	1.0000	492
mut_I0_aa	M0959	coverage	155	4.5000	0.0000	0.0000	1.0000	492
mut_I0_aa	M0433	idf	210	1.3300	0.0000	0.0000	1.0000	390
mut_I0_aa	M0433	coverage	210	1.3300	1.0000	0.0048	1.0000	390
mut_I0_aa	M0416	idf	4	4.6000	1.0000	1.0000	1.0000	431
mut_I0_aa	M0416	coverage	4	4.6000	1.0000	1.0000	1.0000	431
mut_I0_aa	M0850	idf	31	2.1600	0.0000	0.0000	1.0000	423
mut_I0_aa	M0850	coverage	31	2.1600	1.0000	0.3548	1.0000	423
mut_I0_aa	M0454	idf	14	2.7900	1.0000	0.9286	1.0000	427
mut_I0_aa	M0454	coverage	14	2.7900	1.0000	0.7857	1.0000	427
mut_I0_aa	M0351	idf	24	2.9200	0.0000	0.0000	1.0000	435
mut_I0_aa	M0351	coverage	24	2.9200	1.0000	0.5833	1.0000	435
mut_I0_aa	M0425	idf	2084	1.5300	0.0000	0.0000	1.0000	450
mut_I0_aa	M0425	coverage	2084	1.5300	1.0000	0.0005	1.0000	450
mut_I0_aa	M0067	idf	39	2.1700	1.0000	0.1538	1.0000	445
mut_I0_aa	M0067	coverage	39	2.1700	0.0000	0.0000	1.0000	445
mut_I0_aa	M0550	idf	20	2.1000	0.0000	0.0000	1.0000	453
mut_I0_aa	M0550	coverage	20	2.1000	0.0000	0.0000	1.0000	453
mut_I0_aa	M0792	idf	10	1.2500	0.0000	0.0000	1.0000	437
mut_I0_aa	M0792	coverage	10	1.2500	0.0000	0.0000	1.0000	437
mut_I0_aa	M0961	idf	144	4.2600	0.0000	0.0000	1.0000	491
mut_I0_aa	M0961	coverage	144	4.2600	1.0000	0.0208	1.0000	491
mut_I0_aa	M0109	idf	207	3.4100	1.0000	0.5169	1.0000	450
mut_I0_aa	M0109	coverage	207	3.4100	1.0000	0.4928	1.0000	450
mut_I0_aa	M0257	idf	222	4.1400	1.0000	0.9279	1.0000	471
mut_I0_aa	M0257	coverage	222	4.1400	1.0000	0.9459	1.0000	471
mut_I0_aa	M0789	idf	51	1.9800	0.0000	0.0000	1.0000	446
mut_I0_aa	M0789	coverage	51	1.9800	1.0000	0.5098	1.0000	446
mut_I0_aa	M0363	idf	64	2.4500	0.0000	0.0000	1.0000	450
mut_I0_aa	M0363	coverage	64	2.4500	0.0000	0.0000	1.0000	450
mut_I0_aa	M0391	idf	14	1.5800	0.0000	0.0000	1.0000	467
mut_I0_aa	M0391	coverage	14	1.5800	0.0000	0.0000	1.0000	467
mut_I0_aa	M0826	idf	21	1.8500	0.0000	0.0000	1.0000	452
mut_I0_aa	M0826	coverage	21	1.8500	0.0000	0.0000	1.0000	452
mut_I0_aa	M0952	idf	5	1.3100	1.0000	0.6000	1.0000	433
mut_I0_aa	M0952	coverage	5	1.3100	1.0000	0.6000	1.0000	433
mut_I0_aa	M0117	idf	100	2.0600	0.0000	0.0000	1.0000	465
mut_I0_aa	M0117	coverage	100	2.0600	1.0000	0.0100	1.0000	465
mut_I0_aa	M0854	idf	122	2.5300	0.0000	0.0000	1.0000	455
mut_I0_aa	M0854	coverage	122	2.5300	1.0000	0.0574	1.0000	455
mut_I0_aa	M0881	idf	155	2.9800	1.0000	0.8516	1.0000	443
mut_I0_aa	M0881	coverage	155	2.9800	1.0000	0.7290	1.0000	443
mut_I0_aa	M0874	idf	1	1.9700	0.0000	0.0000	1.0000	420
mut_I0_aa	M0874	coverage	1	1.9700	0.0000	0.0000	1.0000	420
mut_I0_aa	M0597	idf	27	1.4900	1.0000	0.1111	1.0000	433
mut_I0_aa	M0597	coverage	27	1.4900	1.0000	0.3704	1.0000	433
mut_I0_aa	M0070	idf	159	2.3700	0.0000	0.0000	1.0000	430
mut_I0_aa	M0070	coverage	159	2.3700	1.0000	0.0126	1.0000	430
mut_I0_aa	M0423	idf	94	2.7300	0.0000	0.0000	1.0000	453
mut_I0_aa	M0423	coverage	94	2.7300	1.0000	0.0213	1.0000	453
mut_I0_aa	M0266	idf	35	2.7600	1.0000	0.6286	1.0000	459
mut_I0_aa	M0266	coverage	35	2.7600	1.0000	0.2857	1.0000	459
mut_I0_aa	M0262	idf	19	4.1400	1.0000	1.0000	1.0000	450
mut_I0_aa	M0262	coverage	19	4.1400	1.0000	0.9474	1.0000	450
mut_I0_aa	M0806	idf	3	1.2900	0.0000	0.0000	1.0000	477
mut_I0_aa	M0806	coverage	3	1.2900	1.0000	0.3333	1.0000	477
mut_I0_aa	M0937	idf	31	2.3700	0.0000	0.0000	1.0000	431
mut_I0_aa	M0937	coverage	31	2.3700	1.0000	0.2903	1.0000	431
mut_I0_aa	M0066	idf	57	2.2400	1.0000	0.0877	1.0000	433
mut_I0_aa	M0066	coverage	57	2.2400	1.0000	0.3684	1.0000	433
mut_I0_aa	M0462	idf	48	2.5500	1.0000	0.8958	1.0000	445
mut_I0_aa	M0462	coverage	48	2.5500	1.0000	0.7708	1.0000	445
mut_I0_aa	M0380	idf	21	3.1000	1.0000	0.1905	1.0000	442
mut_I0_aa	M0380	coverage	21	3.1000	1.0000	0.3810	1.0000	442
mut_I0_aa	M0403	idf	16	2.5900	1.0000	0.5625	1.0000	475
mut_I0_aa	M0403	coverage	16	2.5900	1.0000	0.3125	1.0000	475
mut_I0_aa	M0141	idf	25	10.1900	1.0000	0.1200	1.0000	457
mut_I0_aa	M0141	coverage	25	10.1900	1.0000	0.1200	1.0000	457
mut_I0_aa	M0237	idf	555	2.5700	0.0000	0.0000	1.0000	433
mut_I0_aa	M0237	coverage	555	2.5700	0.0000	0.0000	1.0000	433
mut_I0_aa	M0642	idf	24	2.3700	1.0000	0.1667	1.0000	439
mut_I0_aa	M0642	coverage	24	2.3700	1.0000	0.0417	1.0000	439
mut_I0_aa	M0142	idf	13	2.5400	1.0000	0.0769	1.0000	447
mut_I0_aa	M0142	coverage	13	2.5400	1.0000	0.3077	1.0000	447
mut_I0_aa	M0798	idf	2073	2.4700	0.0000	0.0000	1.0000	498
mut_I0_aa	M0798	coverage	2073	2.4700	0.0000	0.0000	1.0000	498
mut_I0_aa	M0574	idf	111	4.4900	1.0000	0.3333	1.0000	459
mut_I0_aa	M0574	coverage	111	4.4900	1.0000	0.4414	1.0000	459
mut_I0_aa	M0663	idf	96	1.6400	1.0000	0.0833	1.0000	437
mut_I0_aa	M0663	coverage	96	1.6400	1.0000	0.1354	1.0000	437
mut_I0_aa	M0348	idf	165	5.2700	0.0000	0.0000	1.0000	494
mut_I0_aa	M0348	coverage	165	5.2700	0.0000	0.0000	1.0000	494
mut_I0_aa	M0353	idf	11	1.4300	0.0000	0.0000	1.0000	441
mut_I0_aa	M0353	coverage	11	1.4300	1.0000	0.8182	1.0000	441
mut_I0_aa	M0028	idf	19	3.4800	1.0000	1.0000	1.0000	449
mut_I0_aa	M0028	coverage	19	3.4800	1.0000	1.0000	1.0000	449
mut_I0_aa	M0308	idf	172	4.9100	1.0000	1.0000	1.0000	469
mut_I0_aa	M0308	coverage	172	4.9100	1.0000	0.8488	1.0000	469
mut_I0_aa	M0860	idf	6	3.1800	0.0000	0.0000	1.0000	468
mut_I0_aa	M0860	coverage	6	3.1800	1.0000	0.3333	1.0000	468
mut_I0_aa	M0188	idf	117	2.0600	0.0000	0.0000	1.0000	432
mut_I0_aa	M0188	coverage	117	2.0600	1.0000	0.0427	1.0000	432
mut_I0_aa	M0003	idf	94	1.6100	0.0000	0.0000	1.0000	443
mut_I0_aa	M0003	coverage	94	1.6100	0.0000	0.0000	1.0000	443
mut_I0_aa	M0906	idf	265	1.0800	0.0000	0.0000	1.0000	490
mut_I0_aa	M0906	coverage	265	1.0800	1.0000	0.6717	1.0000	490
mut_I0_aa	M0590	idf	19	2.0800	1.0000	0.0526	1.0000	437
mut_I0_aa	M0590	coverage	19	2.0800	1.0000	0.1053	1.0000	437
mut_I0_aa	M0293	idf	60	2.1000	1.0000	0.2500	1.0000	438
mut_I0_aa	M0293	coverage	60	2.1000	1.0000	0.3500	1.0000	438
mut_I0_aa	M0651	idf	56	1.1900	0.0000	0.0000	1.0000	448
mut_I0_aa	M0651	coverage	56	1.1900	0.0000	0.0000	1.0000	448
mut_I0_aa	M0297	idf	17	0.8800	0.0000	0.0000	1.0000	447
mut_I0_aa	M0297	coverage	17	0.8800	0.0000	0.0000	1.0000	447
mut_I0_aa	M0194	idf	63	4.4200	1.0000	0.8889	1.0000	438
mut_I0_aa	M0194	coverage	63	4.4200	1.0000	0.1746	1.0000	438
mut_I0_aa	M0589	idf	26	1.4700	1.0000	0.0385	1.0000	404
mut_I0_aa	M0589	coverage	26	1.4700	0.0000	0.0000	1.0000	404
mut_I0_aa	M0669	idf	10	2.0500	1.0000	0.1000	1.0000	437
mut_I0_aa	M0669	coverage	10	2.0500	0.0000	0.0000	1.0000	437
mut_I0_aa	M0742	idf	2	2.4800	1.0000	1.0000	1.0000	412
mut_I0_aa	M0742	coverage	2	2.4800	0.0000	0.0000	1.0000	412
mut_I0_aa	M0298	idf	164	2.4200	0.0000	0.0000	1.0000	465
mut_I0_aa	M0298	coverage	164	2.4200	0.0000	0.0000	1.0000	465
mut_I0_aa	M0440	idf	43	2.7900	1.0000	0.4186	1.0000	454
mut_I0_aa	M0440	coverage	43	2.7900	0.0000	0.0000	1.0000	454
mut_I0_aa	M0386	idf	4	4.4700	1.0000	1.0000	1.0000	442
mut_I0_aa	M0386	coverage	4	4.4700	1.0000	1.0000	1.0000	442
mut_I0_aa	M0087	idf	50	4.5600	1.0000	1.0000	1.0000	465
mut_I0_aa	M0087	coverage	50	4.5600	1.0000	0.2800	1.0000	465
mut_I0_sens	M0346	idf	37	0.4300	1.0000	0.0270	1.0000	484
mut_I0_sens	M0346	coverage	37	0.4300	0.0000	0.0000	1.0000	484
mut_I0_sens	M0376	idf	41	0.7000	1.0000	0.7073	1.0000	417
mut_I0_sens	M0376	coverage	41	0.7000	0.0000	0.0000	1.0000	417
mut_I0_sens	M0431	idf	3	0.5200	1.0000	1.0000	1.0000	393
mut_I0_sens	M0431	coverage	3	0.5200	0.0000	0.0000	1.0000	393
mut_I0_sens	M0243	idf	11	0.6600	1.0000	1.0000	1.0000	449
mut_I0_sens	M0243	coverage	11	0.6600	0.0000	0.0000	1.0000	449
mut_I0_sens	M0294	idf	108	1.2000	1.0000	0.0278	1.0000	449
mut_I0_sens	M0294	coverage	108	1.2000	0.0000	0.0000	1.0000	449
mut_I0_sens	M0895	idf	121	0.3000	1.0000	0.0083	1.0000	463
mut_I0_sens	M0895	coverage	121	0.3000	0.0000	0.0000	1.0000	463
mut_I0_sens	M0104	idf	4	0.7200	1.0000	1.0000	1.0000	400
mut_I0_sens	M0104	coverage	4	0.7200	0.0000	0.0000	1.0000	400
mut_I0_sens	M0869	idf	5	0.2800	0.0000	0.0000	1.0000	485
mut_I0_sens	M0869	coverage	5	0.2800	1.0000	0.2000	1.0000	485
mut_I0_sens	M0075	idf	2	0.7700	1.0000	1.0000	1.0000	463
mut_I0_sens	M0075	coverage	2	0.7700	0.0000	0.0000	1.0000	463
mut_I0_sens	M0134	idf	55	0.4300	1.0000	0.9636	1.0000	486
mut_I0_sens	M0134	coverage	55	0.4300	0.0000	0.0000	1.0000	486
mut_I0_sens	M0206	idf	75	0.7000	1.0000	0.6800	1.0000	466
mut_I0_sens	M0206	coverage	75	0.7000	0.0000	0.0000	1.0000	466
mut_I0_sens	M0044	idf	67	1.0300	1.0000	0.9701	1.0000	408
mut_I0_sens	M0044	coverage	67	1.0300	1.0000	0.0299	1.0000	408
mut_I0_sens	M0484	idf	100	1.0700	1.0000	1.0000	1.0000	424
mut_I0_sens	M0484	coverage	100	1.0700	1.0000	0.6500	1.0000	424
mut_I0_sens	M0334	idf	22	0.5300	1.0000	0.5455	1.0000	493
mut_I0_sens	M0334	coverage	22	0.5300	1.0000	0.2727	1.0000	493
mut_I0_sens	M0412	idf	5	0.6100	1.0000	0.6000	1.0000	480
mut_I0_sens	M0412	coverage	5	0.6100	0.0000	0.0000	1.0000	480
mut_I0_sens	M0931	idf	70	0.4200	1.0000	0.0143	1.0000	488
mut_I0_sens	M0931	coverage	70	0.4200	1.0000	0.6857	1.0000	488
mut_I0_sens	M0118	idf	106	0.3500	0.0000	0.0000	1.0000	471
mut_I0_sens	M0118	coverage	106	0.3500	0.0000	0.0000	1.0000	471
mut_I0_sens	M0752	idf	8	0.1500	1.0000	0.6250	1.0000	464
mut_I0_sens	M0752	coverage	8	0.1500	1.0000	0.5000	1.0000	464
mut_I0_sens	M0428	idf	10	0.6500	1.0000	1.0000	1.0000	465
mut_I0_sens	M0428	coverage	10	0.6500	0.0000	0.0000	1.0000	465
mut_I0_sens	M0771	idf	213	0.2700	1.0000	0.0516	1.0000	486
mut_I0_sens	M0771	coverage	213	0.2700	1.0000	0.0047	1.0000	486
mut_I0_sens	M0658	idf	12	0.3900	0.0000	0.0000	1.0000	472
mut_I0_sens	M0658	coverage	12	0.3900	1.0000	0.0833	1.0000	472
mut_I0_sens	M0311	idf	78	1.0300	1.0000	1.0000	1.0000	488
mut_I0_sens	M0311	coverage	78	1.0300	0.0000	0.0000	1.0000	488
mut_I0_sens	M0600	idf	78	0.5900	1.0000	0.1538	1.0000	444
mut_I0_sens	M0600	coverage	78	0.5900	1.0000	0.1795	1.0000	444
mut_I0_sens	M0565	idf	13	0.1100	0.0000	0.0000	1.0000	206
mut_I0_sens	M0565	coverage	13	0.1100	0.0000	0.0000	1.0000	206
mut_I0_sens	M0085	idf	11	0.5100	1.0000	0.9091	1.0000	457
mut_I0_sens	M0085	coverage	11	0.5100	0.0000	0.0000	1.0000	457
mut_I0_sens	M0488	idf	6	0.8100	1.0000	1.0000	1.0000	463
mut_I0_sens	M0488	coverage	6	0.8100	0.0000	0.0000	1.0000	463
mut_I0_sens	M0076	idf	97	0.3200	0.0000	0.0000	1.0000	496
mut_I0_sens	M0076	coverage	97	0.3200	0.0000	0.0000	1.0000	496
mut_I0_sens	M0175	idf	826	0.3500	0.0000	0.0000	1.0000	500
mut_I0_sens	M0175	coverage	826	0.3500	1.0000	0.6005	1.0000	500
mut_I0_sens	M0107	idf	7	0.7000	1.0000	0.4286	1.0000	477
mut_I0_sens	M0107	coverage	7	0.7000	0.0000	0.0000	1.0000	477
mut_I0_sens	M0201	idf	38	0.3800	0.0000	0.0000	1.0000	470
mut_I0_sens	M0201	coverage	38	0.3800	0.0000	0.0000	1.0000	470
mut_I0_sens	M0383	idf	124	1.0400	0.0000	0.0000	1.0000	443
mut_I0_sens	M0383	coverage	124	1.0400	1.0000	0.0645	1.0000	443
mut_I0_sens	M0111	idf	10	1.1700	1.0000	0.4000	1.0000	441
mut_I0_sens	M0111	coverage	10	1.1700	0.0000	0.0000	1.0000	441
mut_I0_sens	M0634	idf	9	0.6900	1.0000	1.0000	1.0000	455
mut_I0_sens	M0634	coverage	9	0.6900	1.0000	1.0000	1.0000	455
mut_I0_sens	M0609	idf	81	0.5500	1.0000	0.0741	1.0000	493
mut_I0_sens	M0609	coverage	81	0.5500	0.0000	0.0000	1.0000	493
mut_I0_sens	M0228	idf	119	0.4600	1.0000	0.1092	1.0000	442
mut_I0_sens	M0228	coverage	119	0.4600	0.0000	0.0000	1.0000	442
mut_I0_sens	M0636	idf	16	0.4600	1.0000	0.6250	1.0000	475
mut_I0_sens	M0636	coverage	16	0.4600	0.0000	0.0000	1.0000	475
mut_I0_sens	M0908	idf	78	0.3100	0.0000	0.0000	1.0000	458
mut_I0_sens	M0908	coverage	78	0.3100	1.0000	0.0128	1.0000	458
mut_I0_sens	M0564	idf	357	0.4900	0.0000	0.0000	1.0000	468
mut_I0_sens	M0564	coverage	357	0.4900	0.0000	0.0000	1.0000	468
mut_I0_sens	M0616	idf	5	0.4300	1.0000	1.0000	1.0000	477
mut_I0_sens	M0616	coverage	5	0.4300	0.0000	0.0000	1.0000	477
mut_I0_sens	M0453	idf	61	0.7500	1.0000	0.3934	1.0000	487
mut_I0_sens	M0453	coverage	61	0.7500	0.0000	0.0000	1.0000	487
mut_I0_sens	M0510	idf	62	0.5700	1.0000	0.9032	1.0000	484
mut_I0_sens	M0510	coverage	62	0.5700	0.0000	0.0000	1.0000	484
mut_I0_sens	M0216	idf	1150	0.5500	1.0000	0.4339	1.0000	499
mut_I0_sens	M0216	coverage	1150	0.5500	1.0000	0.4339	1.0000	499
mut_I0_sens	M0448	idf	7	0.2400	0.0000	0.0000	0.0000	497
mut_I0_sens	M0448	coverage	7	0.2400	0.0000	0.0000	0.0000	497
mut_I0_sens	M0732	idf	18	0.5400	0.0000	0.0000	1.0000	492
mut_I0_sens	M0732	coverage	18	0.5400	1.0000	0.0556	1.0000	492
mut_I0_sens	M0734	idf	5	0.3000	0.0000	0.0000	1.0000	499
mut_I0_sens	M0734	coverage	5	0.3000	0.0000	0.0000	1.0000	499
mut_I0_sens	M0456	idf	17	0.2900	0.0000	0.0000	1.0000	488
mut_I0_sens	M0456	coverage	17	0.2900	0.0000	0.0000	1.0000	488
mut_I0_sens	M0278	idf	74	0.2300	1.0000	0.8919	1.0000	488
mut_I0_sens	M0278	coverage	74	0.2300	0.0000	0.0000	1.0000	488
mut_I0_sens	M0682	idf	290	0.2600	0.0000	0.0000	1.0000	496
mut_I0_sens	M0682	coverage	290	0.2600	1.0000	0.5448	1.0000	496
mut_I0_sens	M0381	idf	68	0.2100	0.0000	0.0000	1.0000	485
mut_I0_sens	M0381	coverage	68	0.2100	0.0000	0.0000	1.0000	485
mut_I0_sens	M0759	idf	73	0.5300	0.0000	0.0000	1.0000	421
mut_I0_sens	M0759	coverage	73	0.5300	0.0000	0.0000	1.0000	421
mut_I0_sens	M0916	idf	1	0.4500	1.0000	1.0000	1.0000	483
mut_I0_sens	M0916	coverage	1	0.4500	0.0000	0.0000	1.0000	483
mut_I0_sens	M0122	idf	21	0.5700	1.0000	0.6667	1.0000	459
mut_I0_sens	M0122	coverage	21	0.5700	0.0000	0.0000	1.0000	459
mut_I0_sens	M0435	idf	17	2.3200	1.0000	0.3529	1.0000	443
mut_I0_sens	M0435	coverage	17	2.3200	0.0000	0.0000	1.0000	443
mut_I0_sens	M0519	idf	16	1.0500	1.0000	1.0000	1.0000	440
mut_I0_sens	M0519	coverage	16	1.0500	0.0000	0.0000	1.0000	440
mut_I0_sens	M0506	idf	113	0.3000	1.0000	0.4690	1.0000	490
mut_I0_sens	M0506	coverage	113	0.3000	0.0000	0.0000	1.0000	490
mut_I0_sens	M0357	idf	5	0.3300	0.0000	0.0000	1.0000	489
mut_I0_sens	M0357	coverage	5	0.3300	0.0000	0.0000	1.0000	489
mut_I0_sens	M0414	idf	82	0.4100	1.0000	0.6829	1.0000	496
mut_I0_sens	M0414	coverage	82	0.4100	0.0000	0.0000	1.0000	496
mut_I0_sens	M0096	idf	23	0.5100	0.0000	0.0000	1.0000	481
mut_I0_sens	M0096	coverage	23	0.5100	0.0000	0.0000	1.0000	481
mut_I0_sens	M0885	idf	15	0.9800	1.0000	0.7333	1.0000	473
mut_I0_sens	M0885	coverage	15	0.9800	0.0000	0.0000	1.0000	473
mut_I0_sens	M0738	idf	15	0.5500	1.0000	1.0000	1.0000	449
mut_I0_sens	M0738	coverage	15	0.5500	1.0000	0.2667	1.0000	449
mut_I0_sens	M0545	idf	19	0.6400	0.0000	0.0000	1.0000	463
mut_I0_sens	M0545	coverage	19	0.6400	0.0000	0.0000	1.0000	463
mut_I0_sens	M0815	idf	238	0.3200	1.0000	0.3655	1.0000	474
mut_I0_sens	M0815	coverage	238	0.3200	1.0000	0.0336	1.0000	474
mut_I0_sens	M0077	idf	101	0.6500	1.0000	0.0297	1.0000	476
mut_I0_sens	M0077	coverage	101	0.6500	1.0000	0.3465	1.0000	476
mut_I0_sens	M0851	idf	22	0.3100	0.0000	0.0000	0.0000	492
mut_I0_sens	M0851	coverage	22	0.3100	0.0000	0.0000	0.0000	492
mut_I0_sens	M0862	idf	17	0.4300	0.0000	0.0000	1.0000	434
mut_I0_sens	M0862	coverage	17	0.4300	0.0000	0.0000	1.0000	434
mut_I0_sens	M0736	idf	3	0.5400	0.0000	0.0000	1.0000	471
mut_I0_sens	M0736	coverage	3	0.5400	0.0000	0.0000	1.0000	471
mut_I0_sens	M0819	idf	25	0.3800	0.0000	0.0000	1.0000	470
mut_I0_sens	M0819	coverage	25	0.3800	1.0000	0.6400	1.0000	470
mut_I0_sens	M0822	idf	2	0.4800	1.0000	0.5000	1.0000	493
mut_I0_sens	M0822	coverage	2	0.4800	1.0000	0.5000	1.0000	493
mut_I0_sens	M0136	idf	9	0.5500	1.0000	0.8889	1.0000	425
mut_I0_sens	M0136	coverage	9	0.5500	0.0000	0.0000	1.0000	425
mut_I0_sens	M0054	idf	44	0.2300	0.0000	0.0000	1.0000	355
mut_I0_sens	M0054	coverage	44	0.2300	0.0000	0.0000	1.0000	355
mut_I0_sens	M0612	idf	82	0.5800	0.0000	0.0000	1.0000	489
mut_I0_sens	M0612	coverage	82	0.5800	0.0000	0.0000	1.0000	489
mut_I0_sens	M0010	idf	13	0.4800	1.0000	1.0000	1.0000	498
mut_I0_sens	M0010	coverage	13	0.4800	1.0000	0.9231	1.0000	498
mut_I0_sens	M0709	idf	289	0.5100	1.0000	0.0311	1.0000	488
mut_I0_sens	M0709	coverage	289	0.5100	1.0000	0.0277	1.0000	488
mut_I0_sens	M0940	idf	104	0.8700	0.0000	0.0000	1.0000	488
mut_I0_sens	M0940	coverage	104	0.8700	0.0000	0.0000	1.0000	488
mut_I0_sens	M0172	idf	12	0.8200	1.0000	0.5000	1.0000	441
mut_I0_sens	M0172	coverage	12	0.8200	1.0000	0.5000	1.0000	441
mut_I0_sens	M0693	idf	362	0.3100	0.0000	0.0000	1.0000	491
mut_I0_sens	M0693	coverage	362	0.3100	0.0000	0.0000	1.0000	491
mut_I0_sens	M0159	idf	148	0.9500	1.0000	0.8716	1.0000	465
mut_I0_sens	M0159	coverage	148	0.9500	1.0000	0.1081	1.0000	465
mut_I0_sens	M0835	idf	9	0.5900	0.0000	0.0000	1.0000	448
mut_I0_sens	M0835	coverage	9	0.5900	0.0000	0.0000	1.0000	448
mut_I0_sens	M0810	idf	37	0.6100	1.0000	0.5946	1.0000	482
mut_I0_sens	M0810	coverage	37	0.6100	1.0000	0.0270	1.0000	482
mut_I0_sens	M0434	idf	12	0.8100	1.0000	1.0000	1.0000	478
mut_I0_sens	M0434	coverage	12	0.8100	0.0000	0.0000	1.0000	478
mut_I0_sens	M0653	idf	23	0.4900	1.0000	0.0435	1.0000	429
mut_I0_sens	M0653	coverage	23	0.4900	0.0000	0.0000	1.0000	429
mut_I0_sens	M0205	idf	259	0.9700	1.0000	0.9537	1.0000	468
mut_I0_sens	M0205	coverage	259	0.9700	0.0000	0.0000	1.0000	468
mut_I0_sens	M0939	idf	13	0.1300	1.0000	0.4615	1.0000	404
mut_I0_sens	M0939	coverage	13	0.1300	1.0000	0.4615	1.0000	404
mut_I0_sens	M0918	idf	65	1.0400	0.0000	0.0000	1.0000	445
mut_I0_sens	M0918	coverage	65	1.0400	1.0000	0.0308	1.0000	445
mut_I0_sens	M0858	idf	351	0.5500	1.0000	0.3789	1.0000	484
mut_I0_sens	M0858	coverage	351	0.5500	1.0000	0.0342	1.0000	484
mut_I0_sens	M0420	idf	17	0.2900	0.0000	0.0000	1.0000	494
mut_I0_sens	M0420	coverage	17	0.2900	0.0000	0.0000	1.0000	494
mut_I0_sens	M0879	idf	15	0.4800	0.0000	0.0000	0.0000	493
mut_I0_sens	M0879	coverage	15	0.4800	0.0000	0.0000	0.0000	493
mut_I0_sens	M0371	idf	122	0.4800	0.0000	0.0000	1.0000	397
mut_I0_sens	M0371	coverage	122	0.4800	0.0000	0.0000	1.0000	397
mut_I0_sens	M0020	idf	115	0.9000	0.0000	0.0000	1.0000	463
mut_I0_sens	M0020	coverage	115	0.9000	0.0000	0.0000	1.0000	463
mut_I0_sens	M0855	idf	38	0.5200	1.0000	0.3158	1.0000	493
mut_I0_sens	M0855	coverage	38	0.5200	0.0000	0.0000	1.0000	493
mut_I0_sens	M0957	idf	186	0.6100	0.0000	0.0000	1.0000	492
mut_I0_sens	M0957	coverage	186	0.6100	0.0000	0.0000	1.0000	492
mut_I0_sens	M0505	idf	27	0.5200	1.0000	0.1111	1.0000	485
mut_I0_sens	M0505	coverage	27	0.5200	1.0000	0.0741	1.0000	485
mut_I0_sens	M0477	idf	70	0.3200	1.0000	0.2714	1.0000	490
mut_I0_sens	M0477	coverage	70	0.3200	1.0000	0.0429	1.0000	490
mut_I0_sens	M0829	idf	6	0.5700	0.0000	0.0000	1.0000	483
mut_I0_sens	M0829	coverage	6	0.5700	0.0000	0.0000	1.0000	483
mut_I0_sens	M0884	idf	19	0.4800	1.0000	0.3684	1.0000	481
mut_I0_sens	M0884	coverage	19	0.4800	0.0000	0.0000	1.0000	481
mut_I0_sens	M0384	idf	67	0.3500	1.0000	0.1343	1.0000	479
mut_I0_sens	M0384	coverage	67	0.3500	0.0000	0.0000	1.0000	479
mut_I0_sens	M0065	idf	53	0.5600	1.0000	0.4151	1.0000	480
mut_I0_sens	M0065	coverage	53	0.5600	1.0000	0.2264	1.0000	480
mut_I0_sens	M0123	idf	2	1.0800	1.0000	1.0000	1.0000	412
mut_I0_sens	M0123	coverage	2	1.0800	0.0000	0.0000	1.0000	412
mut_I0_sens	M0580	idf	9	0.3300	1.0000	0.3333	1.0000	494
mut_I0_sens	M0580	coverage	9	0.3300	0.0000	0.0000	1.0000	494
mut_I0_sens	M0033	idf	14	0.6000	1.0000	0.5000	1.0000	492
mut_I0_sens	M0033	coverage	14	0.6000	0.0000	0.0000	1.0000	492
mut_I0_sens	M0281	idf	1	1.0600	1.0000	1.0000	1.0000	447
mut_I0_sens	M0281	coverage	1	1.0600	0.0000	0.0000	1.0000	447
mut_I0_sens	M0544	idf	12	0.4600	1.0000	0.1667	1.0000	485
mut_I0_sens	M0544	coverage	12	0.4600	0.0000	0.0000	1.0000	485
mut_I0_sens	M0212	idf	83	2.0100	1.0000	0.0120	1.0000	457
mut_I0_sens	M0212	coverage	83	2.0100	0.0000	0.0000	1.0000	457
mut_I0_sens	M0426	idf	18	0.4300	1.0000	0.9444	1.0000	483
mut_I0_sens	M0426	coverage	18	0.4300	1.0000	0.0556	1.0000	483
mut_I0_sens	M0905	idf	198	0.3000	0.0000	0.0000	1.0000	449
mut_I0_sens	M0905	coverage	198	0.3000	0.0000	0.0000	1.0000	449
mut_I0_sens	M0843	idf	14	0.2300	0.0000	0.0000	1.0000	475
mut_I0_sens	M0843	coverage	14	0.2300	0.0000	0.0000	1.0000	475
mut_I0_sens	M0263	idf	24	0.5900	0.0000	0.0000	1.0000	386
mut_I0_sens	M0263	coverage	24	0.5900	1.0000	0.5000	1.0000	386
mut_I0_sens	M0697	idf	155	0.3900	0.0000	0.0000	1.0000	464
mut_I0_sens	M0697	coverage	155	0.3900	1.0000	0.0323	1.0000	464
mut_I0_sens	M0260	idf	21	0.6000	1.0000	0.9048	1.0000	483
mut_I0_sens	M0260	coverage	21	0.6000	0.0000	0.0000	1.0000	483
mut_I0_sens	M0379	idf	41	0.9900	1.0000	1.0000	1.0000	442
mut_I0_sens	M0379	coverage	41	0.9900	0.0000	0.0000	1.0000	442
mut_I0_sens	M0377	idf	189	0.7600	0.0000	0.0000	1.0000	491
mut_I0_sens	M0377	coverage	189	0.7600	0.0000	0.0000	1.0000	491
mut_I0_sens	M0547	idf	4	0.3300	1.0000	0.7500	1.0000	480
mut_I0_sens	M0547	coverage	4	0.3300	0.0000	0.0000	1.0000	480
mut_I0_sens	M0508	idf	6	0.6400	1.0000	1.0000	1.0000	483
mut_I0_sens	M0508	coverage	6	0.6400	1.0000	0.1667	1.0000	483
mut_I0_sens	M0401	idf	392	0.5000	0.0000	0.0000	1.0000	473
mut_I0_sens	M0401	coverage	392	0.5000	0.0000	0.0000	1.0000	473
mut_I0_sens	M0755	idf	11	0.3200	1.0000	0.9091	1.0000	495
mut_I0_sens	M0755	coverage	11	0.3200	0.0000	0.0000	1.0000	495
mut_I0_sens	M0458	idf	25	0.2400	0.0000	0.0000	1.0000	463
mut_I0_sens	M0458	coverage	25	0.2400	0.0000	0.0000	1.0000	463
mut_I0_sens	M0314	idf	45	1.8400	1.0000	0.1111	1.0000	421
mut_I0_sens	M0314	coverage	45	1.8400	0.0000	0.0000	1.0000	421
mut_I0_sens	M0210	idf	220	0.5200	1.0000	0.0091	1.0000	441
mut_I0_sens	M0210	coverage	220	0.5200	1.0000	0.0045	1.0000	441
mut_I0_sens	M0154	idf	62	0.2700	0.0000	0.0000	1.0000	481
mut_I0_sens	M0154	coverage	62	0.2700	0.0000	0.0000	1.0000	481
mut_I0_sens	M0502	idf	20	1.2500	1.0000	0.2000	1.0000	424
mut_I0_sens	M0502	coverage	20	1.2500	0.0000	0.0000	1.0000	424
mut_I0_sens	M0031	idf	290	0.6200	1.0000	0.7103	1.0000	444
mut_I0_sens	M0031	coverage	290	0.6200	1.0000	0.0069	1.0000	444
mut_I0_sens	M0178	idf	273	0.6800	0.0000	0.0000	1.0000	474
mut_I0_sens	M0178	coverage	273	0.6800	0.0000	0.0000	1.0000	474
mut_I0_sens	M0019	idf	21	0.6800	1.0000	0.8095	1.0000	465
mut_I0_sens	M0019	coverage	21	0.6800	0.0000	0.0000	1.0000	465
mut_I0_sens	M0125	idf	19	0.7700	1.0000	0.8947	1.0000	461
mut_I0_sens	M0125	coverage	19	0.7700	1.0000	0.6316	1.0000	461
mut_I0_sens	M0181	idf	8	0.8700	1.0000	0.8750	1.0000	443
mut_I0_sens	M0181	coverage	8	0.8700	0.0000	0.0000	1.0000	443
mut_I0_sens	M0466	idf	6	1.1300	1.0000	0.5000	1.0000	470
mut_I0_sens	M0466	coverage	6	1.1300	0.0000	0.0000	1.0000	470
mut_I0_sens	M0058	idf	37	0.4000	0.0000	0.0000	1.0000	491
mut_I0_sens	M0058	coverage	37	0.4000	0.0000	0.0000	1.0000	491
mut_I0_sens	M0683	idf	27	0.5700	1.0000	0.9259	1.0000	461
mut_I0_sens	M0683	coverage	27	0.5700	0.0000	0.0000	1.0000	461
mut_I0_sens	M0925	idf	22	0.3200	0.0000	0.0000	1.0000	488
mut_I0_sens	M0925	coverage	22	0.3200	0.0000	0.0000	1.0000	488
mut_I0_sens	M0081	idf	9	0.5500	1.0000	0.5556	1.0000	489
mut_I0_sens	M0081	coverage	9	0.5500	0.0000	0.0000	1.0000	489
mut_I0_sens	M0090	idf	60	1.1100	1.0000	0.9833	1.0000	436
mut_I0_sens	M0090	coverage	60	1.1100	0.0000	0.0000	1.0000	436
mut_I0_sens	M0429	idf	47	0.5500	1.0000	0.7872	1.0000	448
mut_I0_sens	M0429	coverage	47	0.5500	0.0000	0.0000	1.0000	448
mut_I0_sens	M0447	idf	2	0.5400	1.0000	0.5000	1.0000	476
mut_I0_sens	M0447	coverage	2	0.5400	0.0000	0.0000	1.0000	476
mut_I0_sens	M0768	idf	19	0.6300	1.0000	0.7895	1.0000	485
mut_I0_sens	M0768	coverage	19	0.6300	1.0000	0.5263	1.0000	485
mut_I0_sens	M0261	idf	19	0.5900	1.0000	0.0526	1.0000	383
mut_I0_sens	M0261	coverage	19	0.5900	0.0000	0.0000	1.0000	383
mut_I0_sens	M0234	idf	8	0.6300	1.0000	0.7500	1.0000	485
mut_I0_sens	M0234	coverage	8	0.6300	0.0000	0.0000	1.0000	485
mut_I0_sens	M0958	idf	236	0.5700	0.0000	0.0000	1.0000	492
mut_I0_sens	M0958	coverage	236	0.5700	0.0000	0.0000	1.0000	492
mut_I0_sens	M0387	idf	2048	0.5800	1.0000	0.0269	1.0000	492
mut_I0_sens	M0387	coverage	2048	0.5800	1.0000	0.0005	1.0000	492
mut_I0_sens	M0520	idf	440	0.5800	1.0000	0.4045	1.0000	497
mut_I0_sens	M0520	coverage	440	0.5800	0.0000	0.0000	1.0000	497
mut_I0_sens	M0910	idf	7	0.3700	1.0000	1.0000	1.0000	468
mut_I0_sens	M0910	coverage	7	0.3700	0.0000	0.0000	1.0000	468
mut_I0_sens	M0398	idf	36	0.7600	1.0000	1.0000	1.0000	477
mut_I0_sens	M0398	coverage	36	0.7600	0.0000	0.0000	1.0000	477
mut_I0_sens	M0040	idf	52	0.4500	0.0000	0.0000	1.0000	445
mut_I0_sens	M0040	coverage	52	0.4500	0.0000	0.0000	1.0000	445
mut_I0_sens	M0808	idf	3	0.5000	1.0000	0.3333	1.0000	485
mut_I0_sens	M0808	coverage	3	0.5000	1.0000	0.6667	1.0000	485
mut_I0_sens	M0781	idf	6	0.3700	1.0000	0.8333	1.0000	493
mut_I0_sens	M0781	coverage	6	0.3700	0.0000	0.0000	1.0000	493
mut_I0_sens	M0410	idf	30	0.9700	1.0000	0.1667	1.0000	429
mut_I0_sens	M0410	coverage	30	0.9700	0.0000	0.0000	1.0000	429
mut_I0_sens	M0250	idf	14	0.3600	1.0000	1.0000	1.0000	494
mut_I0_sens	M0250	coverage	14	0.3600	0.0000	0.0000	1.0000	494
mut_I0_sens	M0748	idf	19	0.0900	0.0000	0.0000	1.0000	186
mut_I0_sens	M0748	coverage	19	0.0900	0.0000	0.0000	1.0000	186
mut_I0_sens	M0515	idf	20	0.6700	1.0000	0.1500	1.0000	458
mut_I0_sens	M0515	coverage	20	0.6700	0.0000	0.0000	1.0000	458
mut_I0_sens	M0920	idf	21	0.6200	0.0000	0.0000	1.0000	486
mut_I0_sens	M0920	coverage	21	0.6200	0.0000	0.0000	1.0000	486
mut_I0_sens	M0655	idf	6	0.1900	0.0000	0.0000	1.0000	375
mut_I0_sens	M0655	coverage	6	0.1900	1.0000	0.1667	1.0000	375
mut_I0_sens	M0227	idf	38	0.6200	1.0000	0.3158	1.0000	487
mut_I0_sens	M0227	coverage	38	0.6200	1.0000	0.0526	1.0000	487
mut_I0_sens	M0272	idf	35	0.8700	1.0000	0.2286	1.0000	441
mut_I0_sens	M0272	coverage	35	0.8700	0.0000	0.0000	1.0000	441
mut_I0_sens	M0093	idf	10	0.6000	0.0000	0.0000	0.0000	484
mut_I0_sens	M0093	coverage	10	0.6000	0.0000	0.0000	0.0000	484
mut_I0_sens	M0625	idf	5	0.3600	0.0000	0.0000	1.0000	466
mut_I0_sens	M0625	coverage	5	0.3600	0.0000	0.0000	1.0000	466
mut_I0_sens	M0321	idf	19	0.4600	1.0000	0.3684	1.0000	494
mut_I0_sens	M0321	coverage	19	0.4600	0.0000	0.0000	1.0000	494
mut_I0_sens	M0048	idf	98	0.5800	1.0000	0.4082	1.0000	474
mut_I0_sens	M0048	coverage	98	0.5800	0.0000	0.0000	1.0000	474
mut_I0_sens	M0043	idf	20	0.5600	1.0000	1.0000	1.0000	454
mut_I0_sens	M0043	coverage	20	0.5600	0.0000	0.0000	1.0000	454
mut_I0_sens	M0900	idf	441	0.3100	0.0000	0.0000	1.0000	497
mut_I0_sens	M0900	coverage	441	0.3100	0.0000	0.0000	1.0000	497
mut_I0_sens	M0857	idf	12	0.5700	1.0000	0.7500	1.0000	438
mut_I0_sens	M0857	coverage	12	0.5700	0.0000	0.0000	1.0000	438
mut_I0_sens	M0964	idf	68	0.4300	1.0000	0.1324	1.0000	450
mut_I0_sens	M0964	coverage	68	0.4300	0.0000	0.0000	1.0000	450
mut_I0_sens	M0131	idf	36	0.5900	1.0000	0.9722	1.0000	484
mut_I0_sens	M0131	coverage	36	0.5900	1.0000	0.0278	1.0000	484
mut_I0_sens	M0754	idf	9	0.2500	1.0000	0.3333	1.0000	484
mut_I0_sens	M0754	coverage	9	0.2500	0.0000	0.0000	1.0000	484
mut_I0_sens	M0313	idf	17	0.2400	0.0000	0.0000	1.0000	497
mut_I0_sens	M0313	coverage	17	0.2400	0.0000	0.0000	1.0000	497
mut_I0_sens	M0092	idf	41	0.5100	1.0000	0.9512	1.0000	450
mut_I0_sens	M0092	coverage	41	0.5100	0.0000	0.0000	1.0000	450
mut_I0_sens	M0108	idf	3	0.5600	0.0000	0.0000	1.0000	484
mut_I0_sens	M0108	coverage	3	0.5600	0.0000	0.0000	1.0000	484
mut_I0_sens	M0139	idf	76	0.6000	0.0000	0.0000	1.0000	481
mut_I0_sens	M0139	coverage	76	0.6000	0.0000	0.0000	1.0000	481
mut_I0_sens	M0235	idf	17	0.3200	0.0000	0.0000	1.0000	483
mut_I0_sens	M0235	coverage	17	0.3200	0.0000	0.0000	1.0000	483
mut_I0_sens	M0444	idf	83	0.4800	0.0000	0.0000	1.0000	481
mut_I0_sens	M0444	coverage	83	0.4800	0.0000	0.0000	1.0000	481
mut_I0_sens	M0623	idf	16	0.5000	1.0000	0.9375	1.0000	478
mut_I0_sens	M0623	coverage	16	0.5000	0.0000	0.0000	1.0000	478
mut_I0_sens	M0919	idf	18	0.4300	1.0000	0.5556	1.0000	474
mut_I0_sens	M0919	coverage	18	0.4300	0.0000	0.0000	1.0000	474
mut_I0_sens	M0369	idf	82	0.5200	1.0000	0.3171	1.0000	456
mut_I0_sens	M0369	coverage	82	0.5200	1.0000	0.0854	1.0000	456
mut_I0_sens	M0253	idf	212	0.7900	1.0000	0.9057	1.0000	420
mut_I0_sens	M0253	coverage	212	0.7900	0.0000	0.0000	1.0000	420
mut_I0_sens	M0254	idf	17	2.1800	1.0000	1.0000	1.0000	387
mut_I0_sens	M0254	coverage	17	2.1800	1.0000	0.0588	1.0000	387
mut_I0_sens	M0301	idf	51	0.5500	1.0000	0.0196	1.0000	434
mut_I0_sens	M0301	coverage	51	0.5500	0.0000	0.0000	1.0000	434
mut_I0_sens	M0674	idf	31	0.3400	0.0000	0.0000	1.0000	407
mut_I0_sens	M0674	coverage	31	0.3400	0.0000	0.0000	1.0000	407
mut_I0_sens	M0100	idf	360	0.5800	1.0000	0.0389	1.0000	482
mut_I0_sens	M0100	coverage	360	0.5800	1.0000	0.0278	1.0000	482
mut_I0_sens	M0231	idf	13	0.5400	1.0000	0.8462	1.0000	466
mut_I0_sens	M0231	coverage	13	0.5400	0.0000	0.0000	1.0000	466
mut_I0_sens	M0816	idf	238	0.3400	0.0000	0.0000	1.0000	485
mut_I0_sens	M0816	coverage	238	0.3400	0.0000	0.0000	1.0000	485
mut_I0_sens	M0472	idf	94	0.9400	1.0000	0.9681	1.0000	478
mut_I0_sens	M0472	coverage	94	0.9400	0.0000	0.0000	1.0000	478
mut_I0_sens	M0962	idf	134	0.7700	1.0000	0.0224	1.0000	477
mut_I0_sens	M0962	coverage	134	0.7700	0.0000	0.0000	1.0000	477
mut_I0_sens	M0795	idf	79	0.7200	1.0000	0.4937	1.0000	483
mut_I0_sens	M0795	coverage	79	0.7200	0.0000	0.0000	1.0000	483
mut_I0_sens	M0727	idf	22	0.7100	1.0000	0.6818	1.0000	459
mut_I0_sens	M0727	coverage	22	0.7100	1.0000	0.1364	1.0000	459
mut_I0_sens	M0497	idf	15	0.8100	1.0000	0.9333	1.0000	470
mut_I0_sens	M0497	coverage	15	0.8100	0.0000	0.0000	1.0000	470
mut_I0_sens	M0338	idf	23	0.2700	1.0000	0.6957	1.0000	483
mut_I0_sens	M0338	coverage	23	0.2700	0.0000	0.0000	1.0000	483
mut_I0_sens	M0947	idf	43	0.3100	1.0000	0.5814	1.0000	322
mut_I0_sens	M0947	coverage	43	0.3100	0.0000	0.0000	1.0000	322
mut_I0_sens	M0163	idf	47	0.3600	1.0000	0.7234	1.0000	486
mut_I0_sens	M0163	coverage	47	0.3600	0.0000	0.0000	1.0000	486
mut_I0_sens	M0959	idf	155	0.7300	0.0000	0.0000	1.0000	491
mut_I0_sens	M0959	coverage	155	0.7300	0.0000	0.0000	1.0000	491
mut_I0_sens	M0433	idf	210	0.2300	0.0000	0.0000	1.0000	486
mut_I0_sens	M0433	coverage	210	0.2300	0.0000	0.0000	1.0000	486
mut_I0_sens	M0416	idf	4	0.9200	1.0000	1.0000	1.0000	487
mut_I0_sens	M0416	coverage	4	0.9200	0.0000	0.0000	1.0000	487
mut_I0_sens	M0850	idf	31	0.3000	0.0000	0.0000	1.0000	449
mut_I0_sens	M0850	coverage	31	0.3000	1.0000	0.1290	1.0000	449
mut_I0_sens	M0454	idf	14	0.4300	1.0000	0.9286	1.0000	460
mut_I0_sens	M0454	coverage	14	0.4300	1.0000	0.5000	1.0000	460
mut_I0_sens	M0351	idf	24	0.4600	0.0000	0.0000	1.0000	425
mut_I0_sens	M0351	coverage	24	0.4600	0.0000	0.0000	1.0000	425
mut_I0_sens	M0425	idf	2084	0.3500	0.0000	0.0000	1.0000	477
mut_I0_sens	M0425	coverage	2084	0.3500	0.0000	0.0000	1.0000	477
mut_I0_sens	M0067	idf	39	0.5500	1.0000	0.2308	1.0000	481
mut_I0_sens	M0067	coverage	39	0.5500	0.0000	0.0000	1.0000	481
mut_I0_sens	M0550	idf	20	0.5200	0.0000	0.0000	1.0000	494
mut_I0_sens	M0550	coverage	20	0.5200	0.0000	0.0000	1.0000	494
mut_I0_sens	M0792	idf	10	0.3000	0.0000	0.0000	1.0000	488
mut_I0_sens	M0792	coverage	10	0.3000	0.0000	0.0000	1.0000	488
mut_I0_sens	M0961	idf	144	0.6500	0.0000	0.0000	1.0000	489
mut_I0_sens	M0961	coverage	144	0.6500	0.0000	0.0000	1.0000	489
mut_I0_sens	M0109	idf	207	0.5400	1.0000	0.5362	1.0000	463
mut_I0_sens	M0109	coverage	207	0.5400	0.0000	0.0000	1.0000	463
mut_I0_sens	M0257	idf	222	0.6300	1.0000	0.9505	1.0000	491
mut_I0_sens	M0257	coverage	222	0.6300	0.0000	0.0000	1.0000	491
mut_I0_sens	M0789	idf	51	0.3600	1.0000	0.0980	1.0000	487
mut_I0_sens	M0789	coverage	51	0.3600	0.0000	0.0000	1.0000	487
mut_I0_sens	M0363	idf	64	0.2700	1.0000	0.0469	1.0000	494
mut_I0_sens	M0363	coverage	64	0.2700	1.0000	0.1250	1.0000	494
mut_I0_sens	M0391	idf	14	0.2700	0.0000	0.0000	1.0000	498
mut_I0_sens	M0391	coverage	14	0.2700	0.0000	0.0000	1.0000	498
mut_I0_sens	M0826	idf	21	0.3200	0.0000	0.0000	1.0000	496
mut_I0_sens	M0826	coverage	21	0.3200	0.0000	0.0000	1.0000	496
mut_I0_sens	M0952	idf	5	0.2400	1.0000	0.8000	1.0000	490
mut_I0_sens	M0952	coverage	5	0.2400	1.0000	0.6000	1.0000	490
mut_I0_sens	M0117	idf	100	0.3000	0.0000	0.0000	1.0000	494
mut_I0_sens	M0117	coverage	100	0.3000	0.0000	0.0000	1.0000	494
mut_I0_sens	M0854	idf	122	0.5600	1.0000	0.0164	1.0000	473
mut_I0_sens	M0854	coverage	122	0.5600	0.0000	0.0000	1.0000	473
mut_I0_sens	M0881	idf	155	0.5500	1.0000	1.0000	1.0000	489
mut_I0_sens	M0881	coverage	155	0.5500	1.0000	0.7742	1.0000	489
mut_I0_sens	M0874	idf	1	0.3100	0.0000	0.0000	1.0000	487
mut_I0_sens	M0874	coverage	1	0.3100	0.0000	0.0000	1.0000	487
mut_I0_sens	M0597	idf	27	0.2600	1.0000	0.1481	1.0000	494
mut_I0_sens	M0597	coverage	27	0.2600	0.0000	0.0000	1.0000	494
mut_I0_sens	M0070	idf	159	0.3800	0.0000	0.0000	1.0000	472
mut_I0_sens	M0070	coverage	159	0.3800	0.0000	0.0000	1.0000	472
mut_I0_sens	M0423	idf	94	0.5000	1.0000	0.1383	1.0000	466
mut_I0_sens	M0423	coverage	94	0.5000	0.0000	0.0000	1.0000	466
mut_I0_sens	M0266	idf	35	0.6700	1.0000	0.8000	1.0000	440
mut_I0_sens	M0266	coverage	35	0.6700	1.0000	0.2286	1.0000	440
mut_I0_sens	M0262	idf	19	0.5800	1.0000	1.0000	1.0000	429
mut_I0_sens	M0262	coverage	19	0.5800	1.0000	0.2105	1.0000	429
mut_I0_sens	M0806	idf	3	0.3000	0.0000	0.0000	1.0000	497
mut_I0_sens	M0806	coverage	3	0.3000	0.0000	0.0000	1.0000	497
mut_I0_sens	M0937	idf	31	0.4200	0.0000	0.0000	1.0000	485
mut_I0_sens	M0937	coverage	31	0.4200	1.0000	0.0323	1.0000	485
mut_I0_sens	M0066	idf	57	0.4500	1.0000	0.1579	1.0000	492
mut_I0_sens	M0066	coverage	57	0.4500	1.0000	0.1579	1.0000	492
mut_I0_sens	M0462	idf	48	0.4500	1.0000	0.9167	1.0000	494
mut_I0_sens	M0462	coverage	48	0.4500	0.0000	0.0000	1.0000	494
mut_I0_sens	M0380	idf	21	0.5900	0.0000	0.0000	1.0000	459
mut_I0_sens	M0380	coverage	21	0.5900	0.0000	0.0000	1.0000	459
mut_I0_sens	M0403	idf	16	0.4900	1.0000	0.8125	1.0000	458
mut_I0_sens	M0403	coverage	16	0.4900	0.0000	0.0000	1.0000	458
mut_I0_sens	M0141	idf	25	1.5100	1.0000	0.2000	1.0000	449
mut_I0_sens	M0141	coverage	25	1.5100	0.0000	0.0000	1.0000	449
mut_I0_sens	M0237	idf	555	0.4900	0.0000	0.0000	1.0000	447
mut_I0_sens	M0237	coverage	555	0.4900	0.0000	0.0000	1.0000	447
mut_I0_sens	M0642	idf	24	0.3800	1.0000	0.2917	1.0000	497
mut_I0_sens	M0642	coverage	24	0.3800	1.0000	0.2500	1.0000	497
mut_I0_sens	M0142	idf	13	0.5100	1.0000	0.1538	1.0000	491
mut_I0_sens	M0142	coverage	13	0.5100	0.0000	0.0000	1.0000	491
mut_I0_sens	M0798	idf	2073	0.5000	0.0000	0.0000	1.0000	499
mut_I0_sens	M0798	coverage	2073	0.5000	1.0000	0.0005	1.0000	499
mut_I0_sens	M0574	idf	111	0.9800	1.0000	0.3694	1.0000	479
mut_I0_sens	M0574	coverage	111	0.9800	0.0000	0.0000	1.0000	479
mut_I0_sens	M0663	idf	96	0.4300	1.0000	0.0208	1.0000	441
mut_I0_sens	M0663	coverage	96	0.4300	0.0000	0.0000	1.0000	441
mut_I0_sens	M0348	idf	165	1.0100	0.0000	0.0000	1.0000	494
mut_I0_sens	M0348	coverage	165	1.0100	0.0000	0.0000	1.0000	494
mut_I0_sens	M0353	idf	11	0.3000	0.0000	0.0000	1.0000	498
mut_I0_sens	M0353	coverage	11	0.3000	1.0000	0.6364	1.0000	498
mut_I0_sens	M0028	idf	19	0.5600	1.0000	1.0000	1.0000	469
mut_I0_sens	M0028	coverage	19	0.5600	0.0000	0.0000	1.0000	469
mut_I0_sens	M0308	idf	172	1.0200	1.0000	1.0000	1.0000	458
mut_I0_sens	M0308	coverage	172	1.0200	0.0000	0.0000	1.0000	458
mut_I0_sens	M0860	idf	6	0.5800	0.0000	0.0000	1.0000	481
mut_I0_sens	M0860	coverage	6	0.5800	0.0000	0.0000	1.0000	481
mut_I0_sens	M0188	idf	117	0.3500	0.0000	0.0000	1.0000	473
mut_I0_sens	M0188	coverage	117	0.3500	1.0000	0.0171	1.0000	473
mut_I0_sens	M0003	idf	94	0.3400	0.0000	0.0000	1.0000	496
mut_I0_sens	M0003	coverage	94	0.3400	0.0000	0.0000	1.0000	496
mut_I0_sens	M0906	idf	265	0.2600	0.0000	0.0000	1.0000	468
mut_I0_sens	M0906	coverage	265	0.2600	1.0000	0.0566	1.0000	468
mut_I0_sens	M0590	idf	19	0.4600	1.0000	0.1053	1.0000	461
mut_I0_sens	M0590	coverage	19	0.4600	0.0000	0.0000	1.0000	461
mut_I0_sens	M0293	idf	60	0.3900	1.0000	0.1333	1.0000	462
mut_I0_sens	M0293	coverage	60	0.3900	0.0000	0.0000	1.0000	462
mut_I0_sens	M0651	idf	56	0.3200	0.0000	0.0000	1.0000	489
mut_I0_sens	M0651	coverage	56	0.3200	0.0000	0.0000	1.0000	489
mut_I0_sens	M0297	idf	17	0.1700	0.0000	0.0000	0.0000	476
mut_I0_sens	M0297	coverage	17	0.1700	0.0000	0.0000	0.0000	476
mut_I0_sens	M0194	idf	63	0.8300	1.0000	0.9206	1.0000	458
mut_I0_sens	M0194	coverage	63	0.8300	1.0000	0.0952	1.0000	458
mut_I0_sens	M0589	idf	26	0.3600	1.0000	0.1154	1.0000	430
mut_I0_sens	M0589	coverage	26	0.3600	0.0000	0.0000	1.0000	430
mut_I0_sens	M0669	idf	10	0.3700	1.0000	0.2000	1.0000	484
mut_I0_sens	M0669	coverage	10	0.3700	0.0000	0.0000	1.0000	484
mut_I0_sens	M0742	idf	2	0.5200	1.0000	1.0000	1.0000	482
mut_I0_sens	M0742	coverage	2	0.5200	0.0000	0.0000	1.0000	482
mut_I0_sens	M0298	idf	164	0.5200	0.0000	0.0000	0.0000	494
mut_I0_sens	M0298	coverage	164	0.5200	0.0000	0.0000	0.0000	494
mut_I0_sens	M0440	idf	43	0.5100	1.0000	0.7907	1.0000	425
mut_I0_sens	M0440	coverage	43	0.5100	1.0000	0.0233	1.0000	425
mut_I0_sens	M0386	idf	4	1.0300	1.0000	1.0000	1.0000	454
mut_I0_sens	M0386	coverage	4	1.0300	0.0000	0.0000	1.0000	454
mut_I0_sens	M0087	idf	50	0.9500	1.0000	1.0000	1.0000	469
mut_I0_sens	M0087	coverage	50	0.9500	0.0000	0.0000	1.0000	469
mut_I0_star	M0346	idf	37	0.3000	1.0000	0.1351	1.0000	495
mut_I0_star	M0346	coverage	37	0.3000	0.0000	0.0000	1.0000	495
mut_I0_star	M0376	idf	41	0.4200	1.0000	0.8049	1.0000	432
mut_I0_star	M0376	coverage	41	0.4200	1.0000	0.8293	1.0000	432
mut_I0_star	M0431	idf	3	0.2400	1.0000	1.0000	1.0000	403
mut_I0_star	M0431	coverage	3	0.2400	0.0000	0.0000	1.0000	403
mut_I0_star	M0243	idf	11	0.4500	1.0000	1.0000	1.0000	433
mut_I0_star	M0243	coverage	11	0.4500	0.0000	0.0000	1.0000	433
mut_I0_star	M0294	idf	108	0.5900	1.0000	0.1759	1.0000	459
mut_I0_star	M0294	coverage	108	0.5900	0.0000	0.0000	1.0000	459
mut_I0_star	M0895	idf	121	0.2100	1.0000	0.0413	1.0000	498
mut_I0_star	M0895	coverage	121	0.2100	1.0000	0.0165	1.0000	498
mut_I0_star	M0104	idf	4	0.4800	1.0000	1.0000	1.0000	475
mut_I0_star	M0104	coverage	4	0.4800	1.0000	1.0000	1.0000	475
mut_I0_star	M0869	idf	5	0.2000	1.0000	0.4000	1.0000	498
mut_I0_star	M0869	coverage	5	0.2000	1.0000	0.4000	1.0000	498
mut_I0_star	M0075	idf	2	0.4800	1.0000	0.5000	1.0000	462
mut_I0_star	M0075	coverage	2	0.4800	0.0000	0.0000	1.0000	462
mut_I0_star	M0134	idf	55	0.2900	1.0000	0.9455	1.0000	494
mut_I0_star	M0134	coverage	55	0.2900	1.0000	0.9273	1.0000	494
mut_I0_star	M0206	idf	75	0.4700	1.0000	0.8267	1.0000	476
mut_I0_star	M0206	coverage	75	0.4700	1.0000	0.2533	1.0000	476
mut_I0_star	M0044	idf	67	0.5600	1.0000	0.9552	1.0000	461
mut_I0_star	M0044	coverage	67	0.5600	1.0000	0.2985	1.0000	461
mut_I0_star	M0484	idf	100	0.5700	1.0000	1.0000	1.0000	436
mut_I0_star	M0484	coverage	100	0.5700	1.0000	0.6400	1.0000	436
mut_I0_star	M0334	idf	22	0.3000	1.0000	1.0000	1.0000	413
mut_I0_star	M0334	coverage	22	0.3000	1.0000	0.3636	1.0000	413
mut_I0_star	M0412	idf	5	0.3000	1.0000	0.6000	1.0000	492
mut_I0_star	M0412	coverage	5	0.3000	0.0000	0.0000	1.0000	492
mut_I0_star	M0931	idf	70	0.2600	1.0000	0.3714	1.0000	493
mut_I0_star	M0931	coverage	70	0.2600	1.0000	0.7571	1.0000	493
mut_I0_star	M0118	idf	106	0.1800	1.0000	0.8113	1.0000	418
mut_I0_star	M0118	coverage	106	0.1800	0.0000	0.0000	1.0000	418
mut_I0_star	M0752	idf	8	0.1100	1.0000	1.0000	1.0000	498
mut_I0_star	M0752	coverage	8	0.1100	1.0000	0.8750	1.0000	498
mut_I0_star	M0428	idf	10	0.4500	1.0000	1.0000	1.0000	469
mut_I0_star	M0428	coverage	10	0.4500	1.0000	0.6000	1.0000	469
mut_I0_star	M0771	idf	213	0.2200	1.0000	0.0469	1.0000	493
mut_I0_star	M0771	coverage	213	0.2200	1.0000	0.0423	1.0000	493
mut_I0_star	M0658	idf	12	0.2100	0.0000	0.0000	1.0000	476
mut_I0_star	M0658	coverage	12	0.2100	1.0000	0.9167	1.0000	476
mut_I0_star	M0311	idf	78	0.5600	1.0000	1.0000	1.0000	482
mut_I0_star	M0311	coverage	78	0.5600	0.0000	0.0000	1.0000	482
mut_I0_star	M0600	idf	78	0.2900	1.0000	0.2308	1.0000	453
mut_I0_star	M0600	coverage	78	0.2900	1.0000	0.1667	1.0000	453
mut_I0_star	M0565	idf	13	0.0500	0.0000	0.0000	1.0000	155
mut_I0_star	M0565	coverage	13	0.0500	1.0000	0.3846	1.0000	155
mut_I0_star	M0085	idf	11	0.2800	1.0000	0.9091	1.0000	478
mut_I0_star	M0085	coverage	11	0.2800	1.0000	0.5455	1.0000	478
mut_I0_star	M0488	idf	6	0.4700	1.0000	1.0000	1.0000	453
mut_I0_star	M0488	coverage	6	0.4700	1.0000	0.3333	1.0000	453
mut_I0_star	M0076	idf	97	0.2200	1.0000	0.7423	1.0000	498
mut_I0_star	M0076	coverage	97	0.2200	1.0000	0.8247	1.0000	498
mut_I0_star	M0175	idf	826	0.2100	0.0000	0.0000	1.0000	500
mut_I0_star	M0175	coverage	826	0.2100	1.0000	0.6029	1.0000	500
mut_I0_star	M0107	idf	7	0.4500	1.0000	0.7143	1.0000	480
mut_I0_star	M0107	coverage	7	0.4500	1.0000	0.7143	1.0000	480
mut_I0_star	M0201	idf	38	0.2600	0.0000	0.0000	1.0000	488
mut_I0_star	M0201	coverage	38	0.2600	0.0000	0.0000	1.0000	488
mut_I0_star	M0383	idf	124	0.6800	0.0000	0.0000	1.0000	479
mut_I0_star	M0383	coverage	124	0.6800	1.0000	0.6613	1.0000	479
mut_I0_star	M0111	idf	10	0.7800	1.0000	0.4000	1.0000	455
mut_I0_star	M0111	coverage	10	0.7800	0.0000	0.0000	1.0000	455
mut_I0_star	M0634	idf	9	0.3800	1.0000	1.0000	1.0000	468
mut_I0_star	M0634	coverage	9	0.3800	1.0000	1.0000	1.0000	468
mut_I0_star	M0609	idf	81	0.3600	1.0000	0.1111	1.0000	499
mut_I0_star	M0609	coverage	81	0.3600	1.0000	0.0494	1.0000	499
mut_I0_star	M0228	idf	119	0.3300	1.0000	0.1008	1.0000	397
mut_I0_star	M0228	coverage	119	0.3300	0.0000	0.0000	1.0000	397
mut_I0_star	M0636	idf	16	0.2500	1.0000	0.6250	1.0000	490
mut_I0_star	M0636	coverage	16	0.2500	1.0000	0.3750	1.0000	490
mut_I0_star	M0908	idf	78	0.1900	0.0000	0.0000	1.0000	491
mut_I0_star	M0908	coverage	78	0.1900	1.0000	0.0128	1.0000	491
mut_I0_star	M0564	idf	357	0.2600	0.0000	0.0000	1.0000	495
mut_I0_star	M0564	coverage	357	0.2600	0.0000	0.0000	1.0000	495
mut_I0_star	M0616	idf	5	0.2400	1.0000	1.0000	1.0000	494
mut_I0_star	M0616	coverage	5	0.2400	1.0000	0.8000	1.0000	494
mut_I0_star	M0453	idf	61	0.4600	1.0000	0.6393	1.0000	489
mut_I0_star	M0453	coverage	61	0.4600	1.0000	0.0656	1.0000	489
mut_I0_star	M0510	idf	62	0.2700	1.0000	0.9032	1.0000	490
mut_I0_star	M0510	coverage	62	0.2700	1.0000	0.6129	1.0000	490
mut_I0_star	M0216	idf	1150	0.3400	1.0000	0.4339	1.0000	499
mut_I0_star	M0216	coverage	1150	0.3400	1.0000	0.4339	1.0000	499
mut_I0_star	M0448	idf	7	0.1500	0.0000	0.0000	0.0000	494
mut_I0_star	M0448	coverage	7	0.1500	0.0000	0.0000	0.0000	494
mut_I0_star	M0732	idf	18	0.2900	0.0000	0.0000	1.0000	486
mut_I0_star	M0732	coverage	18	0.2900	1.0000	0.0556	1.0000	486
mut_I0_star	M0734	idf	5	0.1900	1.0000	0.2000	1.0000	499
mut_I0_star	M0734	coverage	5	0.1900	0.0000	0.0000	1.0000	499
mut_I0_star	M0456	idf	17	0.1700	0.0000	0.0000	1.0000	489
mut_I0_star	M0456	coverage	17	0.1700	1.0000	0.1765	1.0000	489
mut_I0_star	M0278	idf	74	0.1400	1.0000	0.9054	1.0000	491
mut_I0_star	M0278	coverage	74	0.1400	1.0000	0.9459	1.0000	491
mut_I0_star	M0682	idf	290	0.1900	0.0000	0.0000	1.0000	497
mut_I0_star	M0682	coverage	290	0.1900	1.0000	0.4138	1.0000	497
mut_I0_star	M0381	idf	68	0.1600	1.0000	0.4118	1.0000	491
mut_I0_star	M0381	coverage	68	0.1600	1.0000	0.6324	1.0000	491
mut_I0_star	M0759	idf	73	0.3700	0.0000	0.0000	1.0000	378
mut_I0_star	M0759	coverage	73	0.3700	0.0000	0.0000	1.0000	378
mut_I0_star	M0916	idf	1	0.2900	1.0000	1.0000	1.0000	490
mut_I0_star	M0916	coverage	1	0.2900	1.0000	1.0000	1.0000	490
mut_I0_star	M0122	idf	21	0.3500	1.0000	0.6667	1.0000	448
mut_I0_star	M0122	coverage	21	0.3500	0.0000	0.0000	1.0000	448
mut_I0_star	M0435	idf	17	1.6800	1.0000	0.1176	1.0000	442
mut_I0_star	M0435	coverage	17	1.6800	0.0000	0.0000	1.0000	442
mut_I0_star	M0519	idf	16	0.5400	1.0000	1.0000	1.0000	430
mut_I0_star	M0519	coverage	16	0.5400	0.0000	0.0000	1.0000	430
mut_I0_star	M0506	idf	113	0.2000	1.0000	0.4248	1.0000	458
mut_I0_star	M0506	coverage	113	0.2000	0.0000	0.0000	1.0000	458
mut_I0_star	M0357	idf	5	0.2400	1.0000	0.2000	1.0000	446
mut_I0_star	M0357	coverage	5	0.2400	1.0000	0.6000	1.0000	446
mut_I0_star	M0414	idf	82	0.3200	1.0000	0.7561	1.0000	498
mut_I0_star	M0414	coverage	82	0.3200	0.0000	0.0000	1.0000	498
mut_I0_star	M0096	idf	23	0.3100	0.0000	0.0000	1.0000	485
mut_I0_star	M0096	coverage	23	0.3100	1.0000	0.0435	1.0000	485
mut_I0_star	M0885	idf	15	0.5100	1.0000	0.3333	1.0000	472
mut_I0_star	M0885	coverage	15	0.5100	1.0000	0.1333	1.0000	472
mut_I0_star	M0738	idf	15	0.2800	1.0000	1.0000	1.0000	448
mut_I0_star	M0738	coverage	15	0.2800	1.0000	0.6000	1.0000	448
mut_I0_star	M0545	idf	19	0.4200	1.0000	0.1053	1.0000	472
mut_I0_star	M0545	coverage	19	0.4200	1.0000	0.6316	1.0000	472
mut_I0_star	M0815	idf	238	0.1900	1.0000	0.3361	1.0000	494
mut_I0_star	M0815	coverage	238	0.1900	1.0000	0.0042	1.0000	494
mut_I0_star	M0077	idf	101	0.4000	1.0000	0.3267	1.0000	482
mut_I0_star	M0077	coverage	101	0.4000	1.0000	0.4356	1.0000	482
mut_I0_star	M0851	idf	22	0.1600	0.0000	0.0000	1.0000	497
mut_I0_star	M0851	coverage	22	0.1600	1.0000	0.0909	1.0000	497
mut_I0_star	M0862	idf	17	0.2200	1.0000	0.5294	1.0000	353
mut_I0_star	M0862	coverage	17	0.2200	0.0000	0.0000	1.0000	353
mut_I0_star	M0736	idf	3	0.3400	0.0000	0.0000	1.0000	486
mut_I0_star	M0736	coverage	3	0.3400	0.0000	0.0000	1.0000	486
mut_I0_star	M0819	idf	25	0.2700	1.0000	0.0400	1.0000	487
mut_I0_star	M0819	coverage	25	0.2700	1.0000	0.7200	1.0000	487
mut_I0_star	M0822	idf	2	0.2700	1.0000	1.0000	1.0000	484
mut_I0_star	M0822	coverage	2	0.2700	1.0000	1.0000	1.0000	484
mut_I0_star	M0136	idf	9	0.3400	1.0000	0.8889	1.0000	428
mut_I0_star	M0136	coverage	9	0.3400	1.0000	0.6667	1.0000	428
mut_I0_star	M0054	idf	44	0.1400	1.0000	0.6818	1.0000	330
mut_I0_star	M0054	coverage	44	0.1400	1.0000	0.7500	1.0000	330
mut_I0_star	M0612	idf	82	0.3600	1.0000	0.5854	1.0000	492
mut_I0_star	M0612	coverage	82	0.3600	1.0000	0.7927	1.0000	492
mut_I0_star	M0010	idf	13	0.2900	1.0000	1.0000	1.0000	498
mut_I0_star	M0010	coverage	13	0.2900	1.0000	0.9231	1.0000	498
mut_I0_star	M0709	idf	289	0.2800	1.0000	0.0311	1.0000	492
mut_I0_star	M0709	coverage	289	0.2800	1.0000	0.0346	1.0000	492
mut_I0_star	M0940	idf	104	0.4900	0.0000	0.0000	1.0000	494
mut_I0_star	M0940	coverage	104	0.4900	0.0000	0.0000	1.0000	494
mut_I0_star	M0172	idf	12	0.4800	1.0000	0.0833	1.0000	440
mut_I0_star	M0172	coverage	12	0.4800	1.0000	0.5833	1.0000	440
mut_I0_star	M0693	idf	362	0.2300	0.0000	0.0000	1.0000	497
mut_I0_star	M0693	coverage	362	0.2300	1.0000	0.0028	1.0000	497
mut_I0_star	M0159	idf	148	0.5500	1.0000	0.8919	1.0000	470
mut_I0_star	M0159	coverage	148	0.5500	1.0000	0.1081	1.0000	470
mut_I0_star	M0835	idf	9	0.3400	0.0000	0.0000	1.0000	488
mut_I0_star	M0835	coverage	9	0.3400	1.0000	0.1111	1.0000	488
mut_I0_star	M0810	idf	37	0.3100	1.0000	0.9189	1.0000	495
mut_I0_star	M0810	coverage	37	0.3100	1.0000	0.3784	1.0000	495
mut_I0_star	M0434	idf	12	0.5100	1.0000	1.0000	1.0000	484
mut_I0_star	M0434	coverage	12	0.5100	0.0000	0.0000	1.0000	484
mut_I0_star	M0653	idf	23	0.3800	1.0000	0.0435	1.0000	447
mut_I0_star	M0653	coverage	23	0.3800	1.0000	0.0435	1.0000	447
mut_I0_star	M0205	idf	259	0.4800	1.0000	0.9382	1.0000	474
mut_I0_star	M0205	coverage	259	0.4800	1.0000	0.9112	1.0000	474
mut_I0_star	M0939	idf	13	0.0800	1.0000	0.4615	1.0000	348
mut_I0_star	M0939	coverage	13	0.0800	1.0000	0.4615	1.0000	348
mut_I0_star	M0918	idf	65	0.5900	1.0000	0.0462	1.0000	447
mut_I0_star	M0918	coverage	65	0.5900	1.0000	0.5231	1.0000	447
mut_I0_star	M0858	idf	351	0.2900	1.0000	0.7749	1.0000	486
mut_I0_star	M0858	coverage	351	0.2900	1.0000	0.9031	1.0000	486
mut_I0_star	M0420	idf	17	0.1600	1.0000	0.1765	1.0000	494
mut_I0_star	M0420	coverage	17	0.1600	1.0000	0.2353	1.0000	494
mut_I0_star	M0879	idf	15	0.1800	0.0000	0.0000	1.0000	352
mut_I0_star	M0879	coverage	15	0.1800	0.0000	0.0000	1.0000	352
mut_I0_star	M0371	idf	122	0.2800	1.0000	0.2459	1.0000	402
mut_I0_star	M0371	coverage	122	0.2800	0.0000	0.0000	1.0000	402
mut_I0_star	M0020	idf	115	0.4500	0.0000	0.0000	1.0000	465
mut_I0_star	M0020	coverage	115	0.4500	1.0000	0.0087	1.0000	465
mut_I0_star	M0855	idf	38	0.3200	1.0000	0.4737	1.0000	495
mut_I0_star	M0855	coverage	38	0.3200	1.0000	0.1316	1.0000	495
mut_I0_star	M0957	idf	186	0.3900	0.0000	0.0000	1.0000	492
mut_I0_star	M0957	coverage	186	0.3900	0.0000	0.0000	1.0000	492
mut_I0_star	M0505	idf	27	0.2600	1.0000	0.1111	1.0000	491
mut_I0_star	M0505	coverage	27	0.2600	1.0000	0.0741	1.0000	491
mut_I0_star	M0477	idf	70	0.2700	1.0000	0.6000	1.0000	489
mut_I0_star	M0477	coverage	70	0.2700	1.0000	0.6286	1.0000	489
mut_I0_star	M0829	idf	6	0.3100	1.0000	0.6667	1.0000	485
mut_I0_star	M0829	coverage	6	0.3100	0.0000	0.0000	1.0000	485
mut_I0_star	M0884	idf	19	0.2700	1.0000	0.0526	1.0000	490
mut_I0_star	M0884	coverage	19	0.2700	1.0000	0.6316	1.0000	490
mut_I0_star	M0384	idf	67	0.2200	1.0000	0.1045	1.0000	478
mut_I0_star	M0384	coverage	67	0.2200	0.0000	0.0000	1.0000	478
mut_I0_star	M0065	idf	53	0.3400	1.0000	0.4717	1.0000	480
mut_I0_star	M0065	coverage	53	0.3400	1.0000	0.2264	1.0000	480
mut_I0_star	M0123	idf	2	0.6400	1.0000	1.0000	1.0000	434
mut_I0_star	M0123	coverage	2	0.6400	0.0000	0.0000	1.0000	434
mut_I0_star	M0580	idf	9	0.2300	1.0000	0.3333	1.0000	496
mut_I0_star	M0580	coverage	9	0.2300	1.0000	0.5556	1.0000	496
mut_I0_star	M0033	idf	14	0.2900	1.0000	0.7857	1.0000	495
mut_I0_star	M0033	coverage	14	0.2900	1.0000	0.0714	1.0000	495
mut_I0_star	M0281	idf	1	0.5300	1.0000	1.0000	1.0000	461
mut_I0_star	M0281	coverage	1	0.5300	1.0000	1.0000	1.0000	461
mut_I0_star	M0544	idf	12	0.3000	1.0000	0.4167	1.0000	493
mut_I0_star	M0544	coverage	12	0.3000	1.0000	0.0833	1.0000	493
mut_I0_star	M0212	idf	83	1.0900	1.0000	0.5422	1.0000	468
mut_I0_star	M0212	coverage	83	1.0900	1.0000	0.5904	1.0000	468
mut_I0_star	M0426	idf	18	0.2500	1.0000	0.9444	1.0000	488
mut_I0_star	M0426	coverage	18	0.2500	1.0000	0.2222	1.0000	488
mut_I0_star	M0905	idf	198	0.1400	0.0000	0.0000	1.0000	450
mut_I0_star	M0905	coverage	198	0.1400	1.0000	0.0051	1.0000	450
mut_I0_star	M0843	idf	14	0.1600	1.0000	0.3571	1.0000	397
mut_I0_star	M0843	coverage	14	0.1600	1.0000	0.7143	1.0000	397
mut_I0_star	M0263	idf	24	0.3300	1.0000	0.1250	1.0000	394
mut_I0_star	M0263	coverage	24	0.3300	1.0000	0.5000	1.0000	394
mut_I0_star	M0697	idf	155	0.2900	0.0000	0.0000	1.0000	494
mut_I0_star	M0697	coverage	155	0.2900	1.0000	0.5871	1.0000	494
mut_I0_star	M0260	idf	21	0.3200	1.0000	1.0000	1.0000	491
mut_I0_star	M0260	coverage	21	0.3200	1.0000	0.2857	1.0000	491
mut_I0_star	M0379	idf	41	0.5200	1.0000	1.0000	1.0000	460
mut_I0_star	M0379	coverage	41	0.5200	1.0000	0.0732	1.0000	460
mut_I0_star	M0377	idf	189	0.4500	1.0000	0.0317	1.0000	490
mut_I0_star	M0377	coverage	189	0.4500	0.0000	0.0000	1.0000	490
mut_I0_star	M0547	idf	4	0.1300	1.0000	0.7500	1.0000	495
mut_I0_star	M0547	coverage	4	0.1300	1.0000	0.7500	1.0000	495
mut_I0_star	M0508	idf	6	0.3900	1.0000	1.0000	1.0000	486
mut_I0_star	M0508	coverage	6	0.3900	1.0000	0.1667	1.0000	486
mut_I0_star	M0401	idf	392	0.2800	0.0000	0.0000	1.0000	477
mut_I0_star	M0401	coverage	392	0.2800	0.0000	0.0000	1.0000	477
mut_I0_star	M0755	idf	11	0.1500	1.0000	0.8182	1.0000	489
mut_I0_star	M0755	coverage	11	0.1500	1.0000	0.0909	1.0000	489
mut_I0_star	M0458	idf	25	0.1200	1.0000	0.1600	1.0000	475
mut_I0_star	M0458	coverage	25	0.1200	1.0000	0.8400	1.0000	475
mut_I0_star	M0314	idf	45	0.9700	1.0000	0.1333	1.0000	471
mut_I0_star	M0314	coverage	45	0.9700	0.0000	0.0000	1.0000	471
mut_I0_star	M0210	idf	220	0.2600	1.0000	0.0227	1.0000	440
mut_I0_star	M0210	coverage	220	0.2600	1.0000	0.0045	1.0000	440
mut_I0_star	M0154	idf	62	0.2300	1.0000	0.1935	1.0000	488
mut_I0_star	M0154	coverage	62	0.2300	1.0000	0.8387	1.0000	488
mut_I0_star	M0502	idf	20	0.6400	1.0000	0.2000	1.0000	434
mut_I0_star	M0502	coverage	20	0.6400	0.0000	0.0000	1.0000	434
mut_I0_star	M0031	idf	290	0.3700	1.0000	0.6241	1.0000	420
mut_I0_star	M0031	coverage	290	0.3700	1.0000	0.5966	1.0000	420
mut_I0_star	M0178	idf	273	0.4000	0.0000	0.0000	1.0000	491
mut_I0_star	M0178	coverage	273	0.4000	0.0000	0.0000	1.0000	491
mut_I0_star	M0019	idf	21	0.4500	1.0000	1.0000	1.0000	470
mut_I0_star	M0019	coverage	21	0.4500	1.0000	0.9524	1.0000	470
mut_I0_star	M0125	idf	19	0.5000	1.0000	0.8947	1.0000	463
mut_I0_star	M0125	coverage	19	0.5000	1.0000	0.6842	1.0000	463
mut_I0_star	M0181	idf	8	0.5200	1.0000	0.6250	1.0000	470
mut_I0_star	M0181	coverage	8	0.5200	1.0000	0.2500	1.0000	470
mut_I0_star	M0466	idf	6	0.5800	1.0000	0.5000	1.0000	469
mut_I0_star	M0466	coverage	6	0.5800	0.0000	0.0000	1.0000	469
mut_I0_star	M0058	idf	37	0.2400	1.0000	0.0270	1.0000	492
mut_I0_star	M0058	coverage	37	0.2400	1.0000	0.0270	1.0000	492
mut_I0_star	M0683	idf	27	0.4400	1.0000	0.9630	1.0000	479
mut_I0_star	M0683	coverage	27	0.4400	1.0000	0.1111	1.0000	479
mut_I0_star	M0925	idf	22	0.2500	1.0000	0.0455	1.0000	493
mut_I0_star	M0925	coverage	22	0.2500	1.0000	0.0909	1.0000	493
mut_I0_star	M0081	idf	9	0.3200	1.0000	0.5556	1.0000	497
mut_I0_star	M0081	coverage	9	0.3200	1.0000	0.1111	1.0000	497
mut_I0_star	M0090	idf	60	0.6500	1.0000	1.0000	1.0000	448
mut_I0_star	M0090	coverage	60	0.6500	1.0000	0.0833	1.0000	448
mut_I0_star	M0429	idf	47	0.2600	1.0000	0.9362	1.0000	486
mut_I0_star	M0429	coverage	47	0.2600	1.0000	0.8085	1.0000	486
mut_I0_star	M0447	idf	2	0.3100	1.0000	0.5000	1.0000	489
mut_I0_star	M0447	coverage	2	0.3100	0.0000	0.0000	1.0000	489
mut_I0_star	M0768	idf	19	0.4000	1.0000	0.8421	1.0000	488
mut_I0_star	M0768	coverage	19	0.4000	1.0000	0.3684	1.0000	488
mut_I0_star	M0261	idf	19	0.3200	1.0000	0.3158	1.0000	382
mut_I0_star	M0261	coverage	19	0.3200	1.0000	0.3684	1.0000	382
mut_I0_star	M0234	idf	8	0.3800	1.0000	0.5000	1.0000	487
mut_I0_star	M0234	coverage	8	0.3800	1.0000	0.2500	1.0000	487
mut_I0_star	M0958	idf	236	0.4000	0.0000	0.0000	1.0000	492
mut_I0_star	M0958	coverage	236	0.4000	0.0000	0.0000	1.0000	492
mut_I0_star	M0387	idf	2048	0.3800	1.0000	0.0210	1.0000	499
mut_I0_star	M0387	coverage	2048	0.3800	1.0000	0.0005	1.0000	499
mut_I0_star	M0520	idf	440	0.3100	1.0000	0.0114	1.0000	496
mut_I0_star	M0520	coverage	440	0.3100	0.0000	0.0000	1.0000	496
mut_I0_star	M0910	idf	7	0.2700	1.0000	1.0000	1.0000	493
mut_I0_star	M0910	coverage	7	0.2700	1.0000	0.8571	1.0000	493
mut_I0_star	M0398	idf	36	0.4700	1.0000	1.0000	1.0000	475
mut_I0_star	M0398	coverage	36	0.4700	1.0000	0.6389	1.0000	475
mut_I0_star	M0040	idf	52	0.2500	1.0000	0.0577	1.0000	480
mut_I0_star	M0040	coverage	52	0.2500	0.0000	0.0000	1.0000	480
mut_I0_star	M0808	idf	3	0.3200	1.0000	1.0000	1.0000	483
mut_I0_star	M0808	coverage	3	0.3200	1.0000	1.0000	1.0000	483
mut_I0_star	M0781	idf	6	0.2200	1.0000	0.8333	1.0000	495
mut_I0_star	M0781	coverage	6	0.2200	0.0000	0.0000	1.0000	495
mut_I0_star	M0410	idf	30	0.5100	1.0000	0.2000	1.0000	455
mut_I0_star	M0410	coverage	30	0.5100	0.0000	0.0000	1.0000	455
mut_I0_star	M0250	idf	14	0.2400	1.0000	1.0000	1.0000	497
mut_I0_star	M0250	coverage	14	0.2400	1.0000	0.0714	1.0000	497
mut_I0_star	M0748	idf	19	0.0500	1.0000	0.8947	1.0000	137
mut_I0_star	M0748	coverage	19	0.0500	1.0000	1.0000	1.0000	137
mut_I0_star	M0515	idf	20	0.4700	1.0000	0.4500	1.0000	487
mut_I0_star	M0515	coverage	20	0.4700	1.0000	0.3500	1.0000	487
mut_I0_star	M0920	idf	21	0.3300	0.0000	0.0000	1.0000	490
mut_I0_star	M0920	coverage	21	0.3300	0.0000	0.0000	1.0000	490
mut_I0_star	M0655	idf	6	0.1200	1.0000	0.1667	1.0000	286
mut_I0_star	M0655	coverage	6	0.1200	1.0000	0.1667	1.0000	286
mut_I0_star	M0227	idf	38	0.2800	1.0000	0.2105	1.0000	479
mut_I0_star	M0227	coverage	38	0.2800	1.0000	0.0526	1.0000	479
mut_I0_star	M0272	idf	35	0.5200	1.0000	0.2286	1.0000	458
mut_I0_star	M0272	coverage	35	0.5200	0.0000	0.0000	1.0000	458
mut_I0_star	M0093	idf	10	0.3200	0.0000	0.0000	1.0000	488
mut_I0_star	M0093	coverage	10	0.3200	0.0000	0.0000	1.0000	488
mut_I0_star	M0625	idf	5	0.2500	0.0000	0.0000	1.0000	473
mut_I0_star	M0625	coverage	5	0.2500	0.0000	0.0000	1.0000	473
mut_I0_star	M0321	idf	19	0.2700	1.0000	0.4737	1.0000	497
mut_I0_star	M0321	coverage	19	0.2700	1.0000	0.2105	1.0000	497
mut_I0_star	M0048	idf	98	0.3600	1.0000	0.5102	1.0000	473
mut_I0_star	M0048	coverage	98	0.3600	1.0000	0.0408	1.0000	473
mut_I0_star	M0043	idf	20	0.4700	1.0000	1.0000	1.0000	450
mut_I0_star	M0043	coverage	20	0.4700	1.0000	0.6500	1.0000	450
mut_I0_star	M0900	idf	441	0.1700	0.0000	0.0000	1.0000	497
mut_I0_star	M0900	coverage	441	0.1700	0.0000	0.0000	1.0000	497
mut_I0_star	M0857	idf	12	0.4100	1.0000	0.7500	1.0000	472
mut_I0_star	M0857	coverage	12	0.4100	1.0000	0.1667	1.0000	472
mut_I0_star	M0964	idf	68	0.2300	1.0000	0.1324	1.0000	462
mut_I0_star	M0964	coverage	68	0.2300	0.0000	0.0000	1.0000	462
mut_I0_star	M0131	idf	36	0.4400	1.0000	1.0000	1.0000	489
mut_I0_star	M0131	coverage	36	0.4400	1.0000	0.8611	1.0000	489
mut_I0_star	M0754	idf	9	0.1600	1.0000	0.3333	1.0000	488
mut_I0_star	M0754	coverage	9	0.1600	1.0000	0.3333	1.0000	488
mut_I0_star	M0313	idf	17	0.1500	0.0000	0.0000	1.0000	487
mut_I0_star	M0313	coverage	17	0.1500	1.0000	0.7647	1.0000	487
mut_I0_star	M0092	idf	41	0.3000	1.0000	0.9268	1.0000	464
mut_I0_star	M0092	coverage	41	0.3000	0.0000	0.0000	1.0000	464
mut_I0_star	M0108	idf	3	0.3600	0.0000	0.0000	1.0000	492
mut_I0_star	M0108	coverage	3	0.3600	0.0000	0.0000	1.0000	492
mut_I0_star	M0139	idf	76	0.3800	0.0000	0.0000	1.0000	479
mut_I0_star	M0139	coverage	76	0.3800	1.0000	0.0395	1.0000	479
mut_I0_star	M0235	idf	17	0.1600	1.0000	0.0588	1.0000	498
mut_I0_star	M0235	coverage	17	0.1600	1.0000	0.2353	1.0000	498
mut_I0_star	M0444	idf	83	0.2800	1.0000	0.7470	1.0000	492
mut_I0_star	M0444	coverage	83	0.2800	1.0000	0.7470	1.0000	492
mut_I0_star	M0623	idf	16	0.3000	1.0000	1.0000	1.0000	491
mut_I0_star	M0623	coverage	16	0.3000	1.0000	0.9375	1.0000	491
mut_I0_star	M0919	idf	18	0.2200	1.0000	0.5000	1.0000	426
mut_I0_star	M0919	coverage	18	0.2200	1.0000	0.5556	1.0000	426
mut_I0_star	M0369	idf	82	0.2600	1.0000	0.2683	1.0000	468
mut_I0_star	M0369	coverage	82	0.2600	1.0000	0.0854	1.0000	468
mut_I0_star	M0253	idf	212	0.4700	1.0000	0.9009	1.0000	386
mut_I0_star	M0253	coverage	212	0.4700	1.0000	0.0519	1.0000	386
mut_I0_star	M0254	idf	17	1.0500	1.0000	1.0000	1.0000	388
mut_I0_star	M0254	coverage	17	1.0500	1.0000	0.7647	1.0000	388
mut_I0_star	M0301	idf	51	0.2900	1.0000	0.0588	1.0000	483
mut_I0_star	M0301	coverage	51	0.2900	0.0000	0.0000	1.0000	483
mut_I0_star	M0674	idf	31	0.2700	1.0000	0.0968	1.0000	435
mut_I0_star	M0674	coverage	31	0.2700	1.0000	0.0968	1.0000	435
mut_I0_star	M0100	idf	360	0.4200	1.0000	0.2306	1.0000	486
mut_I0_star	M0100	coverage	360	0.4200	1.0000	0.2750	1.0000	486
mut_I0_star	M0231	idf	13	0.3200	1.0000	0.9231	1.0000	483
mut_I0_star	M0231	coverage	13	0.3200	1.0000	0.2308	1.0000	483
mut_I0_star	M0816	idf	238	0.1700	0.0000	0.0000	1.0000	468
mut_I0_star	M0816	coverage	238	0.1700	1.0000	0.0168	1.0000	468
mut_I0_star	M0472	idf	94	0.4900	1.0000	0.9681	1.0000	482
mut_I0_star	M0472	coverage	94	0.4900	1.0000	0.9043	1.0000	482
mut_I0_star	M0962	idf	134	0.5200	1.0000	0.0224	1.0000	478
mut_I0_star	M0962	coverage	134	0.5200	0.0000	0.0000	1.0000	478
mut_I0_star	M0795	idf	79	0.3800	1.0000	0.3038	1.0000	477
mut_I0_star	M0795	coverage	79	0.3800	0.0000	0.0000	1.0000	477
mut_I0_star	M0727	idf	22	0.4100	1.0000	0.5455	1.0000	462
mut_I0_star	M0727	coverage	22	0.4100	1.0000	0.1818	1.0000	462
mut_I0_star	M0497	idf	15	0.4700	1.0000	0.9333	1.0000	467
mut_I0_star	M0497	coverage	15	0.4700	0.0000	0.0000	1.0000	467
mut_I0_star	M0338	idf	23	0.1700	1.0000	0.4783	1.0000	467
mut_I0_star	M0338	coverage	23	0.1700	1.0000	0.0435	1.0000	467
mut_I0_star	M0947	idf	43	0.2200	1.0000	0.6279	1.0000	376
mut_I0_star	M0947	coverage	43	0.2200	1.0000	0.4419	1.0000	376
mut_I0_star	M0163	idf	47	0.2100	1.0000	0.8723	1.0000	482
mut_I0_star	M0163	coverage	47	0.2100	0.0000	0.0000	1.0000	482
mut_I0_star	M0959	idf	155	0.5000	0.0000	0.0000	1.0000	491
mut_I0_star	M0959	coverage	155	0.5000	0.0000	0.0000	1.0000	491
mut_I0_star	M0433	idf	210	0.1600	1.0000	0.0143	1.0000	493
mut_I0_star	M0433	coverage	210	0.1600	1.0000	0.0048	1.0000	493
mut_I0_star	M0416	idf	4	0.5000	1.0000	1.0000	1.0000	495
mut_I0_star	M0416	coverage	4	0.5000	1.0000	1.0000	1.0000	495
mut_I0_star	M0850	idf	31	0.2000	0.0000	0.0000	1.0000	474
mut_I0_star	M0850	coverage	31	0.2000	1.0000	0.4839	1.0000	474
mut_I0_star	M0454	idf	14	0.2600	1.0000	1.0000	1.0000	469
mut_I0_star	M0454	coverage	14	0.2600	1.0000	0.8571	1.0000	469
mut_I0_star	M0351	idf	24	0.2700	1.0000	0.0417	1.0000	480
mut_I0_star	M0351	coverage	24	0.2700	1.0000	0.5833	1.0000	480
mut_I0_star	M0425	idf	2084	0.2400	0.0000	0.0000	1.0000	473
mut_I0_star	M0425	coverage	2084	0.2400	1.0000	0.0005	1.0000	473
mut_I0_star	M0067	idf	39	0.2900	1.0000	0.2564	1.0000	473
mut_I0_star	M0067	coverage	39	0.2900	1.0000	0.0513	1.0000	473
mut_I0_star	M0550	idf	20	0.2500	0.0000	0.0000	1.0000	398
mut_I0_star	M0550	coverage	20	0.2500	1.0000	0.2000	1.0000	398
mut_I0_star	M0792	idf	10	0.1700	0.0000	0.0000	1.0000	495
mut_I0_star	M0792	coverage	10	0.1700	0.0000	0.0000	1.0000	495
mut_I0_star	M0961	idf	144	0.4200	0.0000	0.0000	1.0000	491
mut_I0_star	M0961	coverage	144	0.4200	1.0000	0.0208	1.0000	491
mut_I0_star	M0109	idf	207	0.3900	1.0000	0.5362	1.0000	481
mut_I0_star	M0109	coverage	207	0.3900	1.0000	0.0725	1.0000	481
mut_I0_star	M0257	idf	222	0.4300	1.0000	0.9910	1.0000	494
mut_I0_star	M0257	coverage	222	0.4300	0.0000	0.0000	1.0000	494
mut_I0_star	M0789	idf	51	0.1900	1.0000	0.6078	1.0000	492
mut_I0_star	M0789	coverage	51	0.1900	1.0000	0.2745	1.0000	492
mut_I0_star	M0363	idf	64	0.1800	1.0000	0.0938	1.0000	479
mut_I0_star	M0363	coverage	64	0.1800	1.0000	0.1562	1.0000	479
mut_I0_star	M0391	idf	14	0.2100	0.0000	0.0000	1.0000	497
mut_I0_star	M0391	coverage	14	0.2100	1.0000	0.8571	1.0000	497
mut_I0_star	M0826	idf	21	0.1800	1.0000	0.7143	1.0000	495
mut_I0_star	M0826	coverage	21	0.1800	1.0000	0.6190	1.0000	495
mut_I0_star	M0952	idf	5	0.1400	1.0000	0.8000	1.0000	464
mut_I0_star	M0952	coverage	5	0.1400	1.0000	0.6000	1.0000	464
mut_I0_star	M0117	idf	100	0.2200	0.0000	0.0000	1.0000	496
mut_I0_star	M0117	coverage	100	0.2200	1.0000	0.0100	1.0000	496
mut_I0_star	M0854	idf	122	0.3600	1.0000	0.1393	1.0000	492
mut_I0_star	M0854	coverage	122	0.3600	1.0000	0.0656	1.0000	492
mut_I0_star	M0881	idf	155	0.3700	1.0000	0.9871	1.0000	467
mut_I0_star	M0881	coverage	155	0.3700	1.0000	0.7355	1.0000	467
mut_I0_star	M0874	idf	1	0.2000	0.0000	0.0000	1.0000	491
mut_I0_star	M0874	coverage	1	0.2000	1.0000	1.0000	1.0000	491
mut_I0_star	M0597	idf	27	0.2200	1.0000	0.3704	1.0000	495
mut_I0_star	M0597	coverage	27	0.2200	1.0000	0.4074	1.0000	495
mut_I0_star	M0070	idf	159	0.2700	1.0000	0.0440	1.0000	495
mut_I0_star	M0070	coverage	159	0.2700	1.0000	0.0440	1.0000	495
mut_I0_star	M0423	idf	94	0.2800	1.0000	0.0213	1.0000	473
mut_I0_star	M0423	coverage	94	0.2800	1.0000	0.1383	1.0000	473
mut_I0_star	M0266	idf	35	0.4600	1.0000	0.8286	1.0000	488
mut_I0_star	M0266	coverage	35	0.4600	1.0000	0.2857	1.0000	488
mut_I0_star	M0262	idf	19	0.3200	1.0000	1.0000	1.0000	443
mut_I0_star	M0262	coverage	19	0.3200	1.0000	0.6316	1.0000	443
mut_I0_star	M0806	idf	3	0.1500	0.0000	0.0000	1.0000	498
mut_I0_star	M0806	coverage	3	0.1500	1.0000	0.3333	1.0000	498
mut_I0_star	M0937	idf	31	0.2400	0.0000	0.0000	1.0000	472
mut_I0_star	M0937	coverage	31	0.2400	1.0000	0.7742	1.0000	472
mut_I0_star	M0066	idf	57	0.2700	1.0000	0.2456	1.0000	494
mut_I0_star	M0066	coverage	57	0.2700	1.0000	0.1930	1.0000	494
mut_I0_star	M0462	idf	48	0.2400	1.0000	0.9375	1.0000	497
mut_I0_star	M0462	coverage	48	0.2400	1.0000	0.4375	1.0000	497
mut_I0_star	M0380	idf	21	0.3700	1.0000	0.4762	1.0000	480
mut_I0_star	M0380	coverage	21	0.3700	1.0000	0.5238	1.0000	480
mut_I0_star	M0403	idf	16	0.2600	1.0000	0.6875	1.0000	486
mut_I0_star	M0403	coverage	16	0.2600	1.0000	0.3125	1.0000	486
mut_I0_star	M0141	idf	25	0.9900	1.0000	0.1600	1.0000	454
mut_I0_star	M0141	coverage	25	0.9900	0.0000	0.0000	1.0000	454
mut_I0_star	M0237	idf	555	0.2600	1.0000	0.0234	1.0000	458
mut_I0_star	M0237	coverage	555	0.2600	1.0000	0.1550	1.0000	458
mut_I0_star	M0642	idf	24	0.2300	1.0000	0.2917	1.0000	498
mut_I0_star	M0642	coverage	24	0.2300	1.0000	0.2917	1.0000	498
mut_I0_star	M0142	idf	13	0.2600	1.0000	0.2308	1.0000	485
mut_I0_star	M0142	coverage	13	0.2600	1.0000	0.3077	1.0000	485
mut_I0_star	M0798	idf	2073	0.2800	0.0000	0.0000	1.0000	497
mut_I0_star	M0798	coverage	2073	0.2800	0.0000	0.0000	1.0000	497
mut_I0_star	M0574	idf	111	0.5300	1.0000	0.4234	1.0000	483
mut_I0_star	M0574	coverage	111	0.5300	0.0000	0.0000	1.0000	483
mut_I0_star	M0663	idf	96	0.2800	1.0000	0.1562	1.0000	449
mut_I0_star	M0663	coverage	96	0.2800	1.0000	0.1354	1.0000	449
mut_I0_star	M0348	idf	165	0.5200	0.0000	0.0000	1.0000	493
mut_I0_star	M0348	coverage	165	0.5200	0.0000	0.0000	1.0000	493
mut_I0_star	M0353	idf	11	0.1700	1.0000	0.0909	1.0000	414
mut_I0_star	M0353	coverage	11	0.1700	1.0000	0.7273	1.0000	414
mut_I0_star	M0028	idf	19	0.3400	1.0000	1.0000	1.0000	459
mut_I0_star	M0028	coverage	19	0.3400	1.0000	1.0000	1.0000	459
mut_I0_star	M0308	idf	172	0.5500	1.0000	1.0000	1.0000	467
mut_I0_star	M0308	coverage	172	0.5500	0.0000	0.0000	1.0000	467
mut_I0_star	M0860	idf	6	0.2800	1.0000	0.1667	1.0000	488
mut_I0_star	M0860	coverage	6	0.2800	1.0000	0.3333	1.0000	488
mut_I0_star	M0188	idf	117	0.1900	0.0000	0.0000	1.0000	448
mut_I0_star	M0188	coverage	117	0.1900	1.0000	0.0342	1.0000	448
mut_I0_star	M0003	idf	94	0.2000	1.0000	0.1489	1.0000	483
mut_I0_star	M0003	coverage	94	0.2000	1.0000	0.1915	1.0000	483
mut_I0_star	M0906	idf	265	0.1800	0.0000	0.0000	1.0000	486
mut_I0_star	M0906	coverage	265	0.1800	1.0000	0.1925	1.0000	486
mut_I0_star	M0590	idf	19	0.2600	1.0000	0.1053	1.0000	485
mut_I0_star	M0590	coverage	19	0.2600	1.0000	0.1053	1.0000	485
mut_I0_star	M0293	idf	60	0.2400	1.0000	0.4000	1.0000	473
mut_I0_star	M0293	coverage	60	0.2400	1.0000	0.4500	1.0000	473
mut_I0_star	M0651	idf	56	0.1700	0.0000	0.0000	1.0000	492
mut_I0_star	M0651	coverage	56	0.1700	1.0000	0.1250	1.0000	492
mut_I0_star	M0297	idf	17	0.1100	1.0000	0.0588	1.0000	498
mut_I0_star	M0297	coverage	17	0.1100	0.0000	0.0000	1.0000	498
mut_I0_star	M0194	idf	63	0.5000	1.0000	0.9524	1.0000	476
mut_I0_star	M0194	coverage	63	0.5000	1.0000	0.0794	1.0000	476
mut_I0_star	M0589	idf	26	0.2000	1.0000	0.1154	1.0000	482
mut_I0_star	M0589	coverage	26	0.2000	1.0000	0.0385	1.0000	482
mut_I0_star	M0669	idf	10	0.2900	1.0000	0.4000	1.0000	490
mut_I0_star	M0669	coverage	10	0.2900	0.0000	0.0000	1.0000	490
mut_I0_star	M0742	idf	2	0.2700	1.0000	1.0000	1.0000	493
mut_I0_star	M0742	coverage	2	0.2700	0.0000	0.0000	1.0000	493
mut_I0_star	M0298	idf	164	0.2600	0.0000	0.0000	0.0000	498
mut_I0_star	M0298	coverage	164	0.2600	0.0000	0.0000	0.0000	498
mut_I0_star	M0440	idf	43	0.3500	1.0000	0.8140	1.0000	454
mut_I0_star	M0440	coverage	43	0.3500	1.0000	0.1860	1.0000	454
mut_I0_star	M0386	idf	4	0.5100	1.0000	1.0000	1.0000	479
mut_I0_star	M0386	coverage	4	0.5100	1.0000	0.7500	1.0000	479
mut_I0_star	M0087	idf	50	0.5100	1.0000	1.0000	1.0000	475
mut_I0_star	M0087	coverage	50	0.5100	1.0000	0.1600	1.0000	475
mut_I1	M0346	idf	37	0.3000	0.0000	0.0000	1.0000	371
mut_I1	M0346	coverage	37	0.3000	0.0000	0.0000	1.0000	371
mut_I1	M0376	idf	41	0.3500	1.0000	0.6341	1.0000	386
mut_I1	M0376	coverage	41	0.3500	0.0000	0.0000	1.0000	386
mut_I1	M0431	idf	3	0.2200	1.0000	0.6667	1.0000	407
mut_I1	M0431	coverage	3	0.2200	0.0000	0.0000	1.0000	407
mut_I1	M0243	idf	11	0.5000	1.0000	1.0000	1.0000	408
mut_I1	M0243	coverage	11	0.5000	0.0000	0.0000	1.0000	408
mut_I1	M0294	idf	108	0.5500	1.0000	0.0185	1.0000	445
mut_I1	M0294	coverage	108	0.5500	0.0000	0.0000	1.0000	445
mut_I1	M0895	idf	121	0.1400	0.0000	0.0000	1.0000	235
mut_I1	M0895	coverage	121	0.1400	0.0000	0.0000	1.0000	235
mut_I1	M0104	idf	4	0.5000	1.0000	1.0000	1.0000	315
mut_I1	M0104	coverage	4	0.5000	0.0000	0.0000	1.0000	315
mut_I1	M0869	idf	5	0.1600	0.0000	0.0000	1.0000	451
mut_I1	M0869	coverage	5	0.1600	1.0000	0.2000	1.0000	451
mut_I1	M0075	idf	2	0.4200	0.0000	0.0000	1.0000	294
mut_I1	M0075	coverage	2	0.4200	0.0000	0.0000	1.0000	294
mut_I1	M0134	idf	55	0.2700	0.0000	0.0000	1.0000	413
mut_I1	M0134	coverage	55	0.2700	0.0000	0.0000	1.0000	413
mut_I1	M0206	idf	75	0.4800	1.0000	0.6667	1.0000	375
mut_I1	M0206	coverage	75	0.4800	0.0000	0.0000	1.0000	375
mut_I1	M0044	idf	67	0.5600	1.0000	0.9701	1.0000	344
mut_I1	M0044	coverage	67	0.5600	1.0000	0.0299	1.0000	344
mut_I1	M0484	idf	100	0.5500	1.0000	1.0000	1.0000	368
mut_I1	M0484	coverage	100	0.5500	1.0000	0.8700	1.0000	368
mut_I1	M0334	idf	22	0.2900	1.0000	0.3636	1.0000	269
mut_I1	M0334	coverage	22	0.2900	1.0000	0.2727	1.0000	269
mut_I1	M0412	idf	5	0.3000	1.0000	0.4000	1.0000	378
mut_I1	M0412	coverage	5	0.3000	0.0000	0.0000	1.0000	378
mut_I1	M0931	idf	70	0.2200	0.0000	0.0000	1.0000	363
mut_I1	M0931	coverage	70	0.2200	1.0000	0.6714	1.0000	363
mut_I1	M0118	idf	106	0.1800	0.0000	0.0000	1.0000	446
mut_I1	M0118	coverage	106	0.1800	0.0000	0.0000	1.0000	446
mut_I1	M0752	idf	8	0.0800	1.0000	0.5000	1.0000	422
mut_I1	M0752	coverage	8	0.0800	1.0000	0.3750	1.0000	422
mut_I1	M0428	idf	10	0.4200	1.0000	1.0000	1.0000	350
mut_I1	M0428	coverage	10	0.4200	0.0000	0.0000	1.0000	350
mut_I1	M0771	idf	213	0.1900	1.0000	0.0376	1.0000	303
mut_I1	M0771	coverage	213	0.1900	1.0000	0.0047	1.0000	303
mut_I1	M0658	idf	12	0.2400	0.0000	0.0000	1.0000	289
mut_I1	M0658	coverage	12	0.2400	1.0000	0.0833	1.0000	289
mut_I1	M0311	idf	78	0.5400	1.0000	1.0000	1.0000	467
mut_I1	M0311	coverage	78	0.5400	0.0000	0.0000	1.0000	467
mut_I1	M0600	idf	78	0.3000	1.0000	0.0769	1.0000	365
mut_I1	M0600	coverage	78	0.3000	1.0000	0.0641	1.0000	365
mut_I1	M0565	idf	13	0.0600	0.0000	0.0000	0.0000	113
mut_I1	M0565	coverage	13	0.0600	0.0000	0.0000	0.0000	113
mut_I1	M0085	idf	11	0.2700	1.0000	0.7273	1.0000	421
mut_I1	M0085	coverage	11	0.2700	0.0000	0.0000	1.0000	421
mut_I1	M0488	idf	6	0.5000	1.0000	1.0000	1.0000	395
mut_I1	M0488	coverage	6	0.5000	0.0000	0.0000	1.0000	395
mut_I1	M0076	idf	97	0.1600	0.0000	0.0000	1.0000	426
mut_I1	M0076	coverage	97	0.1600	0.0000	0.0000	1.0000	426
mut_I1	M0175	idf	826	0.1800	0.0000	0.0000	1.0000	498
mut_I1	M0175	coverage	826	0.1800	1.0000	0.5726	1.0000	498
mut_I1	M0107	idf	7	0.4500	1.0000	0.1429	1.0000	416
mut_I1	M0107	coverage	7	0.4500	0.0000	0.0000	1.0000	416
mut_I1	M0201	idf	38	0.2200	0.0000	0.0000	1.0000	380
mut_I1	M0201	coverage	38	0.2200	0.0000	0.0000	1.0000	380
mut_I1	M0383	idf	124	0.6300	0.0000	0.0000	1.0000	352
mut_I1	M0383	coverage	124	0.6300	1.0000	0.1371	1.0000	352
mut_I1	M0111	idf	10	0.7500	1.0000	0.4000	1.0000	381
mut_I1	M0111	coverage	10	0.7500	0.0000	0.0000	1.0000	381
mut_I1	M0634	idf	9	0.3800	1.0000	0.6667	1.0000	295
mut_I1	M0634	coverage	9	0.3800	1.0000	1.0000	1.0000	295
mut_I1	M0609	idf	81	0.2900	0.0000	0.0000	1.0000	476
mut_I1	M0609	coverage	81	0.2900	0.0000	0.0000	1.0000	476
mut_I1	M0228	idf	119	0.2700	1.0000	0.1092	1.0000	388
mut_I1	M0228	coverage	119	0.2700	0.0000	0.0000	1.0000	388
mut_I1	M0636	idf	16	0.2700	1.0000	0.6250	1.0000	480
mut_I1	M0636	coverage	16	0.2700	0.0000	0.0000	1.0000	480
mut_I1	M0908	idf	78	0.2000	0.0000	0.0000	1.0000	423
mut_I1	M0908	coverage	78	0.2000	1.0000	0.0128	1.0000	423
mut_I1	M0564	idf	357	0.2600	0.0000	0.0000	1.0000	399
mut_I1	M0564	coverage	357	0.2600	0.0000	0.0000	1.0000	399
mut_I1	M0616	idf	5	0.2400	1.0000	1.0000	1.0000	406
mut_I1	M0616	coverage	5	0.2400	0.0000	0.0000	1.0000	406
mut_I1	M0453	idf	61	0.4400	1.0000	0.3607	1.0000	423
mut_I1	M0453	coverage	61	0.4400	0.0000	0.0000	1.0000	423
mut_I1	M0510	idf	62	0.2800	1.0000	0.9032	1.0000	290
mut_I1	M0510	coverage	62	0.2800	0.0000	0.0000	1.0000	290
mut_I1	M0216	idf	1150	0.3200	1.0000	0.4339	1.0000	499
mut_I1	M0216	coverage	1150	0.3200	1.0000	0.4339	1.0000	499
mut_I1	M0448	idf	7	0.1500	0.0000	0.0000	0.0000	425
mut_I1	M0448	coverage	7	0.1500	0.0000	0.0000	0.0000	425
mut_I1	M0732	idf	18	0.2100	0.0000	0.0000	1.0000	191
mut_I1	M0732	coverage	18	0.2100	0.0000	0.0000	1.0000	191
mut_I1	M0734	idf	5	0.1600	0.0000	0.0000	1.0000	374
mut_I1	M0734	coverage	5	0.1600	0.0000	0.0000	1.0000	374
mut_I1	M0456	idf	17	0.1500	0.0000	0.0000	1.0000	410
mut_I1	M0456	coverage	17	0.1500	0.0000	0.0000	1.0000	410
mut_I1	M0278	idf	74	0.0700	1.0000	0.8784	1.0000	208
mut_I1	M0278	coverage	74	0.0700	0.0000	0.0000	1.0000	208
mut_I1	M0682	idf	290	0.1500	0.0000	0.0000	1.0000	454
mut_I1	M0682	coverage	290	0.1500	1.0000	0.3862	1.0000	454
mut_I1	M0381	idf	68	0.1100	0.0000	0.0000	1.0000	347
mut_I1	M0381	coverage	68	0.1100	0.0000	0.0000	1.0000	347
mut_I1	M0759	idf	73	0.3900	0.0000	0.0000	1.0000	341
mut_I1	M0759	coverage	73	0.3900	0.0000	0.0000	1.0000	341
mut_I1	M0916	idf	1	0.2600	1.0000	1.0000	1.0000	292
mut_I1	M0916	coverage	1	0.2600	1.0000	1.0000	1.0000	292
mut_I1	M0122	idf	21	0.3100	1.0000	0.3810	1.0000	407
mut_I1	M0122	coverage	21	0.3100	0.0000	0.0000	1.0000	407
mut_I1	M0435	idf	17	1.5600	1.0000	0.2353	1.0000	440
mut_I1	M0435	coverage	17	1.5600	0.0000	0.0000	1.0000	440
mut_I1	M0519	idf	16	0.5200	1.0000	1.0000	1.0000	384
mut_I1	M0519	coverage	16	0.5200	0.0000	0.0000	1.0000	384
mut_I1	M0506	idf	113	0.2100	1.0000	0.0088	1.0000	410
mut_I1	M0506	coverage	113	0.2100	0.0000	0.0000	1.0000	410
mut_I1	M0357	idf	5	0.2500	0.0000	0.0000	1.0000	252
mut_I1	M0357	coverage	5	0.2500	0.0000	0.0000	1.0000	252
mut_I1	M0414	idf	82	0.2700	1.0000	0.4390	1.0000	428
mut_I1	M0414	coverage	82	0.2700	0.0000	0.0000	1.0000	428
mut_I1	M0096	idf	23	0.2900	0.0000	0.0000	1.0000	368
mut_I1	M0096	coverage	23	0.2900	0.0000	0.0000	1.0000	368
mut_I1	M0885	idf	15	0.4800	1.0000	0.5333	1.0000	352
mut_I1	M0885	coverage	15	0.4800	0.0000	0.0000	1.0000	352
mut_I1	M0738	idf	15	0.3300	1.0000	1.0000	1.0000	354
mut_I1	M0738	coverage	15	0.3300	1.0000	0.2667	1.0000	354
mut_I1	M0545	idf	19	0.4000	0.0000	0.0000	1.0000	391
mut_I1	M0545	coverage	19	0.4000	0.0000	0.0000	1.0000	391
mut_I1	M0815	idf	238	0.1800	1.0000	0.3361	1.0000	396
mut_I1	M0815	coverage	238	0.1800	1.0000	0.0336	1.0000	396
mut_I1	M0077	idf	101	0.3500	1.0000	0.0297	1.0000	362
mut_I1	M0077	coverage	101	0.3500	1.0000	0.4059	1.0000	362
mut_I1	M0851	idf	22	0.1200	0.0000	0.0000	0.0000	255
mut_I1	M0851	coverage	22	0.1200	0.0000	0.0000	0.0000	255
mut_I1	M0862	idf	17	0.3000	0.0000	0.0000	1.0000	225
mut_I1	M0862	coverage	17	0.3000	0.0000	0.0000	1.0000	225
mut_I1	M0736	idf	3	0.3300	1.0000	1.0000	1.0000	364
mut_I1	M0736	coverage	3	0.3300	0.0000	0.0000	1.0000	364
mut_I1	M0819	idf	25	0.1900	0.0000	0.0000	1.0000	390
mut_I1	M0819	coverage	25	0.1900	1.0000	0.4800	1.0000	390
mut_I1	M0822	idf	2	0.2500	1.0000	0.5000	1.0000	360
mut_I1	M0822	coverage	2	0.2500	1.0000	0.5000	1.0000	360
mut_I1	M0136	idf	9	0.3200	1.0000	0.8889	1.0000	394
mut_I1	M0136	coverage	9	0.3200	0.0000	0.0000	1.0000	394
mut_I1	M0054	idf	44	0.1500	0.0000	0.0000	1.0000	265
mut_I1	M0054	coverage	44	0.1500	0.0000	0.0000	1.0000	265
mut_I1	M0612	idf	82	0.3000	0.0000	0.0000	1.0000	365
mut_I1	M0612	coverage	82	0.3000	1.0000	0.0122	1.0000	365
mut_I1	M0010	idf	13	0.2400	1.0000	1.0000	1.0000	282
mut_I1	M0010	coverage	13	0.2400	1.0000	0.9231	1.0000	282
mut_I1	M0709	idf	289	0.2500	1.0000	0.0277	1.0000	390
mut_I1	M0709	coverage	289	0.2500	1.0000	0.0277	1.0000	390
mut_I1	M0940	idf	104	0.5400	0.0000	0.0000	1.0000	485
mut_I1	M0940	coverage	104	0.5400	0.0000	0.0000	1.0000	485
mut_I1	M0172	idf	12	0.5100	0.0000	0.0000	1.0000	431
mut_I1	M0172	coverage	12	0.5100	1.0000	0.5000	1.0000	431
mut_I1	M0693	idf	362	0.1900	0.0000	0.0000	1.0000	386
mut_I1	M0693	coverage	362	0.1900	0.0000	0.0000	1.0000	386
mut_I1	M0159	idf	148	0.5100	1.0000	0.9054	1.0000	402
mut_I1	M0159	coverage	148	0.5100	1.0000	0.1081	1.0000	402
mut_I1	M0835	idf	9	0.3000	0.0000	0.0000	1.0000	316
mut_I1	M0835	coverage	9	0.3000	0.0000	0.0000	1.0000	316
mut_I1	M0810	idf	37	0.3200	1.0000	0.2432	1.0000	377
mut_I1	M0810	coverage	37	0.3200	1.0000	0.0270	1.0000	377
mut_I1	M0434	idf	12	0.4600	1.0000	1.0000	1.0000	351
mut_I1	M0434	coverage	12	0.4600	0.0000	0.0000	1.0000	351
mut_I1	M0653	idf	23	0.2700	1.0000	0.0435	1.0000	446
mut_I1	M0653	coverage	23	0.2700	0.0000	0.0000	1.0000	446
mut_I1	M0205	idf	259	0.5200	1.0000	0.9112	1.0000	446
mut_I1	M0205	coverage	259	0.5200	0.0000	0.0000	1.0000	446
mut_I1	M0939	idf	13	0.0700	1.0000	0.4615	1.0000	254
mut_I1	M0939	coverage	13	0.0700	1.0000	0.4615	1.0000	254
mut_I1	M0918	idf	65	0.6200	0.0000	0.0000	1.0000	405
mut_I1	M0918	coverage	65	0.6200	1.0000	0.0769	1.0000	405
mut_I1	M0858	idf	351	0.2800	0.0000	0.0000	1.0000	432
mut_I1	M0858	coverage	351	0.2800	1.0000	0.8490	1.0000	432
mut_I1	M0420	idf	17	0.1600	0.0000	0.0000	1.0000	408
mut_I1	M0420	coverage	17	0.1600	0.0000	0.0000	1.0000	408
mut_I1	M0879	idf	15	0.1700	0.0000	0.0000	0.0000	225
mut_I1	M0879	coverage	15	0.1700	0.0000	0.0000	0.0000	225
mut_I1	M0371	idf	122	0.2500	0.0000	0.0000	1.0000	417
mut_I1	M0371	coverage	122	0.2500	0.0000	0.0000	1.0000	417
mut_I1	M0020	idf	115	0.4900	0.0000	0.0000	1.0000	430
mut_I1	M0020	coverage	115	0.4900	0.0000	0.0000	1.0000	430
mut_I1	M0855	idf	38	0.2900	1.0000	0.1842	1.0000	311
mut_I1	M0855	coverage	38	0.2900	1.0000	0.1579	1.0000	311
mut_I1	M0957	idf	186	0.3500	0.0000	0.0000	1.0000	485
mut_I1	M0957	coverage	186	0.3500	0.0000	0.0000	1.0000	485
mut_I1	M0505	idf	27	0.3100	1.0000	0.1111	1.0000	410
mut_I1	M0505	coverage	27	0.3100	1.0000	0.0741	1.0000	410
mut_I1	M0477	idf	70	0.2300	1.0000	0.3143	1.0000	444
mut_I1	M0477	coverage	70	0.2300	1.0000	0.0429	1.0000	444
mut_I1	M0829	idf	6	0.3300	0.0000	0.0000	1.0000	318
mut_I1	M0829	coverage	6	0.3300	0.0000	0.0000	1.0000	318
mut_I1	M0884	idf	19	0.2800	1.0000	0.1053	1.0000	346
mut_I1	M0884	coverage	19	0.2800	0.0000	0.0000	1.0000	346
mut_I1	M0384	idf	67	0.2200	1.0000	0.1045	1.0000	322
mut_I1	M0384	coverage	67	0.2200	0.0000	0.0000	1.0000	322
mut_I1	M0065	idf	53	0.2600	1.0000	0.3585	1.0000	364
mut_I1	M0065	coverage	53	0.2600	1.0000	0.2264	1.0000	364
mut_I1	M0123	idf	2	0.6500	1.0000	1.0000	1.0000	393
mut_I1	M0123	coverage	2	0.6500	0.0000	0.0000	1.0000	393
mut_I1	M0580	idf	9	0.1900	0.0000	0.0000	1.0000	407
mut_I1	M0580	coverage	9	0.1900	0.0000	0.0000	1.0000	407
mut_I1	M0033	idf	14	0.2900	1.0000	0.3571	1.0000	358
mut_I1	M0033	coverage	14	0.2900	0.0000	0.0000	1.0000	358
mut_I1	M0281	idf	1	0.5600	1.0000	1.0000	1.0000	365
mut_I1	M0281	coverage	1	0.5600	0.0000	0.0000	1.0000	365
mut_I1	M0544	idf	12	0.2600	1.0000	0.0833	1.0000	354
mut_I1	M0544	coverage	12	0.2600	1.0000	0.0833	1.0000	354
mut_I1	M0212	idf	83	1.0200	0.0000	0.0000	1.0000	430
mut_I1	M0212	coverage	83	1.0200	0.0000	0.0000	1.0000	430
mut_I1	M0426	idf	18	0.2500	1.0000	0.8333	1.0000	341
mut_I1	M0426	coverage	18	0.2500	1.0000	0.0556	1.0000	341
mut_I1	M0905	idf	198	0.1700	0.0000	0.0000	1.0000	236
mut_I1	M0905	coverage	198	0.1700	0.0000	0.0000	1.0000	236
mut_I1	M0843	idf	14	0.1200	0.0000	0.0000	1.0000	218
mut_I1	M0843	coverage	14	0.1200	0.0000	0.0000	1.0000	218
mut_I1	M0263	idf	24	0.2700	0.0000	0.0000	1.0000	412
mut_I1	M0263	coverage	24	0.2700	1.0000	0.5000	1.0000	412
mut_I1	M0697	idf	155	0.3000	0.0000	0.0000	1.0000	333
mut_I1	M0697	coverage	155	0.3000	1.0000	0.0323	1.0000	333
mut_I1	M0260	idf	21	0.3200	1.0000	0.7619	1.0000	336
mut_I1	M0260	coverage	21	0.3200	0.0000	0.0000	1.0000	336
mut_I1	M0379	idf	41	0.4700	1.0000	1.0000	1.0000	377
mut_I1	M0379	coverage	41	0.4700	1.0000	0.4390	1.0000	377
mut_I1	M0377	idf	189	0.4400	0.0000	0.0000	1.0000	492
mut_I1	M0377	coverage	189	0.4400	0.0000	0.0000	1.0000	492
mut_I1	M0547	idf	4	0.1800	1.0000	0.7500	1.0000	352
mut_I1	M0547	coverage	4	0.1800	0.0000	0.0000	1.0000	352
mut_I1	M0508	idf	6	0.3900	1.0000	1.0000	1.0000	377
mut_I1	M0508	coverage	6	0.3900	1.0000	0.1667	1.0000	377
mut_I1	M0401	idf	392	0.2700	0.0000	0.0000	1.0000	422
mut_I1	M0401	coverage	392	0.2700	0.0000	0.0000	1.0000	422
mut_I1	M0755	idf	11	0.1500	1.0000	0.9091	1.0000	357
mut_I1	M0755	coverage	11	0.1500	0.0000	0.0000	1.0000	357
mut_I1	M0458	idf	25	0.1400	0.0000	0.0000	1.0000	440
mut_I1	M0458	coverage	25	0.1400	0.0000	0.0000	1.0000	440
mut_I1	M0314	idf	45	0.9100	1.0000	0.0444	1.0000	361
mut_I1	M0314	coverage	45	0.9100	0.0000	0.0000	1.0000	361
mut_I1	M0210	idf	220	0.2700	1.0000	0.0227	1.0000	416
mut_I1	M0210	coverage	220	0.2700	1.0000	0.0045	1.0000	416
mut_I1	M0154	idf	62	0.2100	0.0000	0.0000	1.0000	405
mut_I1	M0154	coverage	62	0.2100	0.0000	0.0000	1.0000	405
mut_I1	M0502	idf	20	0.5500	1.0000	0.2000	1.0000	437
mut_I1	M0502	coverage	20	0.5500	0.0000	0.0000	1.0000	437
mut_I1	M0031	idf	290	0.3300	1.0000	0.5345	1.0000	443
mut_I1	M0031	coverage	290	0.3300	1.0000	0.0069	1.0000	443
mut_I1	M0178	idf	273	0.4100	1.0000	0.0110	1.0000	354
mut_I1	M0178	coverage	273	0.4100	0.0000	0.0000	1.0000	354
mut_I1	M0019	idf	21	0.4600	1.0000	0.6190	1.0000	370
mut_I1	M0019	coverage	21	0.4600	0.0000	0.0000	1.0000	370
mut_I1	M0125	idf	19	0.4800	1.0000	0.8947	1.0000	336
mut_I1	M0125	coverage	19	0.4800	1.0000	0.5789	1.0000	336
mut_I1	M0181	idf	8	0.4800	1.0000	0.6250	1.0000	395
mut_I1	M0181	coverage	8	0.4800	0.0000	0.0000	1.0000	395
mut_I1	M0466	idf	6	0.5900	1.0000	0.5000	1.0000	431
mut_I1	M0466	coverage	6	0.5900	0.0000	0.0000	1.0000	431
mut_I1	M0058	idf	37	0.2700	0.0000	0.0000	1.0000	345
mut_I1	M0058	coverage	37	0.2700	0.0000	0.0000	1.0000	345
mut_I1	M0683	idf	27	0.3800	1.0000	0.8889	1.0000	406
mut_I1	M0683	coverage	27	0.3800	1.0000	0.0370	1.0000	406
mut_I1	M0925	idf	22	0.2000	0.0000	0.0000	1.0000	413
mut_I1	M0925	coverage	22	0.2000	0.0000	0.0000	1.0000	413
mut_I1	M0081	idf	9	0.2900	1.0000	0.5556	1.0000	280
mut_I1	M0081	coverage	9	0.2900	0.0000	0.0000	1.0000	280
mut_I1	M0090	idf	60	0.5500	1.0000	0.9667	1.0000	363
mut_I1	M0090	coverage	60	0.5500	0.0000	0.0000	1.0000	363
mut_I1	M0429	idf	47	0.2600	0.0000	0.0000	1.0000	305
mut_I1	M0429	coverage	47	0.2600	0.0000	0.0000	1.0000	305
mut_I1	M0447	idf	2	0.3200	1.0000	0.5000	1.0000	360
mut_I1	M0447	coverage	2	0.3200	0.0000	0.0000	1.0000	360
mut_I1	M0768	idf	19	0.3900	1.0000	0.7368	1.0000	360
mut_I1	M0768	coverage	19	0.3900	1.0000	0.5263	1.0000	360
mut_I1	M0261	idf	19	0.3100	1.0000	0.0526	1.0000	365
mut_I1	M0261	coverage	19	0.3100	0.0000	0.0000	1.0000	365
mut_I1	M0234	idf	8	0.3600	1.0000	0.6250	1.0000	302
mut_I1	M0234	coverage	8	0.3600	0.0000	0.0000	1.0000	302
mut_I1	M0958	idf	236	0.3600	0.0000	0.0000	1.0000	489
mut_I1	M0958	coverage	236	0.3600	0.0000	0.0000	1.0000	489
mut_I1	M0387	idf	2048	0.3300	1.0000	0.0254	1.0000	481
mut_I1	M0387	coverage	2048	0.3300	0.0000	0.0000	1.0000	481
mut_I1	M0520	idf	440	0.3300	0.0000	0.0000	1.0000	489
mut_I1	M0520	coverage	440	0.3300	1.0000	0.0023	1.0000	489
mut_I1	M0910	idf	7	0.2300	1.0000	0.8571	1.0000	327
mut_I1	M0910	coverage	7	0.2300	0.0000	0.0000	1.0000	327
mut_I1	M0398	idf	36	0.4600	1.0000	1.0000	1.0000	288
mut_I1	M0398	coverage	36	0.4600	0.0000	0.0000	1.0000	288
mut_I1	M0040	idf	52	0.2800	0.0000	0.0000	1.0000	374
mut_I1	M0040	coverage	52	0.2800	0.0000	0.0000	1.0000	374
mut_I1	M0808	idf	3	0.2400	1.0000	0.3333	1.0000	409
mut_I1	M0808	coverage	3	0.2400	1.0000	0.6667	1.0000	409
mut_I1	M0781	idf	6	0.2300	1.0000	0.6667	1.0000	354
mut_I1	M0781	coverage	6	0.2300	0.0000	0.0000	1.0000	354
mut_I1	M0410	idf	30	0.5000	1.0000	0.1000	1.0000	335
mut_I1	M0410	coverage	30	0.5000	0.0000	0.0000	1.0000	335
mut_I1	M0250	idf	14	0.2400	1.0000	0.7857	1.0000	386
mut_I1	M0250	coverage	14	0.2400	0.0000	0.0000	1.0000	386
mut_I1	M0748	idf	19	0.0500	0.0000	0.0000	1.0000	103
mut_I1	M0748	coverage	19	0.0500	0.0000	0.0000	1.0000	103
mut_I1	M0515	idf	20	0.4600	1.0000	0.1000	1.0000	400
mut_I1	M0515	coverage	20	0.4600	0.0000	0.0000	1.0000	400
mut_I1	M0920	idf	21	0.3300	0.0000	0.0000	1.0000	361
mut_I1	M0920	coverage	21	0.3300	0.0000	0.0000	1.0000	361
mut_I1	M0655	idf	6	0.0900	0.0000	0.0000	1.0000	147
mut_I1	M0655	coverage	6	0.0900	1.0000	0.1667	1.0000	147
mut_I1	M0227	idf	38	0.2900	1.0000	0.2105	1.0000	376
mut_I1	M0227	coverage	38	0.2900	1.0000	0.0526	1.0000	376
mut_I1	M0272	idf	35	0.4800	1.0000	0.2286	1.0000	396
mut_I1	M0272	coverage	35	0.4800	0.0000	0.0000	1.0000	396
mut_I1	M0093	idf	10	0.3100	0.0000	0.0000	0.0000	337
mut_I1	M0093	coverage	10	0.3100	0.0000	0.0000	0.0000	337
mut_I1	M0625	idf	5	0.2500	0.0000	0.0000	1.0000	362
mut_I1	M0625	coverage	5	0.2500	0.0000	0.0000	1.0000	362
mut_I1	M0321	idf	19	0.2600	1.0000	0.3158	1.0000	339
mut_I1	M0321	coverage	19	0.2600	1.0000	0.1053	1.0000	339
mut_I1	M0048	idf	98	0.3600	1.0000	0.2857	1.0000	297
mut_I1	M0048	coverage	98	0.3600	0.0000	0.0000	1.0000	297
mut_I1	M0043	idf	20	0.3700	1.0000	1.0000	1.0000	371
mut_I1	M0043	coverage	20	0.3700	0.0000	0.0000	1.0000	371
mut_I1	M0900	idf	441	0.1800	0.0000	0.0000	1.0000	495
mut_I1	M0900	coverage	441	0.1800	0.0000	0.0000	1.0000	495
mut_I1	M0857	idf	12	0.3800	1.0000	0.7500	1.0000	343
mut_I1	M0857	coverage	12	0.3800	0.0000	0.0000	1.0000	343
mut_I1	M0964	idf	68	0.2500	1.0000	0.1471	1.0000	419
mut_I1	M0964	coverage	68	0.2500	0.0000	0.0000	1.0000	419
mut_I1	M0131	idf	36	0.3700	1.0000	0.8056	1.0000	384
mut_I1	M0131	coverage	36	0.3700	1.0000	0.0278	1.0000	384
mut_I1	M0754	idf	9	0.1400	1.0000	0.3333	1.0000	250
mut_I1	M0754	coverage	9	0.1400	0.0000	0.0000	1.0000	250
mut_I1	M0313	idf	17	0.1700	0.0000	0.0000	1.0000	403
mut_I1	M0313	coverage	17	0.1700	0.0000	0.0000	1.0000	403
mut_I1	M0092	idf	41	0.2900	1.0000	0.9268	1.0000	395
mut_I1	M0092	coverage	41	0.2900	0.0000	0.0000	1.0000	395
mut_I1	M0108	idf	3	0.2800	1.0000	0.3333	1.0000	336
mut_I1	M0108	coverage	3	0.2800	0.0000	0.0000	1.0000	336
mut_I1	M0139	idf	76	0.3700	0.0000	0.0000	1.0000	327
mut_I1	M0139	coverage	76	0.3700	0.0000	0.0000	1.0000	327
mut_I1	M0235	idf	17	0.1500	0.0000	0.0000	0.0000	391
mut_I1	M0235	coverage	17	0.1500	0.0000	0.0000	0.0000	391
mut_I1	M0444	idf	83	0.2400	0.0000	0.0000	1.0000	409
mut_I1	M0444	coverage	83	0.2400	0.0000	0.0000	1.0000	409
mut_I1	M0623	idf	16	0.2900	1.0000	1.0000	1.0000	358
mut_I1	M0623	coverage	16	0.2900	0.0000	0.0000	1.0000	358
mut_I1	M0919	idf	18	0.2600	0.0000	0.0000	1.0000	257
mut_I1	M0919	coverage	18	0.2600	0.0000	0.0000	1.0000	257
mut_I1	M0369	idf	82	0.2300	1.0000	0.2683	1.0000	338
mut_I1	M0369	coverage	82	0.2300	1.0000	0.0854	1.0000	338
mut_I1	M0253	idf	212	0.4600	1.0000	0.8868	1.0000	420
mut_I1	M0253	coverage	212	0.4600	1.0000	0.0142	1.0000	420
mut_I1	M0254	idf	17	1.1200	1.0000	1.0000	1.0000	432
mut_I1	M0254	coverage	17	1.1200	0.0000	0.0000	1.0000	432
mut_I1	M0301	idf	51	0.3000	1.0000	0.0196	1.0000	409
mut_I1	M0301	coverage	51	0.3000	0.0000	0.0000	1.0000	409
mut_I1	M0674	idf	31	0.2100	0.0000	0.0000	1.0000	337
mut_I1	M0674	coverage	31	0.2100	0.0000	0.0000	1.0000	337
mut_I1	M0100	idf	360	0.3800	0.0000	0.0000	1.0000	378
mut_I1	M0100	coverage	360	0.3800	1.0000	0.0278	1.0000	378
mut_I1	M0231	idf	13	0.2800	1.0000	0.8462	1.0000	392
mut_I1	M0231	coverage	13	0.2800	0.0000	0.0000	1.0000	392
mut_I1	M0816	idf	238	0.1600	0.0000	0.0000	1.0000	378
mut_I1	M0816	coverage	238	0.1600	1.0000	0.0252	1.0000	378
mut_I1	M0472	idf	94	0.4800	1.0000	0.9787	1.0000	364
mut_I1	M0472	coverage	94	0.4800	0.0000	0.0000	1.0000	364
mut_I1	M0962	idf	134	0.5100	1.0000	0.0224	1.0000	450
mut_I1	M0962	coverage	134	0.5100	0.0000	0.0000	1.0000	450
mut_I1	M0795	idf	79	0.3800	1.0000	0.2532	1.0000	377
mut_I1	M0795	coverage	79	0.3800	0.0000	0.0000	1.0000	377
mut_I1	M0727	idf	22	0.3900	1.0000	0.6818	1.0000	316
mut_I1	M0727	coverage	22	0.3900	1.0000	0.1364	1.0000	316
mut_I1	M0497	idf	15	0.4800	1.0000	0.9333	1.0000	378
mut_I1	M0497	coverage	15	0.4800	0.0000	0.0000	1.0000	378
mut_I1	M0338	idf	23	0.1600	1.0000	0.6522	1.0000	411
mut_I1	M0338	coverage	23	0.1600	0.0000	0.0000	1.0000	411
mut_I1	M0947	idf	43	0.1400	1.0000	0.4884	1.0000	161
mut_I1	M0947	coverage	43	0.1400	1.0000	0.6977	1.0000	161
mut_I1	M0163	idf	47	0.1600	1.0000	0.3830	1.0000	392
mut_I1	M0163	coverage	47	0.1600	0.0000	0.0000	1.0000	392
mut_I1	M0959	idf	155	0.4700	0.0000	0.0000	1.0000	478
mut_I1	M0959	coverage	155	0.4700	0.0000	0.0000	1.0000	478
mut_I1	M0433	idf	210	0.1100	0.0000	0.0000	1.0000	256
mut_I1	M0433	coverage	210	0.1100	0.0000	0.0000	1.0000	256
mut_I1	M0416	idf	4	0.4800	1.0000	1.0000	1.0000	380
mut_I1	M0416	coverage	4	0.4800	0.0000	0.0000	1.0000	380
mut_I1	M0850	idf	31	0.1500	1.0000	0.0968	1.0000	400
mut_I1	M0850	coverage	31	0.1500	1.0000	0.0968	1.0000	400
mut_I1	M0454	idf	14	0.3000	1.0000	0.9286	1.0000	333
mut_I1	M0454	coverage	14	0.3000	1.0000	0.7143	1.0000	333
mut_I1	M0351	idf	24	0.2700	0.0000	0.0000	1.0000	340
mut_I1	M0351	coverage	24	0.2700	0.0000	0.0000	1.0000	340
mut_I1	M0425	idf	2084	0.2300	0.0000	0.0000	1.0000	365
mut_I1	M0425	coverage	2084	0.2300	0.0000	0.0000	1.0000	365
mut_I1	M0067	idf	39	0.2700	1.0000	0.0513	1.0000	340
mut_I1	M0067	coverage	39	0.2700	0.0000	0.0000	1.0000	340
mut_I1	M0550	idf	20	0.1500	0.0000	0.0000	1.0000	183
mut_I1	M0550	coverage	20	0.1500	0.0000	0.0000	1.0000	183
mut_I1	M0792	idf	10	0.1500	0.0000	0.0000	1.0000	369
mut_I1	M0792	coverage	10	0.1500	0.0000	0.0000	1.0000	369
mut_I1	M0961	idf	144	0.4100	0.0000	0.0000	1.0000	486
mut_I1	M0961	coverage	144	0.4100	0.0000	0.0000	1.0000	486
mut_I1	M0109	idf	207	0.3400	1.0000	0.5072	1.0000	367
mut_I1	M0109	coverage	207	0.3400	0.0000	0.0000	1.0000	367
mut_I1	M0257	idf	222	0.4100	1.0000	0.8198	1.0000	411
mut_I1	M0257	coverage	222	0.4100	0.0000	0.0000	1.0000	411
mut_I1	M0789	idf	51	0.1600	1.0000	0.0980	1.0000	292
mut_I1	M0789	coverage	51	0.1600	0.0000	0.0000	1.0000	292
mut_I1	M0363	idf	64	0.2100	0.0000	0.0000	1.0000	270
mut_I1	M0363	coverage	64	0.2100	0.0000	0.0000	1.0000	270
mut_I1	M0391	idf	14	0.1900	0.0000	0.0000	1.0000	393
mut_I1	M0391	coverage	14	0.1900	0.0000	0.0000	1.0000	393
mut_I1	M0826	idf	21	0.1800	0.0000	0.0000	1.0000	344
mut_I1	M0826	coverage	21	0.1800	0.0000	0.0000	1.0000	344
mut_I1	M0952	idf	5	0.1500	1.0000	0.8000	1.0000	372
mut_I1	M0952	coverage	5	0.1500	1.0000	0.6000	1.0000	372
mut_I1	M0117	idf	100	0.1700	0.0000	0.0000	1.0000	445
mut_I1	M0117	coverage	100	0.1700	0.0000	0.0000	1.0000	445
mut_I1	M0854	idf	122	0.3500	1.0000	0.1803	1.0000	362
mut_I1	M0854	coverage	122	0.3500	0.0000	0.0000	1.0000	362
mut_I1	M0881	idf	155	0.3700	1.0000	0.9806	1.0000	412
mut_I1	M0881	coverage	155	0.3700	1.0000	0.7355	1.0000	412
mut_I1	M0874	idf	1	0.1100	0.0000	0.0000	0.0000	229
mut_I1	M0874	coverage	1	0.1100	0.0000	0.0000	0.0000	229
mut_I1	M0597	idf	27	0.1200	1.0000	0.1111	1.0000	324
mut_I1	M0597	coverage	27	0.1200	0.0000	0.0000	1.0000	324
mut_I1	M0070	idf	159	0.2400	0.0000	0.0000	1.0000	357
mut_I1	M0070	coverage	159	0.2400	0.0000	0.0000	1.0000	357
mut_I1	M0423	idf	94	0.3000	0.0000	0.0000	1.0000	333
mut_I1	M0423	coverage	94	0.3000	0.0000	0.0000	1.0000	333
mut_I1	M0266	idf	35	0.4300	1.0000	0.8286	1.0000	336
mut_I1	M0266	coverage	35	0.4300	1.0000	0.2571	1.0000	336
mut_I1	M0262	idf	19	0.3000	1.0000	1.0000	1.0000	344
mut_I1	M0262	coverage	19	0.3000	1.0000	0.6316	1.0000	344
mut_I1	M0806	idf	3	0.1700	0.0000	0.0000	1.0000	421
mut_I1	M0806	coverage	3	0.1700	0.0000	0.0000	1.0000	421
mut_I1	M0937	idf	31	0.1800	0.0000	0.0000	1.0000	308
mut_I1	M0937	coverage	31	0.1800	0.0000	0.0000	1.0000	308
mut_I1	M0066	idf	57	0.2600	1.0000	0.0351	1.0000	351
mut_I1	M0066	coverage	57	0.2600	1.0000	0.0351	1.0000	351
mut_I1	M0462	idf	48	0.2400	1.0000	0.9167	1.0000	359
mut_I1	M0462	coverage	48	0.2400	0.0000	0.0000	1.0000	359
mut_I1	M0380	idf	21	0.3500	0.0000	0.0000	1.0000	360
mut_I1	M0380	coverage	21	0.3500	0.0000	0.0000	1.0000	360
mut_I1	M0403	idf	16	0.2600	1.0000	0.3750	1.0000	433
mut_I1	M0403	coverage	16	0.2600	0.0000	0.0000	1.0000	433
mut_I1	M0141	idf	25	0.9400	1.0000	0.1600	1.0000	356
mut_I1	M0141	coverage	25	0.9400	0.0000	0.0000	1.0000	356
mut_I1	M0237	idf	555	0.2700	0.0000	0.0000	1.0000	380
mut_I1	M0237	coverage	555	0.2700	0.0000	0.0000	1.0000	380
mut_I1	M0642	idf	24	0.1200	1.0000	0.2917	1.0000	95
mut_I1	M0642	coverage	24	0.1200	1.0000	0.2500	1.0000	95
mut_I1	M0142	idf	13	0.2800	1.0000	0.1538	1.0000	355
mut_I1	M0142	coverage	13	0.2800	0.0000	0.0000	1.0000	355
mut_I1	M0798	idf	2073	0.3100	0.0000	0.0000	1.0000	497
mut_I1	M0798	coverage	2073	0.3100	1.0000	0.0005	1.0000	497
mut_I1	M0574	idf	111	0.4900	1.0000	0.2793	1.0000	407
mut_I1	M0574	coverage	111	0.4900	0.0000	0.0000	1.0000	407
mut_I1	M0663	idf	96	0.2600	0.0000	0.0000	1.0000	346
mut_I1	M0663	coverage	96	0.2600	0.0000	0.0000	1.0000	346
mut_I1	M0348	idf	165	0.4900	0.0000	0.0000	1.0000	493
mut_I1	M0348	coverage	165	0.4900	0.0000	0.0000	1.0000	493
mut_I1	M0353	idf	11	0.1400	0.0000	0.0000	1.0000	293
mut_I1	M0353	coverage	11	0.1400	1.0000	0.6364	1.0000	293
mut_I1	M0028	idf	19	0.3000	1.0000	1.0000	1.0000	341
mut_I1	M0028	coverage	19	0.3000	0.0000	0.0000	1.0000	341
mut_I1	M0308	idf	172	0.5300	1.0000	1.0000	1.0000	372
mut_I1	M0308	coverage	172	0.5300	0.0000	0.0000	1.0000	372
mut_I1	M0860	idf	6	0.3000	0.0000	0.0000	1.0000	284
mut_I1	M0860	coverage	6	0.3000	0.0000	0.0000	1.0000	284
mut_I1	M0188	idf	117	0.1900	0.0000	0.0000	1.0000	409
mut_I1	M0188	coverage	117	0.1900	1.0000	0.0171	1.0000	409
mut_I1	M0003	idf	94	0.1900	0.0000	0.0000	1.0000	260
mut_I1	M0003	coverage	94	0.1900	0.0000	0.0000	1.0000	260
mut_I1	M0906	idf	265	0.1600	0.0000	0.0000	1.0000	415
mut_I1	M0906	coverage	265	0.1600	1.0000	0.0377	1.0000	415
mut_I1	M0590	idf	19	0.3000	1.0000	0.1053	1.0000	376
mut_I1	M0590	coverage	19	0.3000	0.0000	0.0000	1.0000	376
mut_I1	M0293	idf	60	0.2000	1.0000	0.2500	1.0000	373
mut_I1	M0293	coverage	60	0.2000	0.0000	0.0000	1.0000	373
mut_I1	M0651	idf	56	0.1400	0.0000	0.0000	1.0000	326
mut_I1	M0651	coverage	56	0.1400	0.0000	0.0000	1.0000	326
mut_I1	M0297	idf	17	0.0600	0.0000	0.0000	0.0000	202
mut_I1	M0297	coverage	17	0.0600	0.0000	0.0000	0.0000	202
mut_I1	M0194	idf	63	0.4700	1.0000	0.9206	1.0000	377
mut_I1	M0194	coverage	63	0.4700	1.0000	0.0952	1.0000	377
mut_I1	M0589	idf	26	0.1600	1.0000	0.1154	1.0000	383
mut_I1	M0589	coverage	26	0.1600	0.0000	0.0000	1.0000	383
mut_I1	M0669	idf	10	0.2400	1.0000	0.2000	1.0000	389
mut_I1	M0669	coverage	10	0.2400	0.0000	0.0000	1.0000	389
mut_I1	M0742	idf	2	0.2600	1.0000	1.0000	1.0000	300
mut_I1	M0742	coverage	2	0.2600	0.0000	0.0000	1.0000	300
mut_I1	M0298	idf	164	0.3100	0.0000	0.0000	0.0000	325
mut_I1	M0298	coverage	164	0.3100	0.0000	0.0000	0.0000	325
mut_I1	M0440	idf	43	0.3000	1.0000	0.3953	1.0000	357
mut_I1	M0440	coverage	43	0.3000	1.0000	0.0233	1.0000	357
mut_I1	M0386	idf	4	0.5300	1.0000	1.0000	1.0000	357
mut_I1	M0386	coverage	4	0.5300	0.0000	0.0000	1.0000	357
mut_I1	M0087	idf	50	0.5500	1.0000	1.0000	1.0000	432
mut_I1	M0087	coverage	50	0.5500	0.0000	0.0000	1.0000	432
mut_I2	M0346	idf	37	0.4900	0.0000	0.0000	1.0000	323
mut_I2	M0346	coverage	37	0.4900	0.0000	0.0000	1.0000	323
mut_I2	M0376	idf	41	0.6400	1.0000	0.6829	1.0000	408
mut_I2	M0376	coverage	41	0.6400	0.0000	0.0000	1.0000	408
mut_I2	M0431	idf	3	0.5100	1.0000	1.0000	1.0000	441
mut_I2	M0431	coverage	3	0.5100	0.0000	0.0000	1.0000	441
mut_I2	M0243	idf	11	0.7200	1.0000	1.0000	1.0000	338
mut_I2	M0243	coverage	11	0.7200	0.0000	0.0000	1.0000	338
mut_I2	M0294	idf	108	1.1300	0.0000	0.0000	1.0000	438
mut_I2	M0294	coverage	108	1.1300	0.0000	0.0000	1.0000	438
mut_I2	M0895	idf	121	0.2600	0.0000	0.0000	1.0000	277
mut_I2	M0895	coverage	121	0.2600	0.0000	0.0000	1.0000	277
mut_I2	M0104	idf	4	0.7000	1.0000	1.0000	1.0000	238
mut_I2	M0104	coverage	4	0.7000	0.0000	0.0000	1.0000	238
mut_I2	M0869	idf	5	0.2800	0.0000	0.0000	1.0000	397
mut_I2	M0869	coverage	5	0.2800	1.0000	0.2000	1.0000	397
mut_I2	M0075	idf	2	0.7800	1.0000	0.5000	1.0000	284
mut_I2	M0075	coverage	2	0.7800	0.0000	0.0000	1.0000	284
mut_I2	M0134	idf	55	0.4400	0.0000	0.0000	1.0000	323
mut_I2	M0134	coverage	55	0.4400	0.0000	0.0000	1.0000	323
mut_I2	M0206	idf	75	0.6900	1.0000	0.6800	1.0000	381
mut_I2	M0206	coverage	75	0.6900	0.0000	0.0000	1.0000	381
mut_I2	M0044	idf	67	1.0300	1.0000	0.9701	1.0000	390
mut_I2	M0044	coverage	67	1.0300	1.0000	0.0299	1.0000	390
mut_I2	M0484	idf	100	1.0100	1.0000	1.0000	1.0000	352
mut_I2	M0484	coverage	100	1.0100	1.0000	0.8900	1.0000	352
mut_I2	M0334	idf	22	0.5200	1.0000	0.5455	1.0000	273
mut_I2	M0334	coverage	22	0.5200	1.0000	0.2727	1.0000	273
mut_I2	M0412	idf	5	0.6500	1.0000	0.6000	1.0000	371
mut_I2	M0412	coverage	5	0.6500	0.0000	0.0000	1.0000	371
mut_I2	M0931	idf	70	0.4700	0.0000	0.0000	1.0000	302
mut_I2	M0931	coverage	70	0.4700	1.0000	0.6857	1.0000	302
mut_I2	M0118	idf	106	0.3800	0.0000	0.0000	1.0000	325
mut_I2	M0118	coverage	106	0.3800	0.0000	0.0000	1.0000	325
mut_I2	M0752	idf	8	0.1400	1.0000	0.6250	1.0000	375
mut_I2	M0752	coverage	8	0.1400	1.0000	0.5000	1.0000	375
mut_I2	M0428	idf	10	0.6500	1.0000	1.0000	1.0000	313
mut_I2	M0428	coverage	10	0.6500	0.0000	0.0000	1.0000	313
mut_I2	M0771	idf	213	0.3000	1.0000	0.0516	1.0000	302
mut_I2	M0771	coverage	213	0.3000	1.0000	0.0047	1.0000	302
mut_I2	M0658	idf	12	0.3800	0.0000	0.0000	1.0000	239
mut_I2	M0658	coverage	12	0.3800	1.0000	0.0833	1.0000	239
mut_I2	M0311	idf	78	1.1000	1.0000	1.0000	1.0000	458
mut_I2	M0311	coverage	78	1.1000	0.0000	0.0000	1.0000	458
mut_I2	M0600	idf	78	0.5700	1.0000	0.1538	1.0000	362
mut_I2	M0600	coverage	78	0.5700	1.0000	0.1795	1.0000	362
mut_I2	M0565	idf	13	0.1100	0.0000	0.0000	0.0000	117
mut_I2	M0565	coverage	13	0.1100	0.0000	0.0000	0.0000	117
mut_I2	M0085	idf	11	0.4600	1.0000	0.8182	1.0000	340
mut_I2	M0085	coverage	11	0.4600	0.0000	0.0000	1.0000	340
mut_I2	M0488	idf	6	0.7700	1.0000	1.0000	1.0000	366
mut_I2	M0488	coverage	6	0.7700	0.0000	0.0000	1.0000	366
mut_I2	M0076	idf	97	0.3000	0.0000	0.0000	1.0000	255
mut_I2	M0076	coverage	97	0.3000	0.0000	0.0000	1.0000	255
mut_I2	M0175	idf	826	0.3600	0.0000	0.0000	1.0000	491
mut_I2	M0175	coverage	826	0.3600	1.0000	0.5593	1.0000	491
mut_I2	M0107	idf	7	0.7100	1.0000	0.1429	1.0000	342
mut_I2	M0107	coverage	7	0.7100	0.0000	0.0000	1.0000	342
mut_I2	M0201	idf	38	0.3800	0.0000	0.0000	1.0000	238
mut_I2	M0201	coverage	38	0.3800	0.0000	0.0000	1.0000	238
mut_I2	M0383	idf	124	1.0900	0.0000	0.0000	1.0000	345
mut_I2	M0383	coverage	124	1.0900	1.0000	0.1048	1.0000	345
mut_I2	M0111	idf	10	1.0800	1.0000	0.3000	1.0000	411
mut_I2	M0111	coverage	10	1.0800	0.0000	0.0000	1.0000	411
mut_I2	M0634	idf	9	0.5900	1.0000	0.8889	1.0000	282
mut_I2	M0634	coverage	9	0.5900	1.0000	1.0000	1.0000	282
mut_I2	M0609	idf	81	0.5600	1.0000	0.0741	1.0000	448
mut_I2	M0609	coverage	81	0.5600	0.0000	0.0000	1.0000	448
mut_I2	M0228	idf	119	0.4800	1.0000	0.0840	1.0000	282
mut_I2	M0228	coverage	119	0.4800	0.0000	0.0000	1.0000	282
mut_I2	M0636	idf	16	0.5000	1.0000	0.6250	1.0000	397
mut_I2	M0636	coverage	16	0.5000	0.0000	0.0000	1.0000	397
mut_I2	M0908	idf	78	0.3400	0.0000	0.0000	1.0000	376
mut_I2	M0908	coverage	78	0.3400	1.0000	0.0128	1.0000	376
mut_I2	M0564	idf	357	0.4600	0.0000	0.0000	1.0000	267
mut_I2	M0564	coverage	357	0.4600	0.0000	0.0000	1.0000	267
mut_I2	M0616	idf	5	0.4100	1.0000	1.0000	1.0000	349
mut_I2	M0616	coverage	5	0.4100	0.0000	0.0000	1.0000	349
mut_I2	M0453	idf	61	0.7000	1.0000	0.3934	1.0000	447
mut_I2	M0453	coverage	61	0.7000	0.0000	0.0000	1.0000	447
mut_I2	M0510	idf	62	0.5800	1.0000	0.9032	1.0000	280
mut_I2	M0510	coverage	62	0.5800	0.0000	0.0000	1.0000	280
mut_I2	M0216	idf	1150	0.5700	1.0000	0.4339	1.0000	499
mut_I2	M0216	coverage	1150	0.5700	1.0000	0.4339	1.0000	499
mut_I2	M0448	idf	7	0.2500	0.0000	0.0000	0.0000	383
mut_I2	M0448	coverage	7	0.2500	0.0000	0.0000	0.0000	383
mut_I2	M0732	idf	18	0.5200	0.0000	0.0000	1.0000	226
mut_I2	M0732	coverage	18	0.5200	0.0000	0.0000	1.0000	226
mut_I2	M0734	idf	5	0.2700	0.0000	0.0000	1.0000	286
mut_I2	M0734	coverage	5	0.2700	0.0000	0.0000	1.0000	286
mut_I2	M0456	idf	17	0.2600	0.0000	0.0000	1.0000	276
mut_I2	M0456	coverage	17	0.2600	0.0000	0.0000	1.0000	276
mut_I2	M0278	idf	74	0.2100	1.0000	0.9054	1.0000	225
mut_I2	M0278	coverage	74	0.2100	0.0000	0.0000	1.0000	225
mut_I2	M0682	idf	290	0.2800	0.0000	0.0000	1.0000	385
mut_I2	M0682	coverage	290	0.2800	1.0000	0.3862	1.0000	385
mut_I2	M0381	idf	68	0.2200	0.0000	0.0000	1.0000	342
mut_I2	M0381	coverage	68	0.2200	0.0000	0.0000	1.0000	342
mut_I2	M0759	idf	73	0.5700	0.0000	0.0000	1.0000	286
mut_I2	M0759	coverage	73	0.5700	0.0000	0.0000	1.0000	286
mut_I2	M0916	idf	1	0.3900	1.0000	1.0000	1.0000	270
mut_I2	M0916	coverage	1	0.3900	1.0000	1.0000	1.0000	270
mut_I2	M0122	idf	21	0.5800	1.0000	0.6190	1.0000	372
mut_I2	M0122	coverage	21	0.5800	0.0000	0.0000	1.0000	372
mut_I2	M0435	idf	17	2.1500	1.0000	0.1176	1.0000	436
mut_I2	M0435	coverage	17	2.1500	0.0000	0.0000	1.0000	436
mut_I2	M0519	idf	16	1.0200	1.0000	1.0000	1.0000	330
mut_I2	M0519	coverage	16	1.0200	0.0000	0.0000	1.0000	330
mut_I2	M0506	idf	113	0.3100	1.0000	0.0088	1.0000	320
mut_I2	M0506	coverage	113	0.3100	0.0000	0.0000	1.0000	320
mut_I2	M0357	idf	5	0.3800	0.0000	0.0000	1.0000	214
mut_I2	M0357	coverage	5	0.3800	0.0000	0.0000	1.0000	214
mut_I2	M0414	idf	82	0.4700	1.0000	0.6829	1.0000	353
mut_I2	M0414	coverage	82	0.4700	0.0000	0.0000	1.0000	353
mut_I2	M0096	idf	23	0.5700	0.0000	0.0000	1.0000	297
mut_I2	M0096	coverage	23	0.5700	0.0000	0.0000	1.0000	297
mut_I2	M0885	idf	15	0.8700	1.0000	0.7333	1.0000	333
mut_I2	M0885	coverage	15	0.8700	0.0000	0.0000	1.0000	333
mut_I2	M0738	idf	15	0.6000	1.0000	1.0000	1.0000	355
mut_I2	M0738	coverage	15	0.6000	1.0000	0.2667	1.0000	355
mut_I2	M0545	idf	19	0.6800	0.0000	0.0000	1.0000	319
mut_I2	M0545	coverage	19	0.6800	0.0000	0.0000	1.0000	319
mut_I2	M0815	idf	238	0.3200	1.0000	0.3782	1.0000	358
mut_I2	M0815	coverage	238	0.3200	1.0000	0.0336	1.0000	358
mut_I2	M0077	idf	101	0.5800	1.0000	0.0396	1.0000	321
mut_I2	M0077	coverage	101	0.5800	1.0000	0.2277	1.0000	321
mut_I2	M0851	idf	22	0.2900	0.0000	0.0000	0.0000	293
mut_I2	M0851	coverage	22	0.2900	0.0000	0.0000	0.0000	293
mut_I2	M0862	idf	17	0.4600	0.0000	0.0000	1.0000	199
mut_I2	M0862	coverage	17	0.4600	0.0000	0.0000	1.0000	199
mut_I2	M0736	idf	3	0.5700	1.0000	1.0000	1.0000	289
mut_I2	M0736	coverage	3	0.5700	0.0000	0.0000	1.0000	289
mut_I2	M0819	idf	25	0.3600	0.0000	0.0000	1.0000	295
mut_I2	M0819	coverage	25	0.3600	1.0000	0.4800	1.0000	295
mut_I2	M0822	idf	2	0.4600	1.0000	0.5000	1.0000	275
mut_I2	M0822	coverage	2	0.4600	1.0000	0.5000	1.0000	275
mut_I2	M0136	idf	9	0.5300	1.0000	0.8889	1.0000	429
mut_I2	M0136	coverage	9	0.5300	0.0000	0.0000	1.0000	429
mut_I2	M0054	idf	44	0.2300	0.0000	0.0000	1.0000	272
mut_I2	M0054	coverage	44	0.2300	0.0000	0.0000	1.0000	272
mut_I2	M0612	idf	82	0.5300	0.0000	0.0000	1.0000	283
mut_I2	M0612	coverage	82	0.5300	1.0000	0.0366	1.0000	283
mut_I2	M0010	idf	13	0.4900	1.0000	1.0000	1.0000	157
mut_I2	M0010	coverage	13	0.4900	1.0000	0.9231	1.0000	157
mut_I2	M0709	idf	289	0.5000	1.0000	0.0311	1.0000	286
mut_I2	M0709	coverage	289	0.5000	1.0000	0.0277	1.0000	286
mut_I2	M0940	idf	104	0.8900	0.0000	0.0000	1.0000	483
mut_I2	M0940	coverage	104	0.8900	0.0000	0.0000	1.0000	483
mut_I2	M0172	idf	12	0.7800	0.0000	0.0000	1.0000	362
mut_I2	M0172	coverage	12	0.7800	1.0000	0.5000	1.0000	362
mut_I2	M0693	idf	362	0.3100	0.0000	0.0000	1.0000	333
mut_I2	M0693	coverage	362	0.3100	0.0000	0.0000	1.0000	333
mut_I2	M0159	idf	148	0.9200	1.0000	0.8919	1.0000	398
mut_I2	M0159	coverage	148	0.9200	1.0000	0.1081	1.0000	398
mut_I2	M0835	idf	9	0.6600	0.0000	0.0000	1.0000	244
mut_I2	M0835	coverage	9	0.6600	0.0000	0.0000	1.0000	244
mut_I2	M0810	idf	37	0.5900	1.0000	0.2973	1.0000	262
mut_I2	M0810	coverage	37	0.5900	1.0000	0.0270	1.0000	262
mut_I2	M0434	idf	12	0.7400	1.0000	1.0000	1.0000	292
mut_I2	M0434	coverage	12	0.7400	0.0000	0.0000	1.0000	292
mut_I2	M0653	idf	23	0.5400	1.0000	0.0435	1.0000	454
mut_I2	M0653	coverage	23	0.5400	0.0000	0.0000	1.0000	454
mut_I2	M0205	idf	259	0.9700	1.0000	0.9421	1.0000	425
mut_I2	M0205	coverage	259	0.9700	0.0000	0.0000	1.0000	425
mut_I2	M0939	idf	13	0.1300	1.0000	0.4615	1.0000	294
mut_I2	M0939	coverage	13	0.1300	1.0000	0.4615	1.0000	294
mut_I2	M0918	idf	65	1.0600	0.0000	0.0000	1.0000	428
mut_I2	M0918	coverage	65	1.0600	1.0000	0.0308	1.0000	428
mut_I2	M0858	idf	351	0.5100	0.0000	0.0000	1.0000	423
mut_I2	M0858	coverage	351	0.5100	1.0000	0.8718	1.0000	423
mut_I2	M0420	idf	17	0.2900	0.0000	0.0000	1.0000	344
mut_I2	M0420	coverage	17	0.2900	0.0000	0.0000	1.0000	344
mut_I2	M0879	idf	15	0.4700	0.0000	0.0000	0.0000	286
mut_I2	M0879	coverage	15	0.4700	0.0000	0.0000	0.0000	286
mut_I2	M0371	idf	122	0.4900	0.0000	0.0000	1.0000	365
mut_I2	M0371	coverage	122	0.4900	0.0000	0.0000	1.0000	365
mut_I2	M0020	idf	115	0.9200	0.0000	0.0000	1.0000	439
mut_I2	M0020	coverage	115	0.9200	0.0000	0.0000	1.0000	439
mut_I2	M0855	idf	38	0.5100	1.0000	0.0526	1.0000	272
mut_I2	M0855	coverage	38	0.5100	0.0000	0.0000	1.0000	272
mut_I2	M0957	idf	186	0.5900	0.0000	0.0000	1.0000	489
mut_I2	M0957	coverage	186	0.5900	0.0000	0.0000	1.0000	489
mut_I2	M0505	idf	27	0.5300	1.0000	0.2593	1.0000	317
mut_I2	M0505	coverage	27	0.5300	1.0000	0.0741	1.0000	317
mut_I2	M0477	idf	70	0.3900	1.0000	0.2714	1.0000	358
mut_I2	M0477	coverage	70	0.3900	1.0000	0.0429	1.0000	358
mut_I2	M0829	idf	6	0.5200	0.0000	0.0000	1.0000	238
mut_I2	M0829	coverage	6	0.5200	0.0000	0.0000	1.0000	238
mut_I2	M0884	idf	19	0.5300	1.0000	0.1053	1.0000	286
mut_I2	M0884	coverage	19	0.5300	0.0000	0.0000	1.0000	286
mut_I2	M0384	idf	67	0.3200	1.0000	0.0597	1.0000	304
mut_I2	M0384	coverage	67	0.3200	0.0000	0.0000	1.0000	304
mut_I2	M0065	idf	53	0.5200	1.0000	0.4151	1.0000	290
mut_I2	M0065	coverage	53	0.5200	1.0000	0.2264	1.0000	290
mut_I2	M0123	idf	2	1.0800	1.0000	1.0000	1.0000	398
mut_I2	M0123	coverage	2	1.0800	0.0000	0.0000	1.0000	398
mut_I2	M0580	idf	9	0.3200	0.0000	0.0000	1.0000	316
mut_I2	M0580	coverage	9	0.3200	0.0000	0.0000	1.0000	316
mut_I2	M0033	idf	14	0.5500	1.0000	0.5000	1.0000	288
mut_I2	M0033	coverage	14	0.5500	0.0000	0.0000	1.0000	288
mut_I2	M0281	idf	1	1.0300	1.0000	1.0000	1.0000	364
mut_I2	M0281	coverage	1	1.0300	0.0000	0.0000	1.0000	364
mut_I2	M0544	idf	12	0.4300	1.0000	0.0833	1.0000	262
mut_I2	M0544	coverage	12	0.4300	1.0000	0.0833	1.0000	262
mut_I2	M0212	idf	83	2.0100	1.0000	0.0120	1.0000	429
mut_I2	M0212	coverage	83	2.0100	0.0000	0.0000	1.0000	429
mut_I2	M0426	idf	18	0.4600	1.0000	0.8889	1.0000	328
mut_I2	M0426	coverage	18	0.4600	1.0000	0.0556	1.0000	328
mut_I2	M0905	idf	198	0.3000	0.0000	0.0000	1.0000	280
mut_I2	M0905	coverage	198	0.3000	0.0000	0.0000	1.0000	280
mut_I2	M0843	idf	14	0.2400	0.0000	0.0000	1.0000	235
mut_I2	M0843	coverage	14	0.2400	0.0000	0.0000	1.0000	235
mut_I2	M0263	idf	24	0.5100	0.0000	0.0000	1.0000	330
mut_I2	M0263	coverage	24	0.5100	1.0000	0.5417	1.0000	330
mut_I2	M0697	idf	155	0.4700	0.0000	0.0000	1.0000	302
mut_I2	M0697	coverage	155	0.4700	1.0000	0.0323	1.0000	302
mut_I2	M0260	idf	21	0.6000	1.0000	0.9048	1.0000	304
mut_I2	M0260	coverage	21	0.6000	0.0000	0.0000	1.0000	304
mut_I2	M0379	idf	41	0.9500	1.0000	1.0000	1.0000	336
mut_I2	M0379	coverage	41	0.9500	1.0000	0.4390	1.0000	336
mut_I2	M0377	idf	189	0.7100	0.0000	0.0000	1.0000	491
mut_I2	M0377	coverage	189	0.7100	0.0000	0.0000	1.0000	491
mut_I2	M0547	idf	4	0.2800	1.0000	0.7500	1.0000	321
mut_I2	M0547	coverage	4	0.2800	0.0000	0.0000	1.0000	321
mut_I2	M0508	idf	6	0.6500	1.0000	1.0000	1.0000	301
mut_I2	M0508	coverage	6	0.6500	1.0000	0.1667	1.0000	301
mut_I2	M0401	idf	392	0.5400	1.0000	0.0026	1.0000	427
mut_I2	M0401	coverage	392	0.5400	0.0000	0.0000	1.0000	427
mut_I2	M0755	idf	11	0.2800	1.0000	0.9091	1.0000	331
mut_I2	M0755	coverage	11	0.2800	0.0000	0.0000	1.0000	331
mut_I2	M0458	idf	25	0.2600	0.0000	0.0000	1.0000	370
mut_I2	M0458	coverage	25	0.2600	0.0000	0.0000	1.0000	370
mut_I2	M0314	idf	45	1.7900	1.0000	0.0444	1.0000	348
mut_I2	M0314	coverage	45	1.7900	0.0000	0.0000	1.0000	348
mut_I2	M0210	idf	220	0.5300	1.0000	0.0273	1.0000	375
mut_I2	M0210	coverage	220	0.5300	1.0000	0.0045	1.0000	375
mut_I2	M0154	idf	62	0.3300	0.0000	0.0000	1.0000	383
mut_I2	M0154	coverage	62	0.3300	0.0000	0.0000	1.0000	383
mut_I2	M0502	idf	20	1.1300	1.0000	0.2000	1.0000	431
mut_I2	M0502	coverage	20	1.1300	0.0000	0.0000	1.0000	431
mut_I2	M0031	idf	290	0.6000	1.0000	0.6414	1.0000	427
mut_I2	M0031	coverage	290	0.6000	1.0000	0.0069	1.0000	427
mut_I2	M0178	idf	273	0.7400	1.0000	0.0110	1.0000	288
mut_I2	M0178	coverage	273	0.7400	0.0000	0.0000	1.0000	288
mut_I2	M0019	idf	21	0.6900	1.0000	0.8095	1.0000	285
mut_I2	M0019	coverage	21	0.6900	0.0000	0.0000	1.0000	285
mut_I2	M0125	idf	19	0.7600	1.0000	0.8947	1.0000	281
mut_I2	M0125	coverage	19	0.7600	1.0000	0.6316	1.0000	281
mut_I2	M0181	idf	8	0.8300	1.0000	0.6250	1.0000	319
mut_I2	M0181	coverage	8	0.8300	0.0000	0.0000	1.0000	319
mut_I2	M0466	idf	6	1.0900	1.0000	0.5000	1.0000	399
mut_I2	M0466	coverage	6	1.0900	0.0000	0.0000	1.0000	399
mut_I2	M0058	idf	37	0.4500	0.0000	0.0000	1.0000	334
mut_I2	M0058	coverage	37	0.4500	0.0000	0.0000	1.0000	334
mut_I2	M0683	idf	27	0.5900	1.0000	0.9259	1.0000	341
mut_I2	M0683	coverage	27	0.5900	1.0000	0.0370	1.0000	341
mut_I2	M0925	idf	22	0.3600	0.0000	0.0000	1.0000	337
mut_I2	M0925	coverage	22	0.3600	0.0000	0.0000	1.0000	337
mut_I2	M0081	idf	9	0.6000	1.0000	0.5556	1.0000	224
mut_I2	M0081	coverage	9	0.6000	0.0000	0.0000	1.0000	224
mut_I2	M0090	idf	60	1.0200	1.0000	0.9667	1.0000	330
mut_I2	M0090	coverage	60	1.0200	0.0000	0.0000	1.0000	330
mut_I2	M0429	idf	47	0.4800	0.0000	0.0000	1.0000	325
mut_I2	M0429	coverage	47	0.4800	0.0000	0.0000	1.0000	325
mut_I2	M0447	idf	2	0.5300	1.0000	0.5000	1.0000	339
mut_I2	M0447	coverage	2	0.5300	0.0000	0.0000	1.0000	339
mut_I2	M0768	idf	19	0.6000	1.0000	0.5789	1.0000	300
mut_I2	M0768	coverage	19	0.6000	1.0000	0.5263	1.0000	300
mut_I2	M0261	idf	19	0.6100	1.0000	0.0526	1.0000	313
mut_I2	M0261	coverage	19	0.6100	0.0000	0.0000	1.0000	313
mut_I2	M0234	idf	8	0.6300	1.0000	0.7500	1.0000	241
mut_I2	M0234	coverage	8	0.6300	0.0000	0.0000	1.0000	241
mut_I2	M0958	idf	236	0.6000	0.0000	0.0000	1.0000	491
mut_I2	M0958	coverage	236	0.6000	0.0000	0.0000	1.0000	491
mut_I2	M0387	idf	2048	0.5300	1.0000	0.0269	1.0000	479
mut_I2	M0387	coverage	2048	0.5300	1.0000	0.0005	1.0000	479
mut_I2	M0520	idf	440	0.5500	0.0000	0.0000	1.0000	493
mut_I2	M0520	coverage	440	0.5500	1.0000	0.0068	1.0000	493
mut_I2	M0910	idf	7	0.4500	1.0000	1.0000	1.0000	257
mut_I2	M0910	coverage	7	0.4500	0.0000	0.0000	1.0000	257
mut_I2	M0398	idf	36	0.7500	1.0000	1.0000	1.0000	250
mut_I2	M0398	coverage	36	0.7500	0.0000	0.0000	1.0000	250
mut_I2	M0040	idf	52	0.4400	0.0000	0.0000	1.0000	371
mut_I2	M0040	coverage	52	0.4400	0.0000	0.0000	1.0000	371
mut_I2	M0808	idf	3	0.5300	0.0000	0.0000	1.0000	338
mut_I2	M0808	coverage	3	0.5300	1.0000	0.6667	1.0000	338
mut_I2	M0781	idf	6	0.3200	1.0000	0.8333	1.0000	297
mut_I2	M0781	coverage	6	0.3200	0.0000	0.0000	1.0000	297
mut_I2	M0410	idf	30	0.9600	1.0000	0.1667	1.0000	302
mut_I2	M0410	coverage	30	0.9600	0.0000	0.0000	1.0000	302
mut_I2	M0250	idf	14	0.3800	1.0000	1.0000	1.0000	295
mut_I2	M0250	coverage	14	0.3800	0.0000	0.0000	1.0000	295
mut_I2	M0748	idf	19	0.1600	0.0000	0.0000	1.0000	109
mut_I2	M0748	coverage	19	0.1600	0.0000	0.0000	1.0000	109
mut_I2	M0515	idf	20	0.6300	1.0000	0.1000	1.0000	341
mut_I2	M0515	coverage	20	0.6300	0.0000	0.0000	1.0000	341
mut_I2	M0920	idf	21	0.6100	0.0000	0.0000	1.0000	325
mut_I2	M0920	coverage	21	0.6100	0.0000	0.0000	1.0000	325
mut_I2	M0655	idf	6	0.1800	0.0000	0.0000	1.0000	172
mut_I2	M0655	coverage	6	0.1800	1.0000	0.1667	1.0000	172
mut_I2	M0227	idf	38	0.5800	1.0000	0.2368	1.0000	279
mut_I2	M0227	coverage	38	0.5800	1.0000	0.0526	1.0000	279
mut_I2	M0272	idf	35	0.8800	1.0000	0.2286	1.0000	336
mut_I2	M0272	coverage	35	0.8800	0.0000	0.0000	1.0000	336
mut_I2	M0093	idf	10	0.5600	0.0000	0.0000	0.0000	293
mut_I2	M0093	coverage	10	0.5600	0.0000	0.0000	0.0000	293
mut_I2	M0625	idf	5	0.3600	0.0000	0.0000	1.0000	356
mut_I2	M0625	coverage	5	0.3600	0.0000	0.0000	1.0000	356
mut_I2	M0321	idf	19	0.5200	1.0000	0.3158	1.0000	233
mut_I2	M0321	coverage	19	0.5200	1.0000	0.1053	1.0000	233
mut_I2	M0048	idf	98	0.5700	1.0000	0.2755	1.0000	319
mut_I2	M0048	coverage	98	0.5700	0.0000	0.0000	1.0000	319
mut_I2	M0043	idf	20	0.5700	1.0000	1.0000	1.0000	354
mut_I2	M0043	coverage	20	0.5700	0.0000	0.0000	1.0000	354
mut_I2	M0900	idf	441	0.2600	0.0000	0.0000	1.0000	494
mut_I2	M0900	coverage	441	0.2600	0.0000	0.0000	1.0000	494
mut_I2	M0857	idf	12	0.5700	1.0000	0.8333	1.0000	346
mut_I2	M0857	coverage	12	0.5700	0.0000	0.0000	1.0000	346
mut_I2	M0964	idf	68	0.4200	1.0000	0.1471	1.0000	329
mut_I2	M0964	coverage	68	0.4200	0.0000	0.0000	1.0000	329
mut_I2	M0131	idf	36	0.6000	1.0000	0.9722	1.0000	306
mut_I2	M0131	coverage	36	0.6000	1.0000	0.0278	1.0000	306
mut_I2	M0754	idf	9	0.2700	1.0000	0.3333	1.0000	193
mut_I2	M0754	coverage	9	0.2700	0.0000	0.0000	1.0000	193
mut_I2	M0313	idf	17	0.2200	0.0000	0.0000	1.0000	306
mut_I2	M0313	coverage	17	0.2200	0.0000	0.0000	1.0000	306
mut_I2	M0092	idf	41	0.5300	1.0000	0.8049	1.0000	354
mut_I2	M0092	coverage	41	0.5300	0.0000	0.0000	1.0000	354
mut_I2	M0108	idf	3	0.4900	0.0000	0.0000	1.0000	264
mut_I2	M0108	coverage	3	0.4900	0.0000	0.0000	1.0000	264
mut_I2	M0139	idf	76	0.6100	0.0000	0.0000	1.0000	267
mut_I2	M0139	coverage	76	0.6100	0.0000	0.0000	1.0000	267
mut_I2	M0235	idf	17	0.3300	0.0000	0.0000	0.0000	326
mut_I2	M0235	coverage	17	0.3300	0.0000	0.0000	0.0000	326
mut_I2	M0444	idf	83	0.4800	0.0000	0.0000	1.0000	359
mut_I2	M0444	coverage	83	0.4800	0.0000	0.0000	1.0000	359
mut_I2	M0623	idf	16	0.5200	1.0000	1.0000	1.0000	294
mut_I2	M0623	coverage	16	0.5200	0.0000	0.0000	1.0000	294
mut_I2	M0919	idf	18	0.3900	1.0000	0.3333	1.0000	235
mut_I2	M0919	coverage	18	0.3900	0.0000	0.0000	1.0000	235
mut_I2	M0369	idf	82	0.5000	1.0000	0.3171	1.0000	334
mut_I2	M0369	coverage	82	0.5000	1.0000	0.0854	1.0000	334
mut_I2	M0253	idf	212	0.8300	1.0000	0.8726	1.0000	408
mut_I2	M0253	coverage	212	0.8300	0.0000	0.0000	1.0000	408
mut_I2	M0254	idf	17	2.1800	1.0000	1.0000	1.0000	406
mut_I2	M0254	coverage	17	2.1800	0.0000	0.0000	1.0000	406
mut_I2	M0301	idf	51	0.5400	1.0000	0.0196	1.0000	344
mut_I2	M0301	coverage	51	0.5400	0.0000	0.0000	1.0000	344
mut_I2	M0674	idf	31	0.4300	0.0000	0.0000	1.0000	325
mut_I2	M0674	coverage	31	0.4300	0.0000	0.0000	1.0000	325
mut_I2	M0100	idf	360	0.6200	1.0000	0.0083	1.0000	459
mut_I2	M0100	coverage	360	0.6200	1.0000	0.0306	1.0000	459
mut_I2	M0231	idf	13	0.6000	1.0000	0.9231	1.0000	306
mut_I2	M0231	coverage	13	0.6000	0.0000	0.0000	1.0000	306
mut_I2	M0816	idf	238	0.2600	0.0000	0.0000	1.0000	277
mut_I2	M0816	coverage	238	0.2600	1.0000	0.0126	1.0000	277
mut_I2	M0472	idf	94	0.8900	1.0000	0.9787	1.0000	294
mut_I2	M0472	coverage	94	0.8900	0.0000	0.0000	1.0000	294
mut_I2	M0962	idf	134	0.8600	0.0000	0.0000	1.0000	427
mut_I2	M0962	coverage	134	0.8600	0.0000	0.0000	1.0000	427
mut_I2	M0795	idf	79	0.6700	1.0000	0.1772	1.0000	327
mut_I2	M0795	coverage	79	0.6700	0.0000	0.0000	1.0000	327
mut_I2	M0727	idf	22	0.6200	1.0000	0.6818	1.0000	281
mut_I2	M0727	coverage	22	0.6200	1.0000	0.1364	1.0000	281
mut_I2	M0497	idf	15	0.8100	1.0000	0.9333	1.0000	338
mut_I2	M0497	coverage	15	0.8100	0.0000	0.0000	1.0000	338
mut_I2	M0338	idf	23	0.2900	1.0000	0.4783	1.0000	337
mut_I2	M0338	coverage	23	0.2900	0.0000	0.0000	1.0000	337
mut_I2	M0947	idf	43	0.3600	1.0000	0.5814	1.0000	176
mut_I2	M0947	coverage	43	0.3600	1.0000	0.6279	1.0000	176
mut_I2	M0163	idf	47	0.3100	1.0000	0.5745	1.0000	335
mut_I2	M0163	coverage	47	0.3100	0.0000	0.0000	1.0000	335
mut_I2	M0959	idf	155	0.7600	0.0000	0.0000	1.0000	485
mut_I2	M0959	coverage	155	0.7600	0.0000	0.0000	1.0000	485
mut_I2	M0433	idf	210	0.2600	0.0000	0.0000	1.0000	229
mut_I2	M0433	coverage	210	0.2600	0.0000	0.0000	1.0000	229
mut_I2	M0416	idf	4	0.8200	1.0000	1.0000	1.0000	300
mut_I2	M0416	coverage	4	0.8200	0.0000	0.0000	1.0000	300
mut_I2	M0850	idf	31	0.3100	1.0000	0.0968	1.0000	316
mut_I2	M0850	coverage	31	0.3100	1.0000	0.1290	1.0000	316
mut_I2	M0454	idf	14	0.4400	1.0000	0.9286	1.0000	271
mut_I2	M0454	coverage	14	0.4400	1.0000	0.5000	1.0000	271
mut_I2	M0351	idf	24	0.5000	0.0000	0.0000	1.0000	290
mut_I2	M0351	coverage	24	0.5000	0.0000	0.0000	1.0000	290
mut_I2	M0425	idf	2084	0.3500	0.0000	0.0000	1.0000	384
mut_I2	M0425	coverage	2084	0.3500	0.0000	0.0000	1.0000	384
mut_I2	M0067	idf	39	0.5300	1.0000	0.0513	1.0000	319
mut_I2	M0067	coverage	39	0.5300	0.0000	0.0000	1.0000	319
mut_I2	M0550	idf	20	0.4800	0.0000	0.0000	1.0000	242
mut_I2	M0550	coverage	20	0.4800	0.0000	0.0000	1.0000	242
mut_I2	M0792	idf	10	0.3000	0.0000	0.0000	1.0000	337
mut_I2	M0792	coverage	10	0.3000	0.0000	0.0000	1.0000	337
mut_I2	M0961	idf	144	0.6900	0.0000	0.0000	1.0000	491
mut_I2	M0961	coverage	144	0.6900	0.0000	0.0000	1.0000	491
mut_I2	M0109	idf	207	0.5600	1.0000	0.5121	1.0000	343
mut_I2	M0109	coverage	207	0.5600	0.0000	0.0000	1.0000	343
mut_I2	M0257	idf	222	0.6000	1.0000	0.8649	1.0000	346
mut_I2	M0257	coverage	222	0.6000	1.0000	0.0225	1.0000	346
mut_I2	M0789	idf	51	0.3400	0.0000	0.0000	1.0000	252
mut_I2	M0789	coverage	51	0.3400	0.0000	0.0000	1.0000	252
mut_I2	M0363	idf	64	0.3400	1.0000	0.0156	1.0000	280
mut_I2	M0363	coverage	64	0.3400	1.0000	0.0312	1.0000	280
mut_I2	M0391	idf	14	0.2700	0.0000	0.0000	1.0000	322
mut_I2	M0391	coverage	14	0.2700	0.0000	0.0000	1.0000	322
mut_I2	M0826	idf	21	0.2700	0.0000	0.0000	1.0000	314
mut_I2	M0826	coverage	21	0.2700	0.0000	0.0000	1.0000	314
mut_I2	M0952	idf	5	0.2800	1.0000	0.8000	1.0000	269
mut_I2	M0952	coverage	5	0.2800	1.0000	0.6000	1.0000	269
mut_I2	M0117	idf	100	0.3100	0.0000	0.0000	1.0000	382
mut_I2	M0117	coverage	100	0.3100	0.0000	0.0000	1.0000	382
mut_I2	M0854	idf	122	0.5500	1.0000	0.1885	1.0000	305
mut_I2	M0854	coverage	122	0.5500	0.0000	0.0000	1.0000	305
mut_I2	M0881	idf	155	0.5600	1.0000	0.9871	1.0000	347
mut_I2	M0881	coverage	155	0.5600	1.0000	0.7742	1.0000	347
mut_I2	M0874	idf	1	0.2200	0.0000	0.0000	1.0000	256
mut_I2	M0874	coverage	1	0.2200	0.0000	0.0000	1.0000	256
mut_I2	M0597	idf	27	0.2800	1.0000	0.1481	1.0000	327
mut_I2	M0597	coverage	27	0.2800	0.0000	0.0000	1.0000	327
mut_I2	M0070	idf	159	0.3700	0.0000	0.0000	1.0000	352
mut_I2	M0070	coverage	159	0.3700	0.0000	0.0000	1.0000	352
mut_I2	M0423	idf	94	0.5400	1.0000	0.0213	1.0000	261
mut_I2	M0423	coverage	94	0.5400	0.0000	0.0000	1.0000	261
mut_I2	M0266	idf	35	0.6600	1.0000	0.6286	1.0000	332
mut_I2	M0266	coverage	35	0.6600	1.0000	0.2286	1.0000	332
mut_I2	M0262	idf	19	0.5700	1.0000	1.0000	1.0000	304
mut_I2	M0262	coverage	19	0.5700	1.0000	0.6316	1.0000	304
mut_I2	M0806	idf	3	0.2700	0.0000	0.0000	1.0000	457
mut_I2	M0806	coverage	3	0.2700	0.0000	0.0000	1.0000	457
mut_I2	M0937	idf	31	0.4200	0.0000	0.0000	1.0000	237
mut_I2	M0937	coverage	31	0.4200	1.0000	0.0323	1.0000	237
mut_I2	M0066	idf	57	0.4700	1.0000	0.1404	1.0000	234
mut_I2	M0066	coverage	57	0.4700	1.0000	0.1404	1.0000	234
mut_I2	M0462	idf	48	0.4500	1.0000	0.9167	1.0000	281
mut_I2	M0462	coverage	48	0.4500	0.0000	0.0000	1.0000	281
mut_I2	M0380	idf	21	0.5600	0.0000	0.0000	1.0000	307
mut_I2	M0380	coverage	21	0.5600	0.0000	0.0000	1.0000	307
mut_I2	M0403	idf	16	0.5000	1.0000	0.4375	1.0000	404
mut_I2	M0403	coverage	16	0.5000	0.0000	0.0000	1.0000	404
mut_I2	M0141	idf	25	1.5000	1.0000	0.1600	1.0000	346
mut_I2	M0141	coverage	25	1.5000	0.0000	0.0000	1.0000	346
mut_I2	M0237	idf	555	0.4900	0.0000	0.0000	1.0000	286
mut_I2	M0237	coverage	555	0.4900	0.0000	0.0000	1.0000	286
mut_I2	M0642	idf	24	0.2700	1.0000	0.2917	1.0000	115
mut_I2	M0642	coverage	24	0.2700	1.0000	0.2500	1.0000	115
mut_I2	M0142	idf	13	0.4900	1.0000	0.1538	1.0000	301
mut_I2	M0142	coverage	13	0.4900	0.0000	0.0000	1.0000	301
mut_I2	M0798	idf	2073	0.5100	0.0000	0.0000	1.0000	495
mut_I2	M0798	coverage	2073	0.5100	1.0000	0.0005	1.0000	495
mut_I2	M0574	idf	111	1.0800	1.0000	0.4234	1.0000	396
mut_I2	M0574	coverage	111	1.0800	0.0000	0.0000	1.0000	396
mut_I2	M0663	idf	96	0.4200	0.0000	0.0000	1.0000	380
mut_I2	M0663	coverage	96	0.4200	0.0000	0.0000	1.0000	380
mut_I2	M0348	idf	165	0.9300	0.0000	0.0000	1.0000	493
mut_I2	M0348	coverage	165	0.9300	0.0000	0.0000	1.0000	493
mut_I2	M0353	idf	11	0.2900	0.0000	0.0000	1.0000	385
mut_I2	M0353	coverage	11	0.2900	1.0000	0.6364	1.0000	385
mut_I2	M0028	idf	19	0.5900	1.0000	1.0000	1.0000	319
mut_I2	M0028	coverage	19	0.5900	0.0000	0.0000	1.0000	319
mut_I2	M0308	idf	172	0.9900	1.0000	1.0000	1.0000	389
mut_I2	M0308	coverage	172	0.9900	0.0000	0.0000	1.0000	389
mut_I2	M0860	idf	6	0.5400	0.0000	0.0000	0.0000	223
mut_I2	M0860	coverage	6	0.5400	0.0000	0.0000	0.0000	223
mut_I2	M0188	idf	117	0.3800	0.0000	0.0000	1.0000	378
mut_I2	M0188	coverage	117	0.3800	1.0000	0.0171	1.0000	378
mut_I2	M0003	idf	94	0.3400	0.0000	0.0000	1.0000	220
mut_I2	M0003	coverage	94	0.3400	0.0000	0.0000	1.0000	220
mut_I2	M0906	idf	265	0.2500	0.0000	0.0000	1.0000	403
mut_I2	M0906	coverage	265	0.2500	1.0000	0.0528	1.0000	403
mut_I2	M0590	idf	19	0.5200	1.0000	0.1053	1.0000	269
mut_I2	M0590	coverage	19	0.5200	0.0000	0.0000	1.0000	269
mut_I2	M0293	idf	60	0.3700	1.0000	0.3667	1.0000	351
mut_I2	M0293	coverage	60	0.3700	0.0000	0.0000	1.0000	351
mut_I2	M0651	idf	56	0.2800	0.0000	0.0000	1.0000	328
mut_I2	M0651	coverage	56	0.2800	0.0000	0.0000	1.0000	328
mut_I2	M0297	idf	17	0.1400	0.0000	0.0000	0.0000	217
mut_I2	M0297	coverage	17	0.1400	0.0000	0.0000	0.0000	217
mut_I2	M0194	idf	63	0.8300	1.0000	0.9206	1.0000	263
mut_I2	M0194	coverage	63	0.8300	1.0000	0.1270	1.0000	263
mut_I2	M0589	idf	26	0.3000	1.0000	0.1154	1.0000	236
mut_I2	M0589	coverage	26	0.3000	0.0000	0.0000	1.0000	236
mut_I2	M0669	idf	10	0.3400	1.0000	0.2000	1.0000	324
mut_I2	M0669	coverage	10	0.3400	0.0000	0.0000	1.0000	324
mut_I2	M0742	idf	2	0.4600	1.0000	1.0000	1.0000	232
mut_I2	M0742	coverage	2	0.4600	0.0000	0.0000	1.0000	232
mut_I2	M0298	idf	164	0.5100	0.0000	0.0000	0.0000	269
mut_I2	M0298	coverage	164	0.5100	0.0000	0.0000	0.0000	269
mut_I2	M0440	idf	43	0.6100	1.0000	0.4884	1.0000	322
mut_I2	M0440	coverage	43	0.6100	1.0000	0.0233	1.0000	322
mut_I2	M0386	idf	4	1.0300	1.0000	1.0000	1.0000	292
mut_I2	M0386	coverage	4	1.0300	0.0000	0.0000	1.0000	292
mut_I2	M0087	idf	50	1.0500	1.0000	1.0000	1.0000	445
mut_I2	M0087	coverage	50	1.0500	0.0000	0.0000	1.0000	445
mut_I3	M0346	idf	37	1.8600	1.0000	0.0270	1.0000	450
mut_I3	M0346	coverage	37	1.8600	0.0000	0.0000	1.0000	450
mut_I3	M0376	idf	41	4.3500	1.0000	0.9024	1.0000	438
mut_I3	M0376	coverage	41	4.3500	0.0000	0.0000	1.0000	438
mut_I3	M0431	idf	3	1.8900	1.0000	1.0000	1.0000	448
mut_I3	M0431	coverage	3	1.8900	1.0000	1.0000	1.0000	448
mut_I3	M0243	idf	11	4.4400	1.0000	1.0000	1.0000	460
mut_I3	M0243	coverage	11	4.4400	0.0000	0.0000	1.0000	460
mut_I3	M0294	idf	108	4.9600	1.0000	0.1667	1.0000	475
mut_I3	M0294	coverage	108	4.9600	0.0000	0.0000	1.0000	475
mut_I3	M0895	idf	121	1.8400	0.0000	0.0000	1.0000	430
mut_I3	M0895	coverage	121	1.8400	1.0000	0.0165	1.0000	430
mut_I3	M0104	idf	4	5.1700	1.0000	1.0000	1.0000	443
mut_I3	M0104	coverage	4	5.1700	1.0000	1.0000	1.0000	443
mut_I3	M0869	idf	5	1.5200	0.0000	0.0000	1.0000	452
mut_I3	M0869	coverage	5	1.5200	0.0000	0.0000	1.0000	452
mut_I3	M0075	idf	2	4.3800	0.0000	0.0000	1.0000	431
mut_I3	M0075	coverage	2	4.3800	0.0000	0.0000	1.0000	431
mut_I3	M0134	idf	55	2.4600	1.0000	0.7455	1.0000	459
mut_I3	M0134	coverage	55	2.4600	1.0000	0.6909	1.0000	459
mut_I3	M0206	idf	75	4.8400	1.0000	0.9600	1.0000	427
mut_I3	M0206	coverage	75	4.8400	1.0000	0.1067	1.0000	427
mut_I3	M0044	idf	67	5.0800	1.0000	0.9552	1.0000	447
mut_I3	M0044	coverage	67	5.0800	1.0000	0.3433	1.0000	447
mut_I3	M0484	idf	100	5.0200	1.0000	1.0000	1.0000	459
mut_I3	M0484	coverage	100	5.0200	1.0000	0.8700	1.0000	459
mut_I3	M0334	idf	22	2.8700	1.0000	0.9545	1.0000	393
mut_I3	M0334	coverage	22	2.8700	0.0000	0.0000	1.0000	393
mut_I3	M0412	idf	5	2.3600	1.0000	0.6000	1.0000	469
mut_I3	M0412	coverage	5	2.3600	0.0000	0.0000	1.0000	469
mut_I3	M0931	idf	70	1.6300	1.0000	0.0429	1.0000	453
mut_I3	M0931	coverage	70	1.6300	0.0000	0.0000	1.0000	453
mut_I3	M0118	idf	106	2.1500	0.0000	0.0000	1.0000	448
mut_I3	M0118	coverage	106	2.1500	1.0000	0.0189	1.0000	448
mut_I3	M0752	idf	8	0.9400	1.0000	0.7500	1.0000	456
mut_I3	M0752	coverage	8	0.9400	1.0000	0.8750	1.0000	456
mut_I3	M0428	idf	10	4.5600	1.0000	0.9000	1.0000	447
mut_I3	M0428	coverage	10	4.5600	1.0000	0.9000	1.0000	447
mut_I3	M0771	idf	213	1.5600	1.0000	0.0516	1.0000	473
mut_I3	M0771	coverage	213	1.5600	1.0000	0.0329	1.0000	473
mut_I3	M0658	idf	12	2.3500	0.0000	0.0000	1.0000	443
mut_I3	M0658	coverage	12	2.3500	1.0000	0.9167	1.0000	443
mut_I3	M0311	idf	78	4.5500	1.0000	0.9872	1.0000	477
mut_I3	M0311	coverage	78	4.5500	1.0000	0.0128	1.0000	477
mut_I3	M0600	idf	78	3.7200	0.0000	0.0000	1.0000	459
mut_I3	M0600	coverage	78	3.7200	0.0000	0.0000	1.0000	459
mut_I3	M0565	idf	13	1.2100	0.0000	0.0000	1.0000	461
mut_I3	M0565	coverage	13	1.2100	1.0000	0.1538	1.0000	461
mut_I3	M0085	idf	11	2.6900	1.0000	0.7273	1.0000	422
mut_I3	M0085	coverage	11	2.6900	1.0000	0.5455	1.0000	422
mut_I3	M0488	idf	6	5.1700	1.0000	1.0000	1.0000	456
mut_I3	M0488	coverage	6	5.1700	1.0000	1.0000	1.0000	456
mut_I3	M0076	idf	97	1.4100	0.0000	0.0000	1.0000	452
mut_I3	M0076	coverage	97	1.4100	1.0000	0.3711	1.0000	452
mut_I3	M0175	idf	826	1.4600	0.0000	0.0000	1.0000	499
mut_I3	M0175	coverage	826	1.4600	1.0000	0.5944	1.0000	499
mut_I3	M0107	idf	7	2.5800	1.0000	0.1429	1.0000	418
mut_I3	M0107	coverage	7	2.5800	1.0000	0.7143	1.0000	418
mut_I3	M0201	idf	38	2.3600	0.0000	0.0000	1.0000	454
mut_I3	M0201	coverage	38	2.3600	0.0000	0.0000	1.0000	454
mut_I3	M0383	idf	124	5.2400	0.0000	0.0000	1.0000	467
mut_I3	M0383	coverage	124	5.2400	1.0000	0.0081	1.0000	467
mut_I3	M0111	idf	10	5.3600	1.0000	0.2000	1.0000	463
mut_I3	M0111	coverage	10	5.3600	0.0000	0.0000	1.0000	463
mut_I3	M0634	idf	9	3.9800	1.0000	0.1111	1.0000	437
mut_I3	M0634	coverage	9	3.9800	1.0000	0.8889	1.0000	437
mut_I3	M0609	idf	81	2.4700	1.0000	0.0864	1.0000	495
mut_I3	M0609	coverage	81	2.4700	1.0000	0.0370	1.0000	495
mut_I3	M0228	idf	119	3.1600	1.0000	0.1176	1.0000	447
mut_I3	M0228	coverage	119	3.1600	0.0000	0.0000	1.0000	447
mut_I3	M0636	idf	16	2.2500	1.0000	0.3750	1.0000	443
mut_I3	M0636	coverage	16	2.2500	1.0000	0.3750	1.0000	443
mut_I3	M0908	idf	78	1.1000	0.0000	0.0000	1.0000	468
mut_I3	M0908	coverage	78	1.1000	1.0000	0.0128	1.0000	468
mut_I3	M0564	idf	357	2.1400	0.0000	0.0000	1.0000	468
mut_I3	M0564	coverage	357	2.1400	0.0000	0.0000	1.0000	468
mut_I3	M0616	idf	5	2.2900	1.0000	0.8000	1.0000	441
mut_I3	M0616	coverage	5	2.2900	1.0000	0.8000	1.0000	441
mut_I3	M0453	idf	61	4.4300	1.0000	0.2131	1.0000	447
mut_I3	M0453	coverage	61	4.4300	0.0000	0.0000	1.0000	447
mut_I3	M0510	idf	62	2.5200	1.0000	0.9355	1.0000	452
mut_I3	M0510	coverage	62	2.5200	1.0000	0.7097	1.0000	452
mut_I3	M0216	idf	1150	3.0300	1.0000	0.4330	1.0000	499
mut_I3	M0216	coverage	1150	3.0300	1.0000	0.4330	1.0000	499
mut_I3	M0448	idf	7	1.2500	0.0000	0.0000	0.0000	477
mut_I3	M0448	coverage	7	1.2500	0.0000	0.0000	0.0000	477
mut_I3	M0732	idf	18	2.5000	0.0000	0.0000	1.0000	446
mut_I3	M0732	coverage	18	2.5000	0.0000	0.0000	1.0000	446
mut_I3	M0734	idf	5	1.4700	1.0000	0.2000	1.0000	444
mut_I3	M0734	coverage	5	1.4700	0.0000	0.0000	1.0000	444
mut_I3	M0456	idf	17	1.4300	0.0000	0.0000	1.0000	467
mut_I3	M0456	coverage	17	1.4300	0.0000	0.0000	1.0000	467
mut_I3	M0278	idf	74	1.0300	1.0000	0.5946	1.0000	439
mut_I3	M0278	coverage	74	1.0300	1.0000	0.7703	1.0000	439
mut_I3	M0682	idf	290	1.1500	0.0000	0.0000	1.0000	479
mut_I3	M0682	coverage	290	1.1500	1.0000	0.4138	1.0000	479
mut_I3	M0381	idf	68	1.0700	0.0000	0.0000	1.0000	391
mut_I3	M0381	coverage	68	1.0700	1.0000	0.5735	1.0000	391
mut_I3	M0759	idf	73	4.0300	0.0000	0.0000	0.0000	440
mut_I3	M0759	coverage	73	4.0300	0.0000	0.0000	0.0000	440
mut_I3	M0916	idf	1	2.1700	1.0000	1.0000	1.0000	433
mut_I3	M0916	coverage	1	2.1700	0.0000	0.0000	1.0000	433
mut_I3	M0122	idf	21	2.8500	1.0000	0.3810	1.0000	445
mut_I3	M0122	coverage	21	2.8500	0.0000	0.0000	1.0000	445
mut_I3	M0435	idf	17	14.1200	1.0000	0.0588	1.0000	477
mut_I3	M0435	coverage	17	14.1200	0.0000	0.0000	1.0000	477
mut_I3	M0519	idf	16	4.6800	1.0000	1.0000	1.0000	416
mut_I3	M0519	coverage	16	4.6800	1.0000	0.2500	1.0000	416
mut_I3	M0506	idf	113	2.5300	1.0000	0.5133	1.0000	462
mut_I3	M0506	coverage	113	2.5300	0.0000	0.0000	1.0000	462
mut_I3	M0357	idf	5	2.3900	0.0000	0.0000	1.0000	444
mut_I3	M0357	coverage	5	2.3900	1.0000	0.4000	1.0000	444
mut_I3	M0414	idf	82	2.2600	1.0000	0.8049	1.0000	471
mut_I3	M0414	coverage	82	2.2600	0.0000	0.0000	1.0000	471
mut_I3	M0096	idf	23	2.4900	0.0000	0.0000	1.0000	425
mut_I3	M0096	coverage	23	2.4900	1.0000	0.0435	1.0000	425
mut_I3	M0885	idf	15	4.4700	1.0000	0.6667	1.0000	442
mut_I3	M0885	coverage	15	4.4700	1.0000	0.1333	1.0000	442
mut_I3	M0738	idf	15	2.2700	1.0000	1.0000	1.0000	467
mut_I3	M0738	coverage	15	2.2700	1.0000	0.6667	1.0000	467
mut_I3	M0545	idf	19	2.4000	0.0000	0.0000	1.0000	436
mut_I3	M0545	coverage	19	2.4000	1.0000	0.5789	1.0000	436
mut_I3	M0815	idf	238	1.4700	1.0000	0.3529	1.0000	485
mut_I3	M0815	coverage	238	1.4700	0.0000	0.0000	1.0000	485
mut_I3	M0077	idf	101	2.6800	0.0000	0.0000	1.0000	457
mut_I3	M0077	coverage	101	2.6800	1.0000	0.3762	1.0000	457
mut_I3	M0851	idf	22	1.4000	0.0000	0.0000	1.0000	424
mut_I3	M0851	coverage	22	1.4000	0.0000	0.0000	1.0000	424
mut_I3	M0862	idf	17	2.4400	0.0000	0.0000	1.0000	439
mut_I3	M0862	coverage	17	2.4400	0.0000	0.0000	1.0000	439
mut_I3	M0736	idf	3	2.2500	0.0000	0.0000	1.0000	450
mut_I3	M0736	coverage	3	2.2500	0.0000	0.0000	1.0000	450
mut_I3	M0819	idf	25	2.0100	0.0000	0.0000	1.0000	421
mut_I3	M0819	coverage	25	2.0100	0.0000	0.0000	1.0000	421
mut_I3	M0822	idf	2	2.6000	0.0000	0.0000	1.0000	401
mut_I3	M0822	coverage	2	2.6000	0.0000	0.0000	1.0000	401
mut_I3	M0136	idf	9	2.8700	1.0000	0.8889	1.0000	453
mut_I3	M0136	coverage	9	2.8700	1.0000	0.6667	1.0000	453
mut_I3	M0054	idf	44	1.5700	0.0000	0.0000	1.0000	437
mut_I3	M0054	coverage	44	1.5700	1.0000	0.7045	1.0000	437
mut_I3	M0612	idf	82	4.1100	0.0000	0.0000	1.0000	450
mut_I3	M0612	coverage	82	4.1100	1.0000	0.7195	1.0000	450
mut_I3	M0010	idf	13	2.3600	1.0000	0.9231	1.0000	444
mut_I3	M0010	coverage	13	2.3600	1.0000	0.9231	1.0000	444
mut_I3	M0709	idf	289	2.3700	0.0000	0.0000	1.0000	417
mut_I3	M0709	coverage	289	2.3700	1.0000	0.0346	1.0000	417
mut_I3	M0940	idf	104	4.9000	0.0000	0.0000	1.0000	492
mut_I3	M0940	coverage	104	4.9000	0.0000	0.0000	1.0000	492
mut_I3	M0172	idf	12	4.8800	0.0000	0.0000	1.0000	457
mut_I3	M0172	coverage	12	4.8800	1.0000	0.5833	1.0000	457
mut_I3	M0693	idf	362	2.1900	0.0000	0.0000	1.0000	432
mut_I3	M0693	coverage	362	2.1900	1.0000	0.0028	1.0000	432
mut_I3	M0159	idf	148	5.2100	1.0000	0.9189	1.0000	476
mut_I3	M0159	coverage	148	5.2100	1.0000	0.1081	1.0000	476
mut_I3	M0835	idf	9	3.3200	0.0000	0.0000	1.0000	420
mut_I3	M0835	coverage	9	3.3200	0.0000	0.0000	1.0000	420
mut_I3	M0810	idf	37	3.1000	1.0000	0.3243	1.0000	431
mut_I3	M0810	coverage	37	3.1000	1.0000	0.3243	1.0000	431
mut_I3	M0434	idf	12	4.6000	1.0000	0.6667	1.0000	460
mut_I3	M0434	coverage	12	4.6000	0.0000	0.0000	1.0000	460
mut_I3	M0653	idf	23	2.6600	1.0000	0.0435	1.0000	429
mut_I3	M0653	coverage	23	2.6600	1.0000	0.0435	1.0000	429
mut_I3	M0205	idf	259	4.5800	1.0000	0.5830	1.0000	471
mut_I3	M0205	coverage	259	4.5800	1.0000	0.9344	1.0000	471
mut_I3	M0939	idf	13	0.7800	1.0000	0.4615	1.0000	447
mut_I3	M0939	coverage	13	0.7800	1.0000	0.3077	1.0000	447
mut_I3	M0918	idf	65	4.8300	1.0000	0.0462	1.0000	447
mut_I3	M0918	coverage	65	4.8300	1.0000	0.0462	1.0000	447
mut_I3	M0858	idf	351	2.5700	1.0000	0.1168	1.0000	465
mut_I3	M0858	coverage	351	2.5700	1.0000	0.8177	1.0000	465
mut_I3	M0420	idf	17	1.3400	1.0000	0.1176	1.0000	444
mut_I3	M0420	coverage	17	1.3400	1.0000	0.1176	1.0000	444
mut_I3	M0879	idf	15	2.1600	0.0000	0.0000	0.0000	443
mut_I3	M0879	coverage	15	2.1600	0.0000	0.0000	0.0000	443
mut_I3	M0371	idf	122	2.3700	1.0000	0.0656	1.0000	413
mut_I3	M0371	coverage	122	2.3700	0.0000	0.0000	1.0000	413
mut_I3	M0020	idf	115	4.7300	0.0000	0.0000	1.0000	470
mut_I3	M0020	coverage	115	4.7300	1.0000	0.0087	1.0000	470
mut_I3	M0855	idf	38	2.5300	1.0000	0.2632	1.0000	433
mut_I3	M0855	coverage	38	2.5300	1.0000	0.1579	1.0000	433
mut_I3	M0957	idf	186	4.5300	0.0000	0.0000	1.0000	490
mut_I3	M0957	coverage	186	4.5300	0.0000	0.0000	1.0000	490
mut_I3	M0505	idf	27	2.5200	1.0000	0.1481	1.0000	448
mut_I3	M0505	coverage	27	2.5200	1.0000	0.0741	1.0000	448
mut_I3	M0477	idf	70	2.2600	1.0000	0.4286	1.0000	463
mut_I3	M0477	coverage	70	2.2600	1.0000	0.5714	1.0000	463
mut_I3	M0829	idf	6	2.5900	1.0000	0.1667	1.0000	448
mut_I3	M0829	coverage	6	2.5900	0.0000	0.0000	1.0000	448
mut_I3	M0884	idf	19	2.6800	0.0000	0.0000	1.0000	432
mut_I3	M0884	coverage	19	2.6800	1.0000	0.5263	1.0000	432
mut_I3	M0384	idf	67	2.0300	1.0000	0.0746	1.0000	391
mut_I3	M0384	coverage	67	2.0300	0.0000	0.0000	1.0000	391
mut_I3	M0065	idf	53	2.3100	1.0000	0.3585	1.0000	449
mut_I3	M0065	coverage	53	2.3100	1.0000	0.3396	1.0000	449
mut_I3	M0123	idf	2	5.1400	1.0000	1.0000	1.0000	459
mut_I3	M0123	coverage	2	5.1400	1.0000	0.5000	1.0000	459
mut_I3	M0580	idf	9	2.0900	0.0000	0.0000	1.0000	446
mut_I3	M0580	coverage	9	2.0900	1.0000	0.3333	1.0000	446
mut_I3	M0033	idf	14	2.4400	1.0000	0.0714	1.0000	407
mut_I3	M0033	coverage	14	2.4400	0.0000	0.0000	1.0000	407
mut_I3	M0281	idf	1	5.3200	1.0000	1.0000	1.0000	429
mut_I3	M0281	coverage	1	5.3200	1.0000	1.0000	1.0000	429
mut_I3	M0544	idf	12	2.3300	1.0000	0.0833	1.0000	436
mut_I3	M0544	coverage	12	2.3300	1.0000	0.0833	1.0000	436
mut_I3	M0212	idf	83	10.8100	0.0000	0.0000	1.0000	449
mut_I3	M0212	coverage	83	10.8100	1.0000	0.6024	1.0000	449
mut_I3	M0426	idf	18	2.2600	1.0000	0.6111	1.0000	430
mut_I3	M0426	coverage	18	2.2600	1.0000	0.0556	1.0000	430
mut_I3	M0905	idf	198	1.5800	0.0000	0.0000	1.0000	438
mut_I3	M0905	coverage	198	1.5800	0.0000	0.0000	1.0000	438
mut_I3	M0843	idf	14	1.4100	0.0000	0.0000	1.0000	446
mut_I3	M0843	coverage	14	1.4100	1.0000	0.5714	1.0000	446
mut_I3	M0263	idf	24	2.1600	0.0000	0.0000	1.0000	382
mut_I3	M0263	coverage	24	2.1600	1.0000	0.2500	1.0000	382
mut_I3	M0697	idf	155	2.6100	0.0000	0.0000	1.0000	468
mut_I3	M0697	coverage	155	2.6100	1.0000	0.8839	1.0000	468
mut_I3	M0260	idf	21	3.0400	1.0000	0.8571	1.0000	416
mut_I3	M0260	coverage	21	3.0400	1.0000	0.4286	1.0000	416
mut_I3	M0379	idf	41	4.4700	1.0000	1.0000	1.0000	459
mut_I3	M0379	coverage	41	4.4700	1.0000	0.4634	1.0000	459
mut_I3	M0377	idf	189	4.8400	1.0000	0.0317	1.0000	479
mut_I3	M0377	coverage	189	4.8400	0.0000	0.0000	1.0000	479
mut_I3	M0547	idf	4	1.3200	1.0000	0.7500	1.0000	444
mut_I3	M0547	coverage	4	1.3200	1.0000	0.7500	1.0000	444
mut_I3	M0508	idf	6	4.2900	1.0000	1.0000	1.0000	462
mut_I3	M0508	coverage	6	4.2900	1.0000	0.1667	1.0000	462
mut_I3	M0401	idf	392	2.2400	0.0000	0.0000	1.0000	495
mut_I3	M0401	coverage	392	2.2400	0.0000	0.0000	1.0000	495
mut_I3	M0755	idf	11	1.3700	1.0000	0.6364	1.0000	438
mut_I3	M0755	coverage	11	1.3700	1.0000	0.0909	1.0000	438
mut_I3	M0458	idf	25	1.5000	0.0000	0.0000	1.0000	430
mut_I3	M0458	coverage	25	1.5000	1.0000	0.1600	1.0000	430
mut_I3	M0314	idf	45	9.5600	0.0000	0.0000	1.0000	414
mut_I3	M0314	coverage	45	9.5600	1.0000	0.0667	1.0000	414
mut_I3	M0210	idf	220	2.4000	1.0000	0.0091	1.0000	451
mut_I3	M0210	coverage	220	2.4000	0.0000	0.0000	1.0000	451
mut_I3	M0154	idf	62	2.1900	0.0000	0.0000	1.0000	424
mut_I3	M0154	coverage	62	2.1900	1.0000	0.8548	1.0000	424
mut_I3	M0502	idf	20	5.7500	1.0000	0.2000	1.0000	462
mut_I3	M0502	coverage	20	5.7500	0.0000	0.0000	1.0000	462
mut_I3	M0031	idf	290	3.7200	1.0000	0.2207	1.0000	468
mut_I3	M0031	coverage	290	3.7200	1.0000	0.5586	1.0000	468
mut_I3	M0178	idf	273	4.1200	0.0000	0.0000	1.0000	448
mut_I3	M0178	coverage	273	4.1200	1.0000	0.0147	1.0000	448
mut_I3	M0019	idf	21	5.8900	0.0000	0.0000	1.0000	425
mut_I3	M0019	coverage	21	5.8900	1.0000	0.7619	1.0000	425
mut_I3	M0125	idf	19	4.8100	1.0000	0.8947	1.0000	419
mut_I3	M0125	coverage	19	4.8100	1.0000	0.7368	1.0000	419
mut_I3	M0181	idf	8	5.5400	1.0000	0.2500	1.0000	442
mut_I3	M0181	coverage	8	5.5400	1.0000	0.1250	1.0000	442
mut_I3	M0466	idf	6	4.7400	1.0000	0.6667	1.0000	459
mut_I3	M0466	coverage	6	4.7400	0.0000	0.0000	1.0000	459
mut_I3	M0058	idf	37	2.3800	1.0000	0.0270	1.0000	434
mut_I3	M0058	coverage	37	2.3800	0.0000	0.0000	1.0000	434
mut_I3	M0683	idf	27	3.5000	1.0000	0.8889	1.0000	419
mut_I3	M0683	coverage	27	3.5000	1.0000	0.0741	1.0000	419
mut_I3	M0925	idf	22	2.2800	0.0000	0.0000	1.0000	442
mut_I3	M0925	coverage	22	2.2800	1.0000	0.0455	1.0000	442
mut_I3	M0081	idf	9	3.9500	1.0000	0.3333	1.0000	446
mut_I3	M0081	coverage	9	3.9500	1.0000	0.2222	1.0000	446
mut_I3	M0090	idf	60	5.6000	1.0000	0.9500	1.0000	473
mut_I3	M0090	coverage	60	5.6000	1.0000	0.0833	1.0000	473
mut_I3	M0429	idf	47	2.6800	0.0000	0.0000	1.0000	452
mut_I3	M0429	coverage	47	2.6800	1.0000	0.9362	1.0000	452
mut_I3	M0447	idf	2	2.7900	0.0000	0.0000	1.0000	432
mut_I3	M0447	coverage	2	2.7900	0.0000	0.0000	1.0000	432
mut_I3	M0768	idf	19	3.3100	1.0000	0.5263	1.0000	427
mut_I3	M0768	coverage	19	3.3100	1.0000	0.3684	1.0000	427
mut_I3	M0261	idf	19	2.7300	1.0000	0.0526	1.0000	416
mut_I3	M0261	coverage	19	2.7300	1.0000	0.0526	1.0000	416
mut_I3	M0234	idf	8	3.5800	1.0000	0.5000	1.0000	428
mut_I3	M0234	coverage	8	3.5800	0.0000	0.0000	1.0000	428
mut_I3	M0958	idf	236	4.6500	0.0000	0.0000	1.0000	491
mut_I3	M0958	coverage	236	4.6500	0.0000	0.0000	1.0000	491
mut_I3	M0387	idf	2048	2.5500	1.0000	0.0229	1.0000	483
mut_I3	M0387	coverage	2048	2.5500	0.0000	0.0000	1.0000	483
mut_I3	M0520	idf	440	2.5900	0.0000	0.0000	1.0000	480
mut_I3	M0520	coverage	440	2.5900	0.0000	0.0000	1.0000	480
mut_I3	M0910	idf	7	2.4500	1.0000	0.8571	1.0000	411
mut_I3	M0910	coverage	7	2.4500	1.0000	0.8571	1.0000	411
mut_I3	M0398	idf	36	4.5100	1.0000	1.0000	1.0000	449
mut_I3	M0398	coverage	36	4.5100	0.0000	0.0000	1.0000	449
mut_I3	M0040	idf	52	2.1400	0.0000	0.0000	1.0000	425
mut_I3	M0040	coverage	52	2.1400	0.0000	0.0000	1.0000	425
mut_I3	M0808	idf	3	2.3000	1.0000	1.0000	1.0000	438
mut_I3	M0808	coverage	3	2.3000	0.0000	0.0000	1.0000	438
mut_I3	M0781	idf	6	2.6500	1.0000	0.6667	1.0000	463
mut_I3	M0781	coverage	6	2.6500	1.0000	0.6667	1.0000	463
mut_I3	M0410	idf	30	5.1500	0.0000	0.0000	1.0000	418
mut_I3	M0410	coverage	30	5.1500	0.0000	0.0000	1.0000	418
mut_I3	M0250	idf	14	2.5100	1.0000	0.7143	1.0000	430
mut_I3	M0250	coverage	14	2.5100	1.0000	0.0714	1.0000	430
mut_I3	M0748	idf	19	0.9900	1.0000	0.3684	1.0000	477
mut_I3	M0748	coverage	19	0.9900	1.0000	1.0000	1.0000	477
mut_I3	M0515	idf	20	4.4300	1.0000	0.1000	1.0000	450
mut_I3	M0515	coverage	20	4.4300	1.0000	0.2500	1.0000	450
mut_I3	M0920	idf	21	2.9900	0.0000	0.0000	1.0000	464
mut_I3	M0920	coverage	21	2.9900	1.0000	0.2381	1.0000	464
mut_I3	M0655	idf	6	1.3200	0.0000	0.0000	1.0000	446
mut_I3	M0655	coverage	6	1.3200	0.0000	0.0000	1.0000	446
mut_I3	M0227	idf	38	3.1200	1.0000	0.2105	1.0000	456
mut_I3	M0227	coverage	38	3.1200	0.0000	0.0000	1.0000	456
mut_I3	M0272	idf	35	5.0000	1.0000	0.0571	1.0000	394
mut_I3	M0272	coverage	35	5.0000	1.0000	0.0857	1.0000	394
mut_I3	M0093	idf	10	2.4200	0.0000	0.0000	0.0000	434
mut_I3	M0093	coverage	10	2.4200	0.0000	0.0000	0.0000	434
mut_I3	M0625	idf	5	2.2900	0.0000	0.0000	0.0000	441
mut_I3	M0625	coverage	5	2.2900	0.0000	0.0000	0.0000	441
mut_I3	M0321	idf	19	2.7500	1.0000	0.5263	1.0000	438
mut_I3	M0321	coverage	19	2.7500	0.0000	0.0000	1.0000	438
mut_I3	M0048	idf	98	4.2500	1.0000	0.2755	1.0000	423
mut_I3	M0048	coverage	98	4.2500	1.0000	0.0204	1.0000	423
mut_I3	M0043	idf	20	4.4800	1.0000	1.0000	1.0000	472
mut_I3	M0043	coverage	20	4.4800	1.0000	0.6500	1.0000	472
mut_I3	M0900	idf	441	1.7100	0.0000	0.0000	1.0000	497
mut_I3	M0900	coverage	441	1.7100	0.0000	0.0000	1.0000	497
mut_I3	M0857	idf	12	3.5900	1.0000	0.3333	1.0000	398
mut_I3	M0857	coverage	12	3.5900	0.0000	0.0000	1.0000	398
mut_I3	M0964	idf	68	2.2700	1.0000	0.1029	1.0000	397
mut_I3	M0964	coverage	68	2.2700	0.0000	0.0000	1.0000	397
mut_I3	M0131	idf	36	4.4800	1.0000	0.4722	1.0000	437
mut_I3	M0131	coverage	36	4.4800	1.0000	0.9167	1.0000	437
mut_I3	M0754	idf	9	1.2200	1.0000	0.3333	1.0000	455
mut_I3	M0754	coverage	9	1.2200	1.0000	0.1111	1.0000	455
mut_I3	M0313	idf	17	1.3100	0.0000	0.0000	1.0000	438
mut_I3	M0313	coverage	17	1.3100	1.0000	0.8235	1.0000	438
mut_I3	M0092	idf	41	3.9200	1.0000	0.2683	1.0000	443
mut_I3	M0092	coverage	41	3.9200	1.0000	0.0244	1.0000	443
mut_I3	M0108	idf	3	2.2000	0.0000	0.0000	1.0000	430
mut_I3	M0108	coverage	3	2.2000	0.0000	0.0000	1.0000	430
mut_I3	M0139	idf	76	2.9200	0.0000	0.0000	1.0000	421
mut_I3	M0139	coverage	76	2.9200	1.0000	0.0132	1.0000	421
mut_I3	M0235	idf	17	1.5200	0.0000	0.0000	1.0000	441
mut_I3	M0235	coverage	17	1.5200	1.0000	0.1765	1.0000	441
mut_I3	M0444	idf	83	2.0600	1.0000	0.5904	1.0000	453
mut_I3	M0444	coverage	83	2.0600	1.0000	0.0120	1.0000	453
mut_I3	M0623	idf	16	2.5000	1.0000	1.0000	1.0000	470
mut_I3	M0623	coverage	16	2.5000	1.0000	1.0000	1.0000	470
mut_I3	M0919	idf	18	2.3900	1.0000	0.3333	1.0000	436
mut_I3	M0919	coverage	18	2.3900	0.0000	0.0000	1.0000	436
mut_I3	M0369	idf	82	2.3900	1.0000	0.1829	1.0000	397
mut_I3	M0369	coverage	82	2.3900	1.0000	0.1220	1.0000	397
mut_I3	M0253	idf	212	4.3600	1.0000	0.7736	1.0000	431
mut_I3	M0253	coverage	212	4.3600	1.0000	0.0425	1.0000	431
mut_I3	M0254	idf	17	10.0600	1.0000	1.0000	1.0000	454
mut_I3	M0254	coverage	17	10.0600	1.0000	0.7647	1.0000	454
mut_I3	M0301	idf	51	2.5600	1.0000	0.0196	1.0000	434
mut_I3	M0301	coverage	51	2.5600	0.0000	0.0000	1.0000	434
mut_I3	M0674	idf	31	2.4000	0.0000	0.0000	1.0000	421
mut_I3	M0674	coverage	31	2.4000	1.0000	0.1290	1.0000	421
mut_I3	M0100	idf	360	3.1300	1.0000	0.0056	1.0000	443
mut_I3	M0100	coverage	360	3.1300	0.0000	0.0000	1.0000	443
mut_I3	M0231	idf	13	2.8100	1.0000	0.9231	1.0000	420
mut_I3	M0231	coverage	13	2.8100	1.0000	0.2308	1.0000	420
mut_I3	M0816	idf	238	1.1400	0.0000	0.0000	1.0000	444
mut_I3	M0816	coverage	238	1.1400	0.0000	0.0000	1.0000	444
mut_I3	M0472	idf	94	5.1500	1.0000	0.9681	1.0000	465
mut_I3	M0472	coverage	94	5.1500	1.0000	0.4681	1.0000	465
mut_I3	M0962	idf	134	5.1000	1.0000	0.0224	1.0000	480
mut_I3	M0962	coverage	134	5.1000	1.0000	0.0299	1.0000	480
mut_I3	M0795	idf	79	3.4100	1.0000	0.2025	1.0000	366
mut_I3	M0795	coverage	79	3.4100	0.0000	0.0000	1.0000	366
mut_I3	M0727	idf	22	4.6800	1.0000	0.3182	1.0000	445
mut_I3	M0727	coverage	22	4.6800	1.0000	0.1818	1.0000	445
mut_I3	M0497	idf	15	4.8300	1.0000	0.7333	1.0000	419
mut_I3	M0497	coverage	15	4.8300	1.0000	0.1333	1.0000	419
mut_I3	M0338	idf	23	1.7000	1.0000	0.2174	1.0000	441
mut_I3	M0338	coverage	23	1.7000	1.0000	0.0870	1.0000	441
mut_I3	M0947	idf	43	2.2500	1.0000	0.6047	1.0000	438
mut_I3	M0947	coverage	43	2.2500	1.0000	0.5116	1.0000	438
mut_I3	M0163	idf	47	2.3300	1.0000	0.5745	1.0000	442
mut_I3	M0163	coverage	47	2.3300	1.0000	0.0426	1.0000	442
mut_I3	M0959	idf	155	4.4000	0.0000	0.0000	1.0000	492
mut_I3	M0959	coverage	155	4.4000	0.0000	0.0000	1.0000	492
mut_I3	M0433	idf	210	1.2300	0.0000	0.0000	1.0000	422
mut_I3	M0433	coverage	210	1.2300	0.0000	0.0000	1.0000	422
mut_I3	M0416	idf	4	5.0300	1.0000	1.0000	1.0000	436
mut_I3	M0416	coverage	4	5.0300	1.0000	0.7500	1.0000	436
mut_I3	M0850	idf	31	2.4400	0.0000	0.0000	1.0000	427
mut_I3	M0850	coverage	31	2.4400	1.0000	0.3548	1.0000	427
mut_I3	M0454	idf	14	2.4000	1.0000	0.9286	1.0000	451
mut_I3	M0454	coverage	14	2.4000	1.0000	0.7857	1.0000	451
mut_I3	M0351	idf	24	2.6300	0.0000	0.0000	1.0000	432
mut_I3	M0351	coverage	24	2.6300	1.0000	0.3750	1.0000	432
mut_I3	M0425	idf	2084	1.5200	0.0000	0.0000	1.0000	438
mut_I3	M0425	coverage	2084	1.5200	1.0000	0.0005	1.0000	438
mut_I3	M0067	idf	39	2.2600	1.0000	0.1538	1.0000	438
mut_I3	M0067	coverage	39	2.2600	0.0000	0.0000	1.0000	438
mut_I3	M0550	idf	20	2.3600	0.0000	0.0000	1.0000	457
mut_I3	M0550	coverage	20	2.3600	0.0000	0.0000	1.0000	457
mut_I3	M0792	idf	10	1.3800	0.0000	0.0000	1.0000	433
mut_I3	M0792	coverage	10	1.3800	0.0000	0.0000	1.0000	433
mut_I3	M0961	idf	144	4.4200	0.0000	0.0000	1.0000	487
mut_I3	M0961	coverage	144	4.4200	1.0000	0.0208	1.0000	487
mut_I3	M0109	idf	207	3.3000	1.0000	0.5169	1.0000	462
mut_I3	M0109	coverage	207	3.3000	1.0000	0.4928	1.0000	462
mut_I3	M0257	idf	222	4.4300	1.0000	0.8919	1.0000	473
mut_I3	M0257	coverage	222	4.4300	1.0000	0.0180	1.0000	473
mut_I3	M0789	idf	51	1.4900	0.0000	0.0000	1.0000	443
mut_I3	M0789	coverage	51	1.4900	1.0000	0.4902	1.0000	443
mut_I3	M0363	idf	64	2.5600	0.0000	0.0000	1.0000	457
mut_I3	M0363	coverage	64	2.5600	0.0000	0.0000	1.0000	457
mut_I3	M0391	idf	14	1.8000	0.0000	0.0000	1.0000	468
mut_I3	M0391	coverage	14	1.8000	0.0000	0.0000	1.0000	468
mut_I3	M0826	idf	21	1.5900	0.0000	0.0000	1.0000	439
mut_I3	M0826	coverage	21	1.5900	0.0000	0.0000	1.0000	439
mut_I3	M0952	idf	5	1.2400	1.0000	0.6000	1.0000	417
mut_I3	M0952	coverage	5	1.2400	1.0000	0.6000	1.0000	417
mut_I3	M0117	idf	100	2.1800	0.0000	0.0000	1.0000	471
mut_I3	M0117	coverage	100	2.1800	1.0000	0.0100	1.0000	471
mut_I3	M0854	idf	122	2.5800	0.0000	0.0000	1.0000	454
mut_I3	M0854	coverage	122	2.5800	1.0000	0.0246	1.0000	454
mut_I3	M0881	idf	155	3.1500	1.0000	0.8645	1.0000	448
mut_I3	M0881	coverage	155	3.1500	1.0000	0.7226	1.0000	448
mut_I3	M0874	idf	1	1.6900	0.0000	0.0000	1.0000	447
mut_I3	M0874	coverage	1	1.6900	0.0000	0.0000	1.0000	447
mut_I3	M0597	idf	27	1.7200	1.0000	0.1481	1.0000	443
mut_I3	M0597	coverage	27	1.7200	1.0000	0.4444	1.0000	443
mut_I3	M0070	idf	159	2.5000	0.0000	0.0000	1.0000	424
mut_I3	M0070	coverage	159	2.5000	1.0000	0.0126	1.0000	424
mut_I3	M0423	idf	94	2.6100	0.0000	0.0000	1.0000	451
mut_I3	M0423	coverage	94	2.6100	0.0000	0.0000	1.0000	451
mut_I3	M0266	idf	35	3.1300	1.0000	0.6286	1.0000	459
mut_I3	M0266	coverage	35	3.1300	1.0000	0.2857	1.0000	459
mut_I3	M0262	idf	19	4.1600	1.0000	1.0000	1.0000	426
mut_I3	M0262	coverage	19	4.1600	1.0000	0.9474	1.0000	426
mut_I3	M0806	idf	3	1.2800	0.0000	0.0000	1.0000	463
mut_I3	M0806	coverage	3	1.2800	1.0000	0.3333	1.0000	463
mut_I3	M0937	idf	31	2.1600	0.0000	0.0000	1.0000	416
mut_I3	M0937	coverage	31	2.1600	1.0000	0.4516	1.0000	416
mut_I3	M0066	idf	57	2.3500	1.0000	0.0877	1.0000	437
mut_I3	M0066	coverage	57	2.3500	1.0000	0.3684	1.0000	437
mut_I3	M0462	idf	48	2.4100	1.0000	0.8958	1.0000	446
mut_I3	M0462	coverage	48	2.4100	0.0000	0.0000	1.0000	446
mut_I3	M0380	idf	21	3.3600	1.0000	0.1905	1.0000	451
mut_I3	M0380	coverage	21	3.3600	1.0000	0.5714	1.0000	451
mut_I3	M0403	idf	16	2.6800	1.0000	0.6875	1.0000	475
mut_I3	M0403	coverage	16	2.6800	1.0000	0.3125	1.0000	475
mut_I3	M0141	idf	25	10.1800	1.0000	0.1200	1.0000	440
mut_I3	M0141	coverage	25	10.1800	1.0000	0.0800	1.0000	440
mut_I3	M0237	idf	555	2.3700	0.0000	0.0000	1.0000	439
mut_I3	M0237	coverage	555	2.3700	1.0000	0.0306	1.0000	439
mut_I3	M0642	idf	24	2.5700	1.0000	0.1667	1.0000	406
mut_I3	M0642	coverage	24	2.5700	1.0000	0.0417	1.0000	406
mut_I3	M0142	idf	13	2.5600	0.0000	0.0000	1.0000	449
mut_I3	M0142	coverage	13	2.5600	1.0000	0.3077	1.0000	449
mut_I3	M0798	idf	2073	2.1200	0.0000	0.0000	1.0000	494
mut_I3	M0798	coverage	2073	2.1200	0.0000	0.0000	1.0000	494
mut_I3	M0574	idf	111	4.6000	1.0000	0.3514	1.0000	444
mut_I3	M0574	coverage	111	4.6000	1.0000	0.4414	1.0000	444
mut_I3	M0663	idf	96	1.7800	1.0000	0.1042	1.0000	429
mut_I3	M0663	coverage	96	1.7800	1.0000	0.1354	1.0000	429
mut_I3	M0348	idf	165	5.1800	0.0000	0.0000	1.0000	491
mut_I3	M0348	coverage	165	5.1800	0.0000	0.0000	1.0000	491
mut_I3	M0353	idf	11	1.2200	1.0000	0.0909	1.0000	399
mut_I3	M0353	coverage	11	1.2200	1.0000	0.4545	1.0000	399
mut_I3	M0028	idf	19	3.6900	1.0000	1.0000	1.0000	446
mut_I3	M0028	coverage	19	3.6900	1.0000	1.0000	1.0000	446
mut_I3	M0308	idf	172	5.1300	1.0000	1.0000	1.0000	466
mut_I3	M0308	coverage	172	5.1300	1.0000	0.8488	1.0000	466
mut_I3	M0860	idf	6	3.1900	0.0000	0.0000	1.0000	457
mut_I3	M0860	coverage	6	3.1900	1.0000	0.3333	1.0000	457
mut_I3	M0188	idf	117	2.3700	0.0000	0.0000	1.0000	375
mut_I3	M0188	coverage	117	2.3700	1.0000	0.0171	1.0000	375
mut_I3	M0003	idf	94	1.6400	0.0000	0.0000	1.0000	436
mut_I3	M0003	coverage	94	1.6400	0.0000	0.0000	1.0000	436
mut_I3	M0906	idf	265	1.1300	0.0000	0.0000	1.0000	480
mut_I3	M0906	coverage	265	1.1300	1.0000	0.6679	1.0000	480
mut_I3	M0590	idf	19	2.1100	1.0000	0.0526	1.0000	446
mut_I3	M0590	coverage	19	2.1100	1.0000	0.1053	1.0000	446
mut_I3	M0293	idf	60	2.1400	1.0000	0.2500	1.0000	433
mut_I3	M0293	coverage	60	2.1400	1.0000	0.3500	1.0000	433
mut_I3	M0651	idf	56	1.1200	0.0000	0.0000	1.0000	441
mut_I3	M0651	coverage	56	1.1200	0.0000	0.0000	1.0000	441
mut_I3	M0297	idf	17	0.8900	0.0000	0.0000	1.0000	471
mut_I3	M0297	coverage	17	0.8900	0.0000	0.0000	1.0000	471
mut_I3	M0194	idf	63	4.4900	1.0000	0.9048	1.0000	428
mut_I3	M0194	coverage	63	4.4900	1.0000	0.1746	1.0000	428
mut_I3	M0589	idf	26	1.7500	1.0000	0.1154	1.0000	434
mut_I3	M0589	coverage	26	1.7500	0.0000	0.0000	1.0000	434
mut_I3	M0669	idf	10	1.8900	1.0000	0.1000	1.0000	380
mut_I3	M0669	coverage	10	1.8900	0.0000	0.0000	1.0000	380
mut_I3	M0742	idf	2	2.3700	1.0000	1.0000	1.0000	429
mut_I3	M0742	coverage	2	2.3700	0.0000	0.0000	1.0000	429
mut_I3	M0298	idf	164	2.5000	0.0000	0.0000	1.0000	474
mut_I3	M0298	coverage	164	2.5000	1.0000	0.0488	1.0000	474
mut_I3	M0440	idf	43	2.8600	1.0000	0.3953	1.0000	444
mut_I3	M0440	coverage	43	2.8600	1.0000	0.3953	1.0000	444
mut_I3	M0386	idf	4	4.4900	1.0000	1.0000	1.0000	433
mut_I3	M0386	coverage	4	4.4900	1.0000	1.0000	1.0000	433
mut_I3	M0087	idf	50	4.5700	1.0000	1.0000	1.0000	461
mut_I3	M0087	coverage	50	4.5700	1.0000	0.2600	1.0000	461
mut_I4	M0346	idf	37	2.0700	1.0000	0.0270	1.0000	434
mut_I4	M0346	coverage	37	2.0700	0.0000	0.0000	1.0000	434
mut_I4	M0376	idf	41	4.8100	1.0000	0.8537	1.0000	444
mut_I4	M0376	coverage	41	4.8100	1.0000	0.7805	1.0000	444
mut_I4	M0431	idf	3	2.0000	1.0000	1.0000	1.0000	423
mut_I4	M0431	coverage	3	2.0000	1.0000	1.0000	1.0000	423
mut_I4	M0243	idf	11	4.1400	1.0000	1.0000	1.0000	438
mut_I4	M0243	coverage	11	4.1400	0.0000	0.0000	1.0000	438
mut_I4	M0294	idf	108	4.8900	1.0000	0.1944	1.0000	457
mut_I4	M0294	coverage	108	4.8900	0.0000	0.0000	1.0000	457
mut_I4	M0895	idf	121	1.8200	0.0000	0.0000	1.0000	446
mut_I4	M0895	coverage	121	1.8200	1.0000	0.0165	1.0000	446
mut_I4	M0104	idf	4	5.0100	1.0000	1.0000	1.0000	395
mut_I4	M0104	coverage	4	5.0100	0.0000	0.0000	1.0000	395
mut_I4	M0869	idf	5	1.5000	0.0000	0.0000	1.0000	427
mut_I4	M0869	coverage	5	1.5000	0.0000	0.0000	1.0000	427
mut_I4	M0075	idf	2	4.7000	0.0000	0.0000	1.0000	407
mut_I4	M0075	coverage	2	4.7000	0.0000	0.0000	1.0000	407
mut_I4	M0134	idf	55	2.4300	0.0000	0.0000	1.0000	443
mut_I4	M0134	coverage	55	2.4300	1.0000	0.8909	1.0000	443
mut_I4	M0206	idf	75	5.5800	1.0000	0.9467	1.0000	418
mut_I4	M0206	coverage	75	5.5800	1.0000	0.2800	1.0000	418
mut_I4	M0044	idf	67	4.7200	1.0000	0.9552	1.0000	451
mut_I4	M0044	coverage	67	4.7200	1.0000	0.3433	1.0000	451
mut_I4	M0484	idf	100	5.0300	1.0000	1.0000	1.0000	418
mut_I4	M0484	coverage	100	5.0300	1.0000	0.8700	1.0000	418
mut_I4	M0334	idf	22	2.6500	1.0000	0.9545	1.0000	425
mut_I4	M0334	coverage	22	2.6500	0.0000	0.0000	1.0000	425
mut_I4	M0412	idf	5	2.3700	1.0000	0.6000	1.0000	441
mut_I4	M0412	coverage	5	2.3700	0.0000	0.0000	1.0000	441
mut_I4	M0931	idf	70	1.6900	0.0000	0.0000	1.0000	433
mut_I4	M0931	coverage	70	1.6900	0.0000	0.0000	1.0000	433
mut_I4	M0118	idf	106	2.0900	0.0000	0.0000	1.0000	379
mut_I4	M0118	coverage	106	2.0900	1.0000	0.0189	1.0000	379
mut_I4	M0752	idf	8	0.9200	1.0000	1.0000	1.0000	369
mut_I4	M0752	coverage	8	0.9200	1.0000	0.8750	1.0000	369
mut_I4	M0428	idf	10	4.7400	1.0000	0.9000	1.0000	420
mut_I4	M0428	coverage	10	4.7400	1.0000	0.7000	1.0000	420
mut_I4	M0771	idf	213	1.6300	1.0000	0.0516	1.0000	449
mut_I4	M0771	coverage	213	1.6300	1.0000	0.0329	1.0000	449
mut_I4	M0658	idf	12	2.1400	0.0000	0.0000	1.0000	443
mut_I4	M0658	coverage	12	2.1400	1.0000	0.9167	1.0000	443
mut_I4	M0311	idf	78	4.5300	1.0000	0.9231	1.0000	469
mut_I4	M0311	coverage	78	4.5300	0.0000	0.0000	1.0000	469
mut_I4	M0600	idf	78	4.0400	0.0000	0.0000	1.0000	439
mut_I4	M0600	coverage	78	4.0400	0.0000	0.0000	1.0000	439
mut_I4	M0565	idf	13	1.1900	0.0000	0.0000	1.0000	400
mut_I4	M0565	coverage	13	1.1900	1.0000	0.1538	1.0000	400
mut_I4	M0085	idf	11	2.6700	1.0000	0.7273	1.0000	406
mut_I4	M0085	coverage	11	2.6700	1.0000	0.3636	1.0000	406
mut_I4	M0488	idf	6	4.9600	1.0000	1.0000	1.0000	429
mut_I4	M0488	coverage	6	4.9600	1.0000	1.0000	1.0000	429
mut_I4	M0076	idf	97	1.4000	0.0000	0.0000	1.0000	444
mut_I4	M0076	coverage	97	1.4000	1.0000	0.3711	1.0000	444
mut_I4	M0175	idf	826	1.3800	1.0000	0.0012	1.0000	496
mut_I4	M0175	coverage	826	1.3800	1.0000	0.5811	1.0000	496
mut_I4	M0107	idf	7	2.9800	1.0000	0.1429	1.0000	433
mut_I4	M0107	coverage	7	2.9800	1.0000	0.7143	1.0000	433
mut_I4	M0201	idf	38	2.1400	0.0000	0.0000	1.0000	433
mut_I4	M0201	coverage	38	2.1400	0.0000	0.0000	1.0000	433
mut_I4	M0383	idf	124	5.2500	0.0000	0.0000	1.0000	440
mut_I4	M0383	coverage	124	5.2500	1.0000	0.0161	1.0000	440
mut_I4	M0111	idf	10	5.5700	1.0000	0.2000	1.0000	424
mut_I4	M0111	coverage	10	5.5700	0.0000	0.0000	1.0000	424
mut_I4	M0634	idf	9	3.6900	1.0000	0.1111	1.0000	418
mut_I4	M0634	coverage	9	3.6900	1.0000	0.8889	1.0000	418
mut_I4	M0609	idf	81	2.5200	1.0000	0.0864	1.0000	487
mut_I4	M0609	coverage	81	2.5200	1.0000	0.0123	1.0000	487
mut_I4	M0228	idf	119	3.2000	1.0000	0.1008	1.0000	395
mut_I4	M0228	coverage	119	3.2000	0.0000	0.0000	1.0000	395
mut_I4	M0636	idf	16	2.1300	1.0000	0.5000	1.0000	420
mut_I4	M0636	coverage	16	2.1300	1.0000	0.3750	1.0000	420
mut_I4	M0908	idf	78	1.2600	0.0000	0.0000	1.0000	451
mut_I4	M0908	coverage	78	1.2600	1.0000	0.0128	1.0000	451
mut_I4	M0564	idf	357	2.3200	0.0000	0.0000	1.0000	421
mut_I4	M0564	coverage	357	2.3200	0.0000	0.0000	1.0000	421
mut_I4	M0616	idf	5	2.1400	1.0000	0.8000	1.0000	415
mut_I4	M0616	coverage	5	2.1400	1.0000	0.8000	1.0000	415
mut_I4	M0453	idf	61	4.7200	1.0000	0.2131	1.0000	442
mut_I4	M0453	coverage	61	4.7200	0.0000	0.0000	1.0000	442
mut_I4	M0510	idf	62	2.3700	1.0000	0.9194	1.0000	417
mut_I4	M0510	coverage	62	2.3700	1.0000	0.7097	1.0000	417
mut_I4	M0216	idf	1150	3.0200	1.0000	0.4278	1.0000	499
mut_I4	M0216	coverage	1150	3.0200	1.0000	0.4278	1.0000	499
mut_I4	M0448	idf	7	1.2200	0.0000	0.0000	0.0000	442
mut_I4	M0448	coverage	7	1.2200	0.0000	0.0000	0.0000	442
mut_I4	M0732	idf	18	2.4100	0.0000	0.0000	1.0000	411
mut_I4	M0732	coverage	18	2.4100	0.0000	0.0000	1.0000	411
mut_I4	M0734	idf	5	1.6200	1.0000	0.2000	1.0000	384
mut_I4	M0734	coverage	5	1.6200	0.0000	0.0000	1.0000	384
mut_I4	M0456	idf	17	1.3100	0.0000	0.0000	1.0000	416
mut_I4	M0456	coverage	17	1.3100	0.0000	0.0000	1.0000	416
mut_I4	M0278	idf	74	1.0600	1.0000	0.6081	1.0000	400
mut_I4	M0278	coverage	74	1.0600	1.0000	0.7703	1.0000	400
mut_I4	M0682	idf	290	0.9900	0.0000	0.0000	1.0000	434
mut_I4	M0682	coverage	290	0.9900	1.0000	0.3759	1.0000	434
mut_I4	M0381	idf	68	1.0700	0.0000	0.0000	1.0000	408
mut_I4	M0381	coverage	68	1.0700	1.0000	0.6029	1.0000	408
mut_I4	M0759	idf	73	3.9600	0.0000	0.0000	0.0000	423
mut_I4	M0759	coverage	73	3.9600	0.0000	0.0000	0.0000	423
mut_I4	M0916	idf	1	2.2100	1.0000	1.0000	1.0000	408
mut_I4	M0916	coverage	1	2.2100	0.0000	0.0000	1.0000	408
mut_I4	M0122	idf	21	2.7400	1.0000	0.3333	1.0000	400
mut_I4	M0122	coverage	21	2.7400	0.0000	0.0000	1.0000	400
mut_I4	M0435	idf	17	15.9400	1.0000	0.0588	1.0000	467
mut_I4	M0435	coverage	17	15.9400	0.0000	0.0000	1.0000	467
mut_I4	M0519	idf	16	4.7600	1.0000	1.0000	1.0000	410
mut_I4	M0519	coverage	16	4.7600	0.0000	0.0000	1.0000	410
mut_I4	M0506	idf	113	2.0900	1.0000	0.4602	1.0000	439
mut_I4	M0506	coverage	113	2.0900	0.0000	0.0000	1.0000	439
mut_I4	M0357	idf	5	2.4700	0.0000	0.0000	1.0000	397
mut_I4	M0357	coverage	5	2.4700	0.0000	0.0000	1.0000	397
mut_I4	M0414	idf	82	2.4300	1.0000	0.8049	1.0000	434
mut_I4	M0414	coverage	82	2.4300	0.0000	0.0000	1.0000	434
mut_I4	M0096	idf	23	2.4200	0.0000	0.0000	1.0000	413
mut_I4	M0096	coverage	23	2.4200	1.0000	0.0435	1.0000	413
mut_I4	M0885	idf	15	4.7700	1.0000	0.7333	1.0000	390
mut_I4	M0885	coverage	15	4.7700	0.0000	0.0000	1.0000	390
mut_I4	M0738	idf	15	2.4900	1.0000	1.0000	1.0000	416
mut_I4	M0738	coverage	15	2.4900	1.0000	0.6667	1.0000	416
mut_I4	M0545	idf	19	2.2200	0.0000	0.0000	1.0000	349
mut_I4	M0545	coverage	19	2.2200	1.0000	0.5789	1.0000	349
mut_I4	M0815	idf	238	1.4000	1.0000	0.3529	1.0000	467
mut_I4	M0815	coverage	238	1.4000	0.0000	0.0000	1.0000	467
mut_I4	M0077	idf	101	2.5600	0.0000	0.0000	1.0000	431
mut_I4	M0077	coverage	101	2.5600	0.0000	0.0000	1.0000	431
mut_I4	M0851	idf	22	1.4900	0.0000	0.0000	1.0000	365
mut_I4	M0851	coverage	22	1.4900	0.0000	0.0000	1.0000	365
mut_I4	M0862	idf	17	2.4600	0.0000	0.0000	1.0000	449
mut_I4	M0862	coverage	17	2.4600	0.0000	0.0000	1.0000	449
mut_I4	M0736	idf	3	2.3600	0.0000	0.0000	1.0000	434
mut_I4	M0736	coverage	3	2.3600	0.0000	0.0000	1.0000	434
mut_I4	M0819	idf	25	1.9300	0.0000	0.0000	1.0000	426
mut_I4	M0819	coverage	25	1.9300	0.0000	0.0000	1.0000	426
mut_I4	M0822	idf	2	2.4800	0.0000	0.0000	1.0000	407
mut_I4	M0822	coverage	2	2.4800	0.0000	0.0000	1.0000	407
mut_I4	M0136	idf	9	2.8400	1.0000	0.8889	1.0000	455
mut_I4	M0136	coverage	9	2.8400	1.0000	0.6667	1.0000	455
mut_I4	M0054	idf	44	1.4600	0.0000	0.0000	1.0000	409
mut_I4	M0054	coverage	44	1.4600	1.0000	0.7500	1.0000	409
mut_I4	M0612	idf	82	4.1300	0.0000	0.0000	1.0000	405
mut_I4	M0612	coverage	82	4.1300	1.0000	0.5732	1.0000	405
mut_I4	M0010	idf	13	2.1300	1.0000	0.9231	1.0000	450
mut_I4	M0010	coverage	13	2.1300	1.0000	0.9231	1.0000	450
mut_I4	M0709	idf	289	2.5900	0.0000	0.0000	1.0000	395
mut_I4	M0709	coverage	289	2.5900	1.0000	0.0346	1.0000	395
mut_I4	M0940	idf	104	5.0100	0.0000	0.0000	1.0000	484
mut_I4	M0940	coverage	104	5.0100	0.0000	0.0000	1.0000	484
mut_I4	M0172	idf	12	4.6900	0.0000	0.0000	1.0000	452
mut_I4	M0172	coverage	12	4.6900	1.0000	0.5833	1.0000	452
mut_I4	M0693	idf	362	2.0300	0.0000	0.0000	1.0000	397
mut_I4	M0693	coverage	362	2.0300	1.0000	0.0028	1.0000	397
mut_I4	M0159	idf	148	4.8500	1.0000	0.8851	1.0000	448
mut_I4	M0159	coverage	148	4.8500	1.0000	0.1081	1.0000	448
mut_I4	M0835	idf	9	3.3700	0.0000	0.0000	0.0000	416
mut_I4	M0835	coverage	9	3.3700	0.0000	0.0000	0.0000	416
mut_I4	M0810	idf	37	3.1600	1.0000	0.3243	1.0000	424
mut_I4	M0810	coverage	37	3.1600	1.0000	0.3243	1.0000	424
mut_I4	M0434	idf	12	4.8200	1.0000	0.6667	1.0000	442
mut_I4	M0434	coverage	12	4.8200	0.0000	0.0000	1.0000	442
mut_I4	M0653	idf	23	2.3300	1.0000	0.0435	1.0000	404
mut_I4	M0653	coverage	23	2.3300	1.0000	0.0435	1.0000	404
mut_I4	M0205	idf	259	4.8400	1.0000	0.5830	1.0000	460
mut_I4	M0205	coverage	259	4.8400	1.0000	0.9035	1.0000	460
mut_I4	M0939	idf	13	0.6300	1.0000	0.4615	1.0000	379
mut_I4	M0939	coverage	13	0.6300	1.0000	0.5385	1.0000	379
mut_I4	M0918	idf	65	4.1900	1.0000	0.0462	1.0000	418
mut_I4	M0918	coverage	65	4.1900	1.0000	0.0462	1.0000	418
mut_I4	M0858	idf	351	2.8800	1.0000	0.1140	1.0000	459
mut_I4	M0858	coverage	351	2.8800	1.0000	0.8205	1.0000	459
mut_I4	M0420	idf	17	1.4200	1.0000	0.1176	1.0000	427
mut_I4	M0420	coverage	17	1.4200	1.0000	0.1176	1.0000	427
mut_I4	M0879	idf	15	2.1900	0.0000	0.0000	1.0000	411
mut_I4	M0879	coverage	15	2.1900	1.0000	0.2000	1.0000	411
mut_I4	M0371	idf	122	2.5400	0.0000	0.0000	1.0000	403
mut_I4	M0371	coverage	122	2.5400	0.0000	0.0000	1.0000	403
mut_I4	M0020	idf	115	4.7000	0.0000	0.0000	1.0000	467
mut_I4	M0020	coverage	115	4.7000	1.0000	0.0087	1.0000	467
mut_I4	M0855	idf	38	2.3200	1.0000	0.2368	1.0000	402
mut_I4	M0855	coverage	38	2.3200	1.0000	0.1579	1.0000	402
mut_I4	M0957	idf	186	4.6700	0.0000	0.0000	1.0000	486
mut_I4	M0957	coverage	186	4.6700	0.0000	0.0000	1.0000	486
mut_I4	M0505	idf	27	2.3400	1.0000	0.1111	1.0000	421
mut_I4	M0505	coverage	27	2.3400	1.0000	0.0741	1.0000	421
mut_I4	M0477	idf	70	2.3800	1.0000	0.3286	1.0000	446
mut_I4	M0477	coverage	70	2.3800	1.0000	0.5429	1.0000	446
mut_I4	M0829	idf	6	2.5200	1.0000	0.1667	1.0000	423
mut_I4	M0829	coverage	6	2.5200	0.0000	0.0000	1.0000	423
mut_I4	M0884	idf	19	2.7100	0.0000	0.0000	1.0000	422
mut_I4	M0884	coverage	19	2.7100	1.0000	0.5263	1.0000	422
mut_I4	M0384	idf	67	2.0400	1.0000	0.0448	1.0000	413
mut_I4	M0384	coverage	67	2.0400	1.0000	0.0149	1.0000	413
mut_I4	M0065	idf	53	2.2900	1.0000	0.3585	1.0000	405
mut_I4	M0065	coverage	53	2.2900	1.0000	0.3396	1.0000	405
mut_I4	M0123	idf	2	5.0000	1.0000	1.0000	1.0000	423
mut_I4	M0123	coverage	2	5.0000	0.0000	0.0000	1.0000	423
mut_I4	M0580	idf	9	2.2700	0.0000	0.0000	1.0000	403
mut_I4	M0580	coverage	9	2.2700	1.0000	0.3333	1.0000	403
mut_I4	M0033	idf	14	2.4700	1.0000	0.0714	1.0000	399
mut_I4	M0033	coverage	14	2.4700	0.0000	0.0000	1.0000	399
mut_I4	M0281	idf	1	5.1500	1.0000	1.0000	1.0000	419
mut_I4	M0281	coverage	1	5.1500	1.0000	1.0000	1.0000	419
mut_I4	M0544	idf	12	2.6600	1.0000	0.0833	1.0000	401
mut_I4	M0544	coverage	12	2.6600	1.0000	0.0833	1.0000	401
mut_I4	M0212	idf	83	10.0700	0.0000	0.0000	1.0000	446
mut_I4	M0212	coverage	83	10.0700	1.0000	0.4458	1.0000	446
mut_I4	M0426	idf	18	2.5600	1.0000	0.6667	1.0000	401
mut_I4	M0426	coverage	18	2.5600	1.0000	0.0556	1.0000	401
mut_I4	M0905	idf	198	1.3400	0.0000	0.0000	1.0000	405
mut_I4	M0905	coverage	198	1.3400	1.0000	0.0051	1.0000	405
mut_I4	M0843	idf	14	1.1700	0.0000	0.0000	1.0000	426
mut_I4	M0843	coverage	14	1.1700	1.0000	0.6429	1.0000	426
mut_I4	M0263	idf	24	2.8700	0.0000	0.0000	1.0000	430
mut_I4	M0263	coverage	24	2.8700	1.0000	0.2500	1.0000	430
mut_I4	M0697	idf	155	2.7800	0.0000	0.0000	1.0000	446
mut_I4	M0697	coverage	155	2.7800	1.0000	0.9097	1.0000	446
mut_I4	M0260	idf	21	3.0100	1.0000	0.8571	1.0000	410
mut_I4	M0260	coverage	21	3.0100	1.0000	0.4286	1.0000	410
mut_I4	M0379	idf	41	5.4600	1.0000	1.0000	1.0000	446
mut_I4	M0379	coverage	41	5.4600	1.0000	0.3171	1.0000	446
mut_I4	M0377	idf	189	4.4200	1.0000	0.0317	1.0000	468
mut_I4	M0377	coverage	189	4.4200	0.0000	0.0000	1.0000	468
mut_I4	M0547	idf	4	1.1900	1.0000	0.7500	1.0000	415
mut_I4	M0547	coverage	4	1.1900	1.0000	0.7500	1.0000	415
mut_I4	M0508	idf	6	4.0200	1.0000	1.0000	1.0000	419
mut_I4	M0508	coverage	6	4.0200	1.0000	0.1667	1.0000	419
mut_I4	M0401	idf	392	2.2800	1.0000	0.0026	1.0000	469
mut_I4	M0401	coverage	392	2.2800	0.0000	0.0000	1.0000	469
mut_I4	M0755	idf	11	1.2400	1.0000	0.6364	1.0000	417
mut_I4	M0755	coverage	11	1.2400	1.0000	0.0909	1.0000	417
mut_I4	M0458	idf	25	1.4000	0.0000	0.0000	1.0000	421
mut_I4	M0458	coverage	25	1.4000	1.0000	0.1600	1.0000	421
mut_I4	M0314	idf	45	10.2300	0.0000	0.0000	1.0000	403
mut_I4	M0314	coverage	45	10.2300	1.0000	0.0444	1.0000	403
mut_I4	M0210	idf	220	2.2600	1.0000	0.0091	1.0000	445
mut_I4	M0210	coverage	220	2.2600	0.0000	0.0000	1.0000	445
mut_I4	M0154	idf	62	2.1500	0.0000	0.0000	1.0000	415
mut_I4	M0154	coverage	62	2.1500	1.0000	0.8548	1.0000	415
mut_I4	M0502	idf	20	6.2000	1.0000	0.2000	1.0000	434
mut_I4	M0502	coverage	20	6.2000	0.0000	0.0000	1.0000	434
mut_I4	M0031	idf	290	3.5100	1.0000	0.1034	1.0000	446
mut_I4	M0031	coverage	290	3.5100	0.0000	0.0000	1.0000	446
mut_I4	M0178	idf	273	3.9600	0.0000	0.0000	1.0000	426
mut_I4	M0178	coverage	273	3.9600	0.0000	0.0000	1.0000	426
mut_I4	M0019	idf	21	5.7500	0.0000	0.0000	1.0000	441
mut_I4	M0019	coverage	21	5.7500	1.0000	0.7619	1.0000	441
mut_I4	M0125	idf	19	4.9500	1.0000	0.8947	1.0000	411
mut_I4	M0125	coverage	19	4.9500	1.0000	0.7368	1.0000	411
mut_I4	M0181	idf	8	5.4700	1.0000	0.2500	1.0000	429
mut_I4	M0181	coverage	8	5.4700	1.0000	0.1250	1.0000	429
mut_I4	M0466	idf	6	4.6800	1.0000	0.6667	1.0000	436
mut_I4	M0466	coverage	6	4.6800	0.0000	0.0000	1.0000	436
mut_I4	M0058	idf	37	2.5500	0.0000	0.0000	1.0000	430
mut_I4	M0058	coverage	37	2.5500	0.0000	0.0000	1.0000	430
mut_I4	M0683	idf	27	3.6300	1.0000	0.8889	1.0000	429
mut_I4	M0683	coverage	27	3.6300	1.0000	0.0741	1.0000	429
mut_I4	M0925	idf	22	1.9400	0.0000	0.0000	1.0000	416
mut_I4	M0925	coverage	22	1.9400	1.0000	0.0455	1.0000	416
mut_I4	M0081	idf	9	3.9200	1.0000	0.4444	1.0000	424
mut_I4	M0081	coverage	9	3.9200	1.0000	0.2222	1.0000	424
mut_I4	M0090	idf	60	6.3800	1.0000	0.9500	1.0000	457
mut_I4	M0090	coverage	60	6.3800	1.0000	0.0833	1.0000	457
mut_I4	M0429	idf	47	2.4300	0.0000	0.0000	1.0000	446
mut_I4	M0429	coverage	47	2.4300	1.0000	0.9362	1.0000	446
mut_I4	M0447	idf	2	2.6600	0.0000	0.0000	1.0000	421
mut_I4	M0447	coverage	2	2.6600	0.0000	0.0000	1.0000	421
mut_I4	M0768	idf	19	3.1800	1.0000	0.2632	1.0000	394
mut_I4	M0768	coverage	19	3.1800	1.0000	0.4737	1.0000	394
mut_I4	M0261	idf	19	2.9900	1.0000	0.0526	1.0000	373
mut_I4	M0261	coverage	19	2.9900	1.0000	0.2632	1.0000	373
mut_I4	M0234	idf	8	3.4800	1.0000	0.5000	1.0000	405
mut_I4	M0234	coverage	8	3.4800	0.0000	0.0000	1.0000	405
mut_I4	M0958	idf	236	5.0300	0.0000	0.0000	1.0000	490
mut_I4	M0958	coverage	236	5.0300	0.0000	0.0000	1.0000	490
mut_I4	M0387	idf	2048	2.4300	1.0000	0.0249	1.0000	466
mut_I4	M0387	coverage	2048	2.4300	0.0000	0.0000	1.0000	466
mut_I4	M0520	idf	440	2.1900	0.0000	0.0000	1.0000	445
mut_I4	M0520	coverage	440	2.1900	1.0000	0.0023	1.0000	445
mut_I4	M0910	idf	7	2.4600	1.0000	0.8571	1.0000	418
mut_I4	M0910	coverage	7	2.4600	0.0000	0.0000	1.0000	418
mut_I4	M0398	idf	36	4.8000	1.0000	1.0000	1.0000	438
mut_I4	M0398	coverage	36	4.8000	0.0000	0.0000	1.0000	438
mut_I4	M0040	idf	52	2.3200	0.0000	0.0000	1.0000	433
mut_I4	M0040	coverage	52	2.3200	0.0000	0.0000	1.0000	433
mut_I4	M0808	idf	3	2.3900	1.0000	1.0000	1.0000	385
mut_I4	M0808	coverage	3	2.3900	1.0000	1.0000	1.0000	385
mut_I4	M0781	idf	6	2.5200	1.0000	0.6667	1.0000	419
mut_I4	M0781	coverage	6	2.5200	1.0000	0.6667	1.0000	419
mut_I4	M0410	idf	30	4.8700	0.0000	0.0000	1.0000	389
mut_I4	M0410	coverage	30	4.8700	0.0000	0.0000	1.0000	389
mut_I4	M0250	idf	14	2.3800	1.0000	0.7143	1.0000	394
mut_I4	M0250	coverage	14	2.3800	1.0000	0.0714	1.0000	394
mut_I4	M0748	idf	19	0.8900	1.0000	0.3684	1.0000	340
mut_I4	M0748	coverage	19	0.8900	1.0000	1.0000	1.0000	340
mut_I4	M0515	idf	20	4.8200	1.0000	0.1000	1.0000	396
mut_I4	M0515	coverage	20	4.8200	1.0000	0.3000	1.0000	396
mut_I4	M0920	idf	21	3.0600	0.0000	0.0000	1.0000	434
mut_I4	M0920	coverage	21	3.0600	1.0000	0.2857	1.0000	434
mut_I4	M0655	idf	6	1.3200	0.0000	0.0000	1.0000	384
mut_I4	M0655	coverage	6	1.3200	1.0000	0.1667	1.0000	384
mut_I4	M0227	idf	38	3.0300	1.0000	0.2105	1.0000	437
mut_I4	M0227	coverage	38	3.0300	0.0000	0.0000	1.0000	437
mut_I4	M0272	idf	35	4.9200	1.0000	0.0571	1.0000	403
mut_I4	M0272	coverage	35	4.9200	1.0000	0.0857	1.0000	403
mut_I4	M0093	idf	10	2.6000	0.0000	0.0000	1.0000	408
mut_I4	M0093	coverage	10	2.6000	0.0000	0.0000	1.0000	408
mut_I4	M0625	idf	5	2.4800	0.0000	0.0000	1.0000	430
mut_I4	M0625	coverage	5	2.4800	0.0000	0.0000	1.0000	430
mut_I4	M0321	idf	19	2.7400	1.0000	0.5263	1.0000	383
mut_I4	M0321	coverage	19	2.7400	0.0000	0.0000	1.0000	383
mut_I4	M0048	idf	98	4.1600	1.0000	0.1429	1.0000	413
mut_I4	M0048	coverage	98	4.1600	1.0000	0.0204	1.0000	413
mut_I4	M0043	idf	20	4.9900	1.0000	1.0000	1.0000	446
mut_I4	M0043	coverage	20	4.9900	1.0000	0.6500	1.0000	446
mut_I4	M0900	idf	441	1.6700	1.0000	0.0023	1.0000	496
mut_I4	M0900	coverage	441	1.6700	0.0000	0.0000	1.0000	496
mut_I4	M0857	idf	12	3.0400	1.0000	0.3333	1.0000	407
mut_I4	M0857	coverage	12	3.0400	0.0000	0.0000	1.0000	407
mut_I4	M0964	idf	68	2.3600	1.0000	0.1029	1.0000	414
mut_I4	M0964	coverage	68	2.3600	0.0000	0.0000	1.0000	414
mut_I4	M0131	idf	36	4.4000	1.0000	0.4722	1.0000	421
mut_I4	M0131	coverage	36	4.4000	1.0000	0.9167	1.0000	421
mut_I4	M0754	idf	9	1.4000	1.0000	0.3333	1.0000	384
mut_I4	M0754	coverage	9	1.4000	1.0000	0.1111	1.0000	384
mut_I4	M0313	idf	17	1.2400	0.0000	0.0000	1.0000	417
mut_I4	M0313	coverage	17	1.2400	1.0000	0.7647	1.0000	417
mut_I4	M0092	idf	41	3.7200	1.0000	0.2927	1.0000	396
mut_I4	M0092	coverage	41	3.7200	1.0000	0.3415	1.0000	396
mut_I4	M0108	idf	3	2.3200	0.0000	0.0000	1.0000	393
mut_I4	M0108	coverage	3	2.3200	0.0000	0.0000	1.0000	393
mut_I4	M0139	idf	76	2.8200	0.0000	0.0000	1.0000	414
mut_I4	M0139	coverage	76	2.8200	1.0000	0.0132	1.0000	414
mut_I4	M0235	idf	17	1.5300	0.0000	0.0000	1.0000	402
mut_I4	M0235	coverage	17	1.5300	1.0000	0.1765	1.0000	402
mut_I4	M0444	idf	83	2.4700	1.0000	0.4940	1.0000	413
mut_I4	M0444	coverage	83	2.4700	1.0000	0.0120	1.0000	413
mut_I4	M0623	idf	16	2.4400	1.0000	1.0000	1.0000	453
mut_I4	M0623	coverage	16	2.4400	1.0000	1.0000	1.0000	453
mut_I4	M0919	idf	18	2.3200	1.0000	0.3333	1.0000	416
mut_I4	M0919	coverage	18	2.3200	0.0000	0.0000	1.0000	416
mut_I4	M0369	idf	82	2.3300	1.0000	0.0976	1.0000	405
mut_I4	M0369	coverage	82	2.3300	1.0000	0.1341	1.0000	405
mut_I4	M0253	idf	212	4.6600	1.0000	0.7123	1.0000	417
mut_I4	M0253	coverage	212	4.6600	1.0000	0.0425	1.0000	417
mut_I4	M0254	idf	17	10.2600	1.0000	1.0000	1.0000	442
mut_I4	M0254	coverage	17	10.2600	1.0000	0.7647	1.0000	442
mut_I4	M0301	idf	51	2.6700	1.0000	0.0196	1.0000	428
mut_I4	M0301	coverage	51	2.6700	0.0000	0.0000	1.0000	428
mut_I4	M0674	idf	31	2.5800	0.0000	0.0000	1.0000	387
mut_I4	M0674	coverage	31	2.5800	1.0000	0.2258	1.0000	387
mut_I4	M0100	idf	360	3.0000	0.0000	0.0000	1.0000	432
mut_I4	M0100	coverage	360	3.0000	0.0000	0.0000	1.0000	432
mut_I4	M0231	idf	13	2.9500	1.0000	0.9231	1.0000	382
mut_I4	M0231	coverage	13	2.9500	1.0000	0.3846	1.0000	382
mut_I4	M0816	idf	238	1.3000	0.0000	0.0000	1.0000	369
mut_I4	M0816	coverage	238	1.3000	0.0000	0.0000	1.0000	369
mut_I4	M0472	idf	94	4.9200	1.0000	0.9787	1.0000	448
mut_I4	M0472	coverage	94	4.9200	1.0000	0.4681	1.0000	448
mut_I4	M0962	idf	134	5.3100	0.0000	0.0000	1.0000	468
mut_I4	M0962	coverage	134	5.3100	1.0000	0.0299	1.0000	468
mut_I4	M0795	idf	79	3.3500	1.0000	0.2025	1.0000	379
mut_I4	M0795	coverage	79	3.3500	0.0000	0.0000	1.0000	379
mut_I4	M0727	idf	22	4.3400	1.0000	0.2727	1.0000	420
mut_I4	M0727	coverage	22	4.3400	0.0000	0.0000	1.0000	420
mut_I4	M0497	idf	15	5.1300	1.0000	0.6000	1.0000	411
mut_I4	M0497	coverage	15	5.1300	0.0000	0.0000	1.0000	411
mut_I4	M0338	idf	23	1.6500	1.0000	0.2174	1.0000	412
mut_I4	M0338	coverage	23	1.6500	1.0000	0.0435	1.0000	412
mut_I4	M0947	idf	43	2.2500	1.0000	0.6047	1.0000	373
mut_I4	M0947	coverage	43	2.2500	1.0000	0.5349	1.0000	373
mut_I4	M0163	idf	47	1.8700	1.0000	0.5745	1.0000	430
mut_I4	M0163	coverage	47	1.8700	1.0000	0.0426	1.0000	430
mut_I4	M0959	idf	155	4.4900	0.0000	0.0000	1.0000	486
mut_I4	M0959	coverage	155	4.4900	0.0000	0.0000	1.0000	486
mut_I4	M0433	idf	210	1.5000	0.0000	0.0000	1.0000	423
mut_I4	M0433	coverage	210	1.5000	0.0000	0.0000	1.0000	423
mut_I4	M0416	idf	4	4.8100	1.0000	1.0000	1.0000	428
mut_I4	M0416	coverage	4	4.8100	1.0000	0.7500	1.0000	428
mut_I4	M0850	idf	31	2.1200	0.0000	0.0000	1.0000	379
mut_I4	M0850	coverage	31	2.1200	1.0000	0.3548	1.0000	379
mut_I4	M0454	idf	14	2.5400	1.0000	0.9286	1.0000	429
mut_I4	M0454	coverage	14	2.5400	1.0000	0.7857	1.0000	429
mut_I4	M0351	idf	24	2.4500	0.0000	0.0000	1.0000	398
mut_I4	M0351	coverage	24	2.4500	1.0000	0.3750	1.0000	398
mut_I4	M0425	idf	2084	1.6800	0.0000	0.0000	1.0000	452
mut_I4	M0425	coverage	2084	1.6800	1.0000	0.0005	1.0000	452
mut_I4	M0067	idf	39	2.4900	1.0000	0.1538	1.0000	415
mut_I4	M0067	coverage	39	2.4900	0.0000	0.0000	1.0000	415
mut_I4	M0550	idf	20	2.3000	0.0000	0.0000	1.0000	385
mut_I4	M0550	coverage	20	2.3000	0.0000	0.0000	1.0000	385
mut_I4	M0792	idf	10	1.3800	0.0000	0.0000	1.0000	405
mut_I4	M0792	coverage	10	1.3800	0.0000	0.0000	1.0000	405
mut_I4	M0961	idf	144	4.4400	0.0000	0.0000	1.0000	481
mut_I4	M0961	coverage	144	4.4400	1.0000	0.0208	1.0000	481
mut_I4	M0109	idf	207	3.2100	1.0000	0.5121	1.0000	450
mut_I4	M0109	coverage	207	3.2100	1.0000	0.4928	1.0000	450
mut_I4	M0257	idf	222	4.2100	1.0000	0.8468	1.0000	454
mut_I4	M0257	coverage	222	4.2100	1.0000	0.0045	1.0000	454
mut_I4	M0789	idf	51	1.9500	1.0000	0.0980	1.0000	414
mut_I4	M0789	coverage	51	1.9500	1.0000	0.5686	1.0000	414
mut_I4	M0363	idf	64	2.5200	0.0000	0.0000	1.0000	411
mut_I4	M0363	coverage	64	2.5200	1.0000	0.0156	1.0000	411
mut_I4	M0391	idf	14	1.5500	0.0000	0.0000	1.0000	434
mut_I4	M0391	coverage	14	1.5500	1.0000	0.0714	1.0000	434
mut_I4	M0826	idf	21	1.7300	0.0000	0.0000	1.0000	447
mut_I4	M0826	coverage	21	1.7300	0.0000	0.0000	1.0000	447
mut_I4	M0952	idf	5	1.3400	1.0000	0.6000	1.0000	433
mut_I4	M0952	coverage	5	1.3400	1.0000	0.2000	1.0000	433
mut_I4	M0117	idf	100	2.0800	0.0000	0.0000	1.0000	447
mut_I4	M0117	coverage	100	2.0800	1.0000	0.0100	1.0000	447
mut_I4	M0854	idf	122	2.6100	0.0000	0.0000	1.0000	416
mut_I4	M0854	coverage	122	2.6100	1.0000	0.0164	1.0000	416
mut_I4	M0881	idf	155	2.7700	1.0000	0.8581	1.0000	421
mut_I4	M0881	coverage	155	2.7700	1.0000	0.7226	1.0000	421
mut_I4	M0874	idf	1	2.1800	0.0000	0.0000	1.0000	414
mut_I4	M0874	coverage	1	2.1800	0.0000	0.0000	1.0000	414
mut_I4	M0597	idf	27	1.5900	1.0000	0.1852	1.0000	412
mut_I4	M0597	coverage	27	1.5900	1.0000	0.4444	1.0000	412
mut_I4	M0070	idf	159	2.4000	0.0000	0.0000	1.0000	420
mut_I4	M0070	coverage	159	2.4000	0.0000	0.0000	1.0000	420
mut_I4	M0423	idf	94	2.6700	0.0000	0.0000	1.0000	399
mut_I4	M0423	coverage	94	2.6700	0.0000	0.0000	1.0000	399
mut_I4	M0266	idf	35	2.7400	1.0000	0.6286	1.0000	419
mut_I4	M0266	coverage	35	2.7400	1.0000	0.2857	1.0000	419
mut_I4	M0262	idf	19	4.3200	1.0000	1.0000	1.0000	391
mut_I4	M0262	coverage	19	4.3200	1.0000	0.9474	1.0000	391
mut_I4	M0806	idf	3	1.2800	0.0000	0.0000	1.0000	450
mut_I4	M0806	coverage	3	1.2800	1.0000	0.3333	1.0000	450
mut_I4	M0937	idf	31	2.2300	0.0000	0.0000	1.0000	386
mut_I4	M0937	coverage	31	2.2300	1.0000	0.3226	1.0000	386
mut_I4	M0066	idf	57	2.3000	1.0000	0.0526	1.0000	406
mut_I4	M0066	coverage	57	2.3000	1.0000	0.2456	1.0000	406
mut_I4	M0462	idf	48	2.3500	1.0000	0.9167	1.0000	397
mut_I4	M0462	coverage	48	2.3500	0.0000	0.0000	1.0000	397
mut_I4	M0380	idf	21	3.4400	0.0000	0.0000	1.0000	418
mut_I4	M0380	coverage	21	3.4400	1.0000	0.0952	1.0000	418
mut_I4	M0403	idf	16	2.6800	1.0000	0.6875	1.0000	459
mut_I4	M0403	coverage	16	2.6800	1.0000	0.3125	1.0000	459
mut_I4	M0141	idf	25	10.3500	1.0000	0.1200	1.0000	431
mut_I4	M0141	coverage	25	10.3500	1.0000	0.1200	1.0000	431
mut_I4	M0237	idf	555	2.3900	0.0000	0.0000	1.0000	400
mut_I4	M0237	coverage	555	2.3900	1.0000	0.0306	1.0000	400
mut_I4	M0642	idf	24	2.4900	1.0000	0.1250	1.0000	396
mut_I4	M0642	coverage	24	2.4900	1.0000	0.0417	1.0000	396
mut_I4	M0142	idf	13	2.4800	1.0000	0.1538	1.0000	431
mut_I4	M0142	coverage	13	2.4800	1.0000	0.3077	1.0000	431
mut_I4	M0798	idf	2073	2.3400	0.0000	0.0000	1.0000	490
mut_I4	M0798	coverage	2073	2.3400	0.0000	0.0000	1.0000	490
mut_I4	M0574	idf	111	4.6400	1.0000	0.2432	1.0000	435
mut_I4	M0574	coverage	111	4.6400	1.0000	0.4144	1.0000	435
mut_I4	M0663	idf	96	1.7200	0.0000	0.0000	1.0000	433
mut_I4	M0663	coverage	96	1.7200	1.0000	0.1354	1.0000	433
mut_I4	M0348	idf	165	5.0900	0.0000	0.0000	1.0000	487
mut_I4	M0348	coverage	165	5.0900	0.0000	0.0000	1.0000	487
mut_I4	M0353	idf	11	1.4200	0.0000	0.0000	1.0000	396
mut_I4	M0353	coverage	11	1.4200	1.0000	0.8182	1.0000	396
mut_I4	M0028	idf	19	3.7400	1.0000	1.0000	1.0000	423
mut_I4	M0028	coverage	19	3.7400	1.0000	1.0000	1.0000	423
mut_I4	M0308	idf	172	5.0000	1.0000	1.0000	1.0000	452
mut_I4	M0308	coverage	172	5.0000	1.0000	0.8488	1.0000	452
mut_I4	M0860	idf	6	3.2300	0.0000	0.0000	1.0000	424
mut_I4	M0860	coverage	6	3.2300	0.0000	0.0000	1.0000	424
mut_I4	M0188	idf	117	2.2200	0.0000	0.0000	1.0000	378
mut_I4	M0188	coverage	117	2.2200	1.0000	0.0171	1.0000	378
mut_I4	M0003	idf	94	1.6200	0.0000	0.0000	1.0000	419
mut_I4	M0003	coverage	94	1.6200	0.0000	0.0000	1.0000	419
mut_I4	M0906	idf	265	1.1200	0.0000	0.0000	1.0000	476
mut_I4	M0906	coverage	265	1.1200	1.0000	0.6604	1.0000	476
mut_I4	M0590	idf	19	2.0000	1.0000	0.0526	1.0000	400
mut_I4	M0590	coverage	19	2.0000	1.0000	0.1053	1.0000	400
mut_I4	M0293	idf	60	2.2400	1.0000	0.2500	1.0000	407
mut_I4	M0293	coverage	60	2.2400	1.0000	0.3500	1.0000	407
mut_I4	M0651	idf	56	1.1300	0.0000	0.0000	1.0000	416
mut_I4	M0651	coverage	56	1.1300	0.0000	0.0000	1.0000	416
mut_I4	M0297	idf	17	0.7300	0.0000	0.0000	0.0000	378
mut_I4	M0297	coverage	17	0.7300	0.0000	0.0000	0.0000	378
mut_I4	M0194	idf	63	4.4100	1.0000	0.9048	1.0000	418
mut_I4	M0194	coverage	63	4.4100	1.0000	0.1905	1.0000	418
mut_I4	M0589	idf	26	1.7000	1.0000	0.1154	1.0000	406
mut_I4	M0589	coverage	26	1.7000	0.0000	0.0000	1.0000	406
mut_I4	M0669	idf	10	2.0800	0.0000	0.0000	1.0000	410
mut_I4	M0669	coverage	10	2.0800	0.0000	0.0000	1.0000	410
mut_I4	M0742	idf	2	2.2600	1.0000	1.0000	1.0000	389
mut_I4	M0742	coverage	2	2.2600	0.0000	0.0000	1.0000	389
mut_I4	M0298	idf	164	2.5800	0.0000	0.0000	1.0000	451
mut_I4	M0298	coverage	164	2.5800	0.0000	0.0000	1.0000	451
mut_I4	M0440	idf	43	2.8900	1.0000	0.3953	1.0000	412
mut_I4	M0440	coverage	43	2.8900	0.0000	0.0000	1.0000	412
mut_I4	M0386	idf	4	4.6100	1.0000	1.0000	1.0000	408
mut_I4	M0386	coverage	4	4.6100	1.0000	1.0000	1.0000	408
mut_I4	M0087	idf	50	4.5800	1.0000	1.0000	1.0000	435
mut_I4	M0087	coverage	50	4.5800	1.0000	0.2600	1.0000	435
orig_I0	M0346	idf	37	0.3000	1.0000	0.1351	1.0000	497
orig_I0	M0346	coverage	37	0.3000	0.0000	0.0000	1.0000	497
orig_I0	M0376	idf	41	0.3800	1.0000	0.7805	1.0000	435
orig_I0	M0376	coverage	41	0.3800	1.0000	0.8293	1.0000	435
orig_I0	M0431	idf	3	0.2600	1.0000	1.0000	1.0000	403
orig_I0	M0431	coverage	3	0.2600	0.0000	0.0000	1.0000	403
orig_I0	M0243	idf	11	0.4200	1.0000	1.0000	1.0000	438
orig_I0	M0243	coverage	11	0.4200	0.0000	0.0000	1.0000	438
orig_I0	M0294	idf	108	0.5600	1.0000	0.2870	1.0000	459
orig_I0	M0294	coverage	108	0.5600	0.0000	0.0000	1.0000	459
orig_I0	M0895	idf	121	0.1700	1.0000	0.0413	1.0000	498
orig_I0	M0895	coverage	121	0.1700	1.0000	0.0165	1.0000	498
orig_I0	M0104	idf	4	0.4600	1.0000	1.0000	1.0000	475
orig_I0	M0104	coverage	4	0.4600	1.0000	1.0000	1.0000	475
orig_I0	M0869	idf	5	0.1500	0.0000	0.0000	1.0000	498
orig_I0	M0869	coverage	5	0.1500	1.0000	0.4000	1.0000	498
orig_I0	M0075	idf	2	0.4500	1.0000	0.5000	1.0000	462
orig_I0	M0075	coverage	2	0.4500	0.0000	0.0000	1.0000	462
orig_I0	M0134	idf	55	0.2300	1.0000	0.9273	1.0000	494
orig_I0	M0134	coverage	55	0.2300	1.0000	0.9273	1.0000	494
orig_I0	M0206	idf	75	0.4400	1.0000	0.9067	1.0000	483
orig_I0	M0206	coverage	75	0.4400	1.0000	0.3333	1.0000	483
orig_I0	M0044	idf	67	0.5700	1.0000	0.9552	1.0000	461
orig_I0	M0044	coverage	67	0.5700	1.0000	0.2836	1.0000	461
orig_I0	M0484	idf	100	0.5600	1.0000	1.0000	1.0000	441
orig_I0	M0484	coverage	100	0.5600	1.0000	0.6400	1.0000	441
orig_I0	M0334	idf	22	0.2600	1.0000	1.0000	1.0000	406
orig_I0	M0334	coverage	22	0.2600	1.0000	0.3636	1.0000	406
orig_I0	M0412	idf	5	0.3300	1.0000	0.6000	1.0000	493
orig_I0	M0412	coverage	5	0.3300	0.0000	0.0000	1.0000	493
orig_I0	M0931	idf	70	0.2500	1.0000	0.7429	1.0000	493
orig_I0	M0931	coverage	70	0.2500	1.0000	0.7571	1.0000	493
orig_I0	M0118	idf	106	0.1600	1.0000	0.8113	1.0000	418
orig_I0	M0118	coverage	106	0.1600	0.0000	0.0000	1.0000	418
orig_I0	M0752	idf	8	0.0900	1.0000	1.0000	1.0000	498
orig_I0	M0752	coverage	8	0.0900	1.0000	0.8750	1.0000	498
orig_I0	M0428	idf	10	0.4300	1.0000	1.0000	1.0000	471
orig_I0	M0428	coverage	10	0.4300	1.0000	0.6000	1.0000	471
orig_I0	M0771	idf	213	0.1600	1.0000	0.0610	1.0000	428
orig_I0	M0771	coverage	213	0.1600	1.0000	0.0376	1.0000	428
orig_I0	M0658	idf	12	0.2300	0.0000	0.0000	1.0000	477
orig_I0	M0658	coverage	12	0.2300	1.0000	0.9167	1.0000	477
orig_I0	M0311	idf	78	0.5000	1.0000	1.0000	1.0000	482
orig_I0	M0311	coverage	78	0.5000	0.0000	0.0000	1.0000	482
orig_I0	M0600	idf	78	0.3000	1.0000	0.3077	1.0000	474
orig_I0	M0600	coverage	78	0.3000	1.0000	0.3846	1.0000	474
orig_I0	M0565	idf	13	0.0500	0.0000	0.0000	1.0000	154
orig_I0	M0565	coverage	13	0.0500	1.0000	0.3846	1.0000	154
orig_I0	M0085	idf	11	0.2800	1.0000	0.9091	1.0000	478
orig_I0	M0085	coverage	11	0.2800	1.0000	0.5455	1.0000	478
orig_I0	M0488	idf	6	0.5100	1.0000	1.0000	1.0000	454
orig_I0	M0488	coverage	6	0.5100	1.0000	0.3333	1.0000	454
orig_I0	M0076	idf	97	0.1600	1.0000	0.7526	1.0000	498
orig_I0	M0076	coverage	97	0.1600	1.0000	0.8247	1.0000	498
orig_I0	M0175	idf	826	0.1500	0.0000	0.0000	1.0000	500
orig_I0	M0175	coverage	826	0.1500	1.0000	0.6029	1.0000	500
orig_I0	M0107	idf	7	0.4000	1.0000	0.7143	1.0000	486
orig_I0	M0107	coverage	7	0.4000	1.0000	0.7143	1.0000	486
orig_I0	M0201	idf	38	0.2500	0.0000	0.0000	1.0000	488
orig_I0	M0201	coverage	38	0.2500	0.0000	0.0000	1.0000	488
orig_I0	M0383	idf	124	0.7000	0.0000	0.0000	1.0000	480
orig_I0	M0383	coverage	124	0.7000	1.0000	0.6613	1.0000	480
orig_I0	M0111	idf	10	0.7100	1.0000	0.4000	1.0000	475
orig_I0	M0111	coverage	10	0.7100	0.0000	0.0000	1.0000	475
orig_I0	M0634	idf	9	0.4000	1.0000	1.0000	1.0000	468
orig_I0	M0634	coverage	9	0.4000	1.0000	1.0000	1.0000	468
orig_I0	M0609	idf	81	0.2900	1.0000	0.0864	1.0000	499
orig_I0	M0609	coverage	81	0.2900	1.0000	0.0494	1.0000	499
orig_I0	M0228	idf	119	0.3000	1.0000	0.0924	1.0000	467
orig_I0	M0228	coverage	119	0.3000	0.0000	0.0000	1.0000	467
orig_I0	M0636	idf	16	0.2600	1.0000	0.6250	1.0000	495
orig_I0	M0636	coverage	16	0.2600	1.0000	0.3750	1.0000	495
orig_I0	M0908	idf	78	0.1700	0.0000	0.0000	1.0000	491
orig_I0	M0908	coverage	78	0.1700	1.0000	0.0128	1.0000	491
orig_I0	M0564	idf	357	0.2500	1.0000	0.0028	1.0000	495
orig_I0	M0564	coverage	357	0.2500	0.0000	0.0000	1.0000	495
orig_I0	M0616	idf	5	0.2400	1.0000	1.0000	1.0000	492
orig_I0	M0616	coverage	5	0.2400	1.0000	1.0000	1.0000	492
orig_I0	M0453	idf	61	0.4500	1.0000	0.6721	1.0000	494
orig_I0	M0453	coverage	61	0.4500	1.0000	0.0656	1.0000	494
orig_I0	M0510	idf	62	0.2700	1.0000	0.9032	1.0000	490
orig_I0	M0510	coverage	62	0.2700	1.0000	0.6129	1.0000	490
orig_I0	M0216	idf	1150	0.3100	1.0000	0.4339	1.0000	499
orig_I0	M0216	coverage	1150	0.3100	1.0000	0.4339	1.0000	499
orig_I0	M0448	idf	7	0.1400	0.0000	0.0000	0.0000	498
orig_I0	M0448	coverage	7	0.1400	0.0000	0.0000	0.0000	498
orig_I0	M0732	idf	18	0.2800	0.0000	0.0000	1.0000	486
orig_I0	M0732	coverage	18	0.2800	0.0000	0.0000	1.0000	486
orig_I0	M0734	idf	5	0.1700	1.0000	0.2000	1.0000	500
orig_I0	M0734	coverage	5	0.1700	0.0000	0.0000	1.0000	500
orig_I0	M0456	idf	17	0.1500	0.0000	0.0000	1.0000	489
orig_I0	M0456	coverage	17	0.1500	1.0000	0.1765	1.0000	489
orig_I0	M0278	idf	74	0.1400	1.0000	0.9054	1.0000	491
orig_I0	M0278	coverage	74	0.1400	1.0000	0.9459	1.0000	491
orig_I0	M0682	idf	290	0.1600	1.0000	0.1862	1.0000	497
orig_I0	M0682	coverage	290	0.1600	1.0000	0.4966	1.0000	497
orig_I0	M0381	idf	68	0.1500	1.0000	0.4118	1.0000	475
orig_I0	M0381	coverage	68	0.1500	1.0000	0.6324	1.0000	475
orig_I0	M0759	idf	73	0.3400	0.0000	0.0000	1.0000	402
orig_I0	M0759	coverage	73	0.3400	0.0000	0.0000	1.0000	402
orig_I0	M0916	idf	1	0.2200	1.0000	1.0000	1.0000	490
orig_I0	M0916	coverage	1	0.2200	1.0000	1.0000	1.0000	490
orig_I0	M0122	idf	21	0.3600	1.0000	0.6667	1.0000	449
orig_I0	M0122	coverage	21	0.3600	0.0000	0.0000	1.0000	449
orig_I0	M0435	idf	17	1.5000	1.0000	0.0588	1.0000	441
orig_I0	M0435	coverage	17	1.5000	0.0000	0.0000	1.0000	441
orig_I0	M0519	idf	16	0.5200	1.0000	1.0000	1.0000	430
orig_I0	M0519	coverage	16	0.5200	0.0000	0.0000	1.0000	430
orig_I0	M0506	idf	113	0.2200	1.0000	0.4159	1.0000	415
orig_I0	M0506	coverage	113	0.2200	0.0000	0.0000	1.0000	415
orig_I0	M0357	idf	5	0.2200	1.0000	0.2000	1.0000	418
orig_I0	M0357	coverage	5	0.2200	1.0000	0.6000	1.0000	418
orig_I0	M0414	idf	82	0.2500	1.0000	0.8049	1.0000	498
orig_I0	M0414	coverage	82	0.2500	0.0000	0.0000	1.0000	498
orig_I0	M0096	idf	23	0.3000	1.0000	0.0435	1.0000	492
orig_I0	M0096	coverage	23	0.3000	1.0000	0.0435	1.0000	492
orig_I0	M0885	idf	15	0.4700	1.0000	0.5333	1.0000	470
orig_I0	M0885	coverage	15	0.4700	1.0000	0.1333	1.0000	470
orig_I0	M0738	idf	15	0.2900	1.0000	1.0000	1.0000	449
orig_I0	M0738	coverage	15	0.2900	1.0000	0.6667	1.0000	449
orig_I0	M0545	idf	19	0.4000	1.0000	0.5789	1.0000	472
orig_I0	M0545	coverage	19	0.4000	1.0000	0.6316	1.0000	472
orig_I0	M0815	idf	238	0.1800	1.0000	0.3361	1.0000	494
orig_I0	M0815	coverage	238	0.1800	1.0000	0.0042	1.0000	494
orig_I0	M0077	idf	101	0.3400	1.0000	0.3465	1.0000	482
orig_I0	M0077	coverage	101	0.3400	1.0000	0.4356	1.0000	482
orig_I0	M0851	idf	22	0.1300	0.0000	0.0000	1.0000	415
orig_I0	M0851	coverage	22	0.1300	1.0000	0.0909	1.0000	415
orig_I0	M0862	idf	17	0.2000	1.0000	0.5294	1.0000	326
orig_I0	M0862	coverage	17	0.2000	0.0000	0.0000	1.0000	326
orig_I0	M0736	idf	3	0.3300	1.0000	1.0000	1.0000	488
orig_I0	M0736	coverage	3	0.3300	0.0000	0.0000	1.0000	488
orig_I0	M0819	idf	25	0.2200	1.0000	0.0400	1.0000	488
orig_I0	M0819	coverage	25	0.2200	1.0000	0.7200	1.0000	488
orig_I0	M0822	idf	2	0.2500	1.0000	1.0000	1.0000	466
orig_I0	M0822	coverage	2	0.2500	1.0000	0.5000	1.0000	466
orig_I0	M0136	idf	9	0.3100	1.0000	0.8889	1.0000	432
orig_I0	M0136	coverage	9	0.3100	1.0000	0.7778	1.0000	432
orig_I0	M0054	idf	44	0.1200	1.0000	0.6818	1.0000	322
orig_I0	M0054	coverage	44	0.1200	1.0000	0.7500	1.0000	322
orig_I0	M0612	idf	82	0.3000	1.0000	0.5732	1.0000	492
orig_I0	M0612	coverage	82	0.3000	1.0000	0.7927	1.0000	492
orig_I0	M0010	idf	13	0.2900	1.0000	1.0000	1.0000	498
orig_I0	M0010	coverage	13	0.2900	1.0000	0.9231	1.0000	498
orig_I0	M0709	idf	289	0.2600	1.0000	0.0346	1.0000	492
orig_I0	M0709	coverage	289	0.2600	1.0000	0.0346	1.0000	492
orig_I0	M0940	idf	104	0.4700	0.0000	0.0000	1.0000	494
orig_I0	M0940	coverage	104	0.4700	0.0000	0.0000	1.0000	494
orig_I0	M0172	idf	12	0.4500	1.0000	0.2500	1.0000	439
orig_I0	M0172	coverage	12	0.4500	1.0000	0.5833	1.0000	439
orig_I0	M0693	idf	362	0.2100	1.0000	0.0028	1.0000	497
orig_I0	M0693	coverage	362	0.2100	1.0000	0.0028	1.0000	497
orig_I0	M0159	idf	148	0.5000	1.0000	0.8378	1.0000	469
orig_I0	M0159	coverage	148	0.5000	1.0000	0.1081	1.0000	469
orig_I0	M0835	idf	9	0.3600	0.0000	0.0000	1.0000	490
orig_I0	M0835	coverage	9	0.3600	1.0000	0.1111	1.0000	490
orig_I0	M0810	idf	37	0.3100	1.0000	0.9189	1.0000	495
orig_I0	M0810	coverage	37	0.3100	1.0000	0.3784	1.0000	495
orig_I0	M0434	idf	12	0.4300	1.0000	1.0000	1.0000	483
orig_I0	M0434	coverage	12	0.4300	0.0000	0.0000	1.0000	483
orig_I0	M0653	idf	23	0.3000	1.0000	0.0435	1.0000	447
orig_I0	M0653	coverage	23	0.3000	1.0000	0.0435	1.0000	447
orig_I0	M0205	idf	259	0.5300	1.0000	0.9459	1.0000	476
orig_I0	M0205	coverage	259	0.5300	1.0000	0.9112	1.0000	476
orig_I0	M0939	idf	13	0.0700	1.0000	0.4615	1.0000	327
orig_I0	M0939	coverage	13	0.0700	1.0000	0.4615	1.0000	327
orig_I0	M0918	idf	65	0.5800	1.0000	0.0923	1.0000	448
orig_I0	M0918	coverage	65	0.5800	1.0000	0.5385	1.0000	448
orig_I0	M0858	idf	351	0.3000	1.0000	0.8661	1.0000	487
orig_I0	M0858	coverage	351	0.3000	1.0000	0.9060	1.0000	487
orig_I0	M0420	idf	17	0.1500	1.0000	0.1765	1.0000	494
orig_I0	M0420	coverage	17	0.1500	1.0000	0.2353	1.0000	494
orig_I0	M0879	idf	15	0.1900	0.0000	0.0000	1.0000	347
orig_I0	M0879	coverage	15	0.1900	0.0000	0.0000	1.0000	347
orig_I0	M0371	idf	122	0.2700	1.0000	0.2459	1.0000	402
orig_I0	M0371	coverage	122	0.2700	0.0000	0.0000	1.0000	402
orig_I0	M0020	idf	115	0.4700	0.0000	0.0000	1.0000	464
orig_I0	M0020	coverage	115	0.4700	1.0000	0.0087	1.0000	464
orig_I0	M0855	idf	38	0.2700	1.0000	0.4737	1.0000	495
orig_I0	M0855	coverage	38	0.2700	1.0000	0.1316	1.0000	495
orig_I0	M0957	idf	186	0.4200	0.0000	0.0000	1.0000	493
orig_I0	M0957	coverage	186	0.4200	0.0000	0.0000	1.0000	493
orig_I0	M0505	idf	27	0.2700	1.0000	0.1111	1.0000	491
orig_I0	M0505	coverage	27	0.2700	1.0000	0.0741	1.0000	491
orig_I0	M0477	idf	70	0.2700	1.0000	0.6429	1.0000	489
orig_I0	M0477	coverage	70	0.2700	1.0000	0.6286	1.0000	489
orig_I0	M0829	idf	6	0.2900	1.0000	0.8333	1.0000	485
orig_I0	M0829	coverage	6	0.2900	0.0000	0.0000	1.0000	485
orig_I0	M0884	idf	19	0.2800	1.0000	0.0526	1.0000	489
orig_I0	M0884	coverage	19	0.2800	1.0000	0.6316	1.0000	489
orig_I0	M0384	idf	67	0.2100	1.0000	0.1045	1.0000	478
orig_I0	M0384	coverage	67	0.2100	0.0000	0.0000	1.0000	478
orig_I0	M0065	idf	53	0.2600	1.0000	0.5849	1.0000	485
orig_I0	M0065	coverage	53	0.2600	1.0000	0.2264	1.0000	485
orig_I0	M0123	idf	2	0.6000	1.0000	1.0000	1.0000	434
orig_I0	M0123	coverage	2	0.6000	0.0000	0.0000	1.0000	434
orig_I0	M0580	idf	9	0.2100	1.0000	0.1111	1.0000	496
orig_I0	M0580	coverage	9	0.2100	1.0000	0.5556	1.0000	496
orig_I0	M0033	idf	14	0.2800	1.0000	0.7857	1.0000	495
orig_I0	M0033	coverage	14	0.2800	1.0000	0.0714	1.0000	495
orig_I0	M0281	idf	1	0.4900	1.0000	1.0000	1.0000	461
orig_I0	M0281	coverage	1	0.4900	1.0000	1.0000	1.0000	461
orig_I0	M0544	idf	12	0.3100	1.0000	0.4167	1.0000	494
orig_I0	M0544	coverage	12	0.3100	1.0000	0.0833	1.0000	494
orig_I0	M0212	idf	83	1.1100	1.0000	0.5783	1.0000	467
orig_I0	M0212	coverage	83	1.1100	1.0000	0.5904	1.0000	467
orig_I0	M0426	idf	18	0.2500	1.0000	0.9444	1.0000	494
orig_I0	M0426	coverage	18	0.2500	1.0000	0.2222	1.0000	494
orig_I0	M0905	idf	198	0.1300	0.0000	0.0000	1.0000	450
orig_I0	M0905	coverage	198	0.1300	0.0000	0.0000	1.0000	450
orig_I0	M0843	idf	14	0.1500	1.0000	0.5714	1.0000	387
orig_I0	M0843	coverage	14	0.1500	1.0000	0.7143	1.0000	387
orig_I0	M0263	idf	24	0.3000	1.0000	0.1250	1.0000	394
orig_I0	M0263	coverage	24	0.3000	1.0000	0.5000	1.0000	394
orig_I0	M0697	idf	155	0.2700	1.0000	0.1032	1.0000	494
orig_I0	M0697	coverage	155	0.2700	1.0000	0.4710	1.0000	494
orig_I0	M0260	idf	21	0.3200	1.0000	1.0000	1.0000	492
orig_I0	M0260	coverage	21	0.3200	1.0000	0.2857	1.0000	492
orig_I0	M0379	idf	41	0.5200	1.0000	1.0000	1.0000	463
orig_I0	M0379	coverage	41	0.5200	1.0000	0.0732	1.0000	463
orig_I0	M0377	idf	189	0.4000	1.0000	0.0317	1.0000	490
orig_I0	M0377	coverage	189	0.4000	0.0000	0.0000	1.0000	490
orig_I0	M0547	idf	4	0.1700	1.0000	1.0000	1.0000	495
orig_I0	M0547	coverage	4	0.1700	1.0000	0.7500	1.0000	495
orig_I0	M0508	idf	6	0.3800	1.0000	1.0000	1.0000	486
orig_I0	M0508	coverage	6	0.3800	1.0000	0.1667	1.0000	486
orig_I0	M0401	idf	392	0.2800	0.0000	0.0000	1.0000	479
orig_I0	M0401	coverage	392	0.2800	0.0000	0.0000	1.0000	479
orig_I0	M0755	idf	11	0.1700	1.0000	0.8182	1.0000	489
orig_I0	M0755	coverage	11	0.1700	1.0000	0.0909	1.0000	489
orig_I0	M0458	idf	25	0.1100	1.0000	0.1600	1.0000	475
orig_I0	M0458	coverage	25	0.1100	1.0000	0.8400	1.0000	475
orig_I0	M0314	idf	45	0.9500	1.0000	0.1333	1.0000	472
orig_I0	M0314	coverage	45	0.9500	0.0000	0.0000	1.0000	472
orig_I0	M0210	idf	220	0.2500	1.0000	0.0227	1.0000	439
orig_I0	M0210	coverage	220	0.2500	1.0000	0.0045	1.0000	439
orig_I0	M0154	idf	62	0.1900	1.0000	0.1935	1.0000	488
orig_I0	M0154	coverage	62	0.1900	1.0000	0.8387	1.0000	488
orig_I0	M0502	idf	20	0.5400	1.0000	0.2000	1.0000	450
orig_I0	M0502	coverage	20	0.5400	0.0000	0.0000	1.0000	450
orig_I0	M0031	idf	290	0.2900	1.0000	0.6724	1.0000	418
orig_I0	M0031	coverage	290	0.2900	1.0000	0.6172	1.0000	418
orig_I0	M0178	idf	273	0.4100	0.0000	0.0000	1.0000	493
orig_I0	M0178	coverage	273	0.4100	0.0000	0.0000	1.0000	493
orig_I0	M0019	idf	21	0.4700	1.0000	1.0000	1.0000	470
orig_I0	M0019	coverage	21	0.4700	1.0000	0.9524	1.0000	470
orig_I0	M0125	idf	19	0.5000	1.0000	0.8947	1.0000	464
orig_I0	M0125	coverage	19	0.5000	1.0000	0.6842	1.0000	464
orig_I0	M0181	idf	8	0.4800	1.0000	0.6250	1.0000	472
orig_I0	M0181	coverage	8	0.4800	1.0000	0.2500	1.0000	472
orig_I0	M0466	idf	6	0.5700	1.0000	0.5000	1.0000	469
orig_I0	M0466	coverage	6	0.5700	0.0000	0.0000	1.0000	469
orig_I0	M0058	idf	37	0.2700	1.0000	0.0270	1.0000	493
orig_I0	M0058	coverage	37	0.2700	1.0000	0.0270	1.0000	493
orig_I0	M0683	idf	27	0.4000	1.0000	0.9630	1.0000	479
orig_I0	M0683	coverage	27	0.4000	1.0000	0.1111	1.0000	479
orig_I0	M0925	idf	22	0.2000	1.0000	0.0455	1.0000	496
orig_I0	M0925	coverage	22	0.2000	1.0000	0.0909	1.0000	496
orig_I0	M0081	idf	9	0.2800	1.0000	0.5556	1.0000	488
orig_I0	M0081	coverage	9	0.2800	1.0000	0.1111	1.0000	488
orig_I0	M0090	idf	60	0.5600	1.0000	1.0000	1.0000	449
orig_I0	M0090	coverage	60	0.5600	1.0000	0.0833	1.0000	449
orig_I0	M0429	idf	47	0.2700	1.0000	0.9574	1.0000	494
orig_I0	M0429	coverage	47	0.2700	1.0000	0.8085	1.0000	494
orig_I0	M0447	idf	2	0.2700	1.0000	0.5000	1.0000	490
orig_I0	M0447	coverage	2	0.2700	0.0000	0.0000	1.0000	490
orig_I0	M0768	idf	19	0.3700	1.0000	0.8421	1.0000	489
orig_I0	M0768	coverage	19	0.3700	1.0000	0.3158	1.0000	489
orig_I0	M0261	idf	19	0.3100	1.0000	0.3158	1.0000	385
orig_I0	M0261	coverage	19	0.3100	1.0000	0.3684	1.0000	385
orig_I0	M0234	idf	8	0.3900	1.0000	0.6250	1.0000	487
orig_I0	M0234	coverage	8	0.3900	1.0000	0.2500	1.0000	487
orig_I0	M0958	idf	236	0.3800	0.0000	0.0000	1.0000	492
orig_I0	M0958	coverage	236	0.3800	0.0000	0.0000	1.0000	492
orig_I0	M0387	idf	2048	0.3200	0.0000	0.0000	1.0000	499
orig_I0	M0387	coverage	2048	0.3200	1.0000	0.0005	1.0000	499
orig_I0	M0520	idf	440	0.3100	1.0000	0.0114	1.0000	496
orig_I0	M0520	coverage	440	0.3100	0.0000	0.0000	1.0000	496
orig_I0	M0910	idf	7	0.2100	1.0000	1.0000	1.0000	493
orig_I0	M0910	coverage	7	0.2100	1.0000	1.0000	1.0000	493
orig_I0	M0398	idf	36	0.4600	1.0000	1.0000	1.0000	478
orig_I0	M0398	coverage	36	0.4600	1.0000	0.6389	1.0000	478
orig_I0	M0040	idf	52	0.2400	1.0000	0.1154	1.0000	481
orig_I0	M0040	coverage	52	0.2400	0.0000	0.0000	1.0000	481
orig_I0	M0808	idf	3	0.2800	1.0000	1.0000	1.0000	484
orig_I0	M0808	coverage	3	0.2800	1.0000	1.0000	1.0000	484
orig_I0	M0781	idf	6	0.2300	1.0000	0.8333	1.0000	495
orig_I0	M0781	coverage	6	0.2300	0.0000	0.0000	1.0000	495
orig_I0	M0410	idf	30	0.5400	1.0000	0.2000	1.0000	457
orig_I0	M0410	coverage	30	0.5400	0.0000	0.0000	1.0000	457
orig_I0	M0250	idf	14	0.2200	1.0000	1.0000	1.0000	495
orig_I0	M0250	coverage	14	0.2200	1.0000	0.0714	1.0000	495
orig_I0	M0748	idf	19	0.0400	1.0000	0.8947	1.0000	128
orig_I0	M0748	coverage	19	0.0400	1.0000	1.0000	1.0000	128
orig_I0	M0515	idf	20	0.4600	1.0000	0.4500	1.0000	487
orig_I0	M0515	coverage	20	0.4600	1.0000	0.3500	1.0000	487
orig_I0	M0920	idf	21	0.3600	1.0000	0.5714	1.0000	490
orig_I0	M0920	coverage	21	0.3600	0.0000	0.0000	1.0000	490
orig_I0	M0655	idf	6	0.0900	1.0000	0.1667	1.0000	286
orig_I0	M0655	coverage	6	0.0900	1.0000	0.1667	1.0000	286
orig_I0	M0227	idf	38	0.3400	1.0000	0.2105	1.0000	479
orig_I0	M0227	coverage	38	0.3400	1.0000	0.0526	1.0000	479
orig_I0	M0272	idf	35	0.5500	1.0000	0.2286	1.0000	461
orig_I0	M0272	coverage	35	0.5500	0.0000	0.0000	1.0000	461
orig_I0	M0093	idf	10	0.3300	0.0000	0.0000	1.0000	488
orig_I0	M0093	coverage	10	0.3300	0.0000	0.0000	1.0000	488
orig_I0	M0625	idf	5	0.2400	0.0000	0.0000	1.0000	474
orig_I0	M0625	coverage	5	0.2400	0.0000	0.0000	1.0000	474
orig_I0	M0321	idf	19	0.2800	1.0000	0.4737	1.0000	497
orig_I0	M0321	coverage	19	0.2800	1.0000	0.2105	1.0000	497
orig_I0	M0048	idf	98	0.3700	1.0000	0.6939	1.0000	473
orig_I0	M0048	coverage	98	0.3700	1.0000	0.1224	1.0000	473
orig_I0	M0043	idf	20	0.3500	1.0000	1.0000	1.0000	468
orig_I0	M0043	coverage	20	0.3500	1.0000	0.6500	1.0000	468
orig_I0	M0900	idf	441	0.1800	0.0000	0.0000	1.0000	497
orig_I0	M0900	coverage	441	0.1800	0.0000	0.0000	1.0000	497
orig_I0	M0857	idf	12	0.3800	1.0000	0.7500	1.0000	472
orig_I0	M0857	coverage	12	0.3800	1.0000	0.1667	1.0000	472
orig_I0	M0964	idf	68	0.2600	1.0000	0.1324	1.0000	464
orig_I0	M0964	coverage	68	0.2600	1.0000	0.0588	1.0000	464
orig_I0	M0131	idf	36	0.3700	1.0000	1.0000	1.0000	489
orig_I0	M0131	coverage	36	0.3700	1.0000	0.8333	1.0000	489
orig_I0	M0754	idf	9	0.1600	1.0000	0.3333	1.0000	488
orig_I0	M0754	coverage	9	0.1600	1.0000	0.3333	1.0000	488
orig_I0	M0313	idf	17	0.1300	1.0000	0.5294	1.0000	488
orig_I0	M0313	coverage	17	0.1300	1.0000	0.7059	1.0000	488
orig_I0	M0092	idf	41	0.3200	1.0000	0.9268	1.0000	471
orig_I0	M0092	coverage	41	0.3200	0.0000	0.0000	1.0000	471
orig_I0	M0108	idf	3	0.2600	0.0000	0.0000	1.0000	493
orig_I0	M0108	coverage	3	0.2600	0.0000	0.0000	1.0000	493
orig_I0	M0139	idf	76	0.3600	0.0000	0.0000	1.0000	482
orig_I0	M0139	coverage	76	0.3600	1.0000	0.0395	1.0000	482
orig_I0	M0235	idf	17	0.1500	1.0000	0.0588	1.0000	498
orig_I0	M0235	coverage	17	0.1500	1.0000	0.2353	1.0000	498
orig_I0	M0444	idf	83	0.2500	1.0000	0.8434	1.0000	493
orig_I0	M0444	coverage	83	0.2500	1.0000	0.7349	1.0000	493
orig_I0	M0623	idf	16	0.2900	1.0000	1.0000	1.0000	491
orig_I0	M0623	coverage	16	0.2900	1.0000	0.9375	1.0000	491
orig_I0	M0919	idf	18	0.1900	1.0000	0.5000	1.0000	376
orig_I0	M0919	coverage	18	0.1900	1.0000	0.5556	1.0000	376
orig_I0	M0369	idf	82	0.2700	1.0000	0.2683	1.0000	468
orig_I0	M0369	coverage	82	0.2700	1.0000	0.0854	1.0000	468
orig_I0	M0253	idf	212	0.4500	1.0000	0.8962	1.0000	388
orig_I0	M0253	coverage	212	0.4500	1.0000	0.0236	1.0000	388
orig_I0	M0254	idf	17	1.0600	1.0000	1.0000	1.0000	389
orig_I0	M0254	coverage	17	1.0600	1.0000	0.7647	1.0000	389
orig_I0	M0301	idf	51	0.2500	1.0000	0.1176	1.0000	483
orig_I0	M0301	coverage	51	0.2500	0.0000	0.0000	1.0000	483
orig_I0	M0674	idf	31	0.2400	1.0000	0.0968	1.0000	432
orig_I0	M0674	coverage	31	0.2400	1.0000	0.0968	1.0000	432
orig_I0	M0100	idf	360	0.4200	1.0000	0.2806	1.0000	487
orig_I0	M0100	coverage	360	0.4200	1.0000	0.2722	1.0000	487
orig_I0	M0231	idf	13	0.3100	1.0000	0.9231	1.0000	485
orig_I0	M0231	coverage	13	0.3100	1.0000	0.2308	1.0000	485
orig_I0	M0816	idf	238	0.1700	0.0000	0.0000	1.0000	468
orig_I0	M0816	coverage	238	0.1700	1.0000	0.0126	1.0000	468
orig_I0	M0472	idf	94	0.4700	1.0000	0.9681	1.0000	483
orig_I0	M0472	coverage	94	0.4700	1.0000	0.9043	1.0000	483
orig_I0	M0962	idf	134	0.5200	1.0000	0.0224	1.0000	479
orig_I0	M0962	coverage	134	0.5200	0.0000	0.0000	1.0000	479
orig_I0	M0795	idf	79	0.3400	1.0000	0.3165	1.0000	477
orig_I0	M0795	coverage	79	0.3400	0.0000	0.0000	1.0000	477
orig_I0	M0727	idf	22	0.3900	1.0000	0.5455	1.0000	473
orig_I0	M0727	coverage	22	0.3900	1.0000	0.2273	1.0000	473
orig_I0	M0497	idf	15	0.4500	1.0000	0.9333	1.0000	468
orig_I0	M0497	coverage	15	0.4500	0.0000	0.0000	1.0000	468
orig_I0	M0338	idf	23	0.1700	1.0000	0.2174	1.0000	473
orig_I0	M0338	coverage	23	0.1700	1.0000	0.0435	1.0000	473
orig_I0	M0947	idf	43	0.1700	1.0000	0.6279	1.0000	367
orig_I0	M0947	coverage	43	0.1700	1.0000	0.4419	1.0000	367
orig_I0	M0163	idf	47	0.2000	1.0000	0.9362	1.0000	477
orig_I0	M0163	coverage	47	0.2000	0.0000	0.0000	1.0000	477
orig_I0	M0959	idf	155	0.4700	0.0000	0.0000	1.0000	493
orig_I0	M0959	coverage	155	0.4700	0.0000	0.0000	1.0000	493
orig_I0	M0433	idf	210	0.1300	0.0000	0.0000	1.0000	493
orig_I0	M0433	coverage	210	0.1300	0.0000	0.0000	1.0000	493
orig_I0	M0416	idf	4	0.5000	1.0000	1.0000	1.0000	495
orig_I0	M0416	coverage	4	0.5000	1.0000	1.0000	1.0000	495
orig_I0	M0850	idf	31	0.2200	1.0000	0.1290	1.0000	473
orig_I0	M0850	coverage	31	0.2200	1.0000	0.4839	1.0000	473
orig_I0	M0454	idf	14	0.2600	1.0000	1.0000	1.0000	468
orig_I0	M0454	coverage	14	0.2600	1.0000	0.8571	1.0000	468
orig_I0	M0351	idf	24	0.2800	1.0000	0.0417	1.0000	480
orig_I0	M0351	coverage	24	0.2800	1.0000	0.5833	1.0000	480
orig_I0	M0425	idf	2084	0.2000	0.0000	0.0000	1.0000	464
orig_I0	M0425	coverage	2084	0.2000	1.0000	0.0005	1.0000	464
orig_I0	M0067	idf	39	0.2800	1.0000	0.2564	1.0000	491
orig_I0	M0067	coverage	39	0.2800	1.0000	0.0513	1.0000	491
orig_I0	M0550	idf	20	0.2100	1.0000	0.1000	1.0000	377
orig_I0	M0550	coverage	20	0.2100	1.0000	0.2000	1.0000	377
orig_I0	M0792	idf	10	0.1500	0.0000	0.0000	1.0000	495
orig_I0	M0792	coverage	10	0.1500	0.0000	0.0000	1.0000	495
orig_I0	M0961	idf	144	0.4000	0.0000	0.0000	1.0000	491
orig_I0	M0961	coverage	144	0.4000	1.0000	0.0208	1.0000	491
orig_I0	M0109	idf	207	0.3700	1.0000	0.5362	1.0000	483
orig_I0	M0109	coverage	207	0.3700	1.0000	0.0725	1.0000	483
orig_I0	M0257	idf	222	0.4000	1.0000	0.9910	1.0000	495
orig_I0	M0257	coverage	222	0.4000	0.0000	0.0000	1.0000	495
orig_I0	M0789	idf	51	0.1500	1.0000	0.6078	1.0000	492
orig_I0	M0789	coverage	51	0.1500	1.0000	0.2353	1.0000	492
orig_I0	M0363	idf	64	0.1100	1.0000	0.0938	1.0000	268
orig_I0	M0363	coverage	64	0.1100	1.0000	0.1562	1.0000	268
orig_I0	M0391	idf	14	0.2100	1.0000	0.4286	1.0000	494
orig_I0	M0391	coverage	14	0.2100	1.0000	0.8571	1.0000	494
orig_I0	M0826	idf	21	0.1600	1.0000	0.7143	1.0000	494
orig_I0	M0826	coverage	21	0.1600	1.0000	0.6190	1.0000	494
orig_I0	M0952	idf	5	0.1400	1.0000	0.8000	1.0000	448
orig_I0	M0952	coverage	5	0.1400	1.0000	0.8000	1.0000	448
orig_I0	M0117	idf	100	0.1800	0.0000	0.0000	1.0000	496
orig_I0	M0117	coverage	100	0.1800	1.0000	0.0100	1.0000	496
orig_I0	M0854	idf	122	0.2900	1.0000	0.1230	1.0000	492
orig_I0	M0854	coverage	122	0.2900	1.0000	0.0656	1.0000	492
orig_I0	M0881	idf	155	0.3700	1.0000	0.9871	1.0000	467
orig_I0	M0881	coverage	155	0.3700	1.0000	0.7355	1.0000	467
orig_I0	M0874	idf	1	0.1700	1.0000	1.0000	1.0000	491
orig_I0	M0874	coverage	1	0.1700	1.0000	1.0000	1.0000	491
orig_I0	M0597	idf	27	0.1600	1.0000	0.3704	1.0000	495
orig_I0	M0597	coverage	27	0.1600	1.0000	0.4074	1.0000	495
orig_I0	M0070	idf	159	0.2400	1.0000	0.0440	1.0000	495
orig_I0	M0070	coverage	159	0.2400	1.0000	0.0440	1.0000	495
orig_I0	M0423	idf	94	0.2600	1.0000	0.0213	1.0000	477
orig_I0	M0423	coverage	94	0.2600	1.0000	0.1383	1.0000	477
orig_I0	M0266	idf	35	0.4100	1.0000	0.9143	1.0000	488
orig_I0	M0266	coverage	35	0.4100	1.0000	0.2857	1.0000	488
orig_I0	M0262	idf	19	0.3000	1.0000	1.0000	1.0000	436
orig_I0	M0262	coverage	19	0.3000	1.0000	0.4211	1.0000	436
orig_I0	M0806	idf	3	0.1700	1.0000	0.3333	1.0000	491
orig_I0	M0806	coverage	3	0.1700	1.0000	0.3333	1.0000	491
orig_I0	M0937	idf	31	0.2600	1.0000	0.2581	1.0000	450
orig_I0	M0937	coverage	31	0.2600	1.0000	0.7742	1.0000	450
orig_I0	M0066	idf	57	0.2700	1.0000	0.3684	1.0000	493
orig_I0	M0066	coverage	57	0.2700	1.0000	0.1930	1.0000	493
orig_I0	M0462	idf	48	0.2400	1.0000	0.9375	1.0000	497
orig_I0	M0462	coverage	48	0.2400	1.0000	0.4375	1.0000	497
orig_I0	M0380	idf	21	0.3700	1.0000	0.6190	1.0000	479
orig_I0	M0380	coverage	21	0.3700	1.0000	0.5238	1.0000	479
orig_I0	M0403	idf	16	0.2300	1.0000	0.6875	1.0000	486
orig_I0	M0403	coverage	16	0.2300	1.0000	0.3125	1.0000	486
orig_I0	M0141	idf	25	0.9300	1.0000	0.1600	1.0000	461
orig_I0	M0141	coverage	25	0.9300	0.0000	0.0000	1.0000	461
orig_I0	M0237	idf	555	0.3000	1.0000	0.0847	1.0000	461
orig_I0	M0237	coverage	555	0.3000	1.0000	0.1622	1.0000	461
orig_I0	M0642	idf	24	0.2000	1.0000	0.2917	1.0000	475
orig_I0	M0642	coverage	24	0.2000	1.0000	0.2917	1.0000	475
orig_I0	M0142	idf	13	0.2700	1.0000	0.3846	1.0000	497
orig_I0	M0142	coverage	13	0.2700	1.0000	0.3077	1.0000	497
orig_I0	M0798	idf	2073	0.2700	0.0000	0.0000	1.0000	497
orig_I0	M0798	coverage	2073	0.2700	0.0000	0.0000	1.0000	497
orig_I0	M0574	idf	111	0.5200	1.0000	0.5045	1.0000	484
orig_I0	M0574	coverage	111	0.5200	0.0000	0.0000	1.0000	484
orig_I0	M0663	idf	96	0.2400	1.0000	0.1667	1.0000	449
orig_I0	M0663	coverage	96	0.2400	1.0000	0.1354	1.0000	449
orig_I0	M0348	idf	165	0.5100	0.0000	0.0000	1.0000	493
orig_I0	M0348	coverage	165	0.5100	0.0000	0.0000	1.0000	493
orig_I0	M0353	idf	11	0.1500	1.0000	0.0909	1.0000	381
orig_I0	M0353	coverage	11	0.1500	1.0000	0.7273	1.0000	381
orig_I0	M0028	idf	19	0.3300	1.0000	1.0000	1.0000	439
orig_I0	M0028	coverage	19	0.3300	1.0000	1.0000	1.0000	439
orig_I0	M0308	idf	172	0.5500	1.0000	1.0000	1.0000	468
orig_I0	M0308	coverage	172	0.5500	0.0000	0.0000	1.0000	468
orig_I0	M0860	idf	6	0.2600	1.0000	0.3333	1.0000	489
orig_I0	M0860	coverage	6	0.2600	1.0000	0.3333	1.0000	489
orig_I0	M0188	idf	117	0.1900	0.0000	0.0000	1.0000	448
orig_I0	M0188	coverage	117	0.1900	1.0000	0.0256	1.0000	448
orig_I0	M0003	idf	94	0.1700	1.0000	0.1809	1.0000	470
orig_I0	M0003	coverage	94	0.1700	1.0000	0.1915	1.0000	470
orig_I0	M0906	idf	265	0.1700	0.0000	0.0000	1.0000	486
orig_I0	M0906	coverage	265	0.1700	1.0000	0.1925	1.0000	486
orig_I0	M0590	idf	19	0.2700	1.0000	0.1053	1.0000	487
orig_I0	M0590	coverage	19	0.2700	1.0000	0.1053	1.0000	487
orig_I0	M0293	idf	60	0.2500	1.0000	0.4000	1.0000	476
orig_I0	M0293	coverage	60	0.2500	1.0000	0.4500	1.0000	476
orig_I0	M0651	idf	56	0.1600	1.0000	0.0357	1.0000	492
orig_I0	M0651	coverage	56	0.1600	1.0000	0.1250	1.0000	492
orig_I0	M0297	idf	17	0.0700	1.0000	0.0588	1.0000	499
orig_I0	M0297	coverage	17	0.0700	0.0000	0.0000	1.0000	499
orig_I0	M0194	idf	63	0.4600	1.0000	0.9524	1.0000	475
orig_I0	M0194	coverage	63	0.4600	1.0000	0.1270	1.0000	475
orig_I0	M0589	idf	26	0.1600	1.0000	0.1154	1.0000	482
orig_I0	M0589	coverage	26	0.1600	1.0000	0.0385	1.0000	482
orig_I0	M0669	idf	10	0.2400	1.0000	0.4000	1.0000	490
orig_I0	M0669	coverage	10	0.2400	0.0000	0.0000	1.0000	490
orig_I0	M0742	idf	2	0.2700	1.0000	1.0000	1.0000	494
orig_I0	M0742	coverage	2	0.2700	0.0000	0.0000	1.0000	494
orig_I0	M0298	idf	164	0.3200	0.0000	0.0000	0.0000	498
orig_I0	M0298	coverage	164	0.3200	0.0000	0.0000	0.0000	498
orig_I0	M0440	idf	43	0.3200	1.0000	0.8372	1.0000	454
orig_I0	M0440	coverage	43	0.3200	1.0000	0.1628	1.0000	454
orig_I0	M0386	idf	4	0.4900	1.0000	1.0000	1.0000	483
orig_I0	M0386	coverage	4	0.4900	1.0000	0.7500	1.0000	483
orig_I0	M0087	idf	50	0.5000	1.0000	1.0000	1.0000	470
orig_I0	M0087	coverage	50	0.5000	1.0000	0.1600	1.0000	470
orig_I0_aa	M0346	idf	37	1.8600	1.0000	0.0541	1.0000	444
orig_I0_aa	M0346	coverage	37	1.8600	0.0000	0.0000	1.0000	444
orig_I0_aa	M0376	idf	41	4.5000	1.0000	0.9024	1.0000	472
orig_I0_aa	M0376	coverage	41	4.5000	0.0000	0.0000	1.0000	472
orig_I0_aa	M0431	idf	3	1.8400	1.0000	1.0000	1.0000	463
orig_I0_aa	M0431	coverage	3	1.8400	1.0000	1.0000	1.0000	463
orig_I0_aa	M0243	idf	11	4.1200	1.0000	1.0000	1.0000	470
orig_I0_aa	M0243	coverage	11	4.1200	0.0000	0.0000	1.0000	470
orig_I0_aa	M0294	idf	108	4.9100	1.0000	0.3056	1.0000	478
orig_I0_aa	M0294	coverage	108	4.9100	0.0000	0.0000	1.0000	478
orig_I0_aa	M0895	idf	121	1.8000	1.0000	0.0083	1.0000	459
orig_I0_aa	M0895	coverage	121	1.8000	1.0000	0.0165	1.0000	459
orig_I0_aa	M0104	idf	4	5.0400	1.0000	1.0000	1.0000	448
orig_I0_aa	M0104	coverage	4	5.0400	1.0000	1.0000	1.0000	448
orig_I0_aa	M0869	idf	5	1.5500	0.0000	0.0000	1.0000	457
orig_I0_aa	M0869	coverage	5	1.5500	0.0000	0.0000	1.0000	457
orig_I0_aa	M0075	idf	2	4.5800	0.0000	0.0000	1.0000	424
orig_I0_aa	M0075	coverage	2	4.5800	0.0000	0.0000	1.0000	424
orig_I0_aa	M0134	idf	55	2.4400	1.0000	0.8364	1.0000	466
orig_I0_aa	M0134	coverage	55	2.4400	1.0000	0.3455	1.0000	466
orig_I0_aa	M0206	idf	75	5.1400	1.0000	0.9733	1.0000	462
orig_I0_aa	M0206	coverage	75	5.1400	1.0000	0.1067	1.0000	462
orig_I0_aa	M0044	idf	67	4.7300	1.0000	0.9552	1.0000	466
orig_I0_aa	M0044	coverage	67	4.7300	1.0000	0.3731	1.0000	466
orig_I0_aa	M0484	idf	100	5.0200	1.0000	1.0000	1.0000	459
orig_I0_aa	M0484	coverage	100	5.0200	1.0000	0.8500	1.0000	459
orig_I0_aa	M0334	idf	22	2.8500	1.0000	0.9545	1.0000	430
orig_I0_aa	M0334	coverage	22	2.8500	0.0000	0.0000	1.0000	430
orig_I0_aa	M0412	idf	5	2.3000	1.0000	0.6000	1.0000	474
orig_I0_aa	M0412	coverage	5	2.3000	0.0000	0.0000	1.0000	474
orig_I0_aa	M0931	idf	70	1.5300	1.0000	0.0714	1.0000	426
orig_I0_aa	M0931	coverage	70	1.5300	1.0000	0.6286	1.0000	426
orig_I0_aa	M0118	idf	106	2.1400	0.0000	0.0000	1.0000	437
orig_I0_aa	M0118	coverage	106	2.1400	1.0000	0.6226	1.0000	437
orig_I0_aa	M0752	idf	8	0.9700	1.0000	1.0000	1.0000	452
orig_I0_aa	M0752	coverage	8	0.9700	1.0000	0.8750	1.0000	452
orig_I0_aa	M0428	idf	10	4.7700	1.0000	0.9000	1.0000	458
orig_I0_aa	M0428	coverage	10	4.7700	1.0000	0.6000	1.0000	458
orig_I0_aa	M0771	idf	213	1.4600	1.0000	0.0563	1.0000	451
orig_I0_aa	M0771	coverage	213	1.4600	1.0000	0.0329	1.0000	451
orig_I0_aa	M0658	idf	12	2.1900	0.0000	0.0000	1.0000	458
orig_I0_aa	M0658	coverage	12	2.1900	1.0000	0.9167	1.0000	458
orig_I0_aa	M0311	idf	78	4.7400	1.0000	0.9872	1.0000	488
orig_I0_aa	M0311	coverage	78	4.7400	1.0000	0.0128	1.0000	488
orig_I0_aa	M0600	idf	78	3.6800	1.0000	0.0385	1.0000	460
orig_I0_aa	M0600	coverage	78	3.6800	0.0000	0.0000	1.0000	460
orig_I0_aa	M0565	idf	13	1.2800	0.0000	0.0000	1.0000	435
orig_I0_aa	M0565	coverage	13	1.2800	1.0000	0.1538	1.0000	435
orig_I0_aa	M0085	idf	11	2.7800	1.0000	0.7273	1.0000	425
orig_I0_aa	M0085	coverage	11	2.7800	1.0000	0.4545	1.0000	425
orig_I0_aa	M0488	idf	6	4.8800	1.0000	1.0000	1.0000	460
orig_I0_aa	M0488	coverage	6	4.8800	1.0000	1.0000	1.0000	460
orig_I0_aa	M0076	idf	97	1.5700	0.0000	0.0000	1.0000	465
orig_I0_aa	M0076	coverage	97	1.5700	1.0000	0.3711	1.0000	465
orig_I0_aa	M0175	idf	826	1.1000	0.0000	0.0000	1.0000	499
orig_I0_aa	M0175	coverage	826	1.1000	1.0000	0.5884	1.0000	499
orig_I0_aa	M0107	idf	7	2.7900	1.0000	0.2857	1.0000	440
orig_I0_aa	M0107	coverage	7	2.7900	1.0000	0.7143	1.0000	440
orig_I0_aa	M0201	idf	38	1.8300	0.0000	0.0000	1.0000	438
orig_I0_aa	M0201	coverage	38	1.8300	0.0000	0.0000	1.0000	438
orig_I0_aa	M0383	idf	124	5.2100	0.0000	0.0000	1.0000	470
orig_I0_aa	M0383	coverage	124	5.2100	1.0000	0.0484	1.0000	470
orig_I0_aa	M0111	idf	10	5.5000	1.0000	0.3000	1.0000	463
orig_I0_aa	M0111	coverage	10	5.5000	0.0000	0.0000	1.0000	463
orig_I0_aa	M0634	idf	9	4.3500	1.0000	0.5556	1.0000	443
orig_I0_aa	M0634	coverage	9	4.3500	1.0000	0.8889	1.0000	443
orig_I0_aa	M0609	idf	81	2.2200	1.0000	0.0864	1.0000	499
orig_I0_aa	M0609	coverage	81	2.2200	1.0000	0.0494	1.0000	499
orig_I0_aa	M0228	idf	119	2.8100	1.0000	0.1008	1.0000	447
orig_I0_aa	M0228	coverage	119	2.8100	0.0000	0.0000	1.0000	447
orig_I0_aa	M0636	idf	16	2.2600	1.0000	0.3750	1.0000	428
orig_I0_aa	M0636	coverage	16	2.2600	1.0000	0.3750	1.0000	428
orig_I0_aa	M0908	idf	78	1.2800	0.0000	0.0000	1.0000	476
orig_I0_aa	M0908	coverage	78	1.2800	1.0000	0.0128	1.0000	476
orig_I0_aa	M0564	idf	357	2.1300	0.0000	0.0000	1.0000	467
orig_I0_aa	M0564	coverage	357	2.1300	0.0000	0.0000	1.0000	467
orig_I0_aa	M0616	idf	5	2.0300	1.0000	0.8000	1.0000	450
orig_I0_aa	M0616	coverage	5	2.0300	1.0000	0.8000	1.0000	450
orig_I0_aa	M0453	idf	61	4.3100	1.0000	0.2787	1.0000	469
orig_I0_aa	M0453	coverage	61	4.3100	1.0000	0.1475	1.0000	469
orig_I0_aa	M0510	idf	62	2.6100	1.0000	0.9355	1.0000	434
orig_I0_aa	M0510	coverage	62	2.6100	1.0000	0.7097	1.0000	434
orig_I0_aa	M0216	idf	1150	3.0700	1.0000	0.4339	1.0000	499
orig_I0_aa	M0216	coverage	1150	3.0700	1.0000	0.4339	1.0000	499
orig_I0_aa	M0448	idf	7	1.3000	0.0000	0.0000	0.0000	443
orig_I0_aa	M0448	coverage	7	1.3000	0.0000	0.0000	0.0000	443
orig_I0_aa	M0732	idf	18	2.3900	0.0000	0.0000	1.0000	404
orig_I0_aa	M0732	coverage	18	2.3900	0.0000	0.0000	1.0000	404
orig_I0_aa	M0734	idf	5	1.5700	0.0000	0.0000	1.0000	443
orig_I0_aa	M0734	coverage	5	1.5700	0.0000	0.0000	1.0000	443
orig_I0_aa	M0456	idf	17	1.3400	0.0000	0.0000	1.0000	451
orig_I0_aa	M0456	coverage	17	1.3400	0.0000	0.0000	1.0000	451
orig_I0_aa	M0278	idf	74	1.1700	1.0000	0.6216	1.0000	403
orig_I0_aa	M0278	coverage	74	1.1700	1.0000	0.7703	1.0000	403
orig_I0_aa	M0682	idf	290	1.0200	0.0000	0.0000	1.0000	471
orig_I0_aa	M0682	coverage	290	1.0200	1.0000	0.4172	1.0000	471
orig_I0_aa	M0381	idf	68	0.9100	0.0000	0.0000	1.0000	452
orig_I0_aa	M0381	coverage	68	0.9100	1.0000	0.6324	1.0000	452
orig_I0_aa	M0759	idf	73	3.8900	0.0000	0.0000	0.0000	463
orig_I0_aa	M0759	coverage	73	3.8900	0.0000	0.0000	0.0000	463
orig_I0_aa	M0916	idf	1	2.3800	0.0000	0.0000	1.0000	443
orig_I0_aa	M0916	coverage	1	2.3800	0.0000	0.0000	1.0000	443
orig_I0_aa	M0122	idf	21	3.1300	1.0000	0.3810	1.0000	440
orig_I0_aa	M0122	coverage	21	3.1300	0.0000	0.0000	1.0000	440
orig_I0_aa	M0435	idf	17	14.8600	1.0000	0.0588	1.0000	489
orig_I0_aa	M0435	coverage	17	14.8600	0.0000	0.0000	1.0000	489
orig_I0_aa	M0519	idf	16	4.6500	1.0000	1.0000	1.0000	448
orig_I0_aa	M0519	coverage	16	4.6500	1.0000	0.2500	1.0000	448
orig_I0_aa	M0506	idf	113	2.6400	1.0000	0.5133	1.0000	445
orig_I0_aa	M0506	coverage	113	2.6400	0.0000	0.0000	1.0000	445
orig_I0_aa	M0357	idf	5	2.0400	0.0000	0.0000	1.0000	424
orig_I0_aa	M0357	coverage	5	2.0400	1.0000	0.4000	1.0000	424
orig_I0_aa	M0414	idf	82	2.4900	1.0000	0.8415	1.0000	442
orig_I0_aa	M0414	coverage	82	2.4900	0.0000	0.0000	1.0000	442
orig_I0_aa	M0096	idf	23	2.1400	0.0000	0.0000	1.0000	450
orig_I0_aa	M0096	coverage	23	2.1400	1.0000	0.0435	1.0000	450
orig_I0_aa	M0885	idf	15	4.7700	1.0000	0.6667	1.0000	444
orig_I0_aa	M0885	coverage	15	4.7700	1.0000	0.1333	1.0000	444
orig_I0_aa	M0738	idf	15	2.1800	1.0000	1.0000	1.0000	463
orig_I0_aa	M0738	coverage	15	2.1800	1.0000	0.6667	1.0000	463
orig_I0_aa	M0545	idf	19	2.3600	0.0000	0.0000	1.0000	439
orig_I0_aa	M0545	coverage	19	2.3600	1.0000	0.6316	1.0000	439
orig_I0_aa	M0815	idf	238	1.3000	1.0000	0.3529	1.0000	484
orig_I0_aa	M0815	coverage	238	1.3000	0.0000	0.0000	1.0000	484
orig_I0_aa	M0077	idf	101	2.1300	0.0000	0.0000	1.0000	445
orig_I0_aa	M0077	coverage	101	2.1300	0.0000	0.0000	1.0000	445
orig_I0_aa	M0851	idf	22	1.5400	0.0000	0.0000	1.0000	425
orig_I0_aa	M0851	coverage	22	1.5400	1.0000	0.0909	1.0000	425
orig_I0_aa	M0862	idf	17	2.4100	0.0000	0.0000	1.0000	436
orig_I0_aa	M0862	coverage	17	2.4100	0.0000	0.0000	1.0000	436
orig_I0_aa	M0736	idf	3	2.0800	0.0000	0.0000	1.0000	461
orig_I0_aa	M0736	coverage	3	2.0800	1.0000	0.3333	1.0000	461
orig_I0_aa	M0819	idf	25	2.2200	0.0000	0.0000	1.0000	447
orig_I0_aa	M0819	coverage	25	2.2200	0.0000	0.0000	1.0000	447
orig_I0_aa	M0822	idf	2	2.6200	1.0000	0.5000	1.0000	404
orig_I0_aa	M0822	coverage	2	2.6200	0.0000	0.0000	1.0000	404
orig_I0_aa	M0136	idf	9	2.8900	1.0000	0.8889	1.0000	465
orig_I0_aa	M0136	coverage	9	2.8900	1.0000	0.7778	1.0000	465
orig_I0_aa	M0054	idf	44	1.4000	0.0000	0.0000	1.0000	450
orig_I0_aa	M0054	coverage	44	1.4000	1.0000	0.7955	1.0000	450
orig_I0_aa	M0612	idf	82	3.8200	0.0000	0.0000	1.0000	455
orig_I0_aa	M0612	coverage	82	3.8200	1.0000	0.7805	1.0000	455
orig_I0_aa	M0010	idf	13	2.3200	1.0000	1.0000	1.0000	438
orig_I0_aa	M0010	coverage	13	2.3200	1.0000	1.0000	1.0000	438
orig_I0_aa	M0709	idf	289	2.4900	0.0000	0.0000	1.0000	429
orig_I0_aa	M0709	coverage	289	2.4900	1.0000	0.0346	1.0000	429
orig_I0_aa	M0940	idf	104	4.6800	0.0000	0.0000	1.0000	493
orig_I0_aa	M0940	coverage	104	4.6800	0.0000	0.0000	1.0000	493
orig_I0_aa	M0172	idf	12	4.4200	1.0000	0.2500	1.0000	461
orig_I0_aa	M0172	coverage	12	4.4200	1.0000	0.5833	1.0000	461
orig_I0_aa	M0693	idf	362	2.2200	0.0000	0.0000	1.0000	456
orig_I0_aa	M0693	coverage	362	2.2200	1.0000	0.0028	1.0000	456
orig_I0_aa	M0159	idf	148	5.2600	1.0000	0.8851	1.0000	472
orig_I0_aa	M0159	coverage	148	5.2600	1.0000	0.1081	1.0000	472
orig_I0_aa	M0835	idf	9	3.4400	0.0000	0.0000	1.0000	452
orig_I0_aa	M0835	coverage	9	3.4400	1.0000	0.1111	1.0000	452
orig_I0_aa	M0810	idf	37	2.9200	1.0000	0.4324	1.0000	452
orig_I0_aa	M0810	coverage	37	2.9200	1.0000	0.3243	1.0000	452
orig_I0_aa	M0434	idf	12	4.5400	1.0000	1.0000	1.0000	459
orig_I0_aa	M0434	coverage	12	4.5400	1.0000	0.0833	1.0000	459
orig_I0_aa	M0653	idf	23	2.4900	1.0000	0.0435	1.0000	431
orig_I0_aa	M0653	coverage	23	2.4900	1.0000	0.0435	1.0000	431
orig_I0_aa	M0205	idf	259	4.8100	1.0000	0.5946	1.0000	482
orig_I0_aa	M0205	coverage	259	4.8100	1.0000	0.9382	1.0000	482
orig_I0_aa	M0939	idf	13	0.5900	1.0000	0.4615	1.0000	473
orig_I0_aa	M0939	coverage	13	0.5900	1.0000	0.3077	1.0000	473
orig_I0_aa	M0918	idf	65	4.9800	1.0000	0.0462	1.0000	468
orig_I0_aa	M0918	coverage	65	4.9800	1.0000	0.5692	1.0000	468
orig_I0_aa	M0858	idf	351	2.7700	1.0000	0.7123	1.0000	482
orig_I0_aa	M0858	coverage	351	2.7700	1.0000	0.8860	1.0000	482
orig_I0_aa	M0420	idf	17	1.4000	1.0000	0.1176	1.0000	445
orig_I0_aa	M0420	coverage	17	1.4000	1.0000	0.1176	1.0000	445
orig_I0_aa	M0879	idf	15	2.1800	0.0000	0.0000	1.0000	444
orig_I0_aa	M0879	coverage	15	2.1800	1.0000	0.3333	1.0000	444
orig_I0_aa	M0371	idf	122	2.7200	1.0000	0.0656	1.0000	454
orig_I0_aa	M0371	coverage	122	2.7200	0.0000	0.0000	1.0000	454
orig_I0_aa	M0020	idf	115	4.9900	0.0000	0.0000	1.0000	477
orig_I0_aa	M0020	coverage	115	4.9900	1.0000	0.0087	1.0000	477
orig_I0_aa	M0855	idf	38	2.4600	1.0000	0.3947	1.0000	429
orig_I0_aa	M0855	coverage	38	2.4600	1.0000	0.1579	1.0000	429
orig_I0_aa	M0957	idf	186	4.3500	0.0000	0.0000	1.0000	493
orig_I0_aa	M0957	coverage	186	4.3500	0.0000	0.0000	1.0000	493
orig_I0_aa	M0505	idf	27	2.6500	1.0000	0.2593	1.0000	439
orig_I0_aa	M0505	coverage	27	2.6500	1.0000	0.0741	1.0000	439
orig_I0_aa	M0477	idf	70	2.3400	1.0000	0.5286	1.0000	466
orig_I0_aa	M0477	coverage	70	2.3400	1.0000	0.5714	1.0000	466
orig_I0_aa	M0829	idf	6	2.7300	1.0000	0.1667	1.0000	433
orig_I0_aa	M0829	coverage	6	2.7300	0.0000	0.0000	1.0000	433
orig_I0_aa	M0884	idf	19	2.6000	0.0000	0.0000	1.0000	433
orig_I0_aa	M0884	coverage	19	2.6000	1.0000	0.5263	1.0000	433
orig_I0_aa	M0384	idf	67	1.7400	1.0000	0.0746	1.0000	408
orig_I0_aa	M0384	coverage	67	1.7400	0.0000	0.0000	1.0000	408
orig_I0_aa	M0065	idf	53	2.2000	1.0000	0.3962	1.0000	444
orig_I0_aa	M0065	coverage	53	2.2000	1.0000	0.3774	1.0000	444
orig_I0_aa	M0123	idf	2	5.0700	1.0000	1.0000	1.0000	452
orig_I0_aa	M0123	coverage	2	5.0700	0.0000	0.0000	1.0000	452
orig_I0_aa	M0580	idf	9	2.3800	0.0000	0.0000	1.0000	449
orig_I0_aa	M0580	coverage	9	2.3800	1.0000	0.3333	1.0000	449
orig_I0_aa	M0033	idf	14	2.3000	1.0000	0.1429	1.0000	436
orig_I0_aa	M0033	coverage	14	2.3000	1.0000	0.0714	1.0000	436
orig_I0_aa	M0281	idf	1	5.0100	1.0000	1.0000	1.0000	440
orig_I0_aa	M0281	coverage	1	5.0100	1.0000	1.0000	1.0000	440
orig_I0_aa	M0544	idf	12	2.4100	1.0000	0.1667	1.0000	440
orig_I0_aa	M0544	coverage	12	2.4100	1.0000	0.0833	1.0000	440
orig_I0_aa	M0212	idf	83	10.4400	0.0000	0.0000	1.0000	459
orig_I0_aa	M0212	coverage	83	10.4400	1.0000	0.6145	1.0000	459
orig_I0_aa	M0426	idf	18	2.3300	1.0000	0.5000	1.0000	432
orig_I0_aa	M0426	coverage	18	2.3300	1.0000	0.0556	1.0000	432
orig_I0_aa	M0905	idf	198	1.3800	0.0000	0.0000	1.0000	447
orig_I0_aa	M0905	coverage	198	1.3800	0.0000	0.0000	1.0000	447
orig_I0_aa	M0843	idf	14	1.4100	0.0000	0.0000	1.0000	425
orig_I0_aa	M0843	coverage	14	1.4100	1.0000	0.7143	1.0000	425
orig_I0_aa	M0263	idf	24	2.9700	0.0000	0.0000	1.0000	445
orig_I0_aa	M0263	coverage	24	2.9700	1.0000	0.2500	1.0000	445
orig_I0_aa	M0697	idf	155	2.4000	0.0000	0.0000	1.0000	461
orig_I0_aa	M0697	coverage	155	2.4000	1.0000	0.9032	1.0000	461
orig_I0_aa	M0260	idf	21	2.8100	1.0000	0.9048	1.0000	425
orig_I0_aa	M0260	coverage	21	2.8100	1.0000	0.4286	1.0000	425
orig_I0_aa	M0379	idf	41	4.4200	1.0000	1.0000	1.0000	470
orig_I0_aa	M0379	coverage	41	4.4200	1.0000	0.3171	1.0000	470
orig_I0_aa	M0377	idf	189	4.8800	1.0000	0.0317	1.0000	492
orig_I0_aa	M0377	coverage	189	4.8800	0.0000	0.0000	1.0000	492
orig_I0_aa	M0547	idf	4	1.1900	1.0000	0.7500	1.0000	432
orig_I0_aa	M0547	coverage	4	1.1900	1.0000	0.7500	1.0000	432
orig_I0_aa	M0508	idf	6	4.6800	1.0000	1.0000	1.0000	466
orig_I0_aa	M0508	coverage	6	4.6800	1.0000	0.1667	1.0000	466
orig_I0_aa	M0401	idf	392	2.2900	0.0000	0.0000	1.0000	495
orig_I0_aa	M0401	coverage	392	2.2900	0.0000	0.0000	1.0000	495
orig_I0_aa	M0755	idf	11	1.2500	1.0000	0.5455	1.0000	454
orig_I0_aa	M0755	coverage	11	1.2500	1.0000	0.0909	1.0000	454
orig_I0_aa	M0458	idf	25	1.4700	0.0000	0.0000	1.0000	423
orig_I0_aa	M0458	coverage	25	1.4700	1.0000	0.1600	1.0000	423
orig_I0_aa	M0314	idf	45	9.4200	0.0000	0.0000	1.0000	473
orig_I0_aa	M0314	coverage	45	9.4200	0.0000	0.0000	1.0000	473
orig_I0_aa	M0210	idf	220	2.3100	1.0000	0.0091	1.0000	467
orig_I0_aa	M0210	coverage	220	2.3100	0.0000	0.0000	1.0000	467
orig_I0_aa	M0154	idf	62	2.1600	0.0000	0.0000	1.0000	401
orig_I0_aa	M0154	coverage	62	2.1600	1.0000	0.9032	1.0000	401
orig_I0_aa	M0502	idf	20	5.5800	1.0000	0.2000	1.0000	465
orig_I0_aa	M0502	coverage	20	5.5800	0.0000	0.0000	1.0000	465
orig_I0_aa	M0031	idf	290	4.2600	1.0000	0.3793	1.0000	477
orig_I0_aa	M0031	coverage	290	4.2600	1.0000	0.5241	1.0000	477
orig_I0_aa	M0178	idf	273	4.6600	0.0000	0.0000	1.0000	419
orig_I0_aa	M0178	coverage	273	4.6600	1.0000	0.0256	1.0000	419
orig_I0_aa	M0019	idf	21	5.3900	1.0000	0.3810	1.0000	440
orig_I0_aa	M0019	coverage	21	5.3900	1.0000	0.9048	1.0000	440
orig_I0_aa	M0125	idf	19	5.1000	1.0000	0.8947	1.0000	429
orig_I0_aa	M0125	coverage	19	5.1000	1.0000	0.7368	1.0000	429
orig_I0_aa	M0181	idf	8	4.9200	1.0000	0.2500	1.0000	459
orig_I0_aa	M0181	coverage	8	4.9200	1.0000	0.1250	1.0000	459
orig_I0_aa	M0466	idf	6	5.1700	1.0000	0.6667	1.0000	456
orig_I0_aa	M0466	coverage	6	5.1700	0.0000	0.0000	1.0000	456
orig_I0_aa	M0058	idf	37	2.7900	1.0000	0.0541	1.0000	431
orig_I0_aa	M0058	coverage	37	2.7900	1.0000	0.1622	1.0000	431
orig_I0_aa	M0683	idf	27	3.1000	1.0000	0.8889	1.0000	449
orig_I0_aa	M0683	coverage	27	3.1000	1.0000	0.5556	1.0000	449
orig_I0_aa	M0925	idf	22	2.0600	1.0000	0.0455	1.0000	435
orig_I0_aa	M0925	coverage	22	2.0600	1.0000	0.0455	1.0000	435
orig_I0_aa	M0081	idf	9	3.8300	1.0000	0.4444	1.0000	452
orig_I0_aa	M0081	coverage	9	3.8300	0.0000	0.0000	1.0000	452
orig_I0_aa	M0090	idf	60	5.5900	1.0000	0.9500	1.0000	480
orig_I0_aa	M0090	coverage	60	5.5900	1.0000	0.1667	1.0000	480
orig_I0_aa	M0429	idf	47	2.5500	1.0000	0.3617	1.0000	458
orig_I0_aa	M0429	coverage	47	2.5500	1.0000	0.9574	1.0000	458
orig_I0_aa	M0447	idf	2	2.3000	0.0000	0.0000	1.0000	414
orig_I0_aa	M0447	coverage	2	2.3000	0.0000	0.0000	1.0000	414
orig_I0_aa	M0768	idf	19	3.3900	1.0000	0.6316	1.0000	439
orig_I0_aa	M0768	coverage	19	3.3900	1.0000	0.4737	1.0000	439
orig_I0_aa	M0261	idf	19	2.9000	1.0000	0.0526	1.0000	453
orig_I0_aa	M0261	coverage	19	2.9000	0.0000	0.0000	1.0000	453
orig_I0_aa	M0234	idf	8	3.3200	1.0000	0.6250	1.0000	436
orig_I0_aa	M0234	coverage	8	3.3200	0.0000	0.0000	1.0000	436
orig_I0_aa	M0958	idf	236	4.9500	0.0000	0.0000	1.0000	491
orig_I0_aa	M0958	coverage	236	4.9500	0.0000	0.0000	1.0000	491
orig_I0_aa	M0387	idf	2048	2.4000	1.0000	0.0005	1.0000	498
orig_I0_aa	M0387	coverage	2048	2.4000	1.0000	0.0005	1.0000	498
orig_I0_aa	M0520	idf	440	2.3400	0.0000	0.0000	1.0000	490
orig_I0_aa	M0520	coverage	440	2.3400	0.0000	0.0000	1.0000	490
orig_I0_aa	M0910	idf	7	2.4200	1.0000	0.8571	1.0000	430
orig_I0_aa	M0910	coverage	7	2.4200	1.0000	0.8571	1.0000	430
orig_I0_aa	M0398	idf	36	4.5300	1.0000	1.0000	1.0000	442
orig_I0_aa	M0398	coverage	36	4.5300	1.0000	0.6389	1.0000	442
orig_I0_aa	M0040	idf	52	2.4700	0.0000	0.0000	1.0000	438
orig_I0_aa	M0040	coverage	52	2.4700	0.0000	0.0000	1.0000	438
orig_I0_aa	M0808	idf	3	2.3700	1.0000	1.0000	1.0000	424
orig_I0_aa	M0808	coverage	3	2.3700	0.0000	0.0000	1.0000	424
orig_I0_aa	M0781	idf	6	2.4100	1.0000	0.6667	1.0000	440
orig_I0_aa	M0781	coverage	6	2.4100	1.0000	0.6667	1.0000	440
orig_I0_aa	M0410	idf	30	4.9400	1.0000	0.0667	1.0000	422
orig_I0_aa	M0410	coverage	30	4.9400	0.0000	0.0000	1.0000	422
orig_I0_aa	M0250	idf	14	2.4500	1.0000	0.7857	1.0000	445
orig_I0_aa	M0250	coverage	14	2.4500	1.0000	0.0714	1.0000	445
orig_I0_aa	M0748	idf	19	0.8700	1.0000	0.4737	1.0000	477
orig_I0_aa	M0748	coverage	19	0.8700	1.0000	1.0000	1.0000	477
orig_I0_aa	M0515	idf	20	4.9700	1.0000	0.1000	1.0000	447
orig_I0_aa	M0515	coverage	20	4.9700	1.0000	0.3000	1.0000	447
orig_I0_aa	M0920	idf	21	3.2000	0.0000	0.0000	1.0000	475
orig_I0_aa	M0920	coverage	21	3.2000	1.0000	0.3333	1.0000	475
orig_I0_aa	M0655	idf	6	1.2900	0.0000	0.0000	1.0000	438
orig_I0_aa	M0655	coverage	6	1.2900	0.0000	0.0000	1.0000	438
orig_I0_aa	M0227	idf	38	2.9400	1.0000	0.2105	1.0000	459
orig_I0_aa	M0227	coverage	38	2.9400	0.0000	0.0000	1.0000	459
orig_I0_aa	M0272	idf	35	4.9500	1.0000	0.1143	1.0000	442
orig_I0_aa	M0272	coverage	35	4.9500	1.0000	0.0857	1.0000	442
orig_I0_aa	M0093	idf	10	2.4100	0.0000	0.0000	1.0000	432
orig_I0_aa	M0093	coverage	10	2.4100	0.0000	0.0000	1.0000	432
orig_I0_aa	M0625	idf	5	2.3900	0.0000	0.0000	0.0000	459
orig_I0_aa	M0625	coverage	5	2.3900	0.0000	0.0000	0.0000	459
orig_I0_aa	M0321	idf	19	2.3800	1.0000	0.5263	1.0000	430
orig_I0_aa	M0321	coverage	19	2.3800	0.0000	0.0000	1.0000	430
orig_I0_aa	M0048	idf	98	4.5600	1.0000	0.4490	1.0000	444
orig_I0_aa	M0048	coverage	98	4.5600	1.0000	0.0204	1.0000	444
orig_I0_aa	M0043	idf	20	4.3300	1.0000	1.0000	1.0000	462
orig_I0_aa	M0043	coverage	20	4.3300	1.0000	0.6500	1.0000	462
orig_I0_aa	M0900	idf	441	1.5500	0.0000	0.0000	1.0000	497
orig_I0_aa	M0900	coverage	441	1.5500	0.0000	0.0000	1.0000	497
orig_I0_aa	M0857	idf	12	3.2300	1.0000	0.5000	1.0000	445
orig_I0_aa	M0857	coverage	12	3.2300	0.0000	0.0000	1.0000	445
orig_I0_aa	M0964	idf	68	2.6200	1.0000	0.1029	1.0000	411
orig_I0_aa	M0964	coverage	68	2.6200	1.0000	0.0294	1.0000	411
orig_I0_aa	M0131	idf	36	4.5700	1.0000	0.6111	1.0000	441
orig_I0_aa	M0131	coverage	36	4.5700	1.0000	0.9167	1.0000	441
orig_I0_aa	M0754	idf	9	1.0100	1.0000	0.3333	1.0000	450
orig_I0_aa	M0754	coverage	9	1.0100	1.0000	0.1111	1.0000	450
orig_I0_aa	M0313	idf	17	1.1300	0.0000	0.0000	1.0000	454
orig_I0_aa	M0313	coverage	17	1.1300	1.0000	0.8235	1.0000	454
orig_I0_aa	M0092	idf	41	3.5600	1.0000	0.2683	1.0000	432
orig_I0_aa	M0092	coverage	41	3.5600	1.0000	0.0244	1.0000	432
orig_I0_aa	M0108	idf	3	2.7800	0.0000	0.0000	1.0000	433
orig_I0_aa	M0108	coverage	3	2.7800	0.0000	0.0000	1.0000	433
orig_I0_aa	M0139	idf	76	3.0800	0.0000	0.0000	1.0000	454
orig_I0_aa	M0139	coverage	76	3.0800	1.0000	0.0263	1.0000	454
orig_I0_aa	M0235	idf	17	1.5400	0.0000	0.0000	1.0000	468
orig_I0_aa	M0235	coverage	17	1.5400	1.0000	0.2941	1.0000	468
orig_I0_aa	M0444	idf	83	2.2400	1.0000	0.8193	1.0000	450
orig_I0_aa	M0444	coverage	83	2.2400	1.0000	0.9277	1.0000	450
orig_I0_aa	M0623	idf	16	2.2800	1.0000	1.0000	1.0000	452
orig_I0_aa	M0623	coverage	16	2.2800	1.0000	0.9375	1.0000	452
orig_I0_aa	M0919	idf	18	2.2500	1.0000	0.4444	1.0000	422
orig_I0_aa	M0919	coverage	18	2.2500	1.0000	0.3889	1.0000	422
orig_I0_aa	M0369	idf	82	2.3800	1.0000	0.1829	1.0000	421
orig_I0_aa	M0369	coverage	82	2.3800	1.0000	0.0732	1.0000	421
orig_I0_aa	M0253	idf	212	4.6000	1.0000	0.7547	1.0000	454
orig_I0_aa	M0253	coverage	212	4.6000	1.0000	0.0330	1.0000	454
orig_I0_aa	M0254	idf	17	10.0300	1.0000	1.0000	1.0000	469
orig_I0_aa	M0254	coverage	17	10.0300	1.0000	0.7647	1.0000	469
orig_I0_aa	M0301	idf	51	2.8000	1.0000	0.0196	1.0000	426
orig_I0_aa	M0301	coverage	51	2.8000	0.0000	0.0000	1.0000	426
orig_I0_aa	M0674	idf	31	2.1500	1.0000	0.0968	1.0000	421
orig_I0_aa	M0674	coverage	31	2.1500	1.0000	0.3226	1.0000	421
orig_I0_aa	M0100	idf	360	2.9000	1.0000	0.0194	1.0000	445
orig_I0_aa	M0100	coverage	360	2.9000	0.0000	0.0000	1.0000	445
orig_I0_aa	M0231	idf	13	3.1100	1.0000	0.9231	1.0000	455
orig_I0_aa	M0231	coverage	13	3.1100	1.0000	0.2308	1.0000	455
orig_I0_aa	M0816	idf	238	1.2800	0.0000	0.0000	1.0000	417
orig_I0_aa	M0816	coverage	238	1.2800	0.0000	0.0000	1.0000	417
orig_I0_aa	M0472	idf	94	4.8300	1.0000	0.9681	1.0000	464
orig_I0_aa	M0472	coverage	94	4.8300	1.0000	0.4681	1.0000	464
orig_I0_aa	M0962	idf	134	5.3200	1.0000	0.0224	1.0000	489
orig_I0_aa	M0962	coverage	134	5.3200	1.0000	0.0299	1.0000	489
orig_I0_aa	M0795	idf	79	3.1800	1.0000	0.2025	1.0000	441
orig_I0_aa	M0795	coverage	79	3.1800	0.0000	0.0000	1.0000	441
orig_I0_aa	M0727	idf	22	4.2400	1.0000	0.2727	1.0000	440
orig_I0_aa	M0727	coverage	22	4.2400	1.0000	0.2727	1.0000	440
orig_I0_aa	M0497	idf	15	4.9600	1.0000	0.6000	1.0000	430
orig_I0_aa	M0497	coverage	15	4.9600	1.0000	0.1333	1.0000	430
orig_I0_aa	M0338	idf	23	1.6300	1.0000	0.1739	1.0000	446
orig_I0_aa	M0338	coverage	23	1.6300	1.0000	0.1304	1.0000	446
orig_I0_aa	M0947	idf	43	2.0500	1.0000	0.6279	1.0000	443
orig_I0_aa	M0947	coverage	43	2.0500	1.0000	0.5116	1.0000	443
orig_I0_aa	M0163	idf	47	2.1500	1.0000	0.6596	1.0000	433
orig_I0_aa	M0163	coverage	47	2.1500	1.0000	0.0426	1.0000	433
orig_I0_aa	M0959	idf	155	4.6000	0.0000	0.0000	1.0000	493
orig_I0_aa	M0959	coverage	155	4.6000	0.0000	0.0000	1.0000	493
orig_I0_aa	M0433	idf	210	1.3000	0.0000	0.0000	1.0000	437
orig_I0_aa	M0433	coverage	210	1.3000	0.0000	0.0000	1.0000	437
orig_I0_aa	M0416	idf	4	5.0000	1.0000	1.0000	1.0000	431
orig_I0_aa	M0416	coverage	4	5.0000	1.0000	1.0000	1.0000	431
orig_I0_aa	M0850	idf	31	2.3000	0.0000	0.0000	1.0000	433
orig_I0_aa	M0850	coverage	31	2.3000	1.0000	0.3548	1.0000	433
orig_I0_aa	M0454	idf	14	2.3700	1.0000	0.9286	1.0000	431
orig_I0_aa	M0454	coverage	14	2.3700	1.0000	0.7857	1.0000	431
orig_I0_aa	M0351	idf	24	2.6300	0.0000	0.0000	1.0000	430
orig_I0_aa	M0351	coverage	24	2.6300	1.0000	0.4583	1.0000	430
orig_I0_aa	M0425	idf	2084	1.5900	0.0000	0.0000	1.0000	455
orig_I0_aa	M0425	coverage	2084	1.5900	1.0000	0.0005	1.0000	455
orig_I0_aa	M0067	idf	39	2.1600	1.0000	0.2051	1.0000	445
orig_I0_aa	M0067	coverage	39	2.1600	0.0000	0.0000	1.0000	445
orig_I0_aa	M0550	idf	20	2.3400	0.0000	0.0000	1.0000	455
orig_I0_aa	M0550	coverage	20	2.3400	0.0000	0.0000	1.0000	455
orig_I0_aa	M0792	idf	10	1.4800	0.0000	0.0000	1.0000	439
orig_I0_aa	M0792	coverage	10	1.4800	0.0000	0.0000	1.0000	439
orig_I0_aa	M0961	idf	144	4.5500	0.0000	0.0000	1.0000	491
orig_I0_aa	M0961	coverage	144	4.5500	1.0000	0.0208	1.0000	491
orig_I0_aa	M0109	idf	207	3.7000	1.0000	0.5169	1.0000	453
orig_I0_aa	M0109	coverage	207	3.7000	1.0000	0.4928	1.0000	453
orig_I0_aa	M0257	idf	222	4.0300	1.0000	0.9369	1.0000	472
orig_I0_aa	M0257	coverage	222	4.0300	1.0000	0.9459	1.0000	472
orig_I0_aa	M0789	idf	51	1.4300	0.0000	0.0000	1.0000	445
orig_I0_aa	M0789	coverage	51	1.4300	1.0000	0.5098	1.0000	445
orig_I0_aa	M0363	idf	64	2.6000	1.0000	0.0312	1.0000	459
orig_I0_aa	M0363	coverage	64	2.6000	0.0000	0.0000	1.0000	459
orig_I0_aa	M0391	idf	14	2.0000	0.0000	0.0000	1.0000	469
orig_I0_aa	M0391	coverage	14	2.0000	0.0000	0.0000	1.0000	469
orig_I0_aa	M0826	idf	21	1.6800	1.0000	0.1429	1.0000	451
orig_I0_aa	M0826	coverage	21	1.6800	0.0000	0.0000	1.0000	451
orig_I0_aa	M0952	idf	5	1.1300	1.0000	0.6000	1.0000	446
orig_I0_aa	M0952	coverage	5	1.1300	1.0000	0.6000	1.0000	446
orig_I0_aa	M0117	idf	100	2.0400	0.0000	0.0000	1.0000	464
orig_I0_aa	M0117	coverage	100	2.0400	1.0000	0.0100	1.0000	464
orig_I0_aa	M0854	idf	122	2.6400	0.0000	0.0000	1.0000	459
orig_I0_aa	M0854	coverage	122	2.6400	1.0000	0.0574	1.0000	459
orig_I0_aa	M0881	idf	155	3.0900	1.0000	0.8581	1.0000	427
orig_I0_aa	M0881	coverage	155	3.0900	1.0000	0.7355	1.0000	427
orig_I0_aa	M0874	idf	1	1.6500	0.0000	0.0000	1.0000	426
orig_I0_aa	M0874	coverage	1	1.6500	0.0000	0.0000	1.0000	426
orig_I0_aa	M0597	idf	27	1.5100	1.0000	0.1852	1.0000	430
orig_I0_aa	M0597	coverage	27	1.5100	1.0000	0.3704	1.0000	430
orig_I0_aa	M0070	idf	159	2.1900	0.0000	0.0000	1.0000	430
orig_I0_aa	M0070	coverage	159	2.1900	1.0000	0.0126	1.0000	430
orig_I0_aa	M0423	idf	94	2.8600	0.0000	0.0000	1.0000	451
orig_I0_aa	M0423	coverage	94	2.8600	1.0000	0.0213	1.0000	451
orig_I0_aa	M0266	idf	35	2.9400	1.0000	0.6286	1.0000	457
orig_I0_aa	M0266	coverage	35	2.9400	1.0000	0.2857	1.0000	457
orig_I0_aa	M0262	idf	19	4.1700	1.0000	1.0000	1.0000	453
orig_I0_aa	M0262	coverage	19	4.1700	1.0000	0.9474	1.0000	453
orig_I0_aa	M0806	idf	3	1.4200	0.0000	0.0000	1.0000	479
orig_I0_aa	M0806	coverage	3	1.4200	1.0000	0.3333	1.0000	479
orig_I0_aa	M0937	idf	31	2.2000	0.0000	0.0000	1.0000	422
orig_I0_aa	M0937	coverage	31	2.2000	1.0000	0.2903	1.0000	422
orig_I0_aa	M0066	idf	57	2.3400	1.0000	0.2456	1.0000	435
orig_I0_aa	M0066	coverage	57	2.3400	1.0000	0.3684	1.0000	435
orig_I0_aa	M0462	idf	48	2.4700	1.0000	0.8958	1.0000	446
orig_I0_aa	M0462	coverage	48	2.4700	1.0000	0.7708	1.0000	446
orig_I0_aa	M0380	idf	21	2.8600	1.0000	0.4762	1.0000	448
orig_I0_aa	M0380	coverage	21	2.8600	1.0000	0.3810	1.0000	448
orig_I0_aa	M0403	idf	16	2.3900	1.0000	0.6875	1.0000	475
orig_I0_aa	M0403	coverage	16	2.3900	1.0000	0.3125	1.0000	475
orig_I0_aa	M0141	idf	25	9.8400	1.0000	0.1600	1.0000	457
orig_I0_aa	M0141	coverage	25	9.8400	1.0000	0.1200	1.0000	457
orig_I0_aa	M0237	idf	555	2.4700	0.0000	0.0000	1.0000	433
orig_I0_aa	M0237	coverage	555	2.4700	0.0000	0.0000	1.0000	433
orig_I0_aa	M0642	idf	24	2.0800	1.0000	0.1667	1.0000	438
orig_I0_aa	M0642	coverage	24	2.0800	1.0000	0.2917	1.0000	438
orig_I0_aa	M0142	idf	13	2.6000	1.0000	0.2308	1.0000	448
orig_I0_aa	M0142	coverage	13	2.6000	1.0000	0.3077	1.0000	448
orig_I0_aa	M0798	idf	2073	2.6700	0.0000	0.0000	1.0000	497
orig_I0_aa	M0798	coverage	2073	2.6700	0.0000	0.0000	1.0000	497
orig_I0_aa	M0574	idf	111	4.3900	1.0000	0.3694	1.0000	448
orig_I0_aa	M0574	coverage	111	4.3900	1.0000	0.4144	1.0000	448
orig_I0_aa	M0663	idf	96	1.4700	1.0000	0.1042	1.0000	429
orig_I0_aa	M0663	coverage	96	1.4700	1.0000	0.1354	1.0000	429
orig_I0_aa	M0348	idf	165	5.3100	0.0000	0.0000	1.0000	494
orig_I0_aa	M0348	coverage	165	5.3100	0.0000	0.0000	1.0000	494
orig_I0_aa	M0353	idf	11	1.2500	1.0000	0.0909	1.0000	443
orig_I0_aa	M0353	coverage	11	1.2500	1.0000	0.8182	1.0000	443
orig_I0_aa	M0028	idf	19	3.3300	1.0000	1.0000	1.0000	452
orig_I0_aa	M0028	coverage	19	3.3300	1.0000	1.0000	1.0000	452
orig_I0_aa	M0308	idf	172	5.3400	1.0000	1.0000	1.0000	470
orig_I0_aa	M0308	coverage	172	5.3400	1.0000	0.8663	1.0000	470
orig_I0_aa	M0860	idf	6	2.9000	0.0000	0.0000	1.0000	468
orig_I0_aa	M0860	coverage	6	2.9000	1.0000	0.5000	1.0000	468
orig_I0_aa	M0188	idf	117	2.4000	0.0000	0.0000	1.0000	441
orig_I0_aa	M0188	coverage	117	2.4000	1.0000	0.0342	1.0000	441
orig_I0_aa	M0003	idf	94	1.6400	1.0000	0.1383	1.0000	416
orig_I0_aa	M0003	coverage	94	1.6400	0.0000	0.0000	1.0000	416
orig_I0_aa	M0906	idf	265	1.1700	0.0000	0.0000	1.0000	485
orig_I0_aa	M0906	coverage	265	1.1700	1.0000	0.6755	1.0000	485
orig_I0_aa	M0590	idf	19	2.2500	1.0000	0.0526	1.0000	439
orig_I0_aa	M0590	coverage	19	2.2500	1.0000	0.1053	1.0000	439
orig_I0_aa	M0293	idf	60	2.0800	1.0000	0.2833	1.0000	450
orig_I0_aa	M0293	coverage	60	2.0800	1.0000	0.3667	1.0000	450
orig_I0_aa	M0651	idf	56	1.0200	0.0000	0.0000	1.0000	445
orig_I0_aa	M0651	coverage	56	1.0200	0.0000	0.0000	1.0000	445
orig_I0_aa	M0297	idf	17	0.7800	0.0000	0.0000	1.0000	439
orig_I0_aa	M0297	coverage	17	0.7800	0.0000	0.0000	1.0000	439
orig_I0_aa	M0194	idf	63	4.3800	1.0000	0.9206	1.0000	439
orig_I0_aa	M0194	coverage	63	4.3800	1.0000	0.1746	1.0000	439
orig_I0_aa	M0589	idf	26	1.7100	1.0000	0.1154	1.0000	413
orig_I0_aa	M0589	coverage	26	1.7100	0.0000	0.0000	1.0000	413
orig_I0_aa	M0669	idf	10	1.9600	1.0000	0.1000	1.0000	434
orig_I0_aa	M0669	coverage	10	1.9600	0.0000	0.0000	1.0000	434
orig_I0_aa	M0742	idf	2	2.3000	1.0000	1.0000	1.0000	413
orig_I0_aa	M0742	coverage	2	2.3000	0.0000	0.0000	1.0000	413
orig_I0_aa	M0298	idf	164	2.4900	0.0000	0.0000	1.0000	465
orig_I0_aa	M0298	coverage	164	2.4900	0.0000	0.0000	1.0000	465
orig_I0_aa	M0440	idf	43	2.7700	1.0000	0.4884	1.0000	457
orig_I0_aa	M0440	coverage	43	2.7700	0.0000	0.0000	1.0000	457
orig_I0_aa	M0386	idf	4	4.5200	1.0000	1.0000	1.0000	444
orig_I0_aa	M0386	coverage	4	4.5200	1.0000	1.0000	1.0000	444
orig_I0_aa	M0087	idf	50	4.3600	1.0000	1.0000	1.0000	464
orig_I0_aa	M0087	coverage	50	4.3600	1.0000	0.2800	1.0000	464
orig_I0_sens	M0346	idf	37	0.4200	1.0000	0.1351	1.0000	483
orig_I0_sens	M0346	coverage	37	0.4200	0.0000	0.0000	1.0000	483
orig_I0_sens	M0376	idf	41	0.6500	1.0000	0.9268	1.0000	420
orig_I0_sens	M0376	coverage	41	0.6500	1.0000	0.9024	1.0000	420
orig_I0_sens	M0431	idf	3	0.4400	1.0000	1.0000	1.0000	391
orig_I0_sens	M0431	coverage	3	0.4400	0.0000	0.0000	1.0000	391
orig_I0_sens	M0243	idf	11	0.7600	1.0000	1.0000	1.0000	441
orig_I0_sens	M0243	coverage	11	0.7600	0.0000	0.0000	1.0000	441
orig_I0_sens	M0294	idf	108	1.0700	1.0000	0.4259	1.0000	446
orig_I0_sens	M0294	coverage	108	1.0700	0.0000	0.0000	1.0000	446
orig_I0_sens	M0895	idf	121	0.3200	1.0000	0.0413	1.0000	496
orig_I0_sens	M0895	coverage	121	0.3200	1.0000	0.0248	1.0000	496
orig_I0_sens	M0104	idf	4	0.7700	1.0000	1.0000	1.0000	404
orig_I0_sens	M0104	coverage	4	0.7700	1.0000	1.0000	1.0000	404
orig_I0_sens	M0869	idf	5	0.2800	0.0000	0.0000	1.0000	485
orig_I0_sens	M0869	coverage	5	0.2800	1.0000	0.4000	1.0000	485
orig_I0_sens	M0075	idf	2	0.7400	1.0000	1.0000	1.0000	457
orig_I0_sens	M0075	coverage	2	0.7400	0.0000	0.0000	1.0000	457
orig_I0_sens	M0134	idf	55	0.4200	1.0000	0.9091	1.0000	482
orig_I0_sens	M0134	coverage	55	0.4200	1.0000	0.9636	1.0000	482
orig_I0_sens	M0206	idf	75	0.7000	1.0000	0.8667	1.0000	467
orig_I0_sens	M0206	coverage	75	0.7000	1.0000	0.2533	1.0000	467
orig_I0_sens	M0044	idf	67	1.1000	1.0000	0.9552	1.0000	417
orig_I0_sens	M0044	coverage	67	1.1000	1.0000	0.2836	1.0000	417
orig_I0_sens	M0484	idf	100	1.0100	1.0000	1.0000	1.0000	419
orig_I0_sens	M0484	coverage	100	1.0100	1.0000	0.8700	1.0000	419
orig_I0_sens	M0334	idf	22	0.5700	1.0000	1.0000	1.0000	492
orig_I0_sens	M0334	coverage	22	0.5700	1.0000	0.3636	1.0000	492
orig_I0_sens	M0412	idf	5	0.6300	1.0000	0.6000	1.0000	488
orig_I0_sens	M0412	coverage	5	0.6300	1.0000	0.6000	1.0000	488
orig_I0_sens	M0931	idf	70	0.4700	1.0000	0.7571	1.0000	489
orig_I0_sens	M0931	coverage	70	0.4700	1.0000	0.7714	1.0000	489
orig_I0_sens	M0118	idf	106	0.3700	0.0000	0.0000	1.0000	400
orig_I0_sens	M0118	coverage	106	0.3700	0.0000	0.0000	1.0000	400
orig_I0_sens	M0752	idf	8	0.1300	1.0000	1.0000	1.0000	495
orig_I0_sens	M0752	coverage	8	0.1300	1.0000	0.8750	1.0000	495
orig_I0_sens	M0428	idf	10	0.7100	1.0000	1.0000	1.0000	469
orig_I0_sens	M0428	coverage	10	0.7100	1.0000	0.6000	1.0000	469
orig_I0_sens	M0771	idf	213	0.2800	1.0000	0.0751	1.0000	489
orig_I0_sens	M0771	coverage	213	0.2800	1.0000	0.0376	1.0000	489
orig_I0_sens	M0658	idf	12	0.3500	0.0000	0.0000	1.0000	474
orig_I0_sens	M0658	coverage	12	0.3500	1.0000	0.9167	1.0000	474
orig_I0_sens	M0311	idf	78	0.9900	1.0000	1.0000	1.0000	488
orig_I0_sens	M0311	coverage	78	0.9900	0.0000	0.0000	1.0000	488
orig_I0_sens	M0600	idf	78	0.6800	1.0000	0.3333	1.0000	452
orig_I0_sens	M0600	coverage	78	0.6800	1.0000	0.3974	1.0000	452
orig_I0_sens	M0565	idf	13	0.1100	0.0000	0.0000	1.0000	227
orig_I0_sens	M0565	coverage	13	0.1100	1.0000	0.3846	1.0000	227
orig_I0_sens	M0085	idf	11	0.5200	1.0000	0.9091	1.0000	457
orig_I0_sens	M0085	coverage	11	0.5200	1.0000	0.5455	1.0000	457
orig_I0_sens	M0488	idf	6	0.8300	1.0000	1.0000	1.0000	461
orig_I0_sens	M0488	coverage	6	0.8300	1.0000	0.3333	1.0000	461
orig_I0_sens	M0076	idf	97	0.3200	1.0000	0.7526	1.0000	496
orig_I0_sens	M0076	coverage	97	0.3200	1.0000	0.8247	1.0000	496
orig_I0_sens	M0175	idf	826	0.3200	0.0000	0.0000	1.0000	500
orig_I0_sens	M0175	coverage	826	0.3200	1.0000	0.6005	1.0000	500
orig_I0_sens	M0107	idf	7	0.6900	1.0000	0.7143	1.0000	477
orig_I0_sens	M0107	coverage	7	0.6900	1.0000	0.7143	1.0000	477
orig_I0_sens	M0201	idf	38	0.3900	0.0000	0.0000	1.0000	470
orig_I0_sens	M0201	coverage	38	0.3900	0.0000	0.0000	1.0000	470
orig_I0_sens	M0383	idf	124	1.0400	0.0000	0.0000	1.0000	451
orig_I0_sens	M0383	coverage	124	1.0400	1.0000	0.5565	1.0000	451
orig_I0_sens	M0111	idf	10	1.2100	1.0000	0.4000	1.0000	451
orig_I0_sens	M0111	coverage	10	1.2100	0.0000	0.0000	1.0000	451
orig_I0_sens	M0634	idf	9	0.5900	1.0000	1.0000	1.0000	451
orig_I0_sens	M0634	coverage	9	0.5900	1.0000	1.0000	1.0000	451
orig_I0_sens	M0609	idf	81	0.5300	1.0000	0.1975	1.0000	499
orig_I0_sens	M0609	coverage	81	0.5300	1.0000	0.0494	1.0000	499
orig_I0_sens	M0228	idf	119	0.4500	1.0000	0.0924	1.0000	450
orig_I0_sens	M0228	coverage	119	0.4500	0.0000	0.0000	1.0000	450
orig_I0_sens	M0636	idf	16	0.4400	1.0000	0.6250	1.0000	491
orig_I0_sens	M0636	coverage	16	0.4400	1.0000	0.3750	1.0000	491
orig_I0_sens	M0908	idf	78	0.3200	0.0000	0.0000	1.0000	481
orig_I0_sens	M0908	coverage	78	0.3200	1.0000	0.0128	1.0000	481
orig_I0_sens	M0564	idf	357	0.4900	1.0000	0.0028	1.0000	485
orig_I0_sens	M0564	coverage	357	0.4900	0.0000	0.0000	1.0000	485
orig_I0_sens	M0616	idf	5	0.4500	1.0000	1.0000	1.0000	477
orig_I0_sens	M0616	coverage	5	0.4500	1.0000	1.0000	1.0000	477
orig_I0_sens	M0453	idf	61	0.7400	1.0000	0.6721	1.0000	494
orig_I0_sens	M0453	coverage	61	0.7400	1.0000	0.0656	1.0000	494
orig_I0_sens	M0510	idf	62	0.4700	1.0000	0.9032	1.0000	484
orig_I0_sens	M0510	coverage	62	0.4700	1.0000	0.6129	1.0000	484
orig_I0_sens	M0216	idf	1150	0.5800	1.0000	0.4339	1.0000	499
orig_I0_sens	M0216	coverage	1150	0.5800	1.0000	0.4339	1.0000	499
orig_I0_sens	M0448	idf	7	0.2400	0.0000	0.0000	0.0000	498
orig_I0_sens	M0448	coverage	7	0.2400	0.0000	0.0000	0.0000	498
orig_I0_sens	M0732	idf	18	0.5300	0.0000	0.0000	1.0000	489
orig_I0_sens	M0732	coverage	18	0.5300	0.0000	0.0000	1.0000	489
orig_I0_sens	M0734	idf	5	0.3100	1.0000	0.2000	1.0000	500
orig_I0_sens	M0734	coverage	5	0.3100	0.0000	0.0000	1.0000	500
orig_I0_sens	M0456	idf	17	0.2800	1.0000	0.0588	1.0000	488
orig_I0_sens	M0456	coverage	17	0.2800	1.0000	0.1765	1.0000	488
orig_I0_sens	M0278	idf	74	0.2600	1.0000	0.9324	1.0000	484
orig_I0_sens	M0278	coverage	74	0.2600	1.0000	0.9595	1.0000	484
orig_I0_sens	M0682	idf	290	0.2900	1.0000	0.1207	1.0000	494
orig_I0_sens	M0682	coverage	290	0.2900	1.0000	0.2828	1.0000	494
orig_I0_sens	M0381	idf	68	0.2600	1.0000	0.4118	1.0000	489
orig_I0_sens	M0381	coverage	68	0.2600	1.0000	0.6324	1.0000	489
orig_I0_sens	M0759	idf	73	0.5700	0.0000	0.0000	1.0000	420
orig_I0_sens	M0759	coverage	73	0.5700	0.0000	0.0000	1.0000	420
orig_I0_sens	M0916	idf	1	0.4900	1.0000	1.0000	1.0000	482
orig_I0_sens	M0916	coverage	1	0.4900	0.0000	0.0000	1.0000	482
orig_I0_sens	M0122	idf	21	0.6000	1.0000	0.8095	1.0000	465
orig_I0_sens	M0122	coverage	21	0.6000	0.0000	0.0000	1.0000	465
orig_I0_sens	M0435	idf	17	2.2900	1.0000	0.1765	1.0000	443
orig_I0_sens	M0435	coverage	17	2.2900	0.0000	0.0000	1.0000	443
orig_I0_sens	M0519	idf	16	1.0500	1.0000	1.0000	1.0000	440
orig_I0_sens	M0519	coverage	16	1.0500	0.0000	0.0000	1.0000	440
orig_I0_sens	M0506	idf	113	0.3600	1.0000	0.5310	1.0000	470
orig_I0_sens	M0506	coverage	113	0.3600	0.0000	0.0000	1.0000	470
orig_I0_sens	M0357	idf	5	0.4600	1.0000	0.4000	1.0000	494
orig_I0_sens	M0357	coverage	5	0.4600	1.0000	0.6000	1.0000	494
orig_I0_sens	M0414	idf	82	0.5100	1.0000	0.8780	1.0000	496
orig_I0_sens	M0414	coverage	82	0.5100	0.0000	0.0000	1.0000	496
orig_I0_sens	M0096	idf	23	0.6600	0.0000	0.0000	1.0000	483
orig_I0_sens	M0096	coverage	23	0.6600	1.0000	0.0435	1.0000	483
orig_I0_sens	M0885	idf	15	1.0000	1.0000	0.9333	1.0000	473
orig_I0_sens	M0885	coverage	15	1.0000	1.0000	0.1333	1.0000	473
orig_I0_sens	M0738	idf	15	0.6700	1.0000	1.0000	1.0000	443
orig_I0_sens	M0738	coverage	15	0.6700	1.0000	0.6667	1.0000	443
orig_I0_sens	M0545	idf	19	0.7000	1.0000	0.6316	1.0000	462
orig_I0_sens	M0545	coverage	19	0.7000	1.0000	0.6316	1.0000	462
orig_I0_sens	M0815	idf	238	0.3900	1.0000	0.3697	1.0000	494
orig_I0_sens	M0815	coverage	238	0.3900	1.0000	0.0042	1.0000	494
orig_I0_sens	M0077	idf	101	0.5400	1.0000	0.4158	1.0000	475
orig_I0_sens	M0077	coverage	101	0.5400	1.0000	0.4752	1.0000	475
orig_I0_sens	M0851	idf	22	0.3100	0.0000	0.0000	1.0000	488
orig_I0_sens	M0851	coverage	22	0.3100	1.0000	0.3182	1.0000	488
orig_I0_sens	M0862	idf	17	0.5000	1.0000	0.5882	1.0000	441
orig_I0_sens	M0862	coverage	17	0.5000	0.0000	0.0000	1.0000	441
orig_I0_sens	M0736	idf	3	0.5800	1.0000	1.0000	1.0000	477
orig_I0_sens	M0736	coverage	3	0.5800	0.0000	0.0000	1.0000	477
orig_I0_sens	M0819	idf	25	0.3400	1.0000	0.0800	1.0000	471
orig_I0_sens	M0819	coverage	25	0.3400	1.0000	0.7200	1.0000	471
orig_I0_sens	M0822	idf	2	0.4700	1.0000	1.0000	1.0000	492
orig_I0_sens	M0822	coverage	2	0.4700	1.0000	0.5000	1.0000	492
orig_I0_sens	M0136	idf	9	0.5300	1.0000	0.8889	1.0000	430
orig_I0_sens	M0136	coverage	9	0.5300	1.0000	0.7778	1.0000	430
orig_I0_sens	M0054	idf	44	0.1800	1.0000	0.7045	1.0000	378
orig_I0_sens	M0054	coverage	44	0.1800	1.0000	0.7727	1.0000	378
orig_I0_sens	M0612	idf	82	0.5600	1.0000	0.7317	1.0000	487
orig_I0_sens	M0612	coverage	82	0.5600	1.0000	0.8049	1.0000	487
orig_I0_sens	M0010	idf	13	0.5900	1.0000	1.0000	1.0000	497
orig_I0_sens	M0010	coverage	13	0.5900	1.0000	0.9231	1.0000	497
orig_I0_sens	M0709	idf	289	0.5400	1.0000	0.0381	1.0000	489
orig_I0_sens	M0709	coverage	289	0.5400	1.0000	0.0346	1.0000	489
orig_I0_sens	M0940	idf	104	0.8500	0.0000	0.0000	1.0000	494
orig_I0_sens	M0940	coverage	104	0.8500	0.0000	0.0000	1.0000	494
orig_I0_sens	M0172	idf	12	0.8600	1.0000	0.6667	1.0000	448
orig_I0_sens	M0172	coverage	12	0.8600	1.0000	0.5833	1.0000	448
orig_I0_sens	M0693	idf	362	0.3300	1.0000	0.0028	1.0000	496
orig_I0_sens	M0693	coverage	362	0.3300	1.0000	0.0028	1.0000	496
orig_I0_sens	M0159	idf	148	0.9800	1.0000	0.8784	1.0000	465
orig_I0_sens	M0159	coverage	148	0.9800	1.0000	0.1081	1.0000	465
orig_I0_sens	M0835	idf	9	0.6400	0.0000	0.0000	1.0000	455
orig_I0_sens	M0835	coverage	9	0.6400	1.0000	0.1111	1.0000	455
orig_I0_sens	M0810	idf	37	0.6300	1.0000	0.9189	1.0000	482
orig_I0_sens	M0810	coverage	37	0.6300	1.0000	0.3784	1.0000	482
orig_I0_sens	M0434	idf	12	0.7600	1.0000	1.0000	1.0000	474
orig_I0_sens	M0434	coverage	12	0.7600	0.0000	0.0000	1.0000	474
orig_I0_sens	M0653	idf	23	0.5200	1.0000	0.0435	1.0000	426
orig_I0_sens	M0653	coverage	23	0.5200	1.0000	0.0435	1.0000	426
orig_I0_sens	M0205	idf	259	1.0000	1.0000	0.9768	1.0000	473
orig_I0_sens	M0205	coverage	259	1.0000	1.0000	0.9112	1.0000	473
orig_I0_sens	M0939	idf	13	0.1400	1.0000	0.4615	1.0000	410
orig_I0_sens	M0939	coverage	13	0.1400	1.0000	0.4615	1.0000	410
orig_I0_sens	M0918	idf	65	1.0700	1.0000	0.0462	1.0000	450
orig_I0_sens	M0918	coverage	65	1.0700	1.0000	0.6615	1.0000	450
orig_I0_sens	M0858	idf	351	0.4700	1.0000	0.8889	1.0000	484
orig_I0_sens	M0858	coverage	351	0.4700	1.0000	0.9117	1.0000	484
orig_I0_sens	M0420	idf	17	0.2900	1.0000	0.1765	1.0000	493
orig_I0_sens	M0420	coverage	17	0.2900	1.0000	0.2353	1.0000	493
orig_I0_sens	M0879	idf	15	0.4700	0.0000	0.0000	1.0000	492
orig_I0_sens	M0879	coverage	15	0.4700	0.0000	0.0000	1.0000	492
orig_I0_sens	M0371	idf	122	0.5500	1.0000	0.2541	1.0000	397
orig_I0_sens	M0371	coverage	122	0.5500	0.0000	0.0000	1.0000	397
orig_I0_sens	M0020	idf	115	0.8600	0.0000	0.0000	1.0000	468
orig_I0_sens	M0020	coverage	115	0.8600	1.0000	0.0087	1.0000	468
orig_I0_sens	M0855	idf	38	0.5700	1.0000	0.4737	1.0000	493
orig_I0_sens	M0855	coverage	38	0.5700	1.0000	0.1316	1.0000	493
orig_I0_sens	M0957	idf	186	0.6200	0.0000	0.0000	1.0000	493
orig_I0_sens	M0957	coverage	186	0.6200	0.0000	0.0000	1.0000	493
orig_I0_sens	M0505	idf	27	0.4500	1.0000	0.1111	1.0000	485
orig_I0_sens	M0505	coverage	27	0.4500	1.0000	0.0741	1.0000	485
orig_I0_sens	M0477	idf	70	0.4000	1.0000	0.7000	1.0000	489
orig_I0_sens	M0477	coverage	70	0.4000	1.0000	0.7000	1.0000	489
orig_I0_sens	M0829	idf	6	0.5000	1.0000	0.8333	1.0000	482
orig_I0_sens	M0829	coverage	6	0.5000	0.0000	0.0000	1.0000	482
orig_I0_sens	M0884	idf	19	0.5000	1.0000	0.3158	1.0000	481
orig_I0_sens	M0884	coverage	19	0.5000	1.0000	0.6316	1.0000	481
orig_I0_sens	M0384	idf	67	0.3700	1.0000	0.1343	1.0000	474
orig_I0_sens	M0384	coverage	67	0.3700	0.0000	0.0000	1.0000	474
orig_I0_sens	M0065	idf	53	0.5200	1.0000	0.6415	1.0000	473
orig_I0_sens	M0065	coverage	53	0.5200	1.0000	0.2264	1.0000	473
orig_I0_sens	M0123	idf	2	1.0600	1.0000	1.0000	1.0000	408
orig_I0_sens	M0123	coverage	2	1.0600	0.0000	0.0000	1.0000	408
orig_I0_sens	M0580	idf	9	0.3000	1.0000	0.3333	1.0000	490
orig_I0_sens	M0580	coverage	9	0.3000	1.0000	0.5556	1.0000	490
orig_I0_sens	M0033	idf	14	0.4900	1.0000	0.7857	1.0000	489
orig_I0_sens	M0033	coverage	14	0.4900	1.0000	0.0714	1.0000	489
orig_I0_sens	M0281	idf	1	1.0100	1.0000	1.0000	1.0000	429
orig_I0_sens	M0281	coverage	1	1.0100	1.0000	1.0000	1.0000	429
orig_I0_sens	M0544	idf	12	0.5500	1.0000	0.5833	1.0000	484
orig_I0_sens	M0544	coverage	12	0.5500	1.0000	0.0833	1.0000	484
orig_I0_sens	M0212	idf	83	2.1100	1.0000	0.5060	1.0000	457
orig_I0_sens	M0212	coverage	83	2.1100	1.0000	0.6024	1.0000	457
orig_I0_sens	M0426	idf	18	0.3900	1.0000	0.9444	1.0000	488
orig_I0_sens	M0426	coverage	18	0.3900	1.0000	0.2222	1.0000	488
orig_I0_sens	M0905	idf	198	0.2500	0.0000	0.0000	1.0000	449
orig_I0_sens	M0905	coverage	198	0.2500	0.0000	0.0000	1.0000	449
orig_I0_sens	M0843	idf	14	0.2300	1.0000	0.6429	1.0000	490
orig_I0_sens	M0843	coverage	14	0.2300	1.0000	0.7857	1.0000	490
orig_I0_sens	M0263	idf	24	0.4300	1.0000	0.2083	1.0000	387
orig_I0_sens	M0263	coverage	24	0.4300	1.0000	0.4583	1.0000	387
orig_I0_sens	M0697	idf	155	0.5100	1.0000	0.2516	1.0000	463
orig_I0_sens	M0697	coverage	155	0.5100	1.0000	0.4710	1.0000	463
orig_I0_sens	M0260	idf	21	0.5800	1.0000	1.0000	1.0000	484
orig_I0_sens	M0260	coverage	21	0.5800	1.0000	0.2857	1.0000	484
orig_I0_sens	M0379	idf	41	0.9100	1.0000	1.0000	1.0000	439
orig_I0_sens	M0379	coverage	41	0.9100	1.0000	0.0732	1.0000	439
orig_I0_sens	M0377	idf	189	0.8500	1.0000	0.0423	1.0000	491
orig_I0_sens	M0377	coverage	189	0.8500	0.0000	0.0000	1.0000	491
orig_I0_sens	M0547	idf	4	0.3100	1.0000	1.0000	1.0000	482
orig_I0_sens	M0547	coverage	4	0.3100	1.0000	0.5000	1.0000	482
orig_I0_sens	M0508	idf	6	0.6700	1.0000	1.0000	1.0000	483
orig_I0_sens	M0508	coverage	6	0.6700	1.0000	0.1667	1.0000	483
orig_I0_sens	M0401	idf	392	0.5500	0.0000	0.0000	1.0000	476
orig_I0_sens	M0401	coverage	392	0.5500	0.0000	0.0000	1.0000	476
orig_I0_sens	M0755	idf	11	0.2900	1.0000	0.9091	1.0000	487
orig_I0_sens	M0755	coverage	11	0.2900	1.0000	0.0909	1.0000	487
orig_I0_sens	M0458	idf	25	0.2500	1.0000	0.2400	1.0000	464
orig_I0_sens	M0458	coverage	25	0.2500	1.0000	0.8400	1.0000	464
orig_I0_sens	M0314	idf	45	1.8600	1.0000	0.1333	1.0000	419
orig_I0_sens	M0314	coverage	45	1.8600	0.0000	0.0000	1.0000	419
orig_I0_sens	M0210	idf	220	0.4800	1.0000	0.0273	1.0000	441
orig_I0_sens	M0210	coverage	220	0.4800	1.0000	0.0045	1.0000	441
orig_I0_sens	M0154	idf	62	0.2900	1.0000	0.2258	1.0000	473
orig_I0_sens	M0154	coverage	62	0.2900	1.0000	0.8710	1.0000	473
orig_I0_sens	M0502	idf	20	1.0500	1.0000	0.2000	1.0000	434
orig_I0_sens	M0502	coverage	20	1.0500	0.0000	0.0000	1.0000	434
orig_I0_sens	M0031	idf	290	0.6200	1.0000	0.8241	1.0000	457
orig_I0_sens	M0031	coverage	290	0.6200	1.0000	0.6793	1.0000	457
orig_I0_sens	M0178	idf	273	0.7000	0.0000	0.0000	1.0000	472
orig_I0_sens	M0178	coverage	273	0.7000	0.0000	0.0000	1.0000	472
orig_I0_sens	M0019	idf	21	0.7500	1.0000	1.0000	1.0000	469
orig_I0_sens	M0019	coverage	21	0.7500	1.0000	0.9524	1.0000	469
orig_I0_sens	M0125	idf	19	0.8000	1.0000	0.9474	1.0000	451
orig_I0_sens	M0125	coverage	19	0.8000	1.0000	0.6842	1.0000	451
orig_I0_sens	M0181	idf	8	0.8600	1.0000	0.8750	1.0000	451
orig_I0_sens	M0181	coverage	8	0.8600	1.0000	0.1250	1.0000	451
orig_I0_sens	M0466	idf	6	1.1200	1.0000	0.5000	1.0000	456
orig_I0_sens	M0466	coverage	6	1.1200	0.0000	0.0000	1.0000	456
orig_I0_sens	M0058	idf	37	0.5100	1.0000	0.0270	1.0000	491
orig_I0_sens	M0058	coverage	37	0.5100	1.0000	0.0270	1.0000	491
orig_I0_sens	M0683	idf	27	0.5800	1.0000	0.9630	1.0000	463
orig_I0_sens	M0683	coverage	27	0.5800	1.0000	0.1111	1.0000	463
orig_I0_sens	M0925	idf	22	0.3600	1.0000	0.0909	1.0000	493
orig_I0_sens	M0925	coverage	22	0.3600	1.0000	0.0909	1.0000	493
orig_I0_sens	M0081	idf	9	0.5500	1.0000	0.5556	1.0000	489
orig_I0_sens	M0081	coverage	9	0.5500	1.0000	0.1111	1.0000	489
orig_I0_sens	M0090	idf	60	1.1200	1.0000	1.0000	1.0000	433
orig_I0_sens	M0090	coverage	60	1.1200	1.0000	0.0833	1.0000	433
orig_I0_sens	M0429	idf	47	0.5100	1.0000	0.9574	1.0000	486
orig_I0_sens	M0429	coverage	47	0.5100	1.0000	0.8085	1.0000	486
orig_I0_sens	M0447	idf	2	0.5300	1.0000	1.0000	1.0000	470
orig_I0_sens	M0447	coverage	2	0.5300	0.0000	0.0000	1.0000	470
orig_I0_sens	M0768	idf	19	0.6400	1.0000	0.8947	1.0000	484
orig_I0_sens	M0768	coverage	19	0.6400	1.0000	0.3158	1.0000	484
orig_I0_sens	M0261	idf	19	0.6500	1.0000	0.3158	1.0000	379
orig_I0_sens	M0261	coverage	19	0.6500	1.0000	0.0526	1.0000	379
orig_I0_sens	M0234	idf	8	0.5800	1.0000	0.6250	1.0000	484
orig_I0_sens	M0234	coverage	8	0.5800	1.0000	0.2500	1.0000	484
orig_I0_sens	M0958	idf	236	0.5800	0.0000	0.0000	1.0000	492
orig_I0_sens	M0958	coverage	236	0.5800	0.0000	0.0000	1.0000	492
orig_I0_sens	M0387	idf	2048	0.5300	0.0000	0.0000	1.0000	499
orig_I0_sens	M0387	coverage	2048	0.5300	1.0000	0.0010	1.0000	499
orig_I0_sens	M0520	idf	440	0.5600	1.0000	0.4045	1.0000	497
orig_I0_sens	M0520	coverage	440	0.5600	0.0000	0.0000	1.0000	497
orig_I0_sens	M0910	idf	7	0.4800	1.0000	1.0000	1.0000	461
orig_I0_sens	M0910	coverage	7	0.4800	1.0000	1.0000	1.0000	461
orig_I0_sens	M0398	idf	36	0.7300	1.0000	1.0000	1.0000	473
orig_I0_sens	M0398	coverage	36	0.7300	1.0000	0.6389	1.0000	473
orig_I0_sens	M0040	idf	52	0.4700	1.0000	0.0577	1.0000	445
orig_I0_sens	M0040	coverage	52	0.4700	1.0000	0.1538	1.0000	445
orig_I0_sens	M0808	idf	3	0.5000	1.0000	1.0000	1.0000	483
orig_I0_sens	M0808	coverage	3	0.5000	1.0000	1.0000	1.0000	483
orig_I0_sens	M0781	idf	6	0.3500	1.0000	0.8333	1.0000	494
orig_I0_sens	M0781	coverage	6	0.3500	0.0000	0.0000	1.0000	494
orig_I0_sens	M0410	idf	30	1.0000	1.0000	0.2333	1.0000	425
orig_I0_sens	M0410	coverage	30	1.0000	1.0000	0.0333	1.0000	425
orig_I0_sens	M0250	idf	14	0.3600	1.0000	1.0000	1.0000	492
orig_I0_sens	M0250	coverage	14	0.3600	1.0000	0.0714	1.0000	492
orig_I0_sens	M0748	idf	19	0.0900	1.0000	1.0000	1.0000	183
orig_I0_sens	M0748	coverage	19	0.0900	1.0000	1.0000	1.0000	183
orig_I0_sens	M0515	idf	20	0.6800	1.0000	0.6000	1.0000	454
orig_I0_sens	M0515	coverage	20	0.6800	1.0000	0.4000	1.0000	454
orig_I0_sens	M0920	idf	21	0.5700	1.0000	0.5714	1.0000	488
orig_I0_sens	M0920	coverage	21	0.5700	0.0000	0.0000	1.0000	488
orig_I0_sens	M0655	idf	6	0.2500	1.0000	0.1667	1.0000	384
orig_I0_sens	M0655	coverage	6	0.2500	1.0000	0.1667	1.0000	384
orig_I0_sens	M0227	idf	38	0.5700	1.0000	0.2105	1.0000	487
orig_I0_sens	M0227	coverage	38	0.5700	1.0000	0.0526	1.0000	487
orig_I0_sens	M0272	idf	35	0.8600	1.0000	0.2571	1.0000	432
orig_I0_sens	M0272	coverage	35	0.8600	0.0000	0.0000	1.0000	432
orig_I0_sens	M0093	idf	10	0.5800	0.0000	0.0000	1.0000	482
orig_I0_sens	M0093	coverage	10	0.5800	0.0000	0.0000	1.0000	482
orig_I0_sens	M0625	idf	5	0.4600	0.0000	0.0000	1.0000	466
orig_I0_sens	M0625	coverage	5	0.4600	0.0000	0.0000	1.0000	466
orig_I0_sens	M0321	idf	19	0.4500	1.0000	0.5263	1.0000	494
orig_I0_sens	M0321	coverage	19	0.4500	1.0000	0.2105	1.0000	494
orig_I0_sens	M0048	idf	98	0.5900	1.0000	0.8776	1.0000	476
orig_I0_sens	M0048	coverage	98	0.5900	1.0000	0.1327	1.0000	476
orig_I0_sens	M0043	idf	20	0.5600	1.0000	1.0000	1.0000	456
orig_I0_sens	M0043	coverage	20	0.5600	1.0000	0.6500	1.0000	456
orig_I0_sens	M0900	idf	441	0.2600	0.0000	0.0000	1.0000	497
orig_I0_sens	M0900	coverage	441	0.2600	0.0000	0.0000	1.0000	497
orig_I0_sens	M0857	idf	12	0.6300	1.0000	0.7500	1.0000	439
orig_I0_sens	M0857	coverage	12	0.6300	1.0000	0.1667	1.0000	439
orig_I0_sens	M0964	idf	68	0.4200	1.0000	0.1324	1.0000	453
orig_I0_sens	M0964	coverage	68	0.4200	1.0000	0.0735	1.0000	453
orig_I0_sens	M0131	idf	36	0.5900	1.0000	1.0000	1.0000	483
orig_I0_sens	M0131	coverage	36	0.5900	1.0000	0.8889	1.0000	483
orig_I0_sens	M0754	idf	9	0.2500	1.0000	0.3333	1.0000	484
orig_I0_sens	M0754	coverage	9	0.2500	1.0000	0.3333	1.0000	484
orig_I0_sens	M0313	idf	17	0.2800	1.0000	0.5294	1.0000	497
orig_I0_sens	M0313	coverage	17	0.2800	1.0000	0.7059	1.0000	497
orig_I0_sens	M0092	idf	41	0.4900	1.0000	0.9512	1.0000	446
orig_I0_sens	M0092	coverage	41	0.4900	0.0000	0.0000	1.0000	446
orig_I0_sens	M0108	idf	3	0.5500	0.0000	0.0000	1.0000	485
orig_I0_sens	M0108	coverage	3	0.5500	0.0000	0.0000	1.0000	485
orig_I0_sens	M0139	idf	76	0.6100	0.0000	0.0000	1.0000	478
orig_I0_sens	M0139	coverage	76	0.6100	1.0000	0.0263	1.0000	478
orig_I0_sens	M0235	idf	17	0.2700	1.0000	0.4706	1.0000	480
orig_I0_sens	M0235	coverage	17	0.2700	1.0000	0.7647	1.0000	480
orig_I0_sens	M0444	idf	83	0.4700	1.0000	0.7831	1.0000	489
orig_I0_sens	M0444	coverage	83	0.4700	1.0000	0.7349	1.0000	489
orig_I0_sens	M0623	idf	16	0.5500	1.0000	1.0000	1.0000	477
orig_I0_sens	M0623	coverage	16	0.5500	1.0000	0.9375	1.0000	477
orig_I0_sens	M0919	idf	18	0.4200	1.0000	0.6111	1.0000	482
orig_I0_sens	M0919	coverage	18	0.4200	1.0000	0.6111	1.0000	482
orig_I0_sens	M0369	idf	82	0.5300	1.0000	0.3171	1.0000	458
orig_I0_sens	M0369	coverage	82	0.5300	1.0000	0.0854	1.0000	458
orig_I0_sens	M0253	idf	212	0.7700	1.0000	0.9057	1.0000	426
orig_I0_sens	M0253	coverage	212	0.7700	0.0000	0.0000	1.0000	426
orig_I0_sens	M0254	idf	17	2.1700	1.0000	1.0000	1.0000	389
orig_I0_sens	M0254	coverage	17	2.1700	1.0000	0.7647	1.0000	389
orig_I0_sens	M0301	idf	51	0.5100	1.0000	0.3137	1.0000	433
orig_I0_sens	M0301	coverage	51	0.5100	0.0000	0.0000	1.0000	433
orig_I0_sens	M0674	idf	31	0.4400	1.0000	0.0968	1.0000	403
orig_I0_sens	M0674	coverage	31	0.4400	1.0000	0.0968	1.0000	403
orig_I0_sens	M0100	idf	360	0.6200	1.0000	0.3639	1.0000	483
orig_I0_sens	M0100	coverage	360	0.6200	1.0000	0.3000	1.0000	483
orig_I0_sens	M0231	idf	13	0.6400	1.0000	0.9231	1.0000	475
orig_I0_sens	M0231	coverage	13	0.6400	1.0000	0.3077	1.0000	475
orig_I0_sens	M0816	idf	238	0.2700	0.0000	0.0000	1.0000	484
orig_I0_sens	M0816	coverage	238	0.2700	0.0000	0.0000	1.0000	484
orig_I0_sens	M0472	idf	94	0.9300	1.0000	0.9681	1.0000	483
orig_I0_sens	M0472	coverage	94	0.9300	1.0000	0.9149	1.0000	483
orig_I0_sens	M0962	idf	134	0.8400	1.0000	0.0224	1.0000	487
orig_I0_sens	M0962	coverage	134	0.8400	0.0000	0.0000	1.0000	487
orig_I0_sens	M0795	idf	79	0.6400	1.0000	0.5190	1.0000	483
orig_I0_sens	M0795	coverage	79	0.6400	0.0000	0.0000	1.0000	483
orig_I0_sens	M0727	idf	22	0.6700	1.0000	0.6818	1.0000	462
orig_I0_sens	M0727	coverage	22	0.6700	1.0000	0.2273	1.0000	462
orig_I0_sens	M0497	idf	15	0.8700	1.0000	0.9333	1.0000	459
orig_I0_sens	M0497	coverage	15	0.8700	0.0000	0.0000	1.0000	459
orig_I0_sens	M0338	idf	23	0.2800	1.0000	0.3043	1.0000	468
orig_I0_sens	M0338	coverage	23	0.2800	1.0000	0.0435	1.0000	468
orig_I0_sens	M0947	idf	43	0.4000	1.0000	0.6279	1.0000	473
orig_I0_sens	M0947	coverage	43	0.4000	1.0000	0.5581	1.0000	473
orig_I0_sens	M0163	idf	47	0.3500	1.0000	0.9574	1.0000	488
orig_I0_sens	M0163	coverage	47	0.3500	0.0000	0.0000	1.0000	488
orig_I0_sens	M0959	idf	155	0.7400	0.0000	0.0000	1.0000	493
orig_I0_sens	M0959	coverage	155	0.7400	0.0000	0.0000	1.0000	493
orig_I0_sens	M0433	idf	210	0.2900	0.0000	0.0000	1.0000	491
orig_I0_sens	M0433	coverage	210	0.2900	0.0000	0.0000	1.0000	491
orig_I0_sens	M0416	idf	4	0.9100	1.0000	1.0000	1.0000	487
orig_I0_sens	M0416	coverage	4	0.9100	1.0000	1.0000	1.0000	487
orig_I0_sens	M0850	idf	31	0.3100	1.0000	0.1290	1.0000	461
orig_I0_sens	M0850	coverage	31	0.3100	1.0000	0.5161	1.0000	461
orig_I0_sens	M0454	idf	14	0.4300	1.0000	1.0000	1.0000	460
orig_I0_sens	M0454	coverage	14	0.4300	1.0000	0.8571	1.0000	460
orig_I0_sens	M0351	idf	24	0.4700	1.0000	0.0417	1.0000	426
orig_I0_sens	M0351	coverage	24	0.4700	1.0000	0.5833	1.0000	426
orig_I0_sens	M0425	idf	2084	0.3800	0.0000	0.0000	1.0000	474
orig_I0_sens	M0425	coverage	2084	0.3800	1.0000	0.0005	1.0000	474
orig_I0_sens	M0067	idf	39	0.5500	1.0000	0.2564	1.0000	481
orig_I0_sens	M0067	coverage	39	0.5500	1.0000	0.0513	1.0000	481
orig_I0_sens	M0550	idf	20	0.5000	1.0000	0.1500	1.0000	495
orig_I0_sens	M0550	coverage	20	0.5000	1.0000	0.2000	1.0000	495
orig_I0_sens	M0792	idf	10	0.2700	1.0000	0.2000	1.0000	487
orig_I0_sens	M0792	coverage	10	0.2700	0.0000	0.0000	1.0000	487
orig_I0_sens	M0961	idf	144	0.6400	0.0000	0.0000	1.0000	492
orig_I0_sens	M0961	coverage	144	0.6400	1.0000	0.0208	1.0000	492
orig_I0_sens	M0109	idf	207	0.6000	1.0000	0.5362	1.0000	464
orig_I0_sens	M0109	coverage	207	0.6000	1.0000	0.0725	1.0000	464
orig_I0_sens	M0257	idf	222	0.6300	1.0000	0.9955	1.0000	492
orig_I0_sens	M0257	coverage	222	0.6300	0.0000	0.0000	1.0000	492
orig_I0_sens	M0789	idf	51	0.3200	1.0000	0.3725	1.0000	488
orig_I0_sens	M0789	coverage	51	0.3200	1.0000	0.2353	1.0000	488
orig_I0_sens	M0363	idf	64	0.3100	1.0000	0.1406	1.0000	492
orig_I0_sens	M0363	coverage	64	0.3100	1.0000	0.1562	1.0000	492
orig_I0_sens	M0391	idf	14	0.3000	1.0000	0.5000	1.0000	497
orig_I0_sens	M0391	coverage	14	0.3000	1.0000	0.8571	1.0000	497
orig_I0_sens	M0826	idf	21	0.2600	1.0000	0.7143	1.0000	495
orig_I0_sens	M0826	coverage	21	0.2600	1.0000	0.6190	1.0000	495
orig_I0_sens	M0952	idf	5	0.2500	1.0000	0.8000	1.0000	449
orig_I0_sens	M0952	coverage	5	0.2500	1.0000	0.8000	1.0000	449
orig_I0_sens	M0117	idf	100	0.3000	0.0000	0.0000	1.0000	494
orig_I0_sens	M0117	coverage	100	0.3000	1.0000	0.0100	1.0000	494
orig_I0_sens	M0854	idf	122	0.5400	1.0000	0.3115	1.0000	472
orig_I0_sens	M0854	coverage	122	0.5400	1.0000	0.0656	1.0000	472
orig_I0_sens	M0881	idf	155	0.5600	1.0000	1.0000	1.0000	466
orig_I0_sens	M0881	coverage	155	0.5600	1.0000	0.7742	1.0000	466
orig_I0_sens	M0874	idf	1	0.2800	1.0000	1.0000	1.0000	485
orig_I0_sens	M0874	coverage	1	0.2800	1.0000	1.0000	1.0000	485
orig_I0_sens	M0597	idf	27	0.3300	1.0000	0.4074	1.0000	492
orig_I0_sens	M0597	coverage	27	0.3300	1.0000	0.3333	1.0000	492
orig_I0_sens	M0070	idf	159	0.3900	1.0000	0.0440	1.0000	472
orig_I0_sens	M0070	coverage	159	0.3900	1.0000	0.0440	1.0000	472
orig_I0_sens	M0423	idf	94	0.5100	1.0000	0.1383	1.0000	470
orig_I0_sens	M0423	coverage	94	0.5100	1.0000	0.1489	1.0000	470
orig_I0_sens	M0266	idf	35	0.6800	1.0000	0.8571	1.0000	437
orig_I0_sens	M0266	coverage	35	0.6800	1.0000	0.2571	1.0000	437
orig_I0_sens	M0262	idf	19	0.6000	1.0000	1.0000	1.0000	414
orig_I0_sens	M0262	coverage	19	0.6000	1.0000	0.4211	1.0000	414
orig_I0_sens	M0806	idf	3	0.2600	0.0000	0.0000	1.0000	490
orig_I0_sens	M0806	coverage	3	0.2600	1.0000	0.3333	1.0000	490
orig_I0_sens	M0937	idf	31	0.4200	1.0000	0.1290	1.0000	484
orig_I0_sens	M0937	coverage	31	0.4200	1.0000	0.8387	1.0000	484
orig_I0_sens	M0066	idf	57	0.4900	1.0000	0.3860	1.0000	478
orig_I0_sens	M0066	coverage	57	0.4900	1.0000	0.2632	1.0000	478
orig_I0_sens	M0462	idf	48	0.4600	1.0000	0.9375	1.0000	494
orig_I0_sens	M0462	coverage	48	0.4600	1.0000	0.4375	1.0000	494
orig_I0_sens	M0380	idf	21	0.6300	1.0000	0.6667	1.0000	460
orig_I0_sens	M0380	coverage	21	0.6300	1.0000	0.5714	1.0000	460
orig_I0_sens	M0403	idf	16	0.4800	1.0000	1.0000	1.0000	461
orig_I0_sens	M0403	coverage	16	0.4800	1.0000	0.3125	1.0000	461
orig_I0_sens	M0141	idf	25	1.6400	1.0000	0.1600	1.0000	449
orig_I0_sens	M0141	coverage	25	1.6400	0.0000	0.0000	1.0000	449
orig_I0_sens	M0237	idf	555	0.4400	1.0000	0.0865	1.0000	447
orig_I0_sens	M0237	coverage	555	0.4400	1.0000	0.1586	1.0000	447
orig_I0_sens	M0642	idf	24	0.3000	1.0000	0.2917	1.0000	497
orig_I0_sens	M0642	coverage	24	0.3000	1.0000	0.2917	1.0000	497
orig_I0_sens	M0142	idf	13	0.4900	1.0000	0.3846	1.0000	489
orig_I0_sens	M0142	coverage	13	0.4900	1.0000	0.3077	1.0000	489
orig_I0_sens	M0798	idf	2073	0.4500	0.0000	0.0000	1.0000	498
orig_I0_sens	M0798	coverage	2073	0.4500	0.0000	0.0000	1.0000	498
orig_I0_sens	M0574	idf	111	1.1600	1.0000	0.6396	1.0000	479
orig_I0_sens	M0574	coverage	111	1.1600	0.0000	0.0000	1.0000	479
orig_I0_sens	M0663	idf	96	0.3900	1.0000	0.1667	1.0000	441
orig_I0_sens	M0663	coverage	96	0.3900	1.0000	0.1354	1.0000	441
orig_I0_sens	M0348	idf	165	0.9800	0.0000	0.0000	1.0000	494
orig_I0_sens	M0348	coverage	165	0.9800	0.0000	0.0000	1.0000	494
orig_I0_sens	M0353	idf	11	0.2300	1.0000	0.0909	1.0000	498
orig_I0_sens	M0353	coverage	11	0.2300	1.0000	0.7273	1.0000	498
orig_I0_sens	M0028	idf	19	0.5100	1.0000	1.0000	1.0000	414
orig_I0_sens	M0028	coverage	19	0.5100	1.0000	1.0000	1.0000	414
orig_I0_sens	M0308	idf	172	1.0300	1.0000	1.0000	1.0000	460
orig_I0_sens	M0308	coverage	172	1.0300	0.0000	0.0000	1.0000	460
orig_I0_sens	M0860	idf	6	0.6800	1.0000	0.3333	1.0000	476
orig_I0_sens	M0860	coverage	6	0.6800	1.0000	0.3333	1.0000	476
orig_I0_sens	M0188	idf	117	0.3200	0.0000	0.0000	1.0000	447
orig_I0_sens	M0188	coverage	117	0.3200	1.0000	0.0256	1.0000	447
orig_I0_sens	M0003	idf	94	0.3200	1.0000	0.1915	1.0000	496
orig_I0_sens	M0003	coverage	94	0.3200	1.0000	0.1915	1.0000	496
orig_I0_sens	M0906	idf	265	0.2500	0.0000	0.0000	1.0000	480
orig_I0_sens	M0906	coverage	265	0.2500	1.0000	0.2000	1.0000	480
orig_I0_sens	M0590	idf	19	0.5100	1.0000	0.1053	1.0000	460
orig_I0_sens	M0590	coverage	19	0.5100	1.0000	0.1053	1.0000	460
orig_I0_sens	M0293	idf	60	0.3700	1.0000	0.6833	1.0000	466
orig_I0_sens	M0293	coverage	60	0.3700	1.0000	0.4500	1.0000	466
orig_I0_sens	M0651	idf	56	0.2800	1.0000	0.0536	1.0000	489
orig_I0_sens	M0651	coverage	56	0.2800	1.0000	0.1250	1.0000	489
orig_I0_sens	M0297	idf	17	0.1400	1.0000	0.0588	1.0000	498
orig_I0_sens	M0297	coverage	17	0.1400	0.0000	0.0000	1.0000	498
orig_I0_sens	M0194	idf	63	0.8100	1.0000	0.9524	1.0000	454
orig_I0_sens	M0194	coverage	63	0.8100	1.0000	0.1270	1.0000	454
orig_I0_sens	M0589	idf	26	0.3200	1.0000	0.1154	1.0000	425
orig_I0_sens	M0589	coverage	26	0.3200	1.0000	0.0385	1.0000	425
orig_I0_sens	M0669	idf	10	0.3900	1.0000	0.4000	1.0000	476
orig_I0_sens	M0669	coverage	10	0.3900	0.0000	0.0000	1.0000	476
orig_I0_sens	M0742	idf	2	0.4900	1.0000	1.0000	1.0000	483
orig_I0_sens	M0742	coverage	2	0.4900	0.0000	0.0000	1.0000	483
orig_I0_sens	M0298	idf	164	0.5200	0.0000	0.0000	0.0000	494
orig_I0_sens	M0298	coverage	164	0.5200	0.0000	0.0000	0.0000	494
orig_I0_sens	M0440	idf	43	0.5900	1.0000	0.9302	1.0000	423
orig_I0_sens	M0440	coverage	43	0.5900	1.0000	0.2326	1.0000	423
orig_I0_sens	M0386	idf	4	0.9800	1.0000	1.0000	1.0000	460
orig_I0_sens	M0386	coverage	4	0.9800	1.0000	0.7500	1.0000	460
orig_I0_sens	M0087	idf	50	1.0300	1.0000	1.0000	1.0000	469
orig_I0_sens	M0087	coverage	50	1.0300	1.0000	0.2600	1.0000	469
orig_I1	M0346	idf	37	0.2900	1.0000	0.0541	1.0000	376
orig_I1	M0346	coverage	37	0.2900	0.0000	0.0000	1.0000	376
orig_I1	M0376	idf	41	0.3800	1.0000	0.7805	1.0000	425
orig_I1	M0376	coverage	41	0.3800	1.0000	0.8293	1.0000	425
orig_I1	M0431	idf	3	0.2300	1.0000	1.0000	1.0000	410
orig_I1	M0431	coverage	3	0.2300	0.0000	0.0000	1.0000	410
orig_I1	M0243	idf	11	0.4300	1.0000	1.0000	1.0000	418
orig_I1	M0243	coverage	11	0.4300	0.0000	0.0000	1.0000	418
orig_I1	M0294	idf	108	0.5600	1.0000	0.2778	1.0000	443
orig_I1	M0294	coverage	108	0.5600	0.0000	0.0000	1.0000	443
orig_I1	M0895	idf	121	0.1800	1.0000	0.0165	1.0000	384
orig_I1	M0895	coverage	121	0.1800	1.0000	0.0165	1.0000	384
orig_I1	M0104	idf	4	0.4800	1.0000	1.0000	1.0000	317
orig_I1	M0104	coverage	4	0.4800	1.0000	1.0000	1.0000	317
orig_I1	M0869	idf	5	0.2000	0.0000	0.0000	1.0000	447
orig_I1	M0869	coverage	5	0.2000	1.0000	0.4000	1.0000	447
orig_I1	M0075	idf	2	0.4300	1.0000	0.5000	1.0000	296
orig_I1	M0075	coverage	2	0.4300	0.0000	0.0000	1.0000	296
orig_I1	M0134	idf	55	0.2500	1.0000	0.8364	1.0000	441
orig_I1	M0134	coverage	55	0.2500	1.0000	0.9273	1.0000	441
orig_I1	M0206	idf	75	0.4400	1.0000	0.8533	1.0000	374
orig_I1	M0206	coverage	75	0.4400	1.0000	0.3333	1.0000	374
orig_I1	M0044	idf	67	0.5600	1.0000	0.9552	1.0000	345
orig_I1	M0044	coverage	67	0.5600	1.0000	0.2836	1.0000	345
orig_I1	M0484	idf	100	0.5300	1.0000	1.0000	1.0000	367
orig_I1	M0484	coverage	100	0.5300	1.0000	0.8700	1.0000	367
orig_I1	M0334	idf	22	0.3200	1.0000	1.0000	1.0000	263
orig_I1	M0334	coverage	22	0.3200	1.0000	0.3636	1.0000	263
orig_I1	M0412	idf	5	0.3500	1.0000	0.6000	1.0000	448
orig_I1	M0412	coverage	5	0.3500	0.0000	0.0000	1.0000	448
orig_I1	M0931	idf	70	0.2200	1.0000	0.3571	1.0000	351
orig_I1	M0931	coverage	70	0.2200	1.0000	0.7571	1.0000	351
orig_I1	M0118	idf	106	0.1700	0.0000	0.0000	1.0000	417
orig_I1	M0118	coverage	106	0.1700	0.0000	0.0000	1.0000	417
orig_I1	M0752	idf	8	0.0800	1.0000	1.0000	1.0000	422
orig_I1	M0752	coverage	8	0.0800	1.0000	0.8750	1.0000	422
orig_I1	M0428	idf	10	0.4500	1.0000	1.0000	1.0000	364
orig_I1	M0428	coverage	10	0.4500	1.0000	0.6000	1.0000	364
orig_I1	M0771	idf	213	0.1900	1.0000	0.0423	1.0000	270
orig_I1	M0771	coverage	213	0.1900	1.0000	0.0376	1.0000	270
orig_I1	M0658	idf	12	0.2100	0.0000	0.0000	1.0000	309
orig_I1	M0658	coverage	12	0.2100	1.0000	0.9167	1.0000	309
orig_I1	M0311	idf	78	0.5000	1.0000	1.0000	1.0000	468
orig_I1	M0311	coverage	78	0.5000	0.0000	0.0000	1.0000	468
orig_I1	M0600	idf	78	0.3100	1.0000	0.2949	1.0000	345
orig_I1	M0600	coverage	78	0.3100	1.0000	0.3846	1.0000	345
orig_I1	M0565	idf	13	0.0700	1.0000	0.0769	1.0000	126
orig_I1	M0565	coverage	13	0.0700	1.0000	0.3846	1.0000	126
orig_I1	M0085	idf	11	0.2900	1.0000	0.7273	1.0000	420
orig_I1	M0085	coverage	11	0.2900	1.0000	0.5455	1.0000	420
orig_I1	M0488	idf	6	0.4800	1.0000	1.0000	1.0000	395
orig_I1	M0488	coverage	6	0.4800	1.0000	0.3333	1.0000	395
orig_I1	M0076	idf	97	0.1700	1.0000	0.7526	1.0000	441
orig_I1	M0076	coverage	97	0.1700	1.0000	0.8247	1.0000	441
orig_I1	M0175	idf	826	0.1600	0.0000	0.0000	1.0000	498
orig_I1	M0175	coverage	826	0.1600	1.0000	0.5726	1.0000	498
orig_I1	M0107	idf	7	0.4300	1.0000	0.7143	1.0000	418
orig_I1	M0107	coverage	7	0.4300	1.0000	0.7143	1.0000	418
orig_I1	M0201	idf	38	0.2100	0.0000	0.0000	1.0000	385
orig_I1	M0201	coverage	38	0.2100	0.0000	0.0000	1.0000	385
orig_I1	M0383	idf	124	0.6800	0.0000	0.0000	1.0000	372
orig_I1	M0383	coverage	124	0.6800	1.0000	0.6855	1.0000	372
orig_I1	M0111	idf	10	0.7100	1.0000	0.4000	1.0000	370
orig_I1	M0111	coverage	10	0.7100	0.0000	0.0000	1.0000	370
orig_I1	M0634	idf	9	0.4200	1.0000	1.0000	1.0000	292
orig_I1	M0634	coverage	9	0.4200	1.0000	1.0000	1.0000	292
orig_I1	M0609	idf	81	0.3100	1.0000	0.0864	1.0000	498
orig_I1	M0609	coverage	81	0.3100	1.0000	0.0494	1.0000	498
orig_I1	M0228	idf	119	0.2700	1.0000	0.0924	1.0000	387
orig_I1	M0228	coverage	119	0.2700	0.0000	0.0000	1.0000	387
orig_I1	M0636	idf	16	0.2600	1.0000	0.6250	1.0000	480
orig_I1	M0636	coverage	16	0.2600	1.0000	0.3750	1.0000	480
orig_I1	M0908	idf	78	0.1800	0.0000	0.0000	1.0000	427
orig_I1	M0908	coverage	78	0.1800	1.0000	0.0128	1.0000	427
orig_I1	M0564	idf	357	0.2400	0.0000	0.0000	1.0000	395
orig_I1	M0564	coverage	357	0.2400	0.0000	0.0000	1.0000	395
orig_I1	M0616	idf	5	0.2400	1.0000	1.0000	1.0000	385
orig_I1	M0616	coverage	5	0.2400	1.0000	1.0000	1.0000	385
orig_I1	M0453	idf	61	0.4600	1.0000	0.6393	1.0000	485
orig_I1	M0453	coverage	61	0.4600	1.0000	0.0656	1.0000	485
orig_I1	M0510	idf	62	0.2900	1.0000	0.9032	1.0000	292
orig_I1	M0510	coverage	62	0.2900	1.0000	0.6129	1.0000	292
orig_I1	M0216	idf	1150	0.3000	1.0000	0.4339	1.0000	499
orig_I1	M0216	coverage	1150	0.3000	1.0000	0.4339	1.0000	499
orig_I1	M0448	idf	7	0.1500	0.0000	0.0000	0.0000	398
orig_I1	M0448	coverage	7	0.1500	0.0000	0.0000	0.0000	398
orig_I1	M0732	idf	18	0.2200	0.0000	0.0000	1.0000	190
orig_I1	M0732	coverage	18	0.2200	0.0000	0.0000	1.0000	190
orig_I1	M0734	idf	5	0.1500	1.0000	0.2000	1.0000	383
orig_I1	M0734	coverage	5	0.1500	0.0000	0.0000	1.0000	383
orig_I1	M0456	idf	17	0.1600	1.0000	0.0588	1.0000	419
orig_I1	M0456	coverage	17	0.1600	1.0000	0.1176	1.0000	419
orig_I1	M0278	idf	74	0.0800	1.0000	0.9189	1.0000	247
orig_I1	M0278	coverage	74	0.0800	1.0000	0.9595	1.0000	247
orig_I1	M0682	idf	290	0.1400	0.0000	0.0000	1.0000	450
orig_I1	M0682	coverage	290	0.1400	1.0000	0.5345	1.0000	450
orig_I1	M0381	idf	68	0.1200	1.0000	0.4118	1.0000	356
orig_I1	M0381	coverage	68	0.1200	1.0000	0.6324	1.0000	356
orig_I1	M0759	idf	73	0.4100	0.0000	0.0000	1.0000	341
orig_I1	M0759	coverage	73	0.4100	0.0000	0.0000	1.0000	341
orig_I1	M0916	idf	1	0.2300	1.0000	1.0000	1.0000	290
orig_I1	M0916	coverage	1	0.2300	1.0000	1.0000	1.0000	290
orig_I1	M0122	idf	21	0.3200	1.0000	0.6667	1.0000	407
orig_I1	M0122	coverage	21	0.3200	0.0000	0.0000	1.0000	407
orig_I1	M0435	idf	17	1.5500	1.0000	0.0588	1.0000	440
orig_I1	M0435	coverage	17	1.5500	0.0000	0.0000	1.0000	440
orig_I1	M0519	idf	16	0.5400	1.0000	1.0000	1.0000	385
orig_I1	M0519	coverage	16	0.5400	0.0000	0.0000	1.0000	385
orig_I1	M0506	idf	113	0.2200	1.0000	0.4071	1.0000	422
orig_I1	M0506	coverage	113	0.2200	0.0000	0.0000	1.0000	422
orig_I1	M0357	idf	5	0.2200	1.0000	0.2000	1.0000	256
orig_I1	M0357	coverage	5	0.2200	1.0000	0.6000	1.0000	256
orig_I1	M0414	idf	82	0.2600	1.0000	0.8049	1.0000	428
orig_I1	M0414	coverage	82	0.2600	0.0000	0.0000	1.0000	428
orig_I1	M0096	idf	23	0.3000	1.0000	0.0435	1.0000	367
orig_I1	M0096	coverage	23	0.3000	1.0000	0.0435	1.0000	367
orig_I1	M0885	idf	15	0.4900	1.0000	0.5333	1.0000	357
orig_I1	M0885	coverage	15	0.4900	1.0000	0.1333	1.0000	357
orig_I1	M0738	idf	15	0.3200	1.0000	1.0000	1.0000	338
orig_I1	M0738	coverage	15	0.3200	1.0000	0.6667	1.0000	338
orig_I1	M0545	idf	19	0.3800	1.0000	0.1053	1.0000	399
orig_I1	M0545	coverage	19	0.3800	1.0000	0.6316	1.0000	399
orig_I1	M0815	idf	238	0.1800	1.0000	0.3613	1.0000	455
orig_I1	M0815	coverage	238	0.1800	1.0000	0.0042	1.0000	455
orig_I1	M0077	idf	101	0.3800	1.0000	0.2376	1.0000	360
orig_I1	M0077	coverage	101	0.3800	1.0000	0.4653	1.0000	360
orig_I1	M0851	idf	22	0.1200	0.0000	0.0000	1.0000	251
orig_I1	M0851	coverage	22	0.1200	1.0000	0.0909	1.0000	251
orig_I1	M0862	idf	17	0.3100	1.0000	0.5294	1.0000	229
orig_I1	M0862	coverage	17	0.3100	0.0000	0.0000	1.0000	229
orig_I1	M0736	idf	3	0.2900	1.0000	1.0000	1.0000	364
orig_I1	M0736	coverage	3	0.2900	0.0000	0.0000	1.0000	364
orig_I1	M0819	idf	25	0.2100	1.0000	0.0400	1.0000	397
orig_I1	M0819	coverage	25	0.2100	1.0000	0.6800	1.0000	397
orig_I1	M0822	idf	2	0.2800	1.0000	1.0000	1.0000	367
orig_I1	M0822	coverage	2	0.2800	1.0000	0.5000	1.0000	367
orig_I1	M0136	idf	9	0.3400	1.0000	0.8889	1.0000	395
orig_I1	M0136	coverage	9	0.3400	1.0000	0.7778	1.0000	395
orig_I1	M0054	idf	44	0.0900	1.0000	0.6818	1.0000	282
orig_I1	M0054	coverage	44	0.0900	1.0000	0.7500	1.0000	282
orig_I1	M0612	idf	82	0.3000	0.0000	0.0000	1.0000	362
orig_I1	M0612	coverage	82	0.3000	1.0000	0.7927	1.0000	362
orig_I1	M0010	idf	13	0.2700	1.0000	1.0000	1.0000	288
orig_I1	M0010	coverage	13	0.2700	1.0000	0.9231	1.0000	288
orig_I1	M0709	idf	289	0.2400	1.0000	0.0346	1.0000	427
orig_I1	M0709	coverage	289	0.2400	1.0000	0.0381	1.0000	427
orig_I1	M0940	idf	104	0.4900	0.0000	0.0000	1.0000	491
orig_I1	M0940	coverage	104	0.4900	0.0000	0.0000	1.0000	491
orig_I1	M0172	idf	12	0.4700	1.0000	0.1667	1.0000	438
orig_I1	M0172	coverage	12	0.4700	1.0000	0.5833	1.0000	438
orig_I1	M0693	idf	362	0.1800	0.0000	0.0000	1.0000	492
orig_I1	M0693	coverage	362	0.1800	1.0000	0.0028	1.0000	492
orig_I1	M0159	idf	148	0.5100	1.0000	0.8243	1.0000	398
orig_I1	M0159	coverage	148	0.5100	1.0000	0.1081	1.0000	398
orig_I1	M0835	idf	9	0.3700	0.0000	0.0000	1.0000	352
orig_I1	M0835	coverage	9	0.3700	0.0000	0.0000	1.0000	352
orig_I1	M0810	idf	37	0.3500	1.0000	0.4865	1.0000	376
orig_I1	M0810	coverage	37	0.3500	1.0000	0.3784	1.0000	376
orig_I1	M0434	idf	12	0.4500	1.0000	1.0000	1.0000	349
orig_I1	M0434	coverage	12	0.4500	0.0000	0.0000	1.0000	349
orig_I1	M0653	idf	23	0.2800	1.0000	0.0435	1.0000	446
orig_I1	M0653	coverage	23	0.2800	1.0000	0.0435	1.0000	446
orig_I1	M0205	idf	259	0.4700	1.0000	0.9382	1.0000	456
orig_I1	M0205	coverage	259	0.4700	1.0000	0.9112	1.0000	456
orig_I1	M0939	idf	13	0.0600	1.0000	0.4615	1.0000	266
orig_I1	M0939	coverage	13	0.0600	1.0000	0.4615	1.0000	266
orig_I1	M0918	idf	65	0.6100	1.0000	0.0923	1.0000	395
orig_I1	M0918	coverage	65	0.6100	1.0000	0.5385	1.0000	395
orig_I1	M0858	idf	351	0.2900	1.0000	0.1140	1.0000	446
orig_I1	M0858	coverage	351	0.2900	1.0000	0.9202	1.0000	446
orig_I1	M0420	idf	17	0.1600	1.0000	0.2353	1.0000	370
orig_I1	M0420	coverage	17	0.1600	1.0000	0.2353	1.0000	370
orig_I1	M0879	idf	15	0.2000	0.0000	0.0000	1.0000	233
orig_I1	M0879	coverage	15	0.2000	0.0000	0.0000	1.0000	233
orig_I1	M0371	idf	122	0.2600	0.0000	0.0000	1.0000	414
orig_I1	M0371	coverage	122	0.2600	0.0000	0.0000	1.0000	414
orig_I1	M0020	idf	115	0.4900	0.0000	0.0000	1.0000	439
orig_I1	M0020	coverage	115	0.4900	1.0000	0.0087	1.0000	439
orig_I1	M0855	idf	38	0.2700	1.0000	0.4737	1.0000	311
orig_I1	M0855	coverage	38	0.2700	1.0000	0.1316	1.0000	311
orig_I1	M0957	idf	186	0.3900	0.0000	0.0000	1.0000	492
orig_I1	M0957	coverage	186	0.3900	0.0000	0.0000	1.0000	492
orig_I1	M0505	idf	27	0.2900	1.0000	0.1111	1.0000	407
orig_I1	M0505	coverage	27	0.2900	1.0000	0.0741	1.0000	407
orig_I1	M0477	idf	70	0.2200	1.0000	0.6714	1.0000	477
orig_I1	M0477	coverage	70	0.2200	1.0000	0.7429	1.0000	477
orig_I1	M0829	idf	6	0.3000	1.0000	0.6667	1.0000	320
orig_I1	M0829	coverage	6	0.3000	0.0000	0.0000	1.0000	320
orig_I1	M0884	idf	19	0.2700	1.0000	0.0526	1.0000	346
orig_I1	M0884	coverage	19	0.2700	1.0000	0.6316	1.0000	346
orig_I1	M0384	idf	67	0.2000	1.0000	0.1045	1.0000	335
orig_I1	M0384	coverage	67	0.2000	0.0000	0.0000	1.0000	335
orig_I1	M0065	idf	53	0.2900	1.0000	0.5849	1.0000	369
orig_I1	M0065	coverage	53	0.2900	1.0000	0.2264	1.0000	369
orig_I1	M0123	idf	2	0.6300	1.0000	1.0000	1.0000	392
orig_I1	M0123	coverage	2	0.6300	0.0000	0.0000	1.0000	392
orig_I1	M0580	idf	9	0.2100	1.0000	0.1111	1.0000	408
orig_I1	M0580	coverage	9	0.2100	1.0000	0.5556	1.0000	408
orig_I1	M0033	idf	14	0.2600	1.0000	0.7857	1.0000	359
orig_I1	M0033	coverage	14	0.2600	1.0000	0.0714	1.0000	359
orig_I1	M0281	idf	1	0.5100	1.0000	1.0000	1.0000	363
orig_I1	M0281	coverage	1	0.5100	1.0000	1.0000	1.0000	363
orig_I1	M0544	idf	12	0.2900	1.0000	0.4167	1.0000	340
orig_I1	M0544	coverage	12	0.2900	1.0000	0.0833	1.0000	340
orig_I1	M0212	idf	83	1.0800	1.0000	0.4819	1.0000	433
orig_I1	M0212	coverage	83	1.0800	0.0000	0.0000	1.0000	433
orig_I1	M0426	idf	18	0.2600	1.0000	0.9444	1.0000	393
orig_I1	M0426	coverage	18	0.2600	1.0000	0.2222	1.0000	393
orig_I1	M0905	idf	198	0.1400	0.0000	0.0000	1.0000	341
orig_I1	M0905	coverage	198	0.1400	0.0000	0.0000	1.0000	341
orig_I1	M0843	idf	14	0.1100	1.0000	0.5714	1.0000	228
orig_I1	M0843	coverage	14	0.1100	1.0000	0.7143	1.0000	228
orig_I1	M0263	idf	24	0.2500	1.0000	0.2083	1.0000	413
orig_I1	M0263	coverage	24	0.2500	1.0000	0.5000	1.0000	413
orig_I1	M0697	idf	155	0.3300	1.0000	0.1032	1.0000	371
orig_I1	M0697	coverage	155	0.3300	1.0000	0.4710	1.0000	371
orig_I1	M0260	idf	21	0.3300	1.0000	1.0000	1.0000	334
orig_I1	M0260	coverage	21	0.3300	1.0000	0.4762	1.0000	334
orig_I1	M0379	idf	41	0.5200	1.0000	1.0000	1.0000	388
orig_I1	M0379	coverage	41	0.5200	1.0000	0.0732	1.0000	388
orig_I1	M0377	idf	189	0.4700	1.0000	0.0317	1.0000	491
orig_I1	M0377	coverage	189	0.4700	0.0000	0.0000	1.0000	491
orig_I1	M0547	idf	4	0.1900	1.0000	0.7500	1.0000	352
orig_I1	M0547	coverage	4	0.1900	1.0000	0.7500	1.0000	352
orig_I1	M0508	idf	6	0.3200	1.0000	1.0000	1.0000	377
orig_I1	M0508	coverage	6	0.3200	1.0000	0.1667	1.0000	377
orig_I1	M0401	idf	392	0.2800	0.0000	0.0000	1.0000	430
orig_I1	M0401	coverage	392	0.2800	0.0000	0.0000	1.0000	430
orig_I1	M0755	idf	11	0.1600	1.0000	0.9091	1.0000	360
orig_I1	M0755	coverage	11	0.1600	1.0000	0.0909	1.0000	360
orig_I1	M0458	idf	25	0.1300	1.0000	0.1600	1.0000	444
orig_I1	M0458	coverage	25	0.1300	1.0000	0.8400	1.0000	444
orig_I1	M0314	idf	45	0.9500	1.0000	0.0667	1.0000	363
orig_I1	M0314	coverage	45	0.9500	0.0000	0.0000	1.0000	363
orig_I1	M0210	idf	220	0.2700	1.0000	0.0273	1.0000	422
orig_I1	M0210	coverage	220	0.2700	1.0000	0.0045	1.0000	422
orig_I1	M0154	idf	62	0.1800	0.0000	0.0000	1.0000	425
orig_I1	M0154	coverage	62	0.1800	1.0000	0.8387	1.0000	425
orig_I1	M0502	idf	20	0.6200	1.0000	0.2000	1.0000	425
orig_I1	M0502	coverage	20	0.6200	0.0000	0.0000	1.0000	425
orig_I1	M0031	idf	290	0.2900	1.0000	0.7655	1.0000	446
orig_I1	M0031	coverage	290	0.2900	1.0000	0.6586	1.0000	446
orig_I1	M0178	idf	273	0.3800	1.0000	0.0110	1.0000	345
orig_I1	M0178	coverage	273	0.3800	0.0000	0.0000	1.0000	345
orig_I1	M0019	idf	21	0.4300	1.0000	1.0000	1.0000	366
orig_I1	M0019	coverage	21	0.4300	1.0000	0.9524	1.0000	366
orig_I1	M0125	idf	19	0.4700	1.0000	0.8947	1.0000	337
orig_I1	M0125	coverage	19	0.4700	1.0000	0.6842	1.0000	337
orig_I1	M0181	idf	8	0.4800	1.0000	0.6250	1.0000	390
orig_I1	M0181	coverage	8	0.4800	1.0000	0.2500	1.0000	390
orig_I1	M0466	idf	6	0.5700	1.0000	0.5000	1.0000	433
orig_I1	M0466	coverage	6	0.5700	0.0000	0.0000	1.0000	433
orig_I1	M0058	idf	37	0.2500	1.0000	0.0541	1.0000	359
orig_I1	M0058	coverage	37	0.2500	1.0000	0.0270	1.0000	359
orig_I1	M0683	idf	27	0.3900	1.0000	0.9630	1.0000	388
orig_I1	M0683	coverage	27	0.3900	1.0000	0.3704	1.0000	388
orig_I1	M0925	idf	22	0.2000	1.0000	0.0455	1.0000	416
orig_I1	M0925	coverage	22	0.2000	1.0000	0.0909	1.0000	416
orig_I1	M0081	idf	9	0.3000	1.0000	0.5556	1.0000	297
orig_I1	M0081	coverage	9	0.3000	1.0000	0.2222	1.0000	297
orig_I1	M0090	idf	60	0.5600	1.0000	0.9833	1.0000	359
orig_I1	M0090	coverage	60	0.5600	1.0000	0.0833	1.0000	359
orig_I1	M0429	idf	47	0.2900	1.0000	0.9149	1.0000	302
orig_I1	M0429	coverage	47	0.2900	1.0000	0.8085	1.0000	302
orig_I1	M0447	idf	2	0.3000	1.0000	0.5000	1.0000	355
orig_I1	M0447	coverage	2	0.3000	0.0000	0.0000	1.0000	355
orig_I1	M0768	idf	19	0.4000	1.0000	0.8421	1.0000	373
orig_I1	M0768	coverage	19	0.4000	1.0000	0.3158	1.0000	373
orig_I1	M0261	idf	19	0.2900	1.0000	0.3158	1.0000	402
orig_I1	M0261	coverage	19	0.2900	1.0000	0.0526	1.0000	402
orig_I1	M0234	idf	8	0.3500	1.0000	0.6250	1.0000	302
orig_I1	M0234	coverage	8	0.3500	1.0000	0.2500	1.0000	302
orig_I1	M0958	idf	236	0.3700	0.0000	0.0000	1.0000	492
orig_I1	M0958	coverage	236	0.3700	0.0000	0.0000	1.0000	492
orig_I1	M0387	idf	2048	0.2900	1.0000	0.0132	1.0000	493
orig_I1	M0387	coverage	2048	0.2900	1.0000	0.0010	1.0000	493
orig_I1	M0520	idf	440	0.3000	0.0000	0.0000	1.0000	489
orig_I1	M0520	coverage	440	0.3000	1.0000	0.2000	1.0000	489
orig_I1	M0910	idf	7	0.2800	1.0000	1.0000	1.0000	328
orig_I1	M0910	coverage	7	0.2800	1.0000	1.0000	1.0000	328
orig_I1	M0398	idf	36	0.4500	1.0000	1.0000	1.0000	290
orig_I1	M0398	coverage	36	0.4500	1.0000	0.6389	1.0000	290
orig_I1	M0040	idf	52	0.2600	1.0000	0.1154	1.0000	377
orig_I1	M0040	coverage	52	0.2600	1.0000	0.1538	1.0000	377
orig_I1	M0808	idf	3	0.3100	1.0000	1.0000	1.0000	413
orig_I1	M0808	coverage	3	0.3100	1.0000	1.0000	1.0000	413
orig_I1	M0781	idf	6	0.1700	1.0000	0.8333	1.0000	323
orig_I1	M0781	coverage	6	0.1700	0.0000	0.0000	1.0000	323
orig_I1	M0410	idf	30	0.5200	1.0000	0.2333	1.0000	335
orig_I1	M0410	coverage	30	0.5200	0.0000	0.0000	1.0000	335
orig_I1	M0250	idf	14	0.2400	1.0000	1.0000	1.0000	393
orig_I1	M0250	coverage	14	0.2400	1.0000	0.0714	1.0000	393
orig_I1	M0748	idf	19	0.0600	1.0000	0.8947	1.0000	110
orig_I1	M0748	coverage	19	0.0600	1.0000	1.0000	1.0000	110
orig_I1	M0515	idf	20	0.4200	1.0000	0.4500	1.0000	396
orig_I1	M0515	coverage	20	0.4200	1.0000	0.3500	1.0000	396
orig_I1	M0920	idf	21	0.3700	1.0000	0.5714	1.0000	366
orig_I1	M0920	coverage	21	0.3700	0.0000	0.0000	1.0000	366
orig_I1	M0655	idf	6	0.1000	1.0000	0.1667	1.0000	156
orig_I1	M0655	coverage	6	0.1000	1.0000	0.1667	1.0000	156
orig_I1	M0227	idf	38	0.3000	1.0000	0.2105	1.0000	376
orig_I1	M0227	coverage	38	0.3000	1.0000	0.0526	1.0000	376
orig_I1	M0272	idf	35	0.4600	1.0000	0.2286	1.0000	398
orig_I1	M0272	coverage	35	0.4600	0.0000	0.0000	1.0000	398
orig_I1	M0093	idf	10	0.3100	0.0000	0.0000	1.0000	350
orig_I1	M0093	coverage	10	0.3100	0.0000	0.0000	1.0000	350
orig_I1	M0625	idf	5	0.2300	0.0000	0.0000	1.0000	354
orig_I1	M0625	coverage	5	0.2300	0.0000	0.0000	1.0000	354
orig_I1	M0321	idf	19	0.2600	1.0000	0.4737	1.0000	334
orig_I1	M0321	coverage	19	0.2600	1.0000	0.2105	1.0000	334
orig_I1	M0048	idf	98	0.3500	1.0000	0.5816	1.0000	303
orig_I1	M0048	coverage	98	0.3500	1.0000	0.1224	1.0000	303
orig_I1	M0043	idf	20	0.3900	1.0000	1.0000	1.0000	366
orig_I1	M0043	coverage	20	0.3900	1.0000	0.6500	1.0000	366
orig_I1	M0900	idf	441	0.1700	0.0000	0.0000	1.0000	497
orig_I1	M0900	coverage	441	0.1700	0.0000	0.0000	1.0000	497
orig_I1	M0857	idf	12	0.4000	1.0000	0.7500	1.0000	340
orig_I1	M0857	coverage	12	0.4000	1.0000	0.1667	1.0000	340
orig_I1	M0964	idf	68	0.2400	1.0000	0.1471	1.0000	418
orig_I1	M0964	coverage	68	0.2400	1.0000	0.0735	1.0000	418
orig_I1	M0131	idf	36	0.3600	1.0000	1.0000	1.0000	380
orig_I1	M0131	coverage	36	0.3600	1.0000	0.8333	1.0000	380
orig_I1	M0754	idf	9	0.1600	1.0000	0.3333	1.0000	318
orig_I1	M0754	coverage	9	0.1600	1.0000	0.3333	1.0000	318
orig_I1	M0313	idf	17	0.1400	1.0000	0.5294	1.0000	406
orig_I1	M0313	coverage	17	0.1400	1.0000	0.7647	1.0000	406
orig_I1	M0092	idf	41	0.2800	1.0000	0.9268	1.0000	393
orig_I1	M0092	coverage	41	0.2800	0.0000	0.0000	1.0000	393
orig_I1	M0108	idf	3	0.2800	1.0000	0.3333	1.0000	310
orig_I1	M0108	coverage	3	0.2800	0.0000	0.0000	1.0000	310
orig_I1	M0139	idf	76	0.3800	0.0000	0.0000	1.0000	342
orig_I1	M0139	coverage	76	0.3800	1.0000	0.0395	1.0000	342
orig_I1	M0235	idf	17	0.1800	1.0000	0.0588	1.0000	390
orig_I1	M0235	coverage	17	0.1800	1.0000	0.1176	1.0000	390
orig_I1	M0444	idf	83	0.2600	1.0000	0.7470	1.0000	396
orig_I1	M0444	coverage	83	0.2600	1.0000	0.7349	1.0000	396
orig_I1	M0623	idf	16	0.2800	1.0000	1.0000	1.0000	418
orig_I1	M0623	coverage	16	0.2800	1.0000	0.9375	1.0000	418
orig_I1	M0919	idf	18	0.2000	1.0000	0.4444	1.0000	227
orig_I1	M0919	coverage	18	0.2000	1.0000	0.5556	1.0000	227
orig_I1	M0369	idf	82	0.2400	1.0000	0.2683	1.0000	333
orig_I1	M0369	coverage	82	0.2400	1.0000	0.0854	1.0000	333
orig_I1	M0253	idf	212	0.4500	1.0000	0.8774	1.0000	420
orig_I1	M0253	coverage	212	0.4500	1.0000	0.0236	1.0000	420
orig_I1	M0254	idf	17	1.0600	1.0000	1.0000	1.0000	436
orig_I1	M0254	coverage	17	1.0600	1.0000	0.0588	1.0000	436
orig_I1	M0301	idf	51	0.2700	1.0000	0.1176	1.0000	410
orig_I1	M0301	coverage	51	0.2700	0.0000	0.0000	1.0000	410
orig_I1	M0674	idf	31	0.2300	1.0000	0.0968	1.0000	335
orig_I1	M0674	coverage	31	0.2300	1.0000	0.0968	1.0000	335
orig_I1	M0100	idf	360	0.4000	1.0000	0.2250	1.0000	424
orig_I1	M0100	coverage	360	0.4000	1.0000	0.3778	1.0000	424
orig_I1	M0231	idf	13	0.3000	1.0000	0.9231	1.0000	389
orig_I1	M0231	coverage	13	0.3000	1.0000	0.2308	1.0000	389
orig_I1	M0816	idf	238	0.1500	0.0000	0.0000	1.0000	378
orig_I1	M0816	coverage	238	0.1500	1.0000	0.0168	1.0000	378
orig_I1	M0472	idf	94	0.5700	1.0000	0.9681	1.0000	385
orig_I1	M0472	coverage	94	0.5700	1.0000	0.5957	1.0000	385
orig_I1	M0962	idf	134	0.5100	0.0000	0.0000	1.0000	469
orig_I1	M0962	coverage	134	0.5100	0.0000	0.0000	1.0000	469
orig_I1	M0795	idf	79	0.2900	1.0000	0.2911	1.0000	379
orig_I1	M0795	coverage	79	0.2900	0.0000	0.0000	1.0000	379
orig_I1	M0727	idf	22	0.3700	1.0000	0.5000	1.0000	317
orig_I1	M0727	coverage	22	0.3700	1.0000	0.2273	1.0000	317
orig_I1	M0497	idf	15	0.4900	1.0000	0.9333	1.0000	390
orig_I1	M0497	coverage	15	0.4900	0.0000	0.0000	1.0000	390
orig_I1	M0338	idf	23	0.1600	1.0000	0.3478	1.0000	399
orig_I1	M0338	coverage	23	0.1600	1.0000	0.0870	1.0000	399
orig_I1	M0947	idf	43	0.2000	1.0000	0.6047	1.0000	271
orig_I1	M0947	coverage	43	0.2000	1.0000	0.6977	1.0000	271
orig_I1	M0163	idf	47	0.2200	1.0000	0.8723	1.0000	397
orig_I1	M0163	coverage	47	0.2200	0.0000	0.0000	1.0000	397
orig_I1	M0959	idf	155	0.4600	0.0000	0.0000	1.0000	491
orig_I1	M0959	coverage	155	0.4600	0.0000	0.0000	1.0000	491
orig_I1	M0433	idf	210	0.1400	1.0000	0.0143	1.0000	386
orig_I1	M0433	coverage	210	0.1400	1.0000	0.0048	1.0000	386
orig_I1	M0416	idf	4	0.4700	1.0000	1.0000	1.0000	380
orig_I1	M0416	coverage	4	0.4700	1.0000	1.0000	1.0000	380
orig_I1	M0850	idf	31	0.1600	1.0000	0.2258	1.0000	399
orig_I1	M0850	coverage	31	0.1600	1.0000	0.4839	1.0000	399
orig_I1	M0454	idf	14	0.2500	1.0000	1.0000	1.0000	356
orig_I1	M0454	coverage	14	0.2500	1.0000	0.8571	1.0000	356
orig_I1	M0351	idf	24	0.2900	1.0000	0.0417	1.0000	328
orig_I1	M0351	coverage	24	0.2900	1.0000	0.7500	1.0000	328
orig_I1	M0425	idf	2084	0.2300	0.0000	0.0000	1.0000	422
orig_I1	M0425	coverage	2084	0.2300	1.0000	0.0005	1.0000	422
orig_I1	M0067	idf	39	0.2700	1.0000	0.2564	1.0000	346
orig_I1	M0067	coverage	39	0.2700	1.0000	0.0513	1.0000	346
orig_I1	M0550	idf	20	0.1800	1.0000	0.1000	1.0000	198
orig_I1	M0550	coverage	20	0.1800	1.0000	0.2000	1.0000	198
orig_I1	M0792	idf	10	0.1600	0.0000	0.0000	1.0000	368
orig_I1	M0792	coverage	10	0.1600	0.0000	0.0000	1.0000	368
orig_I1	M0961	idf	144	0.4200	0.0000	0.0000	1.0000	491
orig_I1	M0961	coverage	144	0.4200	1.0000	0.0208	1.0000	491
orig_I1	M0109	idf	207	0.3400	1.0000	0.5362	1.0000	389
orig_I1	M0109	coverage	207	0.3400	1.0000	0.2271	1.0000	389
orig_I1	M0257	idf	222	0.4000	1.0000	0.9730	1.0000	412
orig_I1	M0257	coverage	222	0.4000	0.0000	0.0000	1.0000	412
orig_I1	M0789	idf	51	0.1600	1.0000	0.3137	1.0000	287
orig_I1	M0789	coverage	51	0.1600	1.0000	0.2549	1.0000	287
orig_I1	M0363	idf	64	0.1300	1.0000	0.0312	1.0000	223
orig_I1	M0363	coverage	64	0.1300	1.0000	0.1406	1.0000	223
orig_I1	M0391	idf	14	0.2000	1.0000	0.4286	1.0000	372
orig_I1	M0391	coverage	14	0.2000	1.0000	0.8571	1.0000	372
orig_I1	M0826	idf	21	0.1800	1.0000	0.0952	1.0000	351
orig_I1	M0826	coverage	21	0.1800	1.0000	0.6190	1.0000	351
orig_I1	M0952	idf	5	0.1400	1.0000	0.8000	1.0000	371
orig_I1	M0952	coverage	5	0.1400	1.0000	0.8000	1.0000	371
orig_I1	M0117	idf	100	0.1800	0.0000	0.0000	1.0000	442
orig_I1	M0117	coverage	100	0.1800	1.0000	0.0100	1.0000	442
orig_I1	M0854	idf	122	0.3600	1.0000	0.1639	1.0000	366
orig_I1	M0854	coverage	122	0.3600	1.0000	0.0656	1.0000	366
orig_I1	M0881	idf	155	0.3300	1.0000	0.9806	1.0000	410
orig_I1	M0881	coverage	155	0.3300	1.0000	0.7355	1.0000	410
orig_I1	M0874	idf	1	0.1300	1.0000	1.0000	1.0000	276
orig_I1	M0874	coverage	1	0.1300	1.0000	1.0000	1.0000	276
orig_I1	M0597	idf	27	0.1700	1.0000	0.3704	1.0000	402
orig_I1	M0597	coverage	27	0.1700	1.0000	0.4074	1.0000	402
orig_I1	M0070	idf	159	0.2500	1.0000	0.0252	1.0000	357
orig_I1	M0070	coverage	159	0.2500	1.0000	0.0440	1.0000	357
orig_I1	M0423	idf	94	0.2900	1.0000	0.0213	1.0000	334
orig_I1	M0423	coverage	94	0.2900	1.0000	0.1170	1.0000	334
orig_I1	M0266	idf	35	0.4200	1.0000	0.8857	1.0000	333
orig_I1	M0266	coverage	35	0.4200	1.0000	0.2857	1.0000	333
orig_I1	M0262	idf	19	0.3200	1.0000	1.0000	1.0000	346
orig_I1	M0262	coverage	19	0.3200	1.0000	0.6316	1.0000	346
orig_I1	M0806	idf	3	0.1200	1.0000	0.3333	1.0000	424
orig_I1	M0806	coverage	3	0.1200	1.0000	0.3333	1.0000	424
orig_I1	M0937	idf	31	0.2000	1.0000	0.2581	1.0000	337
orig_I1	M0937	coverage	31	0.2000	1.0000	0.7742	1.0000	337
orig_I1	M0066	idf	57	0.2800	1.0000	0.1930	1.0000	358
orig_I1	M0066	coverage	57	0.2800	1.0000	0.1579	1.0000	358
orig_I1	M0462	idf	48	0.2700	1.0000	0.9375	1.0000	393
orig_I1	M0462	coverage	48	0.2700	1.0000	0.4375	1.0000	393
orig_I1	M0380	idf	21	0.3500	1.0000	0.4762	1.0000	363
orig_I1	M0380	coverage	21	0.3500	1.0000	0.5714	1.0000	363
orig_I1	M0403	idf	16	0.2500	1.0000	0.8750	1.0000	456
orig_I1	M0403	coverage	16	0.2500	1.0000	0.3125	1.0000	456
orig_I1	M0141	idf	25	0.9400	1.0000	0.1600	1.0000	362
orig_I1	M0141	coverage	25	0.9400	0.0000	0.0000	1.0000	362
orig_I1	M0237	idf	555	0.2500	0.0000	0.0000	1.0000	385
orig_I1	M0237	coverage	555	0.2500	1.0000	0.1622	1.0000	385
orig_I1	M0642	idf	24	0.1100	1.0000	0.2917	1.0000	108
orig_I1	M0642	coverage	24	0.1100	1.0000	0.2917	1.0000	108
orig_I1	M0142	idf	13	0.2700	1.0000	0.2308	1.0000	372
orig_I1	M0142	coverage	13	0.2700	1.0000	0.3077	1.0000	372
orig_I1	M0798	idf	2073	0.3000	0.0000	0.0000	1.0000	498
orig_I1	M0798	coverage	2073	0.3000	1.0000	0.0014	1.0000	498
orig_I1	M0574	idf	111	0.5300	1.0000	0.5946	1.0000	419
orig_I1	M0574	coverage	111	0.5300	0.0000	0.0000	1.0000	419
orig_I1	M0663	idf	96	0.2400	1.0000	0.1042	1.0000	350
orig_I1	M0663	coverage	96	0.2400	1.0000	0.1354	1.0000	350
orig_I1	M0348	idf	165	0.5000	0.0000	0.0000	1.0000	491
orig_I1	M0348	coverage	165	0.5000	0.0000	0.0000	1.0000	491
orig_I1	M0353	idf	11	0.1200	1.0000	0.0909	1.0000	287
orig_I1	M0353	coverage	11	0.1200	1.0000	0.7273	1.0000	287
orig_I1	M0028	idf	19	0.3500	1.0000	1.0000	1.0000	367
orig_I1	M0028	coverage	19	0.3500	1.0000	1.0000	1.0000	367
orig_I1	M0308	idf	172	0.5500	1.0000	1.0000	1.0000	363
orig_I1	M0308	coverage	172	0.5500	0.0000	0.0000	1.0000	363
orig_I1	M0860	idf	6	0.3000	1.0000	0.3333	1.0000	294
orig_I1	M0860	coverage	6	0.3000	1.0000	0.3333	1.0000	294
orig_I1	M0188	idf	117	0.2100	0.0000	0.0000	1.0000	459
orig_I1	M0188	coverage	117	0.2100	1.0000	0.0256	1.0000	459
orig_I1	M0003	idf	94	0.1500	1.0000	0.1383	1.0000	297
orig_I1	M0003	coverage	94	0.1500	1.0000	0.1915	1.0000	297
orig_I1	M0906	idf	265	0.1500	0.0000	0.0000	1.0000	431
orig_I1	M0906	coverage	265	0.1500	1.0000	0.1925	1.0000	431
orig_I1	M0590	idf	19	0.2700	1.0000	0.1053	1.0000	369
orig_I1	M0590	coverage	19	0.2700	1.0000	0.1053	1.0000	369
orig_I1	M0293	idf	60	0.2200	1.0000	0.6167	1.0000	388
orig_I1	M0293	coverage	60	0.2200	1.0000	0.4500	1.0000	388
orig_I1	M0651	idf	56	0.1400	1.0000	0.0357	1.0000	325
orig_I1	M0651	coverage	56	0.1400	1.0000	0.1250	1.0000	325
orig_I1	M0297	idf	17	0.0500	0.0000	0.0000	0.0000	288
orig_I1	M0297	coverage	17	0.0500	0.0000	0.0000	0.0000	288
orig_I1	M0194	idf	63	0.4500	1.0000	0.9524	1.0000	377
orig_I1	M0194	coverage	63	0.4500	1.0000	0.2698	1.0000	377
orig_I1	M0589	idf	26	0.2100	1.0000	0.1154	1.0000	387
orig_I1	M0589	coverage	26	0.2100	1.0000	0.0385	1.0000	387
orig_I1	M0669	idf	10	0.2500	1.0000	0.4000	1.0000	388
orig_I1	M0669	coverage	10	0.2500	0.0000	0.0000	1.0000	388
orig_I1	M0742	idf	2	0.2600	1.0000	1.0000	1.0000	302
orig_I1	M0742	coverage	2	0.2600	1.0000	1.0000	1.0000	302
orig_I1	M0298	idf	164	0.3200	0.0000	0.0000	0.0000	326
orig_I1	M0298	coverage	164	0.3200	0.0000	0.0000	0.0000	326
orig_I1	M0440	idf	43	0.2900	1.0000	0.7907	1.0000	356
orig_I1	M0440	coverage	43	0.2900	1.0000	0.1628	1.0000	356
orig_I1	M0386	idf	4	0.5200	1.0000	1.0000	1.0000	343
orig_I1	M0386	coverage	4	0.5200	1.0000	0.7500	1.0000	343
orig_I1	M0087	idf	50	0.5000	1.0000	1.0000	1.0000	441
orig_I1	M0087	coverage	50	0.5000	1.0000	0.1600	1.0000	441
orig_I2	M0346	idf	37	0.4000	1.0000	0.1351	1.0000	335
orig_I2	M0346	coverage	37	0.4000	0.0000	0.0000	1.0000	335
orig_I2	M0376	idf	41	0.7400	1.0000	0.9024	1.0000	424
orig_I2	M0376	coverage	41	0.7400	1.0000	0.9024	1.0000	424
orig_I2	M0431	idf	3	0.5800	1.0000	1.0000	1.0000	441
orig_I2	M0431	coverage	3	0.5800	1.0000	1.0000	1.0000	441
orig_I2	M0243	idf	11	0.6000	1.0000	1.0000	1.0000	357
orig_I2	M0243	coverage	11	0.6000	0.0000	0.0000	1.0000	357
orig_I2	M0294	idf	108	1.1200	1.0000	0.4167	1.0000	439
orig_I2	M0294	coverage	108	1.1200	0.0000	0.0000	1.0000	439
orig_I2	M0895	idf	121	0.2900	1.0000	0.0248	1.0000	278
orig_I2	M0895	coverage	121	0.2900	1.0000	0.0248	1.0000	278
orig_I2	M0104	idf	4	0.7500	1.0000	1.0000	1.0000	241
orig_I2	M0104	coverage	4	0.7500	1.0000	1.0000	1.0000	241
orig_I2	M0869	idf	5	0.2500	1.0000	0.4000	1.0000	407
orig_I2	M0869	coverage	5	0.2500	1.0000	0.4000	1.0000	407
orig_I2	M0075	idf	2	0.7000	1.0000	1.0000	1.0000	296
orig_I2	M0075	coverage	2	0.7000	0.0000	0.0000	1.0000	296
orig_I2	M0134	idf	55	0.4400	1.0000	0.9091	1.0000	407
orig_I2	M0134	coverage	55	0.4400	1.0000	0.9636	1.0000	407
orig_I2	M0206	idf	75	0.7900	1.0000	0.8667	1.0000	368
orig_I2	M0206	coverage	75	0.7900	1.0000	0.2533	1.0000	368
orig_I2	M0044	idf	67	1.0000	1.0000	0.9552	1.0000	389
orig_I2	M0044	coverage	67	1.0000	1.0000	0.2836	1.0000	389
orig_I2	M0484	idf	100	1.0200	1.0000	1.0000	1.0000	358
orig_I2	M0484	coverage	100	1.0200	1.0000	0.8400	1.0000	358
orig_I2	M0334	idf	22	0.6100	1.0000	1.0000	1.0000	272
orig_I2	M0334	coverage	22	0.6100	1.0000	0.3636	1.0000	272
orig_I2	M0412	idf	5	0.6100	1.0000	0.6000	1.0000	427
orig_I2	M0412	coverage	5	0.6100	0.0000	0.0000	1.0000	427
orig_I2	M0931	idf	70	0.4300	1.0000	0.3857	1.0000	301
orig_I2	M0931	coverage	70	0.4300	1.0000	0.7714	1.0000	301
orig_I2	M0118	idf	106	0.2900	0.0000	0.0000	1.0000	328
orig_I2	M0118	coverage	106	0.2900	0.0000	0.0000	1.0000	328
orig_I2	M0752	idf	8	0.1500	1.0000	1.0000	1.0000	377
orig_I2	M0752	coverage	8	0.1500	1.0000	0.8750	1.0000	377
orig_I2	M0428	idf	10	0.6100	1.0000	1.0000	1.0000	343
orig_I2	M0428	coverage	10	0.6100	1.0000	0.6000	1.0000	343
orig_I2	M0771	idf	213	0.2600	1.0000	0.0469	1.0000	228
orig_I2	M0771	coverage	213	0.2600	1.0000	0.0423	1.0000	228
orig_I2	M0658	idf	12	0.4600	0.0000	0.0000	1.0000	238
orig_I2	M0658	coverage	12	0.4600	1.0000	0.9167	1.0000	238
orig_I2	M0311	idf	78	1.0500	1.0000	1.0000	1.0000	459
orig_I2	M0311	coverage	78	1.0500	0.0000	0.0000	1.0000	459
orig_I2	M0600	idf	78	0.5500	1.0000	0.2692	1.0000	338
orig_I2	M0600	coverage	78	0.5500	1.0000	0.3974	1.0000	338
orig_I2	M0565	idf	13	0.1400	1.0000	0.0769	1.0000	139
orig_I2	M0565	coverage	13	0.1400	1.0000	0.3846	1.0000	139
orig_I2	M0085	idf	11	0.5100	1.0000	0.8182	1.0000	340
orig_I2	M0085	coverage	11	0.5100	1.0000	0.5455	1.0000	340
orig_I2	M0488	idf	6	0.7500	1.0000	1.0000	1.0000	365
orig_I2	M0488	coverage	6	0.7500	1.0000	0.3333	1.0000	365
orig_I2	M0076	idf	97	0.3600	1.0000	0.7526	1.0000	298
orig_I2	M0076	coverage	97	0.3600	1.0000	0.8247	1.0000	298
orig_I2	M0175	idf	826	0.3600	0.0000	0.0000	1.0000	492
orig_I2	M0175	coverage	826	0.3600	1.0000	0.5593	1.0000	492
orig_I2	M0107	idf	7	0.6700	1.0000	0.7143	1.0000	343
orig_I2	M0107	coverage	7	0.6700	1.0000	0.7143	1.0000	343
orig_I2	M0201	idf	38	0.3500	0.0000	0.0000	1.0000	269
orig_I2	M0201	coverage	38	0.3500	0.0000	0.0000	1.0000	269
orig_I2	M0383	idf	124	1.0100	0.0000	0.0000	1.0000	369
orig_I2	M0383	coverage	124	1.0100	1.0000	0.6774	1.0000	369
orig_I2	M0111	idf	10	1.1500	1.0000	0.4000	1.0000	409
orig_I2	M0111	coverage	10	1.1500	0.0000	0.0000	1.0000	409
orig_I2	M0634	idf	9	0.6800	1.0000	1.0000	1.0000	268
orig_I2	M0634	coverage	9	0.6800	1.0000	1.0000	1.0000	268
orig_I2	M0609	idf	81	0.5500	1.0000	0.2222	1.0000	491
orig_I2	M0609	coverage	81	0.5500	1.0000	0.0370	1.0000	491
orig_I2	M0228	idf	119	0.4600	1.0000	0.0924	1.0000	275
orig_I2	M0228	coverage	119	0.4600	0.0000	0.0000	1.0000	275
orig_I2	M0636	idf	16	0.4500	1.0000	0.6250	1.0000	386
orig_I2	M0636	coverage	16	0.4500	1.0000	0.3750	1.0000	386
orig_I2	M0908	idf	78	0.3100	0.0000	0.0000	1.0000	381
orig_I2	M0908	coverage	78	0.3100	1.0000	0.0128	1.0000	381
orig_I2	M0564	idf	357	0.4800	1.0000	0.0028	1.0000	341
orig_I2	M0564	coverage	357	0.4800	0.0000	0.0000	1.0000	341
orig_I2	M0616	idf	5	0.4500	1.0000	1.0000	1.0000	343
orig_I2	M0616	coverage	5	0.4500	1.0000	1.0000	1.0000	343
orig_I2	M0453	idf	61	0.7400	1.0000	0.6557	1.0000	485
orig_I2	M0453	coverage	61	0.7400	1.0000	0.0656	1.0000	485
orig_I2	M0510	idf	62	0.5000	1.0000	0.9032	1.0000	275
orig_I2	M0510	coverage	62	0.5000	1.0000	0.6129	1.0000	275
orig_I2	M0216	idf	1150	0.5700	1.0000	0.4339	1.0000	499
orig_I2	M0216	coverage	1150	0.5700	1.0000	0.4339	1.0000	499
orig_I2	M0448	idf	7	0.2600	0.0000	0.0000	0.0000	331
orig_I2	M0448	coverage	7	0.2600	0.0000	0.0000	0.0000	331
orig_I2	M0732	idf	18	0.5200	0.0000	0.0000	1.0000	223
orig_I2	M0732	coverage	18	0.5200	0.0000	0.0000	1.0000	223
orig_I2	M0734	idf	5	0.2900	0.0000	0.0000	1.0000	295
orig_I2	M0734	coverage	5	0.2900	0.0000	0.0000	1.0000	295
orig_I2	M0456	idf	17	0.2900	1.0000	0.0588	1.0000	279
orig_I2	M0456	coverage	17	0.2900	1.0000	0.1176	1.0000	279
orig_I2	M0278	idf	74	0.2400	1.0000	0.9459	1.0000	263
orig_I2	M0278	coverage	74	0.2400	1.0000	0.9730	1.0000	263
orig_I2	M0682	idf	290	0.2600	0.0000	0.0000	1.0000	384
orig_I2	M0682	coverage	290	0.2600	1.0000	0.3655	1.0000	384
orig_I2	M0381	idf	68	0.2100	1.0000	0.4118	1.0000	331
orig_I2	M0381	coverage	68	0.2100	1.0000	0.6324	1.0000	331
orig_I2	M0759	idf	73	0.5500	0.0000	0.0000	0.0000	281
orig_I2	M0759	coverage	73	0.5500	0.0000	0.0000	0.0000	281
orig_I2	M0916	idf	1	0.4400	1.0000	1.0000	1.0000	259
orig_I2	M0916	coverage	1	0.4400	1.0000	1.0000	1.0000	259
orig_I2	M0122	idf	21	0.5700	1.0000	0.8095	1.0000	374
orig_I2	M0122	coverage	21	0.5700	0.0000	0.0000	1.0000	374
orig_I2	M0435	idf	17	2.3700	1.0000	0.0588	1.0000	436
orig_I2	M0435	coverage	17	2.3700	0.0000	0.0000	1.0000	436
orig_I2	M0519	idf	16	1.0800	1.0000	1.0000	1.0000	330
orig_I2	M0519	coverage	16	1.0800	0.0000	0.0000	1.0000	330
orig_I2	M0506	idf	113	0.2800	1.0000	0.4690	1.0000	361
orig_I2	M0506	coverage	113	0.2800	0.0000	0.0000	1.0000	361
orig_I2	M0357	idf	5	0.3600	0.0000	0.0000	1.0000	211
orig_I2	M0357	coverage	5	0.3600	1.0000	0.6000	1.0000	211
orig_I2	M0414	idf	82	0.4300	1.0000	0.8780	1.0000	355
orig_I2	M0414	coverage	82	0.4300	0.0000	0.0000	1.0000	355
orig_I2	M0096	idf	23	0.6100	0.0000	0.0000	1.0000	300
orig_I2	M0096	coverage	23	0.6100	1.0000	0.0435	1.0000	300
orig_I2	M0885	idf	15	0.9600	1.0000	0.9333	1.0000	335
orig_I2	M0885	coverage	15	0.9600	1.0000	0.1333	1.0000	335
orig_I2	M0738	idf	15	0.5500	1.0000	1.0000	1.0000	344
orig_I2	M0738	coverage	15	0.5500	1.0000	0.6667	1.0000	344
orig_I2	M0545	idf	19	0.6200	1.0000	0.1053	1.0000	336
orig_I2	M0545	coverage	19	0.6200	1.0000	0.6316	1.0000	336
orig_I2	M0815	idf	238	0.3200	1.0000	0.3950	1.0000	450
orig_I2	M0815	coverage	238	0.3200	1.0000	0.0042	1.0000	450
orig_I2	M0077	idf	101	0.6200	1.0000	0.4059	1.0000	332
orig_I2	M0077	coverage	101	0.6200	1.0000	0.4752	1.0000	332
orig_I2	M0851	idf	22	0.2900	0.0000	0.0000	1.0000	289
orig_I2	M0851	coverage	22	0.2900	1.0000	0.3182	1.0000	289
orig_I2	M0862	idf	17	0.4600	1.0000	0.5882	1.0000	207
orig_I2	M0862	coverage	17	0.4600	0.0000	0.0000	1.0000	207
orig_I2	M0736	idf	3	0.5700	1.0000	1.0000	1.0000	288
orig_I2	M0736	coverage	3	0.5700	0.0000	0.0000	1.0000	288
orig_I2	M0819	idf	25	0.3700	1.0000	0.0800	1.0000	292
orig_I2	M0819	coverage	25	0.3700	1.0000	0.6800	1.0000	292
orig_I2	M0822	idf	2	0.4900	1.0000	1.0000	1.0000	294
orig_I2	M0822	coverage	2	0.4900	1.0000	0.5000	1.0000	294
orig_I2	M0136	idf	9	0.5400	1.0000	0.8889	1.0000	427
orig_I2	M0136	coverage	9	0.5400	1.0000	0.7778	1.0000	427
orig_I2	M0054	idf	44	0.2000	1.0000	0.7045	1.0000	290
orig_I2	M0054	coverage	44	0.2000	1.0000	0.7500	1.0000	290
orig_I2	M0612	idf	82	0.5900	0.0000	0.0000	1.0000	301
orig_I2	M0612	coverage	82	0.5900	1.0000	0.7317	1.0000	301
orig_I2	M0010	idf	13	0.5100	1.0000	1.0000	1.0000	147
orig_I2	M0010	coverage	13	0.5100	1.0000	0.9231	1.0000	147
orig_I2	M0709	idf	289	0.4100	1.0000	0.0381	1.0000	308
orig_I2	M0709	coverage	289	0.4100	1.0000	0.0346	1.0000	308
orig_I2	M0940	idf	104	0.8900	0.0000	0.0000	1.0000	493
orig_I2	M0940	coverage	104	0.8900	0.0000	0.0000	1.0000	493
orig_I2	M0172	idf	12	0.7800	1.0000	0.5833	1.0000	392
orig_I2	M0172	coverage	12	0.7800	1.0000	0.5833	1.0000	392
orig_I2	M0693	idf	362	0.3300	0.0000	0.0000	1.0000	478
orig_I2	M0693	coverage	362	0.3300	1.0000	0.0028	1.0000	478
orig_I2	M0159	idf	148	0.9200	1.0000	0.8649	1.0000	402
orig_I2	M0159	coverage	148	0.9200	1.0000	0.1081	1.0000	402
orig_I2	M0835	idf	9	0.6400	0.0000	0.0000	1.0000	299
orig_I2	M0835	coverage	9	0.6400	1.0000	0.1111	1.0000	299
orig_I2	M0810	idf	37	0.6000	1.0000	0.4865	1.0000	269
orig_I2	M0810	coverage	37	0.6000	1.0000	0.3784	1.0000	269
orig_I2	M0434	idf	12	0.7700	1.0000	1.0000	1.0000	301
orig_I2	M0434	coverage	12	0.7700	1.0000	0.0833	1.0000	301
orig_I2	M0653	idf	23	0.5500	1.0000	0.0435	1.0000	448
orig_I2	M0653	coverage	23	0.5500	1.0000	0.0435	1.0000	448
orig_I2	M0205	idf	259	0.9300	1.0000	0.9768	1.0000	431
orig_I2	M0205	coverage	259	0.9300	1.0000	0.9112	1.0000	431
orig_I2	M0939	idf	13	0.1300	1.0000	0.4615	1.0000	304
orig_I2	M0939	coverage	13	0.1300	1.0000	0.4615	1.0000	304
orig_I2	M0918	idf	65	1.0600	1.0000	0.0462	1.0000	422
orig_I2	M0918	coverage	65	1.0600	1.0000	0.6615	1.0000	422
orig_I2	M0858	idf	351	0.5500	1.0000	0.3305	1.0000	433
orig_I2	M0858	coverage	351	0.5500	1.0000	0.9231	1.0000	433
orig_I2	M0420	idf	17	0.2800	1.0000	0.2353	1.0000	357
orig_I2	M0420	coverage	17	0.2800	1.0000	0.2353	1.0000	357
orig_I2	M0879	idf	15	0.4500	0.0000	0.0000	1.0000	271
orig_I2	M0879	coverage	15	0.4500	0.0000	0.0000	1.0000	271
orig_I2	M0371	idf	122	0.4800	0.0000	0.0000	1.0000	365
orig_I2	M0371	coverage	122	0.4800	0.0000	0.0000	1.0000	365
orig_I2	M0020	idf	115	0.8800	0.0000	0.0000	1.0000	465
orig_I2	M0020	coverage	115	0.8800	1.0000	0.0087	1.0000	465
orig_I2	M0855	idf	38	0.5300	1.0000	0.3947	1.0000	277
orig_I2	M0855	coverage	38	0.5300	1.0000	0.1316	1.0000	277
orig_I2	M0957	idf	186	0.5900	0.0000	0.0000	1.0000	492
orig_I2	M0957	coverage	186	0.5900	0.0000	0.0000	1.0000	492
orig_I2	M0505	idf	27	0.5500	1.0000	0.2593	1.0000	310
orig_I2	M0505	coverage	27	0.5500	1.0000	0.0741	1.0000	310
orig_I2	M0477	idf	70	0.3800	1.0000	0.5571	1.0000	437
orig_I2	M0477	coverage	70	0.3800	1.0000	0.7571	1.0000	437
orig_I2	M0829	idf	6	0.5600	1.0000	0.6667	1.0000	256
orig_I2	M0829	coverage	6	0.5600	0.0000	0.0000	1.0000	256
orig_I2	M0884	idf	19	0.4600	1.0000	0.1579	1.0000	288
orig_I2	M0884	coverage	19	0.4600	1.0000	0.6316	1.0000	288
orig_I2	M0384	idf	67	0.3900	1.0000	0.0597	1.0000	299
orig_I2	M0384	coverage	67	0.3900	0.0000	0.0000	1.0000	299
orig_I2	M0065	idf	53	0.5500	1.0000	0.4906	1.0000	281
orig_I2	M0065	coverage	53	0.5500	1.0000	0.2264	1.0000	281
orig_I2	M0123	idf	2	1.1100	1.0000	1.0000	1.0000	398
orig_I2	M0123	coverage	2	1.1100	0.0000	0.0000	1.0000	398
orig_I2	M0580	idf	9	0.3200	1.0000	0.1111	1.0000	326
orig_I2	M0580	coverage	9	0.3200	1.0000	0.5556	1.0000	326
orig_I2	M0033	idf	14	0.5100	1.0000	0.7857	1.0000	293
orig_I2	M0033	coverage	14	0.5100	1.0000	0.0714	1.0000	293
orig_I2	M0281	idf	1	0.9600	1.0000	1.0000	1.0000	364
orig_I2	M0281	coverage	1	0.9600	1.0000	1.0000	1.0000	364
orig_I2	M0544	idf	12	0.5400	1.0000	0.5833	1.0000	276
orig_I2	M0544	coverage	12	0.5400	1.0000	0.0833	1.0000	276
orig_I2	M0212	idf	83	2.0200	1.0000	0.1687	1.0000	431
orig_I2	M0212	coverage	83	2.0200	0.0000	0.0000	1.0000	431
orig_I2	M0426	idf	18	0.4300	1.0000	0.9444	1.0000	330
orig_I2	M0426	coverage	18	0.4300	1.0000	0.2222	1.0000	330
orig_I2	M0905	idf	198	0.2600	0.0000	0.0000	1.0000	362
orig_I2	M0905	coverage	198	0.2600	0.0000	0.0000	1.0000	362
orig_I2	M0843	idf	14	0.2400	1.0000	0.3571	1.0000	247
orig_I2	M0843	coverage	14	0.2400	1.0000	0.7143	1.0000	247
orig_I2	M0263	idf	24	0.5200	1.0000	0.2083	1.0000	326
orig_I2	M0263	coverage	24	0.5200	1.0000	0.5417	1.0000	326
orig_I2	M0697	idf	155	0.5400	1.0000	0.2516	1.0000	342
orig_I2	M0697	coverage	155	0.5400	1.0000	0.4710	1.0000	342
orig_I2	M0260	idf	21	0.6300	1.0000	1.0000	1.0000	300
orig_I2	M0260	coverage	21	0.6300	1.0000	0.5238	1.0000	300
orig_I2	M0379	idf	41	0.9300	1.0000	1.0000	1.0000	361
orig_I2	M0379	coverage	41	0.9300	1.0000	0.0732	1.0000	361
orig_I2	M0377	idf	189	0.8100	1.0000	0.0423	1.0000	491
orig_I2	M0377	coverage	189	0.8100	0.0000	0.0000	1.0000	491
orig_I2	M0547	idf	4	0.3000	1.0000	0.7500	1.0000	318
orig_I2	M0547	coverage	4	0.3000	1.0000	0.5000	1.0000	318
orig_I2	M0508	idf	6	0.6500	1.0000	1.0000	1.0000	300
orig_I2	M0508	coverage	6	0.6500	1.0000	0.1667	1.0000	300
orig_I2	M0401	idf	392	0.5100	1.0000	0.0026	1.0000	429
orig_I2	M0401	coverage	392	0.5100	0.0000	0.0000	1.0000	429
orig_I2	M0755	idf	11	0.2800	1.0000	0.9091	1.0000	334
orig_I2	M0755	coverage	11	0.2800	1.0000	0.0909	1.0000	334
orig_I2	M0458	idf	25	0.2300	1.0000	0.2400	1.0000	378
orig_I2	M0458	coverage	25	0.2300	1.0000	0.8400	1.0000	378
orig_I2	M0314	idf	45	1.7600	1.0000	0.0667	1.0000	354
orig_I2	M0314	coverage	45	1.7600	0.0000	0.0000	1.0000	354
orig_I2	M0210	idf	220	0.5500	1.0000	0.0273	1.0000	387
orig_I2	M0210	coverage	220	0.5500	1.0000	0.0045	1.0000	387
orig_I2	M0154	idf	62	0.3600	0.0000	0.0000	1.0000	402
orig_I2	M0154	coverage	62	0.3600	1.0000	0.8710	1.0000	402
orig_I2	M0502	idf	20	1.1100	1.0000	0.2000	1.0000	414
orig_I2	M0502	coverage	20	1.1100	0.0000	0.0000	1.0000	414
orig_I2	M0031	idf	290	0.6200	1.0000	0.8207	1.0000	439
orig_I2	M0031	coverage	290	0.6200	1.0000	0.7414	1.0000	439
orig_I2	M0178	idf	273	0.7500	1.0000	0.0110	1.0000	288
orig_I2	M0178	coverage	273	0.7500	0.0000	0.0000	1.0000	288
orig_I2	M0019	idf	21	0.7100	1.0000	1.0000	1.0000	275
orig_I2	M0019	coverage	21	0.7100	1.0000	0.9524	1.0000	275
orig_I2	M0125	idf	19	0.7500	1.0000	0.9474	1.0000	286
orig_I2	M0125	coverage	19	0.7500	1.0000	0.6842	1.0000	286
orig_I2	M0181	idf	8	0.8700	1.0000	0.5000	1.0000	314
orig_I2	M0181	coverage	8	0.8700	1.0000	0.2500	1.0000	314
orig_I2	M0466	idf	6	1.0500	1.0000	0.5000	1.0000	401
orig_I2	M0466	coverage	6	1.0500	0.0000	0.0000	1.0000	401
orig_I2	M0058	idf	37	0.4600	1.0000	0.1081	1.0000	324
orig_I2	M0058	coverage	37	0.4600	1.0000	0.0270	1.0000	324
orig_I2	M0683	idf	27	0.6500	1.0000	0.9630	1.0000	338
orig_I2	M0683	coverage	27	0.6500	1.0000	0.3704	1.0000	338
orig_I2	M0925	idf	22	0.3200	0.0000	0.0000	1.0000	325
orig_I2	M0925	coverage	22	0.3200	1.0000	0.0909	1.0000	325
orig_I2	M0081	idf	9	0.5900	1.0000	0.5556	1.0000	251
orig_I2	M0081	coverage	9	0.5900	1.0000	0.3333	1.0000	251
orig_I2	M0090	idf	60	1.0600	1.0000	1.0000	1.0000	343
orig_I2	M0090	coverage	60	1.0600	1.0000	0.0833	1.0000	343
orig_I2	M0429	idf	47	0.4800	1.0000	0.9362	1.0000	280
orig_I2	M0429	coverage	47	0.4800	1.0000	0.8085	1.0000	280
orig_I2	M0447	idf	2	0.6400	1.0000	1.0000	1.0000	354
orig_I2	M0447	coverage	2	0.6400	0.0000	0.0000	1.0000	354
orig_I2	M0768	idf	19	0.6600	1.0000	0.8421	1.0000	301
orig_I2	M0768	coverage	19	0.6600	1.0000	0.3158	1.0000	301
orig_I2	M0261	idf	19	0.4400	1.0000	0.4211	1.0000	338
orig_I2	M0261	coverage	19	0.4400	1.0000	0.0526	1.0000	338
orig_I2	M0234	idf	8	0.6200	1.0000	0.5000	1.0000	250
orig_I2	M0234	coverage	8	0.6200	1.0000	0.2500	1.0000	250
orig_I2	M0958	idf	236	0.5600	0.0000	0.0000	1.0000	492
orig_I2	M0958	coverage	236	0.5600	0.0000	0.0000	1.0000	492
orig_I2	M0387	idf	2048	0.5300	1.0000	0.0151	1.0000	487
orig_I2	M0387	coverage	2048	0.5300	1.0000	0.0010	1.0000	487
orig_I2	M0520	idf	440	0.6200	0.0000	0.0000	1.0000	492
orig_I2	M0520	coverage	440	0.6200	1.0000	0.3227	1.0000	492
orig_I2	M0910	idf	7	0.3900	1.0000	1.0000	1.0000	275
orig_I2	M0910	coverage	7	0.3900	1.0000	1.0000	1.0000	275
orig_I2	M0398	idf	36	0.7300	1.0000	1.0000	1.0000	251
orig_I2	M0398	coverage	36	0.7300	1.0000	0.6389	1.0000	251
orig_I2	M0040	idf	52	0.4600	1.0000	0.1154	1.0000	374
orig_I2	M0040	coverage	52	0.4600	1.0000	0.1538	1.0000	374
orig_I2	M0808	idf	3	0.4900	1.0000	1.0000	1.0000	331
orig_I2	M0808	coverage	3	0.4900	1.0000	1.0000	1.0000	331
orig_I2	M0781	idf	6	0.3700	1.0000	0.8333	1.0000	290
orig_I2	M0781	coverage	6	0.3700	0.0000	0.0000	1.0000	290
orig_I2	M0410	idf	30	0.9400	1.0000	0.2333	1.0000	308
orig_I2	M0410	coverage	30	0.9400	1.0000	0.0333	1.0000	308
orig_I2	M0250	idf	14	0.4200	1.0000	1.0000	1.0000	273
orig_I2	M0250	coverage	14	0.4200	1.0000	0.0714	1.0000	273
orig_I2	M0748	idf	19	0.1400	1.0000	0.5789	1.0000	111
orig_I2	M0748	coverage	19	0.1400	1.0000	1.0000	1.0000	111
orig_I2	M0515	idf	20	0.6900	1.0000	0.6500	1.0000	347
orig_I2	M0515	coverage	20	0.6900	1.0000	0.4500	1.0000	347
orig_I2	M0920	idf	21	0.5300	0.0000	0.0000	1.0000	331
orig_I2	M0920	coverage	21	0.5300	0.0000	0.0000	1.0000	331
orig_I2	M0655	idf	6	0.2000	1.0000	0.1667	1.0000	181
orig_I2	M0655	coverage	6	0.2000	1.0000	0.1667	1.0000	181
orig_I2	M0227	idf	38	0.5600	1.0000	0.2368	1.0000	279
orig_I2	M0227	coverage	38	0.5600	1.0000	0.0526	1.0000	279
orig_I2	M0272	idf	35	0.8400	1.0000	0.2571	1.0000	336
orig_I2	M0272	coverage	35	0.8400	1.0000	0.0571	1.0000	336
orig_I2	M0093	idf	10	0.5600	0.0000	0.0000	1.0000	297
orig_I2	M0093	coverage	10	0.5600	0.0000	0.0000	1.0000	297
orig_I2	M0625	idf	5	0.4100	0.0000	0.0000	1.0000	353
orig_I2	M0625	coverage	5	0.4100	0.0000	0.0000	1.0000	353
orig_I2	M0321	idf	19	0.4900	1.0000	0.5263	1.0000	225
orig_I2	M0321	coverage	19	0.4900	1.0000	0.2632	1.0000	225
orig_I2	M0048	idf	98	0.5800	1.0000	0.8878	1.0000	318
orig_I2	M0048	coverage	98	0.5800	1.0000	0.1327	1.0000	318
orig_I2	M0043	idf	20	0.5500	1.0000	1.0000	1.0000	348
orig_I2	M0043	coverage	20	0.5500	1.0000	0.6500	1.0000	348
orig_I2	M0900	idf	441	0.3200	0.0000	0.0000	1.0000	497
orig_I2	M0900	coverage	441	0.3200	0.0000	0.0000	1.0000	497
orig_I2	M0857	idf	12	0.5700	1.0000	0.8333	1.0000	343
orig_I2	M0857	coverage	12	0.5700	1.0000	0.1667	1.0000	343
orig_I2	M0964	idf	68	0.4200	1.0000	0.1471	1.0000	327
orig_I2	M0964	coverage	68	0.4200	1.0000	0.0735	1.0000	327
orig_I2	M0131	idf	36	0.5500	1.0000	1.0000	1.0000	302
orig_I2	M0131	coverage	36	0.5500	1.0000	0.8889	1.0000	302
orig_I2	M0754	idf	9	0.2400	1.0000	0.3333	1.0000	210
orig_I2	M0754	coverage	9	0.2400	1.0000	0.3333	1.0000	210
orig_I2	M0313	idf	17	0.2600	0.0000	0.0000	1.0000	306
orig_I2	M0313	coverage	17	0.2600	1.0000	0.7647	1.0000	306
orig_I2	M0092	idf	41	0.5100	1.0000	0.8780	1.0000	355
orig_I2	M0092	coverage	41	0.5100	0.0000	0.0000	1.0000	355
orig_I2	M0108	idf	3	0.5200	0.0000	0.0000	1.0000	246
orig_I2	M0108	coverage	3	0.5200	0.0000	0.0000	1.0000	246
orig_I2	M0139	idf	76	0.5900	0.0000	0.0000	1.0000	284
orig_I2	M0139	coverage	76	0.5900	1.0000	0.0263	1.0000	284
orig_I2	M0235	idf	17	0.3200	1.0000	0.3529	1.0000	327
orig_I2	M0235	coverage	17	0.3200	1.0000	0.4706	1.0000	327
orig_I2	M0444	idf	83	0.5000	1.0000	0.7590	1.0000	321
orig_I2	M0444	coverage	83	0.5000	1.0000	0.7349	1.0000	321
orig_I2	M0623	idf	16	0.5000	1.0000	1.0000	1.0000	427
orig_I2	M0623	coverage	16	0.5000	1.0000	0.9375	1.0000	427
orig_I2	M0919	idf	18	0.3900	1.0000	0.5556	1.0000	227
orig_I2	M0919	coverage	18	0.3900	1.0000	0.6111	1.0000	227
orig_I2	M0369	idf	82	0.5400	1.0000	0.3171	1.0000	324
orig_I2	M0369	coverage	82	0.5400	1.0000	0.0854	1.0000	324
orig_I2	M0253	idf	212	0.7800	1.0000	0.8679	1.0000	411
orig_I2	M0253	coverage	212	0.7800	0.0000	0.0000	1.0000	411
orig_I2	M0254	idf	17	2.1500	1.0000	1.0000	1.0000	407
orig_I2	M0254	coverage	17	2.1500	1.0000	0.7647	1.0000	407
orig_I2	M0301	idf	51	0.5300	1.0000	0.3137	1.0000	348
orig_I2	M0301	coverage	51	0.5300	0.0000	0.0000	1.0000	348
orig_I2	M0674	idf	31	0.4000	1.0000	0.0968	1.0000	328
orig_I2	M0674	coverage	31	0.4000	1.0000	0.0968	1.0000	328
orig_I2	M0100	idf	360	0.6000	1.0000	0.2583	1.0000	459
orig_I2	M0100	coverage	360	0.6000	1.0000	0.4250	1.0000	459
orig_I2	M0231	idf	13	0.5400	1.0000	0.9231	1.0000	304
orig_I2	M0231	coverage	13	0.5400	1.0000	0.3077	1.0000	304
orig_I2	M0816	idf	238	0.3200	0.0000	0.0000	1.0000	291
orig_I2	M0816	coverage	238	0.3200	1.0000	0.0084	1.0000	291
orig_I2	M0472	idf	94	0.9700	1.0000	0.9681	1.0000	328
orig_I2	M0472	coverage	94	0.9700	1.0000	0.9149	1.0000	328
orig_I2	M0962	idf	134	0.8300	0.0000	0.0000	1.0000	462
orig_I2	M0962	coverage	134	0.8300	0.0000	0.0000	1.0000	462
orig_I2	M0795	idf	79	0.5500	1.0000	0.2278	1.0000	326
orig_I2	M0795	coverage	79	0.5500	0.0000	0.0000	1.0000	326
orig_I2	M0727	idf	22	0.6800	1.0000	0.6364	1.0000	286
orig_I2	M0727	coverage	22	0.6800	1.0000	0.2273	1.0000	286
orig_I2	M0497	idf	15	0.7900	1.0000	0.9333	1.0000	323
orig_I2	M0497	coverage	15	0.7900	0.0000	0.0000	1.0000	323
orig_I2	M0338	idf	23	0.3000	1.0000	0.3478	1.0000	322
orig_I2	M0338	coverage	23	0.3000	1.0000	0.0870	1.0000	322
orig_I2	M0947	idf	43	0.4200	1.0000	0.6279	1.0000	256
orig_I2	M0947	coverage	43	0.4200	1.0000	0.6744	1.0000	256
orig_I2	M0163	idf	47	0.3900	1.0000	0.8936	1.0000	332
orig_I2	M0163	coverage	47	0.3900	0.0000	0.0000	1.0000	332
orig_I2	M0959	idf	155	0.7400	0.0000	0.0000	1.0000	490
orig_I2	M0959	coverage	155	0.7400	0.0000	0.0000	1.0000	490
orig_I2	M0433	idf	210	0.2500	0.0000	0.0000	1.0000	318
orig_I2	M0433	coverage	210	0.2500	0.0000	0.0000	1.0000	318
orig_I2	M0416	idf	4	0.8600	1.0000	1.0000	1.0000	301
orig_I2	M0416	coverage	4	0.8600	1.0000	1.0000	1.0000	301
orig_I2	M0850	idf	31	0.2700	1.0000	0.2258	1.0000	320
orig_I2	M0850	coverage	31	0.2700	1.0000	0.5161	1.0000	320
orig_I2	M0454	idf	14	0.4300	1.0000	1.0000	1.0000	282
orig_I2	M0454	coverage	14	0.4300	1.0000	0.8571	1.0000	282
orig_I2	M0351	idf	24	0.4500	1.0000	0.0833	1.0000	293
orig_I2	M0351	coverage	24	0.4500	1.0000	0.7917	1.0000	293
orig_I2	M0425	idf	2084	0.3800	0.0000	0.0000	1.0000	386
orig_I2	M0425	coverage	2084	0.3800	1.0000	0.0005	1.0000	386
orig_I2	M0067	idf	39	0.5100	1.0000	0.2564	1.0000	309
orig_I2	M0067	coverage	39	0.5100	1.0000	0.0513	1.0000	309
orig_I2	M0550	idf	20	0.5200	0.0000	0.0000	1.0000	256
orig_I2	M0550	coverage	20	0.5200	1.0000	0.2000	1.0000	256
orig_I2	M0792	idf	10	0.2900	1.0000	0.2000	1.0000	346
orig_I2	M0792	coverage	10	0.2900	0.0000	0.0000	1.0000	346
orig_I2	M0961	idf	144	0.7000	0.0000	0.0000	1.0000	493
orig_I2	M0961	coverage	144	0.7000	1.0000	0.0208	1.0000	493
orig_I2	M0109	idf	207	0.5700	1.0000	0.5362	1.0000	356
orig_I2	M0109	coverage	207	0.5700	1.0000	0.2271	1.0000	356
orig_I2	M0257	idf	222	0.6000	1.0000	0.9910	1.0000	355
orig_I2	M0257	coverage	222	0.6000	1.0000	0.4099	1.0000	355
orig_I2	M0789	idf	51	0.3400	1.0000	0.3725	1.0000	265
orig_I2	M0789	coverage	51	0.3400	1.0000	0.2549	1.0000	265
orig_I2	M0363	idf	64	0.3200	1.0000	0.0469	1.0000	262
orig_I2	M0363	coverage	64	0.3200	1.0000	0.1562	1.0000	262
orig_I2	M0391	idf	14	0.2800	1.0000	0.5000	1.0000	285
orig_I2	M0391	coverage	14	0.2800	1.0000	0.8571	1.0000	285
orig_I2	M0826	idf	21	0.2800	1.0000	0.2857	1.0000	318
orig_I2	M0826	coverage	21	0.2800	1.0000	0.8095	1.0000	318
orig_I2	M0952	idf	5	0.2400	1.0000	0.8000	1.0000	268
orig_I2	M0952	coverage	5	0.2400	1.0000	0.8000	1.0000	268
orig_I2	M0117	idf	100	0.3300	0.0000	0.0000	1.0000	379
orig_I2	M0117	coverage	100	0.3300	1.0000	0.0100	1.0000	379
orig_I2	M0854	idf	122	0.5700	1.0000	0.2787	1.0000	306
orig_I2	M0854	coverage	122	0.5700	1.0000	0.0656	1.0000	306
orig_I2	M0881	idf	155	0.5300	1.0000	0.9871	1.0000	360
orig_I2	M0881	coverage	155	0.5300	1.0000	0.7742	1.0000	360
orig_I2	M0874	idf	1	0.2600	1.0000	1.0000	1.0000	288
orig_I2	M0874	coverage	1	0.2600	1.0000	1.0000	1.0000	288
orig_I2	M0597	idf	27	0.3000	1.0000	0.4074	1.0000	325
orig_I2	M0597	coverage	27	0.3000	1.0000	0.4074	1.0000	325
orig_I2	M0070	idf	159	0.3800	1.0000	0.0377	1.0000	352
orig_I2	M0070	coverage	159	0.3800	1.0000	0.0440	1.0000	352
orig_I2	M0423	idf	94	0.5400	1.0000	0.1064	1.0000	258
orig_I2	M0423	coverage	94	0.5400	1.0000	0.1489	1.0000	258
orig_I2	M0266	idf	35	0.6400	1.0000	0.6286	1.0000	330
orig_I2	M0266	coverage	35	0.6400	1.0000	0.2571	1.0000	330
orig_I2	M0262	idf	19	0.5500	1.0000	1.0000	1.0000	325
orig_I2	M0262	coverage	19	0.5500	1.0000	0.6316	1.0000	325
orig_I2	M0806	idf	3	0.3200	1.0000	0.3333	1.0000	457
orig_I2	M0806	coverage	3	0.3200	1.0000	0.3333	1.0000	457
orig_I2	M0937	idf	31	0.3900	1.0000	0.1290	1.0000	240
orig_I2	M0937	coverage	31	0.3900	1.0000	0.8065	1.0000	240
orig_I2	M0066	idf	57	0.4500	1.0000	0.3684	1.0000	250
orig_I2	M0066	coverage	57	0.4500	1.0000	0.2456	1.0000	250
orig_I2	M0462	idf	48	0.4400	1.0000	0.9375	1.0000	295
orig_I2	M0462	coverage	48	0.4400	1.0000	0.4375	1.0000	295
orig_I2	M0380	idf	21	0.5700	1.0000	0.5714	1.0000	308
orig_I2	M0380	coverage	21	0.5700	1.0000	0.6190	1.0000	308
orig_I2	M0403	idf	16	0.5100	1.0000	1.0000	1.0000	415
orig_I2	M0403	coverage	16	0.5100	1.0000	0.3125	1.0000	415
orig_I2	M0141	idf	25	1.5400	1.0000	0.1600	1.0000	336
orig_I2	M0141	coverage	25	1.5400	0.0000	0.0000	1.0000	336
orig_I2	M0237	idf	555	0.4700	0.0000	0.0000	1.0000	305
orig_I2	M0237	coverage	555	0.4700	1.0000	0.1622	1.0000	305
orig_I2	M0642	idf	24	0.2300	1.0000	0.2917	1.0000	129
orig_I2	M0642	coverage	24	0.2300	1.0000	0.2917	1.0000	129
orig_I2	M0142	idf	13	0.5500	1.0000	0.3077	1.0000	316
orig_I2	M0142	coverage	13	0.5500	1.0000	0.3846	1.0000	316
orig_I2	M0798	idf	2073	0.4200	0.0000	0.0000	1.0000	499
orig_I2	M0798	coverage	2073	0.4200	0.0000	0.0000	1.0000	499
orig_I2	M0574	idf	111	1.0300	1.0000	0.7297	1.0000	408
orig_I2	M0574	coverage	111	1.0300	0.0000	0.0000	1.0000	408
orig_I2	M0663	idf	96	0.3900	1.0000	0.1250	1.0000	380
orig_I2	M0663	coverage	96	0.3900	1.0000	0.1354	1.0000	380
orig_I2	M0348	idf	165	1.0200	0.0000	0.0000	1.0000	494
orig_I2	M0348	coverage	165	1.0200	0.0000	0.0000	1.0000	494
orig_I2	M0353	idf	11	0.2400	1.0000	0.0909	1.0000	379
orig_I2	M0353	coverage	11	0.2400	1.0000	0.7273	1.0000	379
orig_I2	M0028	idf	19	0.5600	1.0000	1.0000	1.0000	367
orig_I2	M0028	coverage	19	0.5600	1.0000	1.0000	1.0000	367
orig_I2	M0308	idf	172	1.0400	1.0000	1.0000	1.0000	379
orig_I2	M0308	coverage	172	1.0400	0.0000	0.0000	1.0000	379
orig_I2	M0860	idf	6	0.5300	1.0000	0.3333	1.0000	242
orig_I2	M0860	coverage	6	0.5300	1.0000	0.3333	1.0000	242
orig_I2	M0188	idf	117	0.3000	0.0000	0.0000	1.0000	374
orig_I2	M0188	coverage	117	0.3000	1.0000	0.0256	1.0000	374
orig_I2	M0003	idf	94	0.3500	1.0000	0.1809	1.0000	265
orig_I2	M0003	coverage	94	0.3500	1.0000	0.1915	1.0000	265
orig_I2	M0906	idf	265	0.2700	0.0000	0.0000	1.0000	421
orig_I2	M0906	coverage	265	0.2700	1.0000	0.2000	1.0000	421
orig_I2	M0590	idf	19	0.4900	1.0000	0.1053	1.0000	272
orig_I2	M0590	coverage	19	0.4900	1.0000	0.1053	1.0000	272
orig_I2	M0293	idf	60	0.3900	1.0000	0.8333	1.0000	353
orig_I2	M0293	coverage	60	0.3900	1.0000	0.4500	1.0000	353
orig_I2	M0651	idf	56	0.3300	1.0000	0.0536	1.0000	326
orig_I2	M0651	coverage	56	0.3300	1.0000	0.1250	1.0000	326
orig_I2	M0297	idf	17	0.1700	0.0000	0.0000	0.0000	303
orig_I2	M0297	coverage	17	0.1700	0.0000	0.0000	0.0000	303
orig_I2	M0194	idf	63	0.8600	1.0000	0.9524	1.0000	264
orig_I2	M0194	coverage	63	0.8600	1.0000	0.3333	1.0000	264
orig_I2	M0589	idf	26	0.2800	1.0000	0.1154	1.0000	287
orig_I2	M0589	coverage	26	0.2800	1.0000	0.0385	1.0000	287
orig_I2	M0669	idf	10	0.4100	1.0000	0.4000	1.0000	329
orig_I2	M0669	coverage	10	0.4100	0.0000	0.0000	1.0000	329
orig_I2	M0742	idf	2	0.4100	1.0000	1.0000	1.0000	239
orig_I2	M0742	coverage	2	0.4100	1.0000	1.0000	1.0000	239
orig_I2	M0298	idf	164	0.5000	0.0000	0.0000	0.0000	270
orig_I2	M0298	coverage	164	0.5000	0.0000	0.0000	0.0000	270
orig_I2	M0440	idf	43	0.5700	1.0000	0.8605	1.0000	325
orig_I2	M0440	coverage	43	0.5700	1.0000	0.2326	1.0000	325
orig_I2	M0386	idf	4	1.0100	1.0000	1.0000	1.0000	295
orig_I2	M0386	coverage	4	1.0100	1.0000	0.7500	1.0000	295
orig_I2	M0087	idf	50	1.0500	1.0000	1.0000	1.0000	442
orig_I2	M0087	coverage	50	1.0500	1.0000	0.3200	1.0000	442
orig_I3	M0346	idf	37	1.8800	1.0000	0.0541	1.0000	447
orig_I3	M0346	coverage	37	1.8800	0.0000	0.0000	1.0000	447
orig_I3	M0376	idf	41	4.6800	1.0000	0.9024	1.0000	441
orig_I3	M0376	coverage	41	4.6800	0.0000	0.0000	1.0000	441
orig_I3	M0431	idf	3	1.8500	1.0000	1.0000	1.0000	448
orig_I3	M0431	coverage	3	1.8500	1.0000	1.0000	1.0000	448
orig_I3	M0243	idf	11	4.1600	1.0000	1.0000	1.0000	459
orig_I3	M0243	coverage	11	4.1600	0.0000	0.0000	1.0000	459
orig_I3	M0294	idf	108	4.9100	1.0000	0.3056	1.0000	476
orig_I3	M0294	coverage	108	4.9100	0.0000	0.0000	1.0000	476
orig_I3	M0895	idf	121	1.8300	1.0000	0.0083	1.0000	439
orig_I3	M0895	coverage	121	1.8300	1.0000	0.0165	1.0000	439
orig_I3	M0104	idf	4	5.1300	1.0000	1.0000	1.0000	443
orig_I3	M0104	coverage	4	5.1300	1.0000	1.0000	1.0000	443
orig_I3	M0869	idf	5	1.5500	0.0000	0.0000	1.0000	452
orig_I3	M0869	coverage	5	1.5500	0.0000	0.0000	1.0000	452
orig_I3	M0075	idf	2	4.5800	0.0000	0.0000	1.0000	433
orig_I3	M0075	coverage	2	4.5800	0.0000	0.0000	1.0000	433
orig_I3	M0134	idf	55	2.4600	1.0000	0.8182	1.0000	457
orig_I3	M0134	coverage	55	2.4600	1.0000	0.6909	1.0000	457
orig_I3	M0206	idf	75	5.4600	1.0000	0.9733	1.0000	428
orig_I3	M0206	coverage	75	5.4600	1.0000	0.1067	1.0000	428
orig_I3	M0044	idf	67	4.7400	1.0000	0.9552	1.0000	450
orig_I3	M0044	coverage	67	4.7400	1.0000	0.3731	1.0000	450
orig_I3	M0484	idf	100	4.7900	1.0000	1.0000	1.0000	460
orig_I3	M0484	coverage	100	4.7900	1.0000	0.8700	1.0000	460
orig_I3	M0334	idf	22	2.8400	1.0000	0.9545	1.0000	394
orig_I3	M0334	coverage	22	2.8400	0.0000	0.0000	1.0000	394
orig_I3	M0412	idf	5	2.4000	1.0000	0.6000	1.0000	476
orig_I3	M0412	coverage	5	2.4000	0.0000	0.0000	1.0000	476
orig_I3	M0931	idf	70	1.7600	1.0000	0.0857	1.0000	453
orig_I3	M0931	coverage	70	1.7600	0.0000	0.0000	1.0000	453
orig_I3	M0118	idf	106	2.0700	0.0000	0.0000	1.0000	398
orig_I3	M0118	coverage	106	2.0700	1.0000	0.0189	1.0000	398
orig_I3	M0752	idf	8	0.9500	1.0000	1.0000	1.0000	456
orig_I3	M0752	coverage	8	0.9500	1.0000	0.8750	1.0000	456
orig_I3	M0428	idf	10	4.4000	1.0000	0.9000	1.0000	448
orig_I3	M0428	coverage	10	4.4000	1.0000	0.9000	1.0000	448
orig_I3	M0771	idf	213	1.4400	1.0000	0.0516	1.0000	473
orig_I3	M0771	coverage	213	1.4400	1.0000	0.0329	1.0000	473
orig_I3	M0658	idf	12	2.1300	0.0000	0.0000	1.0000	435
orig_I3	M0658	coverage	12	2.1300	1.0000	0.9167	1.0000	435
orig_I3	M0311	idf	78	4.5400	1.0000	0.9872	1.0000	478
orig_I3	M0311	coverage	78	4.5400	1.0000	0.0128	1.0000	478
orig_I3	M0600	idf	78	4.0400	1.0000	0.0769	1.0000	460
orig_I3	M0600	coverage	78	4.0400	0.0000	0.0000	1.0000	460
orig_I3	M0565	idf	13	1.3300	0.0000	0.0000	1.0000	464
orig_I3	M0565	coverage	13	1.3300	1.0000	0.1538	1.0000	464
orig_I3	M0085	idf	11	2.7100	1.0000	0.7273	1.0000	399
orig_I3	M0085	coverage	11	2.7100	1.0000	0.6364	1.0000	399
orig_I3	M0488	idf	6	4.8800	1.0000	1.0000	1.0000	456
orig_I3	M0488	coverage	6	4.8800	1.0000	1.0000	1.0000	456
orig_I3	M0076	idf	97	1.5300	0.0000	0.0000	1.0000	453
orig_I3	M0076	coverage	97	1.5300	1.0000	0.3711	1.0000	453
orig_I3	M0175	idf	826	1.3200	0.0000	0.0000	1.0000	496
orig_I3	M0175	coverage	826	1.3200	1.0000	0.5496	1.0000	496
orig_I3	M0107	idf	7	2.7900	1.0000	0.2857	1.0000	419
orig_I3	M0107	coverage	7	2.7900	1.0000	0.7143	1.0000	419
orig_I3	M0201	idf	38	2.0000	0.0000	0.0000	1.0000	450
orig_I3	M0201	coverage	38	2.0000	0.0000	0.0000	1.0000	450
orig_I3	M0383	idf	124	5.1400	0.0000	0.0000	1.0000	466
orig_I3	M0383	coverage	124	5.1400	1.0000	0.0081	1.0000	466
orig_I3	M0111	idf	10	5.3500	1.0000	0.3000	1.0000	462
orig_I3	M0111	coverage	10	5.3500	0.0000	0.0000	1.0000	462
orig_I3	M0634	idf	9	3.6300	1.0000	0.5556	1.0000	444
orig_I3	M0634	coverage	9	3.6300	1.0000	0.8889	1.0000	444
orig_I3	M0609	idf	81	2.8400	1.0000	0.0864	1.0000	495
orig_I3	M0609	coverage	81	2.8400	1.0000	0.0370	1.0000	495
orig_I3	M0228	idf	119	3.1700	1.0000	0.1261	1.0000	444
orig_I3	M0228	coverage	119	3.1700	0.0000	0.0000	1.0000	444
orig_I3	M0636	idf	16	2.1200	1.0000	0.3750	1.0000	442
orig_I3	M0636	coverage	16	2.1200	1.0000	0.3750	1.0000	442
orig_I3	M0908	idf	78	1.0400	0.0000	0.0000	1.0000	464
orig_I3	M0908	coverage	78	1.0400	1.0000	0.0128	1.0000	464
orig_I3	M0564	idf	357	2.2000	0.0000	0.0000	1.0000	474
orig_I3	M0564	coverage	357	2.2000	0.0000	0.0000	1.0000	474
orig_I3	M0616	idf	5	2.3400	1.0000	0.8000	1.0000	444
orig_I3	M0616	coverage	5	2.3400	1.0000	0.8000	1.0000	444
orig_I3	M0453	idf	61	4.6500	1.0000	0.3115	1.0000	444
orig_I3	M0453	coverage	61	4.6500	0.0000	0.0000	1.0000	444
orig_I3	M0510	idf	62	2.3500	1.0000	0.9355	1.0000	448
orig_I3	M0510	coverage	62	2.3500	1.0000	0.7097	1.0000	448
orig_I3	M0216	idf	1150	3.0100	1.0000	0.4330	1.0000	499
orig_I3	M0216	coverage	1150	3.0100	1.0000	0.4330	1.0000	499
orig_I3	M0448	idf	7	1.2100	0.0000	0.0000	0.0000	480
orig_I3	M0448	coverage	7	1.2100	0.0000	0.0000	0.0000	480
orig_I3	M0732	idf	18	2.4300	0.0000	0.0000	1.0000	448
orig_I3	M0732	coverage	18	2.4300	0.0000	0.0000	1.0000	448
orig_I3	M0734	idf	5	1.7400	0.0000	0.0000	1.0000	441
orig_I3	M0734	coverage	5	1.7400	0.0000	0.0000	1.0000	441
orig_I3	M0456	idf	17	1.4600	0.0000	0.0000	1.0000	467
orig_I3	M0456	coverage	17	1.4600	0.0000	0.0000	1.0000	467
orig_I3	M0278	idf	74	0.9500	1.0000	0.6216	1.0000	417
orig_I3	M0278	coverage	74	0.9500	1.0000	0.7703	1.0000	417
orig_I3	M0682	idf	290	1.0200	0.0000	0.0000	1.0000	478
orig_I3	M0682	coverage	290	1.0200	1.0000	0.4172	1.0000	478
orig_I3	M0381	idf	68	1.0700	0.0000	0.0000	1.0000	394
orig_I3	M0381	coverage	68	1.0700	1.0000	0.5735	1.0000	394
orig_I3	M0759	idf	73	4.1200	0.0000	0.0000	0.0000	440
orig_I3	M0759	coverage	73	4.1200	0.0000	0.0000	0.0000	440
orig_I3	M0916	idf	1	2.0500	1.0000	1.0000	1.0000	433
orig_I3	M0916	coverage	1	2.0500	0.0000	0.0000	1.0000	433
orig_I3	M0122	idf	21	2.7600	1.0000	0.3810	1.0000	446
orig_I3	M0122	coverage	21	2.7600	0.0000	0.0000	1.0000	446
orig_I3	M0435	idf	17	15.3600	1.0000	0.0588	1.0000	480
orig_I3	M0435	coverage	17	15.3600	0.0000	0.0000	1.0000	480
orig_I3	M0519	idf	16	4.6800	1.0000	1.0000	1.0000	416
orig_I3	M0519	coverage	16	4.6800	1.0000	0.2500	1.0000	416
orig_I3	M0506	idf	113	2.5200	1.0000	0.5398	1.0000	469
orig_I3	M0506	coverage	113	2.5200	0.0000	0.0000	1.0000	469
orig_I3	M0357	idf	5	2.3800	0.0000	0.0000	1.0000	448
orig_I3	M0357	coverage	5	2.3800	1.0000	0.4000	1.0000	448
orig_I3	M0414	idf	82	2.1800	1.0000	0.8293	1.0000	474
orig_I3	M0414	coverage	82	2.1800	0.0000	0.0000	1.0000	474
orig_I3	M0096	idf	23	2.4000	0.0000	0.0000	1.0000	426
orig_I3	M0096	coverage	23	2.4000	1.0000	0.0435	1.0000	426
orig_I3	M0885	idf	15	4.4900	1.0000	0.6667	1.0000	443
orig_I3	M0885	coverage	15	4.4900	1.0000	0.1333	1.0000	443
orig_I3	M0738	idf	15	2.1600	1.0000	1.0000	1.0000	460
orig_I3	M0738	coverage	15	2.1600	1.0000	0.6667	1.0000	460
orig_I3	M0545	idf	19	2.5100	0.0000	0.0000	1.0000	438
orig_I3	M0545	coverage	19	2.5100	1.0000	0.5789	1.0000	438
orig_I3	M0815	idf	238	1.3400	1.0000	0.3529	1.0000	485
orig_I3	M0815	coverage	238	1.3400	0.0000	0.0000	1.0000	485
orig_I3	M0077	idf	101	2.4500	0.0000	0.0000	1.0000	455
orig_I3	M0077	coverage	101	2.4500	1.0000	0.3762	1.0000	455
orig_I3	M0851	idf	22	1.3600	0.0000	0.0000	1.0000	426
orig_I3	M0851	coverage	22	1.3600	0.0000	0.0000	1.0000	426
orig_I3	M0862	idf	17	2.2500	0.0000	0.0000	1.0000	450
orig_I3	M0862	coverage	17	2.2500	0.0000	0.0000	1.0000	450
orig_I3	M0736	idf	3	2.2600	0.0000	0.0000	1.0000	456
orig_I3	M0736	coverage	3	2.2600	1.0000	1.0000	1.0000	456
orig_I3	M0819	idf	25	2.2300	0.0000	0.0000	1.0000	438
orig_I3	M0819	coverage	25	2.2300	0.0000	0.0000	1.0000	438
orig_I3	M0822	idf	2	2.6700	0.0000	0.0000	1.0000	404
orig_I3	M0822	coverage	2	2.6700	0.0000	0.0000	1.0000	404
orig_I3	M0136	idf	9	2.9600	1.0000	0.8889	1.0000	456
orig_I3	M0136	coverage	9	2.9600	1.0000	0.7778	1.0000	456
orig_I3	M0054	idf	44	1.7600	0.0000	0.0000	1.0000	448
orig_I3	M0054	coverage	44	1.7600	1.0000	0.7045	1.0000	448
orig_I3	M0612	idf	82	3.8300	0.0000	0.0000	1.0000	458
orig_I3	M0612	coverage	82	3.8300	1.0000	0.7195	1.0000	458
orig_I3	M0010	idf	13	2.3300	1.0000	1.0000	1.0000	435
orig_I3	M0010	coverage	13	2.3300	1.0000	1.0000	1.0000	435
orig_I3	M0709	idf	289	2.3400	0.0000	0.0000	1.0000	417
orig_I3	M0709	coverage	289	2.3400	1.0000	0.0346	1.0000	417
orig_I3	M0940	idf	104	4.9400	0.0000	0.0000	1.0000	492
orig_I3	M0940	coverage	104	4.9400	0.0000	0.0000	1.0000	492
orig_I3	M0172	idf	12	4.4100	1.0000	0.2500	1.0000	459
orig_I3	M0172	coverage	12	4.4100	1.0000	0.5833	1.0000	459
orig_I3	M0693	idf	362	2.1700	0.0000	0.0000	1.0000	443
orig_I3	M0693	coverage	362	2.1700	1.0000	0.0028	1.0000	443
orig_I3	M0159	idf	148	5.0500	1.0000	0.8919	1.0000	475
orig_I3	M0159	coverage	148	5.0500	1.0000	0.1081	1.0000	475
orig_I3	M0835	idf	9	3.5000	0.0000	0.0000	1.0000	417
orig_I3	M0835	coverage	9	3.5000	0.0000	0.0000	1.0000	417
orig_I3	M0810	idf	37	2.9000	1.0000	0.4324	1.0000	433
orig_I3	M0810	coverage	37	2.9000	1.0000	0.3243	1.0000	433
orig_I3	M0434	idf	12	4.8100	1.0000	1.0000	1.0000	461
orig_I3	M0434	coverage	12	4.8100	0.0000	0.0000	1.0000	461
orig_I3	M0653	idf	23	2.3500	1.0000	0.0435	1.0000	432
orig_I3	M0653	coverage	23	2.3500	1.0000	0.0435	1.0000	432
orig_I3	M0205	idf	259	4.7200	1.0000	0.5946	1.0000	469
orig_I3	M0205	coverage	259	4.7200	1.0000	0.9344	1.0000	469
orig_I3	M0939	idf	13	0.6400	1.0000	0.4615	1.0000	452
orig_I3	M0939	coverage	13	0.6400	1.0000	0.3077	1.0000	452
orig_I3	M0918	idf	65	5.0800	1.0000	0.0462	1.0000	449
orig_I3	M0918	coverage	65	5.0800	1.0000	0.0462	1.0000	449
orig_I3	M0858	idf	351	2.6900	1.0000	0.7123	1.0000	464
orig_I3	M0858	coverage	351	2.6900	1.0000	0.8177	1.0000	464
orig_I3	M0420	idf	17	1.4600	1.0000	0.1765	1.0000	448
orig_I3	M0420	coverage	17	1.4600	1.0000	0.1176	1.0000	448
orig_I3	M0879	idf	15	2.4300	0.0000	0.0000	0.0000	443
orig_I3	M0879	coverage	15	2.4300	0.0000	0.0000	0.0000	443
orig_I3	M0371	idf	122	2.2800	1.0000	0.0656	1.0000	420
orig_I3	M0371	coverage	122	2.2800	0.0000	0.0000	1.0000	420
orig_I3	M0020	idf	115	4.6700	0.0000	0.0000	1.0000	473
orig_I3	M0020	coverage	115	4.6700	1.0000	0.0087	1.0000	473
orig_I3	M0855	idf	38	2.6200	1.0000	0.3947	1.0000	434
orig_I3	M0855	coverage	38	2.6200	1.0000	0.1579	1.0000	434
orig_I3	M0957	idf	186	4.0400	0.0000	0.0000	1.0000	491
orig_I3	M0957	coverage	186	4.0400	0.0000	0.0000	1.0000	491
orig_I3	M0505	idf	27	2.5100	1.0000	0.2222	1.0000	451
orig_I3	M0505	coverage	27	2.5100	1.0000	0.0741	1.0000	451
orig_I3	M0477	idf	70	2.6700	1.0000	0.4429	1.0000	460
orig_I3	M0477	coverage	70	2.6700	1.0000	0.5714	1.0000	460
orig_I3	M0829	idf	6	2.7200	1.0000	0.1667	1.0000	447
orig_I3	M0829	coverage	6	2.7200	0.0000	0.0000	1.0000	447
orig_I3	M0884	idf	19	2.7000	0.0000	0.0000	1.0000	434
orig_I3	M0884	coverage	19	2.7000	1.0000	0.5263	1.0000	434
orig_I3	M0384	idf	67	2.0500	1.0000	0.0746	1.0000	391
orig_I3	M0384	coverage	67	2.0500	0.0000	0.0000	1.0000	391
orig_I3	M0065	idf	53	2.2700	1.0000	0.3962	1.0000	449
orig_I3	M0065	coverage	53	2.2700	1.0000	0.3774	1.0000	449
orig_I3	M0123	idf	2	5.1600	1.0000	1.0000	1.0000	459
orig_I3	M0123	coverage	2	5.1600	1.0000	0.5000	1.0000	459
orig_I3	M0580	idf	9	2.2600	0.0000	0.0000	1.0000	452
orig_I3	M0580	coverage	9	2.2600	1.0000	0.3333	1.0000	452
orig_I3	M0033	idf	14	2.1200	1.0000	0.1429	1.0000	407
orig_I3	M0033	coverage	14	2.1200	0.0000	0.0000	1.0000	407
orig_I3	M0281	idf	1	4.6100	1.0000	1.0000	1.0000	430
orig_I3	M0281	coverage	1	4.6100	1.0000	1.0000	1.0000	430
orig_I3	M0544	idf	12	2.5000	1.0000	0.0833	1.0000	437
orig_I3	M0544	coverage	12	2.5000	1.0000	0.0833	1.0000	437
orig_I3	M0212	idf	83	10.0800	0.0000	0.0000	1.0000	447
orig_I3	M0212	coverage	83	10.0800	1.0000	0.5904	1.0000	447
orig_I3	M0426	idf	18	2.8200	1.0000	0.6111	1.0000	429
orig_I3	M0426	coverage	18	2.8200	1.0000	0.0556	1.0000	429
orig_I3	M0905	idf	198	1.3800	0.0000	0.0000	1.0000	430
orig_I3	M0905	coverage	198	1.3800	0.0000	0.0000	1.0000	430
orig_I3	M0843	idf	14	1.5600	0.0000	0.0000	1.0000	456
orig_I3	M0843	coverage	14	1.5600	1.0000	0.6429	1.0000	456
orig_I3	M0263	idf	24	2.4800	0.0000	0.0000	1.0000	377
orig_I3	M0263	coverage	24	2.4800	1.0000	0.2500	1.0000	377
orig_I3	M0697	idf	155	2.8600	0.0000	0.0000	1.0000	466
orig_I3	M0697	coverage	155	2.8600	1.0000	0.9032	1.0000	466
orig_I3	M0260	idf	21	2.6900	1.0000	0.9048	1.0000	418
orig_I3	M0260	coverage	21	2.6900	1.0000	0.4286	1.0000	418
orig_I3	M0379	idf	41	4.7300	1.0000	1.0000	1.0000	459
orig_I3	M0379	coverage	41	4.7300	1.0000	0.4634	1.0000	459
orig_I3	M0377	idf	189	4.8200	1.0000	0.0317	1.0000	478
orig_I3	M0377	coverage	189	4.8200	0.0000	0.0000	1.0000	478
orig_I3	M0547	idf	4	1.5000	1.0000	0.7500	1.0000	442
orig_I3	M0547	coverage	4	1.5000	1.0000	0.7500	1.0000	442
orig_I3	M0508	idf	6	4.3800	1.0000	1.0000	1.0000	463
orig_I3	M0508	coverage	6	4.3800	1.0000	0.1667	1.0000	463
orig_I3	M0401	idf	392	2.0900	1.0000	0.0026	1.0000	495
orig_I3	M0401	coverage	392	2.0900	0.0000	0.0000	1.0000	495
orig_I3	M0755	idf	11	1.2400	1.0000	0.5455	1.0000	445
orig_I3	M0755	coverage	11	1.2400	1.0000	0.0909	1.0000	445
orig_I3	M0458	idf	25	1.5900	0.0000	0.0000	1.0000	432
orig_I3	M0458	coverage	25	1.5900	1.0000	0.1600	1.0000	432
orig_I3	M0314	idf	45	9.4800	0.0000	0.0000	1.0000	414
orig_I3	M0314	coverage	45	9.4800	1.0000	0.0667	1.0000	414
orig_I3	M0210	idf	220	2.3100	1.0000	0.0136	1.0000	451
orig_I3	M0210	coverage	220	2.3100	0.0000	0.0000	1.0000	451
orig_I3	M0154	idf	62	2.3200	0.0000	0.0000	1.0000	428
orig_I3	M0154	coverage	62	2.3200	1.0000	0.8548	1.0000	428
orig_I3	M0502	idf	20	6.1800	1.0000	0.2000	1.0000	460
orig_I3	M0502	coverage	20	6.1800	0.0000	0.0000	1.0000	460
orig_I3	M0031	idf	290	4.2500	1.0000	0.2828	1.0000	466
orig_I3	M0031	coverage	290	4.2500	1.0000	0.5586	1.0000	466
orig_I3	M0178	idf	273	3.4200	0.0000	0.0000	1.0000	446
orig_I3	M0178	coverage	273	3.4200	1.0000	0.0147	1.0000	446
orig_I3	M0019	idf	21	5.3400	1.0000	0.4762	1.0000	425
orig_I3	M0019	coverage	21	5.3400	1.0000	0.7619	1.0000	425
orig_I3	M0125	idf	19	5.6600	1.0000	0.8947	1.0000	419
orig_I3	M0125	coverage	19	5.6600	1.0000	0.7368	1.0000	419
orig_I3	M0181	idf	8	5.0600	1.0000	0.2500	1.0000	438
orig_I3	M0181	coverage	8	5.0600	1.0000	0.1250	1.0000	438
orig_I3	M0466	idf	6	4.4500	1.0000	0.6667	1.0000	460
orig_I3	M0466	coverage	6	4.4500	0.0000	0.0000	1.0000	460
orig_I3	M0058	idf	37	3.0700	1.0000	0.0541	1.0000	437
orig_I3	M0058	coverage	37	3.0700	0.0000	0.0000	1.0000	437
orig_I3	M0683	idf	27	3.3800	1.0000	0.8889	1.0000	419
orig_I3	M0683	coverage	27	3.3800	1.0000	0.0741	1.0000	419
orig_I3	M0925	idf	22	1.9700	1.0000	0.0455	1.0000	429
orig_I3	M0925	coverage	22	1.9700	1.0000	0.0455	1.0000	429
orig_I3	M0081	idf	9	3.5400	1.0000	0.4444	1.0000	445
orig_I3	M0081	coverage	9	3.5400	1.0000	0.2222	1.0000	445
orig_I3	M0090	idf	60	5.4300	1.0000	0.9500	1.0000	472
orig_I3	M0090	coverage	60	5.4300	1.0000	0.0833	1.0000	472
orig_I3	M0429	idf	47	2.8400	1.0000	0.3404	1.0000	452
orig_I3	M0429	coverage	47	2.8400	1.0000	0.9574	1.0000	452
orig_I3	M0447	idf	2	2.3700	0.0000	0.0000	1.0000	432
orig_I3	M0447	coverage	2	2.3700	0.0000	0.0000	1.0000	432
orig_I3	M0768	idf	19	3.4400	1.0000	0.6316	1.0000	424
orig_I3	M0768	coverage	19	3.4400	1.0000	0.3684	1.0000	424
orig_I3	M0261	idf	19	2.7800	1.0000	0.0526	1.0000	412
orig_I3	M0261	coverage	19	2.7800	1.0000	0.0526	1.0000	412
orig_I3	M0234	idf	8	3.2800	1.0000	0.6250	1.0000	427
orig_I3	M0234	coverage	8	3.2800	0.0000	0.0000	1.0000	427
orig_I3	M0958	idf	236	4.5000	0.0000	0.0000	1.0000	491
orig_I3	M0958	coverage	236	4.5000	0.0000	0.0000	1.0000	491
orig_I3	M0387	idf	2048	2.7900	1.0000	0.0005	1.0000	482
orig_I3	M0387	coverage	2048	2.7900	0.0000	0.0000	1.0000	482
orig_I3	M0520	idf	440	2.4000	0.0000	0.0000	1.0000	477
orig_I3	M0520	coverage	440	2.4000	0.0000	0.0000	1.0000	477
orig_I3	M0910	idf	7	2.4300	1.0000	0.8571	1.0000	415
orig_I3	M0910	coverage	7	2.4300	1.0000	0.8571	1.0000	415
orig_I3	M0398	idf	36	4.5300	1.0000	1.0000	1.0000	449
orig_I3	M0398	coverage	36	4.5300	0.0000	0.0000	1.0000	449
orig_I3	M0040	idf	52	2.3200	1.0000	0.0385	1.0000	425
orig_I3	M0040	coverage	52	2.3200	0.0000	0.0000	1.0000	425
orig_I3	M0808	idf	3	2.3500	1.0000	1.0000	1.0000	431
orig_I3	M0808	coverage	3	2.3500	0.0000	0.0000	1.0000	431
orig_I3	M0781	idf	6	2.7300	1.0000	0.6667	1.0000	461
orig_I3	M0781	coverage	6	2.7300	1.0000	0.6667	1.0000	461
orig_I3	M0410	idf	30	4.9100	1.0000	0.0667	1.0000	420
orig_I3	M0410	coverage	30	4.9100	0.0000	0.0000	1.0000	420
orig_I3	M0250	idf	14	2.3200	1.0000	0.9286	1.0000	428
orig_I3	M0250	coverage	14	2.3200	1.0000	0.0714	1.0000	428
orig_I3	M0748	idf	19	1.0000	1.0000	0.4737	1.0000	477
orig_I3	M0748	coverage	19	1.0000	1.0000	1.0000	1.0000	477
orig_I3	M0515	idf	20	4.8000	1.0000	0.1000	1.0000	449
orig_I3	M0515	coverage	20	4.8000	1.0000	0.3000	1.0000	449
orig_I3	M0920	idf	21	2.8900	0.0000	0.0000	1.0000	458
orig_I3	M0920	coverage	21	2.8900	1.0000	0.2381	1.0000	458
orig_I3	M0655	idf	6	1.2700	0.0000	0.0000	1.0000	451
orig_I3	M0655	coverage	6	1.2700	0.0000	0.0000	1.0000	451
orig_I3	M0227	idf	38	2.9500	1.0000	0.2105	1.0000	458
orig_I3	M0227	coverage	38	2.9500	0.0000	0.0000	1.0000	458
orig_I3	M0272	idf	35	4.9800	1.0000	0.1143	1.0000	395
orig_I3	M0272	coverage	35	4.9800	1.0000	0.0857	1.0000	395
orig_I3	M0093	idf	10	2.6500	0.0000	0.0000	1.0000	429
orig_I3	M0093	coverage	10	2.6500	0.0000	0.0000	1.0000	429
orig_I3	M0625	idf	5	2.5300	0.0000	0.0000	0.0000	442
orig_I3	M0625	coverage	5	2.5300	0.0000	0.0000	0.0000	442
orig_I3	M0321	idf	19	2.3600	1.0000	0.5263	1.0000	436
orig_I3	M0321	coverage	19	2.3600	0.0000	0.0000	1.0000	436
orig_I3	M0048	idf	98	4.4700	1.0000	0.4184	1.0000	422
orig_I3	M0048	coverage	98	4.4700	1.0000	0.0204	1.0000	422
orig_I3	M0043	idf	20	4.3000	1.0000	1.0000	1.0000	458
orig_I3	M0043	coverage	20	4.3000	1.0000	0.6500	1.0000	458
orig_I3	M0900	idf	441	1.6600	0.0000	0.0000	1.0000	497
orig_I3	M0900	coverage	441	1.6600	0.0000	0.0000	1.0000	497
orig_I3	M0857	idf	12	3.2900	1.0000	0.5000	1.0000	387
orig_I3	M0857	coverage	12	3.2900	0.0000	0.0000	1.0000	387
orig_I3	M0964	idf	68	2.5800	1.0000	0.1029	1.0000	404
orig_I3	M0964	coverage	68	2.5800	1.0000	0.0294	1.0000	404
orig_I3	M0131	idf	36	4.7100	1.0000	0.6111	1.0000	431
orig_I3	M0131	coverage	36	4.7100	1.0000	0.9167	1.0000	431
orig_I3	M0754	idf	9	1.0000	1.0000	0.3333	1.0000	449
orig_I3	M0754	coverage	9	1.0000	1.0000	0.1111	1.0000	449
orig_I3	M0313	idf	17	1.2500	0.0000	0.0000	1.0000	438
orig_I3	M0313	coverage	17	1.2500	1.0000	0.8235	1.0000	438
orig_I3	M0092	idf	41	3.8400	1.0000	0.3659	1.0000	436
orig_I3	M0092	coverage	41	3.8400	1.0000	0.0244	1.0000	436
orig_I3	M0108	idf	3	2.7200	0.0000	0.0000	1.0000	433
orig_I3	M0108	coverage	3	2.7200	0.0000	0.0000	1.0000	433
orig_I3	M0139	idf	76	2.8800	0.0000	0.0000	1.0000	432
orig_I3	M0139	coverage	76	2.8800	0.0000	0.0000	1.0000	432
orig_I3	M0235	idf	17	1.4800	0.0000	0.0000	1.0000	446
orig_I3	M0235	coverage	17	1.4800	1.0000	0.1765	1.0000	446
orig_I3	M0444	idf	83	2.3000	1.0000	0.7952	1.0000	454
orig_I3	M0444	coverage	83	2.3000	1.0000	0.0120	1.0000	454
orig_I3	M0623	idf	16	2.5100	1.0000	1.0000	1.0000	474
orig_I3	M0623	coverage	16	2.5100	1.0000	1.0000	1.0000	474
orig_I3	M0919	idf	18	2.1500	1.0000	0.3889	1.0000	435
orig_I3	M0919	coverage	18	2.1500	0.0000	0.0000	1.0000	435
orig_I3	M0369	idf	82	2.3000	1.0000	0.1829	1.0000	396
orig_I3	M0369	coverage	82	2.3000	1.0000	0.1220	1.0000	396
orig_I3	M0253	idf	212	4.8100	1.0000	0.7547	1.0000	427
orig_I3	M0253	coverage	212	4.8100	1.0000	0.0330	1.0000	427
orig_I3	M0254	idf	17	10.0200	1.0000	1.0000	1.0000	457
orig_I3	M0254	coverage	17	10.0200	1.0000	0.7647	1.0000	457
orig_I3	M0301	idf	51	2.4900	1.0000	0.0196	1.0000	434
orig_I3	M0301	coverage	51	2.4900	0.0000	0.0000	1.0000	434
orig_I3	M0674	idf	31	2.1800	1.0000	0.0968	1.0000	417
orig_I3	M0674	coverage	31	2.1800	1.0000	0.1290	1.0000	417
orig_I3	M0100	idf	360	2.9000	1.0000	0.0194	1.0000	444
orig_I3	M0100	coverage	360	2.9000	0.0000	0.0000	1.0000	444
orig_I3	M0231	idf	13	3.1400	1.0000	0.9231	1.0000	427
orig_I3	M0231	coverage	13	3.1400	1.0000	0.2308	1.0000	427
orig_I3	M0816	idf	238	1.4300	0.0000	0.0000	1.0000	443
orig_I3	M0816	coverage	238	1.4300	0.0000	0.0000	1.0000	443
orig_I3	M0472	idf	94	4.5900	1.0000	0.9681	1.0000	465
orig_I3	M0472	coverage	94	4.5900	1.0000	0.4681	1.0000	465
orig_I3	M0962	idf	134	5.2500	1.0000	0.0224	1.0000	480
orig_I3	M0962	coverage	134	5.2500	1.0000	0.0299	1.0000	480
orig_I3	M0795	idf	79	3.4500	1.0000	0.2152	1.0000	365
orig_I3	M0795	coverage	79	3.4500	0.0000	0.0000	1.0000	365
orig_I3	M0727	idf	22	4.2300	1.0000	0.3182	1.0000	446
orig_I3	M0727	coverage	22	4.2300	1.0000	0.2727	1.0000	446
orig_I3	M0497	idf	15	4.9400	1.0000	0.6000	1.0000	417
orig_I3	M0497	coverage	15	4.9400	1.0000	0.1333	1.0000	417
orig_I3	M0338	idf	23	1.8200	1.0000	0.1739	1.0000	439
orig_I3	M0338	coverage	23	1.8200	1.0000	0.0870	1.0000	439
orig_I3	M0947	idf	43	2.0600	1.0000	0.6279	1.0000	438
orig_I3	M0947	coverage	43	2.0600	1.0000	0.5116	1.0000	438
orig_I3	M0163	idf	47	1.9500	1.0000	0.7447	1.0000	440
orig_I3	M0163	coverage	47	1.9500	1.0000	0.0426	1.0000	440
orig_I3	M0959	idf	155	4.6100	0.0000	0.0000	1.0000	492
orig_I3	M0959	coverage	155	4.6100	0.0000	0.0000	1.0000	492
orig_I3	M0433	idf	210	1.5300	0.0000	0.0000	1.0000	435
orig_I3	M0433	coverage	210	1.5300	0.0000	0.0000	1.0000	435
orig_I3	M0416	idf	4	4.6200	1.0000	1.0000	1.0000	436
orig_I3	M0416	coverage	4	4.6200	1.0000	0.7500	1.0000	436
orig_I3	M0850	idf	31	2.3700	0.0000	0.0000	1.0000	430
orig_I3	M0850	coverage	31	2.3700	1.0000	0.3548	1.0000	430
orig_I3	M0454	idf	14	2.7400	1.0000	0.9286	1.0000	457
orig_I3	M0454	coverage	14	2.7400	1.0000	0.7857	1.0000	457
orig_I3	M0351	idf	24	2.6300	0.0000	0.0000	1.0000	435
orig_I3	M0351	coverage	24	2.6300	1.0000	0.4583	1.0000	435
orig_I3	M0425	idf	2084	1.5700	0.0000	0.0000	1.0000	446
orig_I3	M0425	coverage	2084	1.5700	1.0000	0.0005	1.0000	446
orig_I3	M0067	idf	39	2.3600	1.0000	0.1795	1.0000	429
orig_I3	M0067	coverage	39	2.3600	0.0000	0.0000	1.0000	429
orig_I3	M0550	idf	20	2.2100	0.0000	0.0000	1.0000	457
orig_I3	M0550	coverage	20	2.2100	0.0000	0.0000	1.0000	457
orig_I3	M0792	idf	10	1.4300	0.0000	0.0000	1.0000	437
orig_I3	M0792	coverage	10	1.4300	0.0000	0.0000	1.0000	437
orig_I3	M0961	idf	144	4.2800	0.0000	0.0000	1.0000	487
orig_I3	M0961	coverage	144	4.2800	1.0000	0.0208	1.0000	487
orig_I3	M0109	idf	207	3.5500	1.0000	0.5169	1.0000	461
orig_I3	M0109	coverage	207	3.5500	1.0000	0.3575	1.0000	461
orig_I3	M0257	idf	222	4.1500	1.0000	0.9369	1.0000	474
orig_I3	M0257	coverage	222	4.1500	1.0000	0.0180	1.0000	474
orig_I3	M0789	idf	51	2.0000	0.0000	0.0000	1.0000	406
orig_I3	M0789	coverage	51	2.0000	1.0000	0.4902	1.0000	406
orig_I3	M0363	idf	64	2.5800	0.0000	0.0000	1.0000	453
orig_I3	M0363	coverage	64	2.5800	0.0000	0.0000	1.0000	453
orig_I3	M0391	idf	14	1.6500	0.0000	0.0000	1.0000	474
orig_I3	M0391	coverage	14	1.6500	0.0000	0.0000	1.0000	474
orig_I3	M0826	idf	21	2.2900	1.0000	0.0952	1.0000	439
orig_I3	M0826	coverage	21	2.2900	0.0000	0.0000	1.0000	439
orig_I3	M0952	idf	5	1.1900	1.0000	0.6000	1.0000	409
orig_I3	M0952	coverage	5	1.1900	1.0000	0.6000	1.0000	409
orig_I3	M0117	idf	100	2.2000	0.0000	0.0000	1.0000	472
orig_I3	M0117	coverage	100	2.2000	1.0000	0.0100	1.0000	472
orig_I3	M0854	idf	122	2.7800	0.0000	0.0000	1.0000	452
orig_I3	M0854	coverage	122	2.7800	1.0000	0.0246	1.0000	452
orig_I3	M0881	idf	155	2.8100	1.0000	0.8710	1.0000	435
orig_I3	M0881	coverage	155	2.8100	1.0000	0.7355	1.0000	435
orig_I3	M0874	idf	1	1.6000	0.0000	0.0000	1.0000	448
orig_I3	M0874	coverage	1	1.6000	0.0000	0.0000	1.0000	448
orig_I3	M0597	idf	27	1.8100	1.0000	0.1852	1.0000	445
orig_I3	M0597	coverage	27	1.8100	1.0000	0.3704	1.0000	445
orig_I3	M0070	idf	159	2.4600	0.0000	0.0000	1.0000	430
orig_I3	M0070	coverage	159	2.4600	1.0000	0.0126	1.0000	430
orig_I3	M0423	idf	94	2.5000	0.0000	0.0000	1.0000	449
orig_I3	M0423	coverage	94	2.5000	0.0000	0.0000	1.0000	449
orig_I3	M0266	idf	35	3.1000	1.0000	0.6286	1.0000	453
orig_I3	M0266	coverage	35	3.1000	1.0000	0.2857	1.0000	453
orig_I3	M0262	idf	19	4.0200	1.0000	1.0000	1.0000	434
orig_I3	M0262	coverage	19	4.0200	1.0000	0.9474	1.0000	434
orig_I3	M0806	idf	3	1.1000	0.0000	0.0000	1.0000	462
orig_I3	M0806	coverage	3	1.1000	1.0000	0.3333	1.0000	462
orig_I3	M0937	idf	31	2.1900	0.0000	0.0000	1.0000	405
orig_I3	M0937	coverage	31	2.1900	1.0000	0.4516	1.0000	405
orig_I3	M0066	idf	57	2.6900	1.0000	0.2456	1.0000	436
orig_I3	M0066	coverage	57	2.6900	1.0000	0.3684	1.0000	436
orig_I3	M0462	idf	48	2.3500	1.0000	0.8958	1.0000	446
orig_I3	M0462	coverage	48	2.3500	0.0000	0.0000	1.0000	446
orig_I3	M0380	idf	21	2.9800	1.0000	0.4762	1.0000	455
orig_I3	M0380	coverage	21	2.9800	1.0000	0.5714	1.0000	455
orig_I3	M0403	idf	16	2.3000	1.0000	0.6875	1.0000	478
orig_I3	M0403	coverage	16	2.3000	1.0000	0.3125	1.0000	478
orig_I3	M0141	idf	25	10.1200	1.0000	0.1200	1.0000	439
orig_I3	M0141	coverage	25	10.1200	1.0000	0.0800	1.0000	439
orig_I3	M0237	idf	555	2.3200	0.0000	0.0000	1.0000	438
orig_I3	M0237	coverage	555	2.3200	1.0000	0.0306	1.0000	438
orig_I3	M0642	idf	24	2.5000	1.0000	0.1667	1.0000	404
orig_I3	M0642	coverage	24	2.5000	1.0000	0.2917	1.0000	404
orig_I3	M0142	idf	13	2.3300	1.0000	0.2308	1.0000	423
orig_I3	M0142	coverage	13	2.3300	1.0000	0.3077	1.0000	423
orig_I3	M0798	idf	2073	2.4300	0.0000	0.0000	1.0000	494
orig_I3	M0798	coverage	2073	2.4300	0.0000	0.0000	1.0000	494
orig_I3	M0574	idf	111	4.9200	1.0000	0.3964	1.0000	437
orig_I3	M0574	coverage	111	4.9200	1.0000	0.4414	1.0000	437
orig_I3	M0663	idf	96	1.7800	1.0000	0.1042	1.0000	429
orig_I3	M0663	coverage	96	1.7800	1.0000	0.1354	1.0000	429
orig_I3	M0348	idf	165	4.8700	0.0000	0.0000	1.0000	492
orig_I3	M0348	coverage	165	4.8700	0.0000	0.0000	1.0000	492
orig_I3	M0353	idf	11	1.3500	1.0000	0.0909	1.0000	396
orig_I3	M0353	coverage	11	1.3500	1.0000	0.4545	1.0000	396
orig_I3	M0028	idf	19	3.3000	1.0000	1.0000	1.0000	450
orig_I3	M0028	coverage	19	3.3000	1.0000	1.0000	1.0000	450
orig_I3	M0308	idf	172	5.1000	1.0000	1.0000	1.0000	468
orig_I3	M0308	coverage	172	5.1000	1.0000	0.8663	1.0000	468
orig_I3	M0860	idf	6	3.2500	0.0000	0.0000	1.0000	459
orig_I3	M0860	coverage	6	3.2500	1.0000	0.3333	1.0000	459
orig_I3	M0188	idf	117	2.2700	0.0000	0.0000	1.0000	390
orig_I3	M0188	coverage	117	2.2700	1.0000	0.0085	1.0000	390
orig_I3	M0003	idf	94	1.7300	1.0000	0.1383	1.0000	422
orig_I3	M0003	coverage	94	1.7300	0.0000	0.0000	1.0000	422
orig_I3	M0906	idf	265	1.1500	0.0000	0.0000	1.0000	479
orig_I3	M0906	coverage	265	1.1500	1.0000	0.6679	1.0000	479
orig_I3	M0590	idf	19	2.0700	1.0000	0.0526	1.0000	443
orig_I3	M0590	coverage	19	2.0700	1.0000	0.1053	1.0000	443
orig_I3	M0293	idf	60	2.1400	1.0000	0.2833	1.0000	428
orig_I3	M0293	coverage	60	2.1400	1.0000	0.3667	1.0000	428
orig_I3	M0651	idf	56	1.2200	0.0000	0.0000	1.0000	442
orig_I3	M0651	coverage	56	1.2200	0.0000	0.0000	1.0000	442
orig_I3	M0297	idf	17	0.7800	0.0000	0.0000	1.0000	466
orig_I3	M0297	coverage	17	0.7800	0.0000	0.0000	1.0000	466
orig_I3	M0194	idf	63	4.6900	1.0000	0.9206	1.0000	426
orig_I3	M0194	coverage	63	4.6900	1.0000	0.1746	1.0000	426
orig_I3	M0589	idf	26	1.5700	1.0000	0.2308	1.0000	434
orig_I3	M0589	coverage	26	1.5700	0.0000	0.0000	1.0000	434
orig_I3	M0669	idf	10	1.9400	1.0000	0.1000	1.0000	379
orig_I3	M0669	coverage	10	1.9400	0.0000	0.0000	1.0000	379
orig_I3	M0742	idf	2	2.4700	1.0000	1.0000	1.0000	429
orig_I3	M0742	coverage	2	2.4700	0.0000	0.0000	1.0000	429
orig_I3	M0298	idf	164	2.4200	0.0000	0.0000	1.0000	472
orig_I3	M0298	coverage	164	2.4200	1.0000	0.0488	1.0000	472
orig_I3	M0440	idf	43	2.9200	1.0000	0.4884	1.0000	446
orig_I3	M0440	coverage	43	2.9200	1.0000	0.2791	1.0000	446
orig_I3	M0386	idf	4	4.4800	1.0000	1.0000	1.0000	435
orig_I3	M0386	coverage	4	4.4800	1.0000	1.0000	1.0000	435
orig_I3	M0087	idf	50	4.8100	1.0000	1.0000	1.0000	461
orig_I3	M0087	coverage	50	4.8100	1.0000	0.2600	1.0000	461
orig_I4	M0346	idf	37	2.0400	1.0000	0.0270	1.0000	437
orig_I4	M0346	coverage	37	2.0400	0.0000	0.0000	1.0000	437
orig_I4	M0376	idf	41	4.6300	1.0000	0.8049	1.0000	451
orig_I4	M0376	coverage	41	4.6300	1.0000	0.7561	1.0000	451
orig_I4	M0431	idf	3	1.8700	1.0000	1.0000	1.0000	427
orig_I4	M0431	coverage	3	1.8700	1.0000	1.0000	1.0000	427
orig_I4	M0243	idf	11	4.2000	1.0000	1.0000	1.0000	439
orig_I4	M0243	coverage	11	4.2000	0.0000	0.0000	1.0000	439
orig_I4	M0294	idf	108	4.9100	1.0000	0.3056	1.0000	458
orig_I4	M0294	coverage	108	4.9100	0.0000	0.0000	1.0000	458
orig_I4	M0895	idf	121	1.8100	1.0000	0.0083	1.0000	434
orig_I4	M0895	coverage	121	1.8100	1.0000	0.0165	1.0000	434
orig_I4	M0104	idf	4	5.1800	1.0000	1.0000	1.0000	395
orig_I4	M0104	coverage	4	5.1800	0.0000	0.0000	1.0000	395
orig_I4	M0869	idf	5	1.4500	0.0000	0.0000	1.0000	427
orig_I4	M0869	coverage	5	1.4500	0.0000	0.0000	1.0000	427
orig_I4	M0075	idf	2	4.9200	0.0000	0.0000	1.0000	408
orig_I4	M0075	coverage	2	4.9200	0.0000	0.0000	1.0000	408
orig_I4	M0134	idf	55	2.3600	1.0000	0.1455	1.0000	444
orig_I4	M0134	coverage	55	2.3600	1.0000	0.8909	1.0000	444
orig_I4	M0206	idf	75	5.0600	1.0000	0.9733	1.0000	419
orig_I4	M0206	coverage	75	5.0600	1.0000	0.2800	1.0000	419
orig_I4	M0044	idf	67	4.7800	1.0000	0.9552	1.0000	453
orig_I4	M0044	coverage	67	4.7800	1.0000	0.3731	1.0000	453
orig_I4	M0484	idf	100	4.9900	1.0000	1.0000	1.0000	416
orig_I4	M0484	coverage	100	4.9900	1.0000	0.8700	1.0000	416
orig_I4	M0334	idf	22	2.8800	1.0000	0.9545	1.0000	426
orig_I4	M0334	coverage	22	2.8800	0.0000	0.0000	1.0000	426
orig_I4	M0412	idf	5	2.4000	1.0000	0.6000	1.0000	439
orig_I4	M0412	coverage	5	2.4000	0.0000	0.0000	1.0000	439
orig_I4	M0931	idf	70	1.4100	1.0000	0.0429	1.0000	431
orig_I4	M0931	coverage	70	1.4100	0.0000	0.0000	1.0000	431
orig_I4	M0118	idf	106	2.2900	0.0000	0.0000	1.0000	374
orig_I4	M0118	coverage	106	2.2900	1.0000	0.0189	1.0000	374
orig_I4	M0752	idf	8	0.9800	1.0000	1.0000	1.0000	384
orig_I4	M0752	coverage	8	0.9800	1.0000	0.8750	1.0000	384
orig_I4	M0428	idf	10	4.4400	1.0000	1.0000	1.0000	421
orig_I4	M0428	coverage	10	4.4400	1.0000	0.7000	1.0000	421
orig_I4	M0771	idf	213	1.5100	1.0000	0.0469	1.0000	450
orig_I4	M0771	coverage	213	1.5100	1.0000	0.0329	1.0000	450
orig_I4	M0658	idf	12	2.2000	0.0000	0.0000	1.0000	448
orig_I4	M0658	coverage	12	2.2000	1.0000	0.9167	1.0000	448
orig_I4	M0311	idf	78	4.7600	1.0000	0.9231	1.0000	467
orig_I4	M0311	coverage	78	4.7600	0.0000	0.0000	1.0000	467
orig_I4	M0600	idf	78	3.8200	1.0000	0.0641	1.0000	436
orig_I4	M0600	coverage	78	3.8200	0.0000	0.0000	1.0000	436
orig_I4	M0565	idf	13	1.3200	0.0000	0.0000	1.0000	406
orig_I4	M0565	coverage	13	1.3200	1.0000	0.1538	1.0000	406
orig_I4	M0085	idf	11	2.8000	1.0000	0.7273	1.0000	405
orig_I4	M0085	coverage	11	2.8000	1.0000	0.4545	1.0000	405
orig_I4	M0488	idf	6	4.8600	1.0000	1.0000	1.0000	428
orig_I4	M0488	coverage	6	4.8600	1.0000	1.0000	1.0000	428
orig_I4	M0076	idf	97	1.5900	0.0000	0.0000	1.0000	441
orig_I4	M0076	coverage	97	1.5900	1.0000	0.3711	1.0000	441
orig_I4	M0175	idf	826	1.2900	0.0000	0.0000	1.0000	488
orig_I4	M0175	coverage	826	1.2900	1.0000	0.4249	1.0000	488
orig_I4	M0107	idf	7	2.7900	1.0000	0.2857	1.0000	430
orig_I4	M0107	coverage	7	2.7900	1.0000	0.7143	1.0000	430
orig_I4	M0201	idf	38	1.7300	0.0000	0.0000	1.0000	435
orig_I4	M0201	coverage	38	1.7300	0.0000	0.0000	1.0000	435
orig_I4	M0383	idf	124	5.0900	0.0000	0.0000	1.0000	443
orig_I4	M0383	coverage	124	5.0900	1.0000	0.0161	1.0000	443
orig_I4	M0111	idf	10	5.2600	1.0000	0.3000	1.0000	427
orig_I4	M0111	coverage	10	5.2600	0.0000	0.0000	1.0000	427
orig_I4	M0634	idf	9	4.0100	1.0000	0.1111	1.0000	421
orig_I4	M0634	coverage	9	4.0100	1.0000	0.8889	1.0000	421
orig_I4	M0609	idf	81	2.8500	1.0000	0.0988	1.0000	486
orig_I4	M0609	coverage	81	2.8500	1.0000	0.0123	1.0000	486
orig_I4	M0228	idf	119	3.1300	1.0000	0.1176	1.0000	403
orig_I4	M0228	coverage	119	3.1300	0.0000	0.0000	1.0000	403
orig_I4	M0636	idf	16	2.0500	1.0000	0.5000	1.0000	413
orig_I4	M0636	coverage	16	2.0500	1.0000	0.3750	1.0000	413
orig_I4	M0908	idf	78	1.0400	0.0000	0.0000	1.0000	451
orig_I4	M0908	coverage	78	1.0400	1.0000	0.0128	1.0000	451
orig_I4	M0564	idf	357	2.4600	0.0000	0.0000	1.0000	425
orig_I4	M0564	coverage	357	2.4600	1.0000	0.0028	1.0000	425
orig_I4	M0616	idf	5	2.6900	1.0000	0.8000	1.0000	418
orig_I4	M0616	coverage	5	2.6900	1.0000	0.8000	1.0000	418
orig_I4	M0453	idf	61	4.3400	1.0000	0.3115	1.0000	441
orig_I4	M0453	coverage	61	4.3400	0.0000	0.0000	1.0000	441
orig_I4	M0510	idf	62	2.5400	1.0000	0.9194	1.0000	419
orig_I4	M0510	coverage	62	2.5400	1.0000	0.7097	1.0000	419
orig_I4	M0216	idf	1150	2.9700	1.0000	0.4278	1.0000	499
orig_I4	M0216	coverage	1150	2.9700	1.0000	0.4278	1.0000	499
orig_I4	M0448	idf	7	1.2700	0.0000	0.0000	0.0000	445
orig_I4	M0448	coverage	7	1.2700	0.0000	0.0000	0.0000	445
orig_I4	M0732	idf	18	2.4200	0.0000	0.0000	1.0000	412
orig_I4	M0732	coverage	18	2.4200	0.0000	0.0000	1.0000	412
orig_I4	M0734	idf	5	1.4300	0.0000	0.0000	1.0000	386
orig_I4	M0734	coverage	5	1.4300	0.0000	0.0000	1.0000	386
orig_I4	M0456	idf	17	1.1900	0.0000	0.0000	1.0000	415
orig_I4	M0456	coverage	17	1.1900	0.0000	0.0000	1.0000	415
orig_I4	M0278	idf	74	1.0600	1.0000	0.6351	1.0000	397
orig_I4	M0278	coverage	74	1.0600	1.0000	0.7703	1.0000	397
orig_I4	M0682	idf	290	1.0600	0.0000	0.0000	1.0000	435
orig_I4	M0682	coverage	290	1.0600	1.0000	0.3759	1.0000	435
orig_I4	M0381	idf	68	1.0700	0.0000	0.0000	1.0000	410
orig_I4	M0381	coverage	68	1.0700	1.0000	0.6029	1.0000	410
orig_I4	M0759	idf	73	4.0200	0.0000	0.0000	0.0000	425
orig_I4	M0759	coverage	73	4.0200	0.0000	0.0000	0.0000	425
orig_I4	M0916	idf	1	2.0700	1.0000	1.0000	1.0000	408
orig_I4	M0916	coverage	1	2.0700	0.0000	0.0000	1.0000	408
orig_I4	M0122	idf	21	2.9400	1.0000	0.3810	1.0000	400
orig_I4	M0122	coverage	21	2.9400	0.0000	0.0000	1.0000	400
orig_I4	M0435	idf	17	15.9200	1.0000	0.0588	1.0000	468
orig_I4	M0435	coverage	17	15.9200	0.0000	0.0000	1.0000	468
orig_I4	M0519	idf	16	4.7800	1.0000	1.0000	1.0000	409
orig_I4	M0519	coverage	16	4.7800	0.0000	0.0000	1.0000	409
orig_I4	M0506	idf	113	2.5000	1.0000	0.4867	1.0000	439
orig_I4	M0506	coverage	113	2.5000	0.0000	0.0000	1.0000	439
orig_I4	M0357	idf	5	2.3000	0.0000	0.0000	1.0000	405
orig_I4	M0357	coverage	5	2.3000	0.0000	0.0000	1.0000	405
orig_I4	M0414	idf	82	2.3000	1.0000	0.8293	1.0000	457
orig_I4	M0414	coverage	82	2.3000	0.0000	0.0000	1.0000	457
orig_I4	M0096	idf	23	2.5600	0.0000	0.0000	1.0000	414
orig_I4	M0096	coverage	23	2.5600	1.0000	0.0435	1.0000	414
orig_I4	M0885	idf	15	4.4500	1.0000	0.7333	1.0000	391
orig_I4	M0885	coverage	15	4.4500	0.0000	0.0000	1.0000	391
orig_I4	M0738	idf	15	2.3400	1.0000	1.0000	1.0000	416
orig_I4	M0738	coverage	15	2.3400	1.0000	0.7333	1.0000	416
orig_I4	M0545	idf	19	2.5800	0.0000	0.0000	1.0000	352
orig_I4	M0545	coverage	19	2.5800	1.0000	0.5789	1.0000	352
orig_I4	M0815	idf	238	1.3900	1.0000	0.3613	1.0000	467
orig_I4	M0815	coverage	238	1.3900	0.0000	0.0000	1.0000	467
orig_I4	M0077	idf	101	2.1600	0.0000	0.0000	1.0000	432
orig_I4	M0077	coverage	101	2.1600	0.0000	0.0000	1.0000	432
orig_I4	M0851	idf	22	1.6600	0.0000	0.0000	1.0000	366
orig_I4	M0851	coverage	22	1.6600	0.0000	0.0000	1.0000	366
orig_I4	M0862	idf	17	2.3600	0.0000	0.0000	1.0000	458
orig_I4	M0862	coverage	17	2.3600	0.0000	0.0000	1.0000	458
orig_I4	M0736	idf	3	2.3200	0.0000	0.0000	1.0000	421
orig_I4	M0736	coverage	3	2.3200	1.0000	0.3333	1.0000	421
orig_I4	M0819	idf	25	2.0400	0.0000	0.0000	1.0000	434
orig_I4	M0819	coverage	25	2.0400	0.0000	0.0000	1.0000	434
orig_I4	M0822	idf	2	2.3900	0.0000	0.0000	1.0000	405
orig_I4	M0822	coverage	2	2.3900	0.0000	0.0000	1.0000	405
orig_I4	M0136	idf	9	3.0300	1.0000	0.8889	1.0000	450
orig_I4	M0136	coverage	9	3.0300	1.0000	0.7778	1.0000	450
orig_I4	M0054	idf	44	1.3300	0.0000	0.0000	1.0000	403
orig_I4	M0054	coverage	44	1.3300	1.0000	0.7500	1.0000	403
orig_I4	M0612	idf	82	3.8500	0.0000	0.0000	1.0000	419
orig_I4	M0612	coverage	82	3.8500	1.0000	0.5732	1.0000	419
orig_I4	M0010	idf	13	2.4200	1.0000	1.0000	1.0000	449
orig_I4	M0010	coverage	13	2.4200	1.0000	1.0000	1.0000	449
orig_I4	M0709	idf	289	2.4100	0.0000	0.0000	1.0000	397
orig_I4	M0709	coverage	289	2.4100	1.0000	0.0346	1.0000	397
orig_I4	M0940	idf	104	4.7700	0.0000	0.0000	1.0000	485
orig_I4	M0940	coverage	104	4.7700	0.0000	0.0000	1.0000	485
orig_I4	M0172	idf	12	4.6000	0.0000	0.0000	1.0000	451
orig_I4	M0172	coverage	12	4.6000	1.0000	0.5833	1.0000	451
orig_I4	M0693	idf	362	2.2500	0.0000	0.0000	1.0000	399
orig_I4	M0693	coverage	362	2.2500	1.0000	0.0028	1.0000	399
orig_I4	M0159	idf	148	5.3400	1.0000	0.8851	1.0000	449
orig_I4	M0159	coverage	148	5.3400	1.0000	0.1081	1.0000	449
orig_I4	M0835	idf	9	3.2300	0.0000	0.0000	0.0000	416
orig_I4	M0835	coverage	9	3.2300	0.0000	0.0000	0.0000	416
orig_I4	M0810	idf	37	2.6400	1.0000	0.4324	1.0000	427
orig_I4	M0810	coverage	37	2.6400	1.0000	0.3243	1.0000	427
orig_I4	M0434	idf	12	4.6100	1.0000	1.0000	1.0000	429
orig_I4	M0434	coverage	12	4.6100	0.0000	0.0000	1.0000	429
orig_I4	M0653	idf	23	2.5000	1.0000	0.0435	1.0000	402
orig_I4	M0653	coverage	23	2.5000	1.0000	0.0435	1.0000	402
orig_I4	M0205	idf	259	4.9500	1.0000	0.5946	1.0000	464
orig_I4	M0205	coverage	259	4.9500	1.0000	0.9035	1.0000	464
orig_I4	M0939	idf	13	0.7600	1.0000	0.6154	1.0000	382
orig_I4	M0939	coverage	13	0.7600	1.0000	0.5385	1.0000	382
orig_I4	M0918	idf	65	5.3300	1.0000	0.0462	1.0000	411
orig_I4	M0918	coverage	65	5.3300	1.0000	0.2923	1.0000	411
orig_I4	M0858	idf	351	2.3100	1.0000	0.1339	1.0000	459
orig_I4	M0858	coverage	351	2.3100	1.0000	0.8205	1.0000	459
orig_I4	M0420	idf	17	1.4500	1.0000	0.1765	1.0000	398
orig_I4	M0420	coverage	17	1.4500	1.0000	0.1176	1.0000	398
orig_I4	M0879	idf	15	2.2300	0.0000	0.0000	0.0000	411
orig_I4	M0879	coverage	15	2.2300	0.0000	0.0000	0.0000	411
orig_I4	M0371	idf	122	2.8400	1.0000	0.0574	1.0000	389
orig_I4	M0371	coverage	122	2.8400	0.0000	0.0000	1.0000	389
orig_I4	M0020	idf	115	4.5900	0.0000	0.0000	1.0000	468
orig_I4	M0020	coverage	115	4.5900	1.0000	0.0087	1.0000	468
orig_I4	M0855	idf	38	2.6400	1.0000	0.3947	1.0000	403
orig_I4	M0855	coverage	38	2.6400	1.0000	0.1579	1.0000	403
orig_I4	M0957	idf	186	4.5000	0.0000	0.0000	1.0000	486
orig_I4	M0957	coverage	186	4.5000	0.0000	0.0000	1.0000	486
orig_I4	M0505	idf	27	2.6400	1.0000	0.1111	1.0000	421
orig_I4	M0505	coverage	27	2.6400	1.0000	0.0741	1.0000	421
orig_I4	M0477	idf	70	2.1200	1.0000	0.4429	1.0000	443
orig_I4	M0477	coverage	70	2.1200	1.0000	0.5429	1.0000	443
orig_I4	M0829	idf	6	2.5700	1.0000	0.6667	1.0000	425
orig_I4	M0829	coverage	6	2.5700	0.0000	0.0000	1.0000	425
orig_I4	M0884	idf	19	2.7000	0.0000	0.0000	1.0000	422
orig_I4	M0884	coverage	19	2.7000	1.0000	0.5263	1.0000	422
orig_I4	M0384	idf	67	2.0000	1.0000	0.0448	1.0000	414
orig_I4	M0384	coverage	67	2.0000	1.0000	0.0149	1.0000	414
orig_I4	M0065	idf	53	2.3000	1.0000	0.4151	1.0000	414
orig_I4	M0065	coverage	53	2.3000	1.0000	0.3396	1.0000	414
orig_I4	M0123	idf	2	5.2100	1.0000	1.0000	1.0000	425
orig_I4	M0123	coverage	2	5.2100	0.0000	0.0000	1.0000	425
orig_I4	M0580	idf	9	2.1800	0.0000	0.0000	1.0000	396
orig_I4	M0580	coverage	9	2.1800	1.0000	0.3333	1.0000	396
orig_I4	M0033	idf	14	2.3500	1.0000	0.1429	1.0000	404
orig_I4	M0033	coverage	14	2.3500	0.0000	0.0000	1.0000	404
orig_I4	M0281	idf	1	4.9900	1.0000	1.0000	1.0000	412
orig_I4	M0281	coverage	1	4.9900	1.0000	1.0000	1.0000	412
orig_I4	M0544	idf	12	2.5200	1.0000	0.0833	1.0000	405
orig_I4	M0544	coverage	12	2.5200	1.0000	0.0833	1.0000	405
orig_I4	M0212	idf	83	11.1700	0.0000	0.0000	1.0000	442
orig_I4	M0212	coverage	83	11.1700	1.0000	0.4458	1.0000	442
orig_I4	M0426	idf	18	2.6000	1.0000	0.6111	1.0000	426
orig_I4	M0426	coverage	18	2.6000	1.0000	0.4444	1.0000	426
orig_I4	M0905	idf	198	1.4200	0.0000	0.0000	1.0000	403
orig_I4	M0905	coverage	198	1.4200	1.0000	0.0051	1.0000	403
orig_I4	M0843	idf	14	1.2700	0.0000	0.0000	1.0000	426
orig_I4	M0843	coverage	14	1.2700	1.0000	0.7143	1.0000	426
orig_I4	M0263	idf	24	2.7900	0.0000	0.0000	1.0000	424
orig_I4	M0263	coverage	24	2.7900	1.0000	0.2500	1.0000	424
orig_I4	M0697	idf	155	2.7200	0.0000	0.0000	1.0000	449
orig_I4	M0697	coverage	155	2.7200	1.0000	0.9355	1.0000	449
orig_I4	M0260	idf	21	2.9700	1.0000	0.9048	1.0000	408
orig_I4	M0260	coverage	21	2.9700	1.0000	0.4286	1.0000	408
orig_I4	M0379	idf	41	4.5900	1.0000	1.0000	1.0000	443
orig_I4	M0379	coverage	41	4.5900	1.0000	0.3171	1.0000	443
orig_I4	M0377	idf	189	4.5800	1.0000	0.0423	1.0000	470
orig_I4	M0377	coverage	189	4.5800	0.0000	0.0000	1.0000	470
orig_I4	M0547	idf	4	1.3300	1.0000	0.7500	1.0000	410
orig_I4	M0547	coverage	4	1.3300	1.0000	0.7500	1.0000	410
orig_I4	M0508	idf	6	4.5300	1.0000	1.0000	1.0000	419
orig_I4	M0508	coverage	6	4.5300	1.0000	0.1667	1.0000	419
orig_I4	M0401	idf	392	2.1100	0.0000	0.0000	1.0000	468
orig_I4	M0401	coverage	392	2.1100	0.0000	0.0000	1.0000	468
orig_I4	M0755	idf	11	1.4500	1.0000	0.5455	1.0000	421
orig_I4	M0755	coverage	11	1.4500	1.0000	0.0909	1.0000	421
orig_I4	M0458	idf	25	1.4800	0.0000	0.0000	1.0000	417
orig_I4	M0458	coverage	25	1.4800	1.0000	0.1600	1.0000	417
orig_I4	M0314	idf	45	10.2000	0.0000	0.0000	1.0000	403
orig_I4	M0314	coverage	45	10.2000	1.0000	0.0444	1.0000	403
orig_I4	M0210	idf	220	2.2000	1.0000	0.0091	1.0000	447
orig_I4	M0210	coverage	220	2.2000	0.0000	0.0000	1.0000	447
orig_I4	M0154	idf	62	1.9800	0.0000	0.0000	1.0000	408
orig_I4	M0154	coverage	62	1.9800	1.0000	0.8548	1.0000	408
orig_I4	M0502	idf	20	5.5200	1.0000	0.1500	1.0000	439
orig_I4	M0502	coverage	20	5.5200	0.0000	0.0000	1.0000	439
orig_I4	M0031	idf	290	3.7900	1.0000	0.1793	1.0000	455
orig_I4	M0031	coverage	290	3.7900	0.0000	0.0000	1.0000	455
orig_I4	M0178	idf	273	4.3200	0.0000	0.0000	1.0000	427
orig_I4	M0178	coverage	273	4.3200	0.0000	0.0000	1.0000	427
orig_I4	M0019	idf	21	5.6100	0.0000	0.0000	1.0000	433
orig_I4	M0019	coverage	21	5.6100	1.0000	0.7619	1.0000	433
orig_I4	M0125	idf	19	5.0700	1.0000	0.8947	1.0000	403
orig_I4	M0125	coverage	19	5.0700	1.0000	0.7368	1.0000	403
orig_I4	M0181	idf	8	5.3900	1.0000	0.2500	1.0000	427
orig_I4	M0181	coverage	8	5.3900	1.0000	0.1250	1.0000	427
orig_I4	M0466	idf	6	4.9000	1.0000	0.6667	1.0000	437
orig_I4	M0466	coverage	6	4.9000	0.0000	0.0000	1.0000	437
orig_I4	M0058	idf	37	2.6500	1.0000	0.0270	1.0000	438
orig_I4	M0058	coverage	37	2.6500	0.0000	0.0000	1.0000	438
orig_I4	M0683	idf	27	3.2300	1.0000	0.8889	1.0000	426
orig_I4	M0683	coverage	27	3.2300	1.0000	0.0741	1.0000	426
orig_I4	M0925	idf	22	1.8600	1.0000	0.0455	1.0000	401
orig_I4	M0925	coverage	22	1.8600	1.0000	0.0455	1.0000	401
orig_I4	M0081	idf	9	3.7700	1.0000	0.4444	1.0000	425
orig_I4	M0081	coverage	9	3.7700	1.0000	0.2222	1.0000	425
orig_I4	M0090	idf	60	6.3700	1.0000	0.9500	1.0000	456
orig_I4	M0090	coverage	60	6.3700	1.0000	0.0833	1.0000	456
orig_I4	M0429	idf	47	2.2700	0.0000	0.0000	1.0000	447
orig_I4	M0429	coverage	47	2.2700	1.0000	0.9362	1.0000	447
orig_I4	M0447	idf	2	2.7800	0.0000	0.0000	1.0000	411
orig_I4	M0447	coverage	2	2.7800	0.0000	0.0000	1.0000	411
orig_I4	M0768	idf	19	3.0700	1.0000	0.2632	1.0000	400
orig_I4	M0768	coverage	19	3.0700	1.0000	0.4737	1.0000	400
orig_I4	M0261	idf	19	3.3000	1.0000	0.0526	1.0000	370
orig_I4	M0261	coverage	19	3.3000	1.0000	0.2632	1.0000	370
orig_I4	M0234	idf	8	3.4700	1.0000	0.6250	1.0000	405
orig_I4	M0234	coverage	8	3.4700	0.0000	0.0000	1.0000	405
orig_I4	M0958	idf	236	4.8600	0.0000	0.0000	1.0000	490
orig_I4	M0958	coverage	236	4.8600	0.0000	0.0000	1.0000	490
orig_I4	M0387	idf	2048	2.3800	1.0000	0.0151	1.0000	466
orig_I4	M0387	coverage	2048	2.3800	0.0000	0.0000	1.0000	466
orig_I4	M0520	idf	440	2.2800	0.0000	0.0000	1.0000	447
orig_I4	M0520	coverage	440	2.2800	1.0000	0.0023	1.0000	447
orig_I4	M0910	idf	7	2.5700	1.0000	0.8571	1.0000	421
orig_I4	M0910	coverage	7	2.5700	0.0000	0.0000	1.0000	421
orig_I4	M0398	idf	36	4.7500	1.0000	1.0000	1.0000	440
orig_I4	M0398	coverage	36	4.7500	0.0000	0.0000	1.0000	440
orig_I4	M0040	idf	52	2.1900	0.0000	0.0000	1.0000	432
orig_I4	M0040	coverage	52	2.1900	0.0000	0.0000	1.0000	432
orig_I4	M0808	idf	3	2.4700	1.0000	1.0000	1.0000	378
orig_I4	M0808	coverage	3	2.4700	1.0000	1.0000	1.0000	378
orig_I4	M0781	idf	6	2.4700	1.0000	0.6667	1.0000	421
orig_I4	M0781	coverage	6	2.4700	1.0000	0.6667	1.0000	421
orig_I4	M0410	idf	30	5.2600	1.0000	0.0667	1.0000	390
orig_I4	M0410	coverage	30	5.2600	0.0000	0.0000	1.0000	390
orig_I4	M0250	idf	14	2.5000	1.0000	0.9286	1.0000	393
orig_I4	M0250	coverage	14	2.5000	1.0000	0.0714	1.0000	393
orig_I4	M0748	idf	19	0.9200	1.0000	0.4737	1.0000	342
orig_I4	M0748	coverage	19	0.9200	1.0000	1.0000	1.0000	342
orig_I4	M0515	idf	20	4.6600	1.0000	0.1000	1.0000	397
orig_I4	M0515	coverage	20	4.6600	1.0000	0.3000	1.0000	397
orig_I4	M0920	idf	21	3.2600	0.0000	0.0000	1.0000	431
orig_I4	M0920	coverage	21	3.2600	1.0000	0.2857	1.0000	431
orig_I4	M0655	idf	6	1.1200	0.0000	0.0000	1.0000	391
orig_I4	M0655	coverage	6	1.1200	1.0000	0.1667	1.0000	391
orig_I4	M0227	idf	38	3.0100	1.0000	0.2105	1.0000	438
orig_I4	M0227	coverage	38	3.0100	0.0000	0.0000	1.0000	438
orig_I4	M0272	idf	35	4.8300	1.0000	0.1143	1.0000	414
orig_I4	M0272	coverage	35	4.8300	1.0000	0.0857	1.0000	414
orig_I4	M0093	idf	10	2.2900	0.0000	0.0000	1.0000	410
orig_I4	M0093	coverage	10	2.2900	0.0000	0.0000	1.0000	410
orig_I4	M0625	idf	5	2.8400	0.0000	0.0000	1.0000	430
orig_I4	M0625	coverage	5	2.8400	0.0000	0.0000	1.0000	430
orig_I4	M0321	idf	19	2.4900	1.0000	0.5263	1.0000	381
orig_I4	M0321	coverage	19	2.4900	0.0000	0.0000	1.0000	381
orig_I4	M0048	idf	98	4.2700	1.0000	0.2143	1.0000	412
orig_I4	M0048	coverage	98	4.2700	1.0000	0.0204	1.0000	412
orig_I4	M0043	idf	20	4.5400	1.0000	1.0000	1.0000	439
orig_I4	M0043	coverage	20	4.5400	1.0000	0.6500	1.0000	439
orig_I4	M0900	idf	441	1.3300	0.0000	0.0000	1.0000	496
orig_I4	M0900	coverage	441	1.3300	0.0000	0.0000	1.0000	496
orig_I4	M0857	idf	12	3.0600	1.0000	0.5000	1.0000	403
orig_I4	M0857	coverage	12	3.0600	0.0000	0.0000	1.0000	403
orig_I4	M0964	idf	68	2.7400	1.0000	0.1029	1.0000	405
orig_I4	M0964	coverage	68	2.7400	1.0000	0.0294	1.0000	405
orig_I4	M0131	idf	36	4.6000	1.0000	0.6111	1.0000	421
orig_I4	M0131	coverage	36	4.6000	1.0000	0.9167	1.0000	421
orig_I4	M0754	idf	9	1.1600	1.0000	0.3333	1.0000	384
orig_I4	M0754	coverage	9	1.1600	1.0000	0.1111	1.0000	384
orig_I4	M0313	idf	17	1.1700	0.0000	0.0000	1.0000	417
orig_I4	M0313	coverage	17	1.1700	1.0000	0.7647	1.0000	417
orig_I4	M0092	idf	41	3.9800	1.0000	0.3902	1.0000	397
orig_I4	M0092	coverage	41	3.9800	1.0000	0.3415	1.0000	397
orig_I4	M0108	idf	3	2.2800	0.0000	0.0000	1.0000	389
orig_I4	M0108	coverage	3	2.2800	0.0000	0.0000	1.0000	389
orig_I4	M0139	idf	76	3.0700	0.0000	0.0000	1.0000	406
orig_I4	M0139	coverage	76	3.0700	0.0000	0.0000	1.0000	406
orig_I4	M0235	idf	17	1.5700	0.0000	0.0000	1.0000	406
orig_I4	M0235	coverage	17	1.5700	1.0000	0.1765	1.0000	406
orig_I4	M0444	idf	83	2.3300	1.0000	0.6145	1.0000	406
orig_I4	M0444	coverage	83	2.3300	1.0000	0.0120	1.0000	406
orig_I4	M0623	idf	16	2.2300	1.0000	1.0000	1.0000	453
orig_I4	M0623	coverage	16	2.2300	1.0000	1.0000	1.0000	453
orig_I4	M0919	idf	18	2.3400	1.0000	0.3333	1.0000	416
orig_I4	M0919	coverage	18	2.3400	0.0000	0.0000	1.0000	416
orig_I4	M0369	idf	82	2.4400	1.0000	0.0976	1.0000	405
orig_I4	M0369	coverage	82	2.4400	1.0000	0.1341	1.0000	405
orig_I4	M0253	idf	212	4.6800	1.0000	0.6557	1.0000	417
orig_I4	M0253	coverage	212	4.6800	1.0000	0.0330	1.0000	417
orig_I4	M0254	idf	17	9.9500	1.0000	1.0000	1.0000	444
orig_I4	M0254	coverage	17	9.9500	1.0000	0.7647	1.0000	444
orig_I4	M0301	idf	51	2.6500	1.0000	0.0196	1.0000	427
orig_I4	M0301	coverage	51	2.6500	0.0000	0.0000	1.0000	427
orig_I4	M0674	idf	31	2.7200	1.0000	0.0968	1.0000	402
orig_I4	M0674	coverage	31	2.7200	1.0000	0.2258	1.0000	402
orig_I4	M0100	idf	360	3.0300	0.0000	0.0000	1.0000	426
orig_I4	M0100	coverage	360	3.0300	0.0000	0.0000	1.0000	426
orig_I4	M0231	idf	13	3.1600	1.0000	0.9231	1.0000	384
orig_I4	M0231	coverage	13	3.1600	1.0000	0.3846	1.0000	384
orig_I4	M0816	idf	238	1.2900	0.0000	0.0000	1.0000	363
orig_I4	M0816	coverage	238	1.2900	0.0000	0.0000	1.0000	363
orig_I4	M0472	idf	94	4.4600	1.0000	0.9787	1.0000	448
orig_I4	M0472	coverage	94	4.4600	1.0000	0.4681	1.0000	448
orig_I4	M0962	idf	134	5.6200	0.0000	0.0000	1.0000	466
orig_I4	M0962	coverage	134	5.6200	1.0000	0.0299	1.0000	466
orig_I4	M0795	idf	79	3.2400	1.0000	0.2152	1.0000	379
orig_I4	M0795	coverage	79	3.2400	0.0000	0.0000	1.0000	379
orig_I4	M0727	idf	22	4.0700	1.0000	0.2727	1.0000	420
orig_I4	M0727	coverage	22	4.0700	0.0000	0.0000	1.0000	420
orig_I4	M0497	idf	15	5.0200	1.0000	0.6000	1.0000	417
orig_I4	M0497	coverage	15	5.0200	0.0000	0.0000	1.0000	417
orig_I4	M0338	idf	23	1.8300	1.0000	0.1739	1.0000	411
orig_I4	M0338	coverage	23	1.8300	1.0000	0.0435	1.0000	411
orig_I4	M0947	idf	43	1.9000	1.0000	0.6279	1.0000	376
orig_I4	M0947	coverage	43	1.9000	1.0000	0.5349	1.0000	376
orig_I4	M0163	idf	47	1.9800	1.0000	0.7447	1.0000	425
orig_I4	M0163	coverage	47	1.9800	1.0000	0.0426	1.0000	425
orig_I4	M0959	idf	155	4.9300	0.0000	0.0000	1.0000	486
orig_I4	M0959	coverage	155	4.9300	0.0000	0.0000	1.0000	486
orig_I4	M0433	idf	210	1.5300	0.0000	0.0000	1.0000	440
orig_I4	M0433	coverage	210	1.5300	0.0000	0.0000	1.0000	440
orig_I4	M0416	idf	4	4.5600	1.0000	1.0000	1.0000	428
orig_I4	M0416	coverage	4	4.5600	1.0000	0.7500	1.0000	428
orig_I4	M0850	idf	31	2.1500	1.0000	0.1290	1.0000	385
orig_I4	M0850	coverage	31	2.1500	1.0000	0.3548	1.0000	385
orig_I4	M0454	idf	14	2.4900	1.0000	0.9286	1.0000	427
orig_I4	M0454	coverage	14	2.4900	1.0000	0.7857	1.0000	427
orig_I4	M0351	idf	24	2.5200	0.0000	0.0000	1.0000	388
orig_I4	M0351	coverage	24	2.5200	1.0000	0.4583	1.0000	388
orig_I4	M0425	idf	2084	1.7500	0.0000	0.0000	1.0000	453
orig_I4	M0425	coverage	2084	1.7500	1.0000	0.0005	1.0000	453
orig_I4	M0067	idf	39	2.2100	1.0000	0.1795	1.0000	415
orig_I4	M0067	coverage	39	2.2100	0.0000	0.0000	1.0000	415
orig_I4	M0550	idf	20	2.3200	0.0000	0.0000	1.0000	384
orig_I4	M0550	coverage	20	2.3200	0.0000	0.0000	1.0000	384
orig_I4	M0792	idf	10	1.4600	0.0000	0.0000	1.0000	404
orig_I4	M0792	coverage	10	1.4600	0.0000	0.0000	1.0000	404
orig_I4	M0961	idf	144	4.1800	0.0000	0.0000	1.0000	482
orig_I4	M0961	coverage	144	4.1800	1.0000	0.0208	1.0000	482
orig_I4	M0109	idf	207	3.8100	1.0000	0.5169	1.0000	447
orig_I4	M0109	coverage	207	3.8100	1.0000	0.3575	1.0000	447
orig_I4	M0257	idf	222	4.6700	1.0000	0.8423	1.0000	454
orig_I4	M0257	coverage	222	4.6700	1.0000	0.0045	1.0000	454
orig_I4	M0789	idf	51	1.6400	1.0000	0.0588	1.0000	394
orig_I4	M0789	coverage	51	1.6400	1.0000	0.5294	1.0000	394
orig_I4	M0363	idf	64	2.2000	0.0000	0.0000	1.0000	419
orig_I4	M0363	coverage	64	2.2000	0.0000	0.0000	1.0000	419
orig_I4	M0391	idf	14	1.7400	0.0000	0.0000	1.0000	423
orig_I4	M0391	coverage	14	1.7400	1.0000	0.0714	1.0000	423
orig_I4	M0826	idf	21	1.7500	0.0000	0.0000	1.0000	448
orig_I4	M0826	coverage	21	1.7500	1.0000	0.8571	1.0000	448
orig_I4	M0952	idf	5	1.3100	1.0000	0.6000	1.0000	432
orig_I4	M0952	coverage	5	1.3100	1.0000	0.2000	1.0000	432
orig_I4	M0117	idf	100	2.0800	0.0000	0.0000	1.0000	447
orig_I4	M0117	coverage	100	2.0800	1.0000	0.0100	1.0000	447
orig_I4	M0854	idf	122	3.2100	0.0000	0.0000	1.0000	413
orig_I4	M0854	coverage	122	3.2100	1.0000	0.0164	1.0000	413
orig_I4	M0881	idf	155	2.6000	1.0000	0.8581	1.0000	417
orig_I4	M0881	coverage	155	2.6000	1.0000	0.7290	1.0000	417
orig_I4	M0874	idf	1	1.4100	0.0000	0.0000	1.0000	406
orig_I4	M0874	coverage	1	1.4100	0.0000	0.0000	1.0000	406
orig_I4	M0597	idf	27	1.5700	1.0000	0.1852	1.0000	413
orig_I4	M0597	coverage	27	1.5700	1.0000	0.4444	1.0000	413
orig_I4	M0070	idf	159	2.2700	0.0000	0.0000	1.0000	422
orig_I4	M0070	coverage	159	2.2700	0.0000	0.0000	1.0000	422
orig_I4	M0423	idf	94	2.8400	0.0000	0.0000	1.0000	399
orig_I4	M0423	coverage	94	2.8400	0.0000	0.0000	1.0000	399
orig_I4	M0266	idf	35	2.9700	1.0000	0.6286	1.0000	421
orig_I4	M0266	coverage	35	2.9700	1.0000	0.2857	1.0000	421
orig_I4	M0262	idf	19	4.3000	1.0000	1.0000	1.0000	390
orig_I4	M0262	coverage	19	4.3000	1.0000	0.9474	1.0000	390
orig_I4	M0806	idf	3	1.2300	0.0000	0.0000	1.0000	452
orig_I4	M0806	coverage	3	1.2300	1.0000	0.3333	1.0000	452
orig_I4	M0937	idf	31	2.1700	0.0000	0.0000	1.0000	387
orig_I4	M0937	coverage	31	2.1700	1.0000	0.2581	1.0000	387
orig_I4	M0066	idf	57	2.3500	1.0000	0.0877	1.0000	406
orig_I4	M0066	coverage	57	2.3500	1.0000	0.2456	1.0000	406
orig_I4	M0462	idf	48	2.2700	1.0000	0.9375	1.0000	398
orig_I4	M0462	coverage	48	2.2700	0.0000	0.0000	1.0000	398
orig_I4	M0380	idf	21	3.2900	1.0000	0.1905	1.0000	422
orig_I4	M0380	coverage	21	3.2900	1.0000	0.0952	1.0000	422
orig_I4	M0403	idf	16	2.3900	1.0000	0.6875	1.0000	457
orig_I4	M0403	coverage	16	2.3900	1.0000	0.3125	1.0000	457
orig_I4	M0141	idf	25	10.0100	1.0000	0.1200	1.0000	428
orig_I4	M0141	coverage	25	10.0100	1.0000	0.1200	1.0000	428
orig_I4	M0237	idf	555	2.1200	0.0000	0.0000	1.0000	400
orig_I4	M0237	coverage	555	2.1200	1.0000	0.0306	1.0000	400
orig_I4	M0642	idf	24	2.3900	1.0000	0.1667	1.0000	407
orig_I4	M0642	coverage	24	2.3900	1.0000	0.2917	1.0000	407
orig_I4	M0142	idf	13	2.3800	1.0000	0.2308	1.0000	425
orig_I4	M0142	coverage	13	2.3800	1.0000	0.3077	1.0000	425
orig_I4	M0798	idf	2073	2.4000	0.0000	0.0000	1.0000	489
orig_I4	M0798	coverage	2073	2.4000	0.0000	0.0000	1.0000	489
orig_I4	M0574	idf	111	4.5200	1.0000	0.2703	1.0000	428
orig_I4	M0574	coverage	111	4.5200	1.0000	0.4595	1.0000	428
orig_I4	M0663	idf	96	1.5800	1.0000	0.0833	1.0000	433
orig_I4	M0663	coverage	96	1.5800	1.0000	0.1354	1.0000	433
orig_I4	M0348	idf	165	5.4000	0.0000	0.0000	1.0000	489
orig_I4	M0348	coverage	165	5.4000	0.0000	0.0000	1.0000	489
orig_I4	M0353	idf	11	1.2500	1.0000	0.0909	1.0000	395
orig_I4	M0353	coverage	11	1.2500	1.0000	0.8182	1.0000	395
orig_I4	M0028	idf	19	3.2700	1.0000	1.0000	1.0000	419
orig_I4	M0028	coverage	19	3.2700	1.0000	1.0000	1.0000	419
orig_I4	M0308	idf	172	5.1600	1.0000	1.0000	1.0000	452
orig_I4	M0308	coverage	172	5.1600	1.0000	0.8663	1.0000	452
orig_I4	M0860	idf	6	3.3500	0.0000	0.0000	1.0000	423
orig_I4	M0860	coverage	6	3.3500	0.0000	0.0000	1.0000	423
orig_I4	M0188	idf	117	2.6200	0.0000	0.0000	1.0000	378
orig_I4	M0188	coverage	117	2.6200	1.0000	0.0085	1.0000	378
orig_I4	M0003	idf	94	1.6500	0.0000	0.0000	1.0000	420
orig_I4	M0003	coverage	94	1.6500	0.0000	0.0000	1.0000	420
orig_I4	M0906	idf	265	0.9900	0.0000	0.0000	1.0000	474
orig_I4	M0906	coverage	265	0.9900	1.0000	0.6604	1.0000	474
orig_I4	M0590	idf	19	2.0900	1.0000	0.0526	1.0000	431
orig_I4	M0590	coverage	19	2.0900	1.0000	0.1053	1.0000	431
orig_I4	M0293	idf	60	1.9600	1.0000	0.2833	1.0000	426
orig_I4	M0293	coverage	60	1.9600	1.0000	0.3667	1.0000	426
orig_I4	M0651	idf	56	1.2900	0.0000	0.0000	1.0000	430
orig_I4	M0651	coverage	56	1.2900	0.0000	0.0000	1.0000	430
orig_I4	M0297	idf	17	0.7400	0.0000	0.0000	0.0000	376
orig_I4	M0297	coverage	17	0.7400	0.0000	0.0000	0.0000	376
orig_I4	M0194	idf	63	4.6900	1.0000	0.9365	1.0000	419
orig_I4	M0194	coverage	63	4.6900	1.0000	0.1905	1.0000	419
orig_I4	M0589	idf	26	1.6300	1.0000	0.1154	1.0000	401
orig_I4	M0589	coverage	26	1.6300	0.0000	0.0000	1.0000	401
orig_I4	M0669	idf	10	1.8400	0.0000	0.0000	1.0000	407
orig_I4	M0669	coverage	10	1.8400	0.0000	0.0000	1.0000	407
orig_I4	M0742	idf	2	2.3800	1.0000	1.0000	1.0000	387
orig_I4	M0742	coverage	2	2.3800	0.0000	0.0000	1.0000	387
orig_I4	M0298	idf	164	2.3300	0.0000	0.0000	1.0000	451
orig_I4	M0298	coverage	164	2.3300	0.0000	0.0000	1.0000	451
orig_I4	M0440	idf	43	2.8200	1.0000	0.3953	1.0000	411
orig_I4	M0440	coverage	43	2.8200	0.0000	0.0000	1.0000	411
orig_I4	M0386	idf	4	4.5200	1.0000	1.0000	1.0000	408
orig_I4	M0386	coverage	4	4.5200	1.0000	1.0000	1.0000	408
orig_I4	M0087	idf	50	4.5200	1.0000	1.0000	1.0000	436
orig_I4	M0087	coverage	50	4.5200	1.0000	0.0200	1.0000	436
